,track_genre_acoustic,track_genre_afrobeat,track_genre_alt-rock,track_genre_alternative,track_genre_ambient,track_genre_anime,track_genre_black-metal,track_genre_bluegrass,track_genre_blues,track_genre_brazil,track_genre_breakbeat,track_genre_british,track_genre_cantopop,track_genre_chicago-house,track_genre_children,track_genre_chill,track_genre_classical,track_genre_club,track_genre_comedy,track_genre_country,track_genre_dance,track_genre_dancehall,track_genre_death-metal,track_genre_deep-house,track_genre_detroit-techno,track_genre_disco,track_genre_disney,track_genre_drum-and-bass,track_genre_dub,track_genre_dubstep,track_genre_edm,track_genre_electro,track_genre_electronic,track_genre_emo,track_genre_folk,track_genre_forro,track_genre_french,track_genre_funk,track_genre_garage,track_genre_german,track_genre_gospel,track_genre_goth,track_genre_grindcore,track_genre_groove,track_genre_grunge,track_genre_guitar,track_genre_happy,track_genre_hard-rock,track_genre_hardcore,track_genre_hardstyle,track_genre_heavy-metal,track_genre_hip-hop,track_genre_honky-tonk,track_genre_house,track_genre_idm,track_genre_indian,track_genre_indie,track_genre_indie-pop,track_genre_industrial,track_genre_iranian,track_genre_j-dance,track_genre_j-idol,track_genre_j-pop,track_genre_j-rock,track_genre_jazz,track_genre_k-pop,track_genre_kids,track_genre_latin,track_genre_latino,track_genre_malay,track_genre_mandopop,track_genre_metal,track_genre_metalcore,track_genre_minimal-techno,track_genre_mpb,track_genre_new-age,track_genre_opera,track_genre_pagode,track_genre_party,track_genre_piano,track_genre_pop,track_genre_pop-film,track_genre_power-pop,track_genre_progressive-house,track_genre_psych-rock,track_genre_punk,track_genre_punk-rock,track_genre_r-n-b,track_genre_reggae,track_genre_reggaeton,track_genre_rock,track_genre_rock-n-roll,track_genre_rockabilly,track_genre_romance,track_genre_sad,track_genre_salsa,track_genre_samba,track_genre_sertanejo,track_genre_show-tunes,track_genre_singer-songwriter,track_genre_ska,track_genre_sleep,track_genre_songwriter,track_genre_soul,track_genre_spanish,track_genre_study,track_genre_swedish,track_genre_synth-pop,track_genre_tango,track_genre_techno,track_genre_trance,track_genre_trip-hop,track_genre_turkish,track_genre_world-music,duration_class_long,duration_class_mid_normal,duration_class_normal,duration_class_short,duration_class_very_long,loudness_level,popularity_level,tempo_class,popularity,time_signature,key_mode,artist_song_count,album_freq,danceability,loudness,speechiness,acousticness,valence,tempo,loudness_intensity,happy_dance,acoustics_instrumental,artists_avg_popularity,tempo_vs_genre,energy_rank_pct,loud_energy_ratio,mood_pca,mood_cluster,acoustic_valence_mood_cluster,explicit,energy,mode,instrumentalness,liveness,key_sin,key_cos,duration_log,duration_log_z,time_signature_class_boolean,loudness_yeo,is_instrumental,is_dance_hit,temp_zscore,track_genre_le
track_genre_acoustic,1.0,-0.008849635837485393,-0.008849635837486323,-0.008849635837486136,-0.008849635837484937,-0.008849635837484464,-0.008849635837486033,-0.008849635837485442,-0.008849635837484634,-0.008849635837484559,-0.008849635837484642,-0.008849635837484866,-0.008849635837484748,-0.008849635837485015,-0.008849635837485055,-0.00884963583748474,-0.008849635837484764,-0.008849635837484946,-0.008849635837484772,-0.008849635837484784,-0.008849635837484694,-0.008849635837484712,-0.008849635837484826,-0.008849635837484831,-0.008849635837484854,-0.008849635837485029,-0.008849635837484889,-0.008849635837485093,-0.008849635837485104,-0.008849635837485234,-0.008849635837485376,-0.008849635837485256,-0.008849635837485168,-0.008849635837485286,-0.00884963583748535,-0.00884963583748531,-0.008849635837485393,-0.008849635837485366,-0.008849635837485397,-0.008849635837485388,-0.008849635837485362,-0.008849635837485357,-0.008849635837485385,-0.008849635837485378,-0.008849635837485312,-0.008849635837485445,-0.008849635837485484,-0.00884963583748546,-0.008849635837485409,-0.008849635837485409,-0.00884963583748548,-0.008849635837485477,-0.008849635837485494,-0.008849635837485532,-0.008849635837485492,-0.008849635837485482,-0.008849635837485543,-0.00884963583748544,-0.008849635837485614,-0.008849635837485593,-0.008849635837485598,-0.008849635837485548,-0.008849635837485475,-0.008849635837485452,-0.008849635837485471,-0.008845170774625141,-0.00884963583748543,-0.008849635837485374,-0.008849635837485355,-0.0088496358374854,-0.008849635837485395,-0.0088496358374854,-0.008849635837485414,-0.008849635837485416,-0.008849635837485392,-0.00884963583748537,-0.008849635837485362,-0.008849635837485305,-0.008849635837485261,-0.00884963583748533,-0.00884963583748528,-0.0088496358374853,-0.00884963583748527,-0.008849635837485265,-0.008849635837485296,-0.00884963583748534,-0.008849635837485333,-0.008849635837485346,-0.008849635837485293,-0.008849635837485298,-0.008849635837485315,-0.008849635837485286,-0.008849635837485294,-0.00884963583748529,-0.008849635837485267,-0.008849635837485256,-0.008849635837485216,-0.008849635837485189,-0.00884963583748521,-0.008849635837485223,-0.008849635837485235,-0.008849635837485237,-0.008849635837485178,-0.008849635837485182,-0.008849635837485178,-0.008849635837485154,-0.00884963583748519,-0.008849635837485168,-0.008849635837485168,-0.008849635837485178,-0.008849635837485182,-0.008849635837485149,-0.008849635837485163,-0.008849635837485187,-0.016313468347672732,0.008975463487558998,0.014059299470532994,-0.005684078913428645,-0.014703062445988199,0.012843779278948747,0.021749270495318863,0.006010342600982538,0.03898802668360018,-0.004138958052685144,-0.006519360063137607,-0.0307800917740178,-0.03207614563779741,-0.009327802200820426,-0.022237959397857443,-0.03683927239838134,0.07126701778277383,-0.01815809255738572,-0.009844237254353393,0.04486887212804663,-0.023270803919581143,-0.014220584145506535,0.04271120028530881,2.3835499201496286e-17,-0.07399564872365395,-0.0008235711914109417,-0.05038803019785978,0.0017374151089619486,0.02147879404793296,-0.011270432724488267,-0.07705020909922171,0.03492047846200787,-0.03577319048077475,-0.029801249761822628,0.00262419714164683,0.004197020058074811,-0.007382737258292416,-0.007382737258292216,0.0023551209217951316,-0.033720439700854504,-0.02547410949530539,-0.004229749497984711,-0.009844237254353344,-0.16151436150409984
track_genre_afrobeat,-0.008849635837485393,1.0,-0.008849635837486682,-0.00884963583748656,-0.008849635837485223,-0.008849635837484637,-0.008849635837486042,-0.008849635837485501,-0.008849635837484783,-0.008849635837484531,-0.008849635837484649,-0.008849635837484918,-0.008849635837484769,-0.008849635837484984,-0.008849635837485098,-0.008849635837484809,-0.008849635837484762,-0.00884963583748493,-0.008849635837484805,-0.008849635837484814,-0.008849635837484722,-0.008849635837484658,-0.00884963583748483,-0.008849635837484824,-0.008849635837484847,-0.00884963583748502,-0.00884963583748488,-0.008849635837485019,-0.008849635837485072,-0.008849635837485147,-0.008849635837485334,-0.008849635837485227,-0.008849635837485137,-0.008849635837485253,-0.0088496358374853,-0.00884963583748527,-0.008849635837485326,-0.008849635837485369,-0.00884963583748536,-0.008849635837485346,-0.008849635837485312,-0.008849635837485319,-0.00884963583748533,-0.008849635837485312,-0.008849635837485298,-0.008849635837485404,-0.008849635837485428,-0.008849635837485425,-0.008849635837485374,-0.008849635837485353,-0.008849635837485426,-0.008849635837485418,-0.008849635837485433,-0.008849635837485489,-0.008849635837485477,-0.008849635837485444,-0.008849635837485506,-0.008849635837485405,-0.008849635837485586,-0.008849635837485563,-0.008849635837485536,-0.008849635837485497,-0.008849635837485428,-0.008849635837485405,-0.008849635837485438,-0.008845170774625093,-0.008849635837485405,-0.008849635837485348,-0.008849635837485345,-0.008849635837485373,-0.008849635837485364,-0.008849635837485376,-0.008849635837485383,-0.008849635837485388,-0.008849635837485348,-0.008849635837485345,-0.008849635837485324,-0.008849635837485268,-0.008849635837485246,-0.00884963583748529,-0.008849635837485255,-0.008849635837485284,-0.008849635837485248,-0.00884963583748525,-0.008849635837485275,-0.00884963583748531,-0.008849635837485305,-0.008849635837485333,-0.00884963583748527,-0.00884963583748528,-0.008849635837485282,-0.008849635837485251,-0.008849635837485258,-0.008849635837485256,-0.008849635837485235,-0.00884963583748523,-0.008849635837485185,-0.008849635837485156,-0.008849635837485189,-0.008849635837485211,-0.008849635837485194,-0.008849635837485208,-0.008849635837485144,-0.008849635837485154,-0.008849635837485142,-0.008849635837485118,-0.008849635837485164,-0.008849635837485138,-0.008849635837485135,-0.008849635837485147,-0.008849635837485137,-0.008849635837485123,-0.008849635837485133,-0.008849635837485145,0.005762044272736225,0.011732935131006638,0.006013216594822787,-0.023475315284142546,0.012025964720246505,-0.030392820792709333,-0.0411067592890682,-0.008878632087418317,-0.0372826627915574,0.009125367854877353,0.006067690570192359,-0.01805020092632218,-0.03234870976624192,0.055713935557460584,0.008783695282442026,0.0017141189992757493,-0.012461157377556153,0.08147918163948455,-0.009208116812385559,-0.041887266110044306,0.08809899641028267,0.00021201778590221988,-0.04249152469860071,1.3014711298902754e-17,0.016874838741232707,-0.0008767308685577346,0.07506214088405566,0.004251063103801199,0.00870609367346692,-0.02270882477712443,0.022974504441309097,-0.02476703519818118,0.02960921758049617,-0.014309254716747115,-0.003952130305470554,-0.008471122646978475,0.023549942795884515,0.023549942795884685,0.004720481454667133,-0.0039043550085507647,0.01827360530690164,0.006252581219857922,-0.00920811681238532,-0.158655696909838
track_genre_alt-rock,-0.008849635837486323,-0.008849635837486682,1.0,-0.008849635837486575,-0.008849635837485235,-0.008849635837484647,-0.008849635837486054,-0.008849635837485513,-0.008849635837484795,-0.008849635837484543,-0.008849635837484661,-0.00884963583748493,-0.008849635837484781,-0.008849635837484996,-0.00884963583748511,-0.008849635837484821,-0.008849635837484774,-0.008849635837484942,-0.008849635837484817,-0.008849635837484826,-0.008849635837484734,-0.008849635837484668,-0.00884963583748484,-0.008849635837484836,-0.008849635837484859,-0.008849635837485033,-0.008849635837484892,-0.00884963583748503,-0.008849635837485085,-0.008849635837485157,-0.008849635837485346,-0.008849635837485239,-0.00884963583748515,-0.008849635837485265,-0.008849635837485312,-0.008849635837485282,-0.00884963583748534,-0.008849635837485381,-0.008849635837485373,-0.008849635837485359,-0.008849635837485324,-0.008849635837485331,-0.008849635837485343,-0.008849635837485324,-0.00884963583748531,-0.008849635837485416,-0.008849635837485438,-0.008849635837485438,-0.008849635837485386,-0.008849635837485366,-0.008849635837485438,-0.008849635837485431,-0.008849635837485447,-0.0088496358374855,-0.008849635837485489,-0.008849635837485456,-0.008849635837485516,-0.008849635837485418,-0.008849635837485598,-0.008849635837485575,-0.008849635837485548,-0.00884963583748551,-0.00884963583748544,-0.008849635837485418,-0.00884963583748545,-0.008845170774625105,-0.008849635837485418,-0.00884963583748536,-0.008849635837485357,-0.008849635837485385,-0.008849635837485376,-0.008849635837485388,-0.008849635837485395,-0.0088496358374854,-0.00884963583748536,-0.008849635837485357,-0.008849635837485338,-0.00884963583748528,-0.008849635837485258,-0.008849635837485301,-0.008849635837485267,-0.008849635837485296,-0.00884963583748526,-0.008849635837485261,-0.008849635837485288,-0.008849635837485322,-0.008849635837485317,-0.008849635837485345,-0.008849635837485282,-0.008849635837485293,-0.008849635837485294,-0.008849635837485263,-0.008849635837485268,-0.008849635837485268,-0.008849635837485248,-0.008849635837485242,-0.008849635837485197,-0.008849635837485168,-0.0088496358374852,-0.008849635837485223,-0.008849635837485206,-0.00884963583748522,-0.008849635837485156,-0.008849635837485166,-0.008849635837485154,-0.00884963583748513,-0.008849635837485176,-0.00884963583748515,-0.008849635837485147,-0.008849635837485161,-0.008849635837485149,-0.008849635837485135,-0.008849635837485145,-0.008849635837485157,-0.0036988897074393744,0.01747766772152355,0.02726312777939016,-0.03422826034336581,-0.011918788782838969,-0.042565586659038965,-0.00391544080632951,-0.005007498668433738,0.0029699063497218817,0.0076032320949930305,0.0113619284811621,0.027418218729040288,0.07747860081285575,-0.017513107610157,0.03867135528285496,-0.026319631598181566,-0.05452879479269531,0.016035926513791043,0.007803379914404823,-0.003277732319600192,0.001133857336291184,-0.025482610534558015,0.011424619499176666,3.6743810764130656e-17,0.04025033488701972,-0.0008787550601718611,0.027240109768691362,0.0033084451057365624,0.011713258567455531,-0.00992473954182511,0.042183651900477744,0.0006735443946863201,-0.03098356048626394,-0.0016333481571682476,-0.0054680424031457635,-0.0024817255360334864,0.016917900744156337,0.016917900744156347,0.01299924331971873,0.035048014247132206,-0.030830972532311516,-0.004229749497984724,0.007803379914404821,-0.155797032315576
track_genre_alternative,-0.008849635837486136,-0.00884963583748656,-0.008849635837486575,1.0,-0.008849635837485098,-0.008849635837484531,-0.008849635837486077,-0.008849635837485487,-0.008849635837484745,-0.008849635837484571,-0.008849635837484689,-0.008849635837484937,-0.008849635837484746,-0.008849635837485001,-0.008849635837485088,-0.008849635837484793,-0.008849635837484758,-0.00884963583748492,-0.0088496358374848,-0.008849635837484814,-0.00884963583748474,-0.00884963583748471,-0.008849635837484866,-0.008849635837484812,-0.00884963583748485,-0.00884963583748506,-0.008849635837484863,-0.00884963583748505,-0.008849635837485104,-0.008849635837485199,-0.00884963583748539,-0.008849635837485239,-0.008849635837485157,-0.008849635837485286,-0.008849635837485308,-0.008849635837485284,-0.008849635837485352,-0.008849635837485355,-0.008849635837485367,-0.008849635837485366,-0.008849635837485338,-0.00884963583748536,-0.008849635837485359,-0.008849635837485338,-0.00884963583748532,-0.008849635837485421,-0.008849635837485468,-0.008849635837485445,-0.008849635837485388,-0.008849635837485393,-0.008849635837485445,-0.008849635837485437,-0.008849635837485464,-0.008849635837485511,-0.008849635837485482,-0.008849635837485468,-0.00884963583748552,-0.008849635837485433,-0.00884963583748561,-0.00884963583748558,-0.008849635837485563,-0.00884963583748551,-0.008849635837485452,-0.008849635837485437,-0.00884963583748546,-0.008845170774625136,-0.008849635837485426,-0.008849635837485369,-0.008849635837485362,-0.008849635837485393,-0.008849635837485393,-0.008849635837485393,-0.008849635837485412,-0.008849635837485418,-0.008849635837485378,-0.008849635837485357,-0.008849635837485355,-0.008849635837485293,-0.008849635837485275,-0.008849635837485319,-0.008849635837485274,-0.0088496358374853,-0.00884963583748527,-0.008849635837485263,-0.008849635837485303,-0.008849635837485341,-0.008849635837485326,-0.008849635837485352,-0.008849635837485294,-0.0088496358374853,-0.0088496358374853,-0.008849635837485267,-0.008849635837485288,-0.008849635837485279,-0.008849635837485255,-0.008849635837485246,-0.008849635837485206,-0.008849635837485176,-0.008849635837485206,-0.008849635837485225,-0.008849635837485225,-0.008849635837485229,-0.008849635837485163,-0.008849635837485171,-0.00884963583748517,-0.008849635837485138,-0.008849635837485182,-0.00884963583748516,-0.008849635837485156,-0.008849635837485176,-0.008849635837485164,-0.008849635837485145,-0.008849635837485156,-0.008849635837485168,-0.013790552619626223,0.006907359754973219,0.020867523442287608,-0.012526862132934038,-0.013032498248098717,-0.03418433802976284,-0.0345329911311024,-0.0005408062619121982,-0.03754415265815003,0.008255575992086196,0.0067427059038411355,0.028558208954207055,0.09638172477968224,-0.003726017690880909,0.04077960600629981,-0.01294691580715759,-0.0472699654235359,0.00780278388843163,0.00026578902081920573,0.014200396793136762,0.0008862686672621778,-0.026986954583182145,-0.02104611746508411,1.611988642423531e-18,0.026121055507150003,-0.0008756193082700305,0.018407787865677462,0.0008890589107037141,0.01744857305599004,0.02640897639007813,0.02941408118148107,-0.006175842418778083,-0.03582705071667003,-0.006017482543879676,-0.004056756862474065,0.004663548445209098,0.0015106314054364343,0.0015106314054353543,0.007085841987539459,0.03886340598522981,-0.031723783038478955,-0.0042297494979847226,0.0002657890208192154,-0.15293836772131464
track_genre_ambient,-0.008849635837484937,-0.008849635837485223,-0.008849635837485235,-0.008849635837485098,1.0,-0.008849635837484524,-0.008849635837486063,-0.0088496358374855,-0.008849635837484729,-0.00884963583748459,-0.008849635837484649,-0.00884963583748493,-0.008849635837484776,-0.008849635837485036,-0.008849635837485053,-0.008849635837484798,-0.008849635837484774,-0.008849635837484965,-0.008849635837484795,-0.008849635837484824,-0.008849635837484736,-0.008849635837484727,-0.008849635837484866,-0.008849635837484812,-0.008849635837484863,-0.008849635837485062,-0.008849635837484915,-0.008849635837485069,-0.008849635837485128,-0.008849635837485248,-0.008849635837485418,-0.008849635837485234,-0.008849635837485144,-0.00884963583748532,-0.008849635837485327,-0.008849635837485308,-0.008849635837485414,-0.008849635837485346,-0.00884963583748541,-0.00884963583748539,-0.008849635837485355,-0.008849635837485366,-0.00884963583748539,-0.008849635837485362,-0.008849635837485346,-0.008849635837485433,-0.008849635837485477,-0.008849635837485458,-0.008849635837485393,-0.008849635837485402,-0.008849635837485463,-0.008849635837485452,-0.008849635837485482,-0.008849635837485516,-0.008849635837485494,-0.008849635837485475,-0.008849635837485532,-0.008849635837485444,-0.008849635837485622,-0.008849635837485591,-0.00884963583748557,-0.008849635837485527,-0.008849635837485464,-0.008849635837485445,-0.008849635837485468,-0.008845170774625145,-0.008849635837485438,-0.008849635837485376,-0.008849635837485366,-0.008849635837485397,-0.0088496358374854,-0.0088496358374854,-0.008849635837485418,-0.008849635837485426,-0.008849635837485385,-0.008849635837485367,-0.00884963583748536,-0.008849635837485303,-0.008849635837485277,-0.008849635837485324,-0.00884963583748528,-0.008849635837485307,-0.008849635837485279,-0.008849635837485263,-0.008849635837485305,-0.008849635837485346,-0.008849635837485334,-0.008849635837485357,-0.008849635837485294,-0.008849635837485307,-0.008849635837485308,-0.008849635837485275,-0.008849635837485293,-0.008849635837485291,-0.008849635837485258,-0.008849635837485253,-0.008849635837485216,-0.008849635837485185,-0.008849635837485216,-0.008849635837485232,-0.008849635837485234,-0.008849635837485235,-0.008849635837485171,-0.008849635837485178,-0.008849635837485178,-0.008849635837485147,-0.00884963583748519,-0.008849635837485168,-0.008849635837485164,-0.00884963583748518,-0.008849635837485182,-0.008849635837485154,-0.008849635837485164,-0.008849635837485182,0.013330791456876897,0.0032307308970430113,-0.01874396148428557,0.00115870430607684,0.01592394784865555,0.09911742588347175,0.04426217514588613,0.04323277932198825,0.046191650750376234,-0.05458688609456151,-0.009685314333897422,-0.015304272090305465,-0.015569982682880332,-0.10783670603380631,-0.19345237648359928,-0.038338455783025145,0.13067002030325114,-0.11123815643262266,-0.03462685114611066,0.06283823483495937,-0.10402969480348492,0.240197043788828,0.053472057979146316,3.573856172208476e-20,-0.12296243690707222,-0.0005529190268585717,-0.16563277809172058,0.0058535137005110705,-0.04238470782439574,-0.02708232762077939,-0.15117988406909277,-0.0034360876933924992,0.15807786039126895,-0.041641421902113326,0.012318939357875947,-0.0012710883032482061,0.0038357461175605916,0.0038357461175589384,-0.036673327870587656,-0.15341714261309386,0.15725444076697673,-0.004229749497984719,-0.03462685114611092,-0.1500797031270534
track_genre_anime,-0.008849635837484464,-0.008849635837484637,-0.008849635837484647,-0.008849635837484531,-0.008849635837484524,1.0,-0.00884963583748601,-0.008849635837485447,-0.00884963583748462,-0.008849635837484594,-0.008849635837484701,-0.00884963583748491,-0.00884963583748483,-0.008849635837485062,-0.008849635837485074,-0.00884963583748475,-0.008849635837484774,-0.008849635837484928,-0.008849635837484795,-0.00884963583748479,-0.008849635837484708,-0.008849635837484696,-0.008849635837484835,-0.008849635837484854,-0.008849635837484876,-0.008849635837485052,-0.0088496358374849,-0.008849635837485114,-0.00884963583748513,-0.008849635837485246,-0.008849635837485381,-0.008849635837485258,-0.008849635837485173,-0.00884963583748529,-0.008849635837485362,-0.008849635837485331,-0.008849635837485423,-0.00884963583748536,-0.00884963583748541,-0.008849635837485402,-0.008849635837485362,-0.00884963583748537,-0.00884963583748541,-0.008849635837485397,-0.008849635837485336,-0.00884963583748546,-0.008849635837485501,-0.00884963583748548,-0.008849635837485437,-0.008849635837485435,-0.008849635837485496,-0.008849635837485515,-0.008849635837485525,-0.008849635837485556,-0.008849635837485516,-0.008849635837485516,-0.008849635837485555,-0.008849635837485466,-0.008849635837485638,-0.008849635837485622,-0.00884963583748563,-0.008849635837485562,-0.008849635837485501,-0.008849635837485477,-0.008849635837485494,-0.008845170774625166,-0.008849635837485458,-0.008849635837485395,-0.00884963583748537,-0.00884963583748542,-0.00884963583748542,-0.008849635837485433,-0.008849635837485431,-0.008849635837485447,-0.008849635837485407,-0.008849635837485395,-0.008849635837485376,-0.008849635837485327,-0.008849635837485286,-0.00884963583748535,-0.008849635837485301,-0.008849635837485324,-0.008849635837485294,-0.008849635837485291,-0.008849635837485317,-0.008849635837485359,-0.008849635837485352,-0.008849635837485373,-0.008849635837485314,-0.00884963583748532,-0.008849635837485338,-0.00884963583748531,-0.008849635837485319,-0.008849635837485314,-0.008849635837485291,-0.008849635837485279,-0.008849635837485242,-0.008849635837485206,-0.008849635837485237,-0.008849635837485242,-0.008849635837485258,-0.008849635837485265,-0.008849635837485203,-0.008849635837485203,-0.008849635837485204,-0.008849635837485178,-0.008849635837485216,-0.008849635837485192,-0.00884963583748519,-0.0088496358374852,-0.008849635837485203,-0.008849635837485176,-0.00884963583748519,-0.00884963583748521,-0.010321543493561819,0.014490406774454845,-0.004921203723449709,0.0037003095018931327,-0.01414620771335831,0.018497796211396314,0.055068369378159315,0.003925886144607342,0.06551237782877063,0.004124064643829167,0.00027579429559169516,-0.016767711923009562,-0.03214829496591516,-0.015909438237774225,0.006110111942546522,0.0023761619408266712,-0.013345405976928688,-0.014369900636511753,0.004336516758904769,0.020404539024812395,-0.01952584014267722,0.039622851846354036,0.07716936353667103,3.597812431846839e-17,0.017390190602200387,-0.0008545092096596843,-0.0066483682081278275,-0.002127318683103515,0.00365281658356953,-0.010261162837490935,0.012239246056080903,-0.02437564166598355,0.03249268964308656,-0.00809350159180312,0.0038092703878038277,-0.001319456829802519,-0.01827330945433665,-0.01827330945433793,0.007085841987539005,0.018950288697129062,0.03672502243436357,-0.0021332833544161706,0.004336516758904679,-0.14722103853279195
track_genre_black-metal,-0.008849635837486033,-0.008849635837486042,-0.008849635837486054,-0.008849635837486077,-0.008849635837486063,-0.00884963583748601,1.0,-0.00884963583748544,-0.008849635837484727,-0.008849635837484559,-0.008849635837484649,-0.008849635837484894,-0.008849635837484753,-0.008849635837485003,-0.008849635837485102,-0.008849635837484802,-0.00884963583748475,-0.008849635837484913,-0.008849635837484802,-0.008849635837484798,-0.008849635837484741,-0.008849635837484663,-0.008849635837484833,-0.008849635837484805,-0.008849635837484849,-0.008849635837485015,-0.008849635837484871,-0.008849635837485029,-0.008849635837485086,-0.008849635837485154,-0.008849635837485352,-0.008849635837485239,-0.00884963583748515,-0.008849635837485265,-0.008849635837485298,-0.008849635837485267,-0.008849635837485338,-0.00884963583748536,-0.008849635837485359,-0.00884963583748535,-0.008849635837485322,-0.008849635837485333,-0.008849635837485334,-0.008849635837485315,-0.008849635837485312,-0.008849635837485404,-0.008849635837485449,-0.008849635837485437,-0.008849635837485376,-0.008849635837485378,-0.008849635837485428,-0.008849635837485414,-0.008849635837485445,-0.008849635837485492,-0.008849635837485478,-0.00884963583748545,-0.008849635837485503,-0.008849635837485407,-0.008849635837485605,-0.008849635837485574,-0.008849635837485548,-0.0088496358374855,-0.00884963583748544,-0.008849635837485423,-0.008849635837485442,-0.008845170774625117,-0.00884963583748542,-0.008849635837485355,-0.00884963583748535,-0.008849635837485378,-0.008849635837485383,-0.008849635837485381,-0.008849635837485402,-0.00884963583748541,-0.008849635837485367,-0.00884963583748535,-0.008849635837485345,-0.008849635837485284,-0.008849635837485263,-0.008849635837485307,-0.008849635837485267,-0.008849635837485291,-0.008849635837485263,-0.008849635837485258,-0.008849635837485294,-0.008849635837485322,-0.008849635837485314,-0.008849635837485341,-0.008849635837485284,-0.008849635837485293,-0.008849635837485291,-0.008849635837485261,-0.008849635837485274,-0.008849635837485263,-0.008849635837485246,-0.008849635837485237,-0.008849635837485196,-0.008849635837485168,-0.008849635837485196,-0.008849635837485218,-0.008849635837485213,-0.008849635837485222,-0.00884963583748515,-0.008849635837485163,-0.008849635837485161,-0.008849635837485128,-0.008849635837485175,-0.008849635837485147,-0.008849635837485142,-0.008849635837485163,-0.008849635837485154,-0.008849635837485131,-0.008849635837485142,-0.008849635837485156,0.05685108776568386,0.013571249559971717,-0.0255521854560402,-0.04263510829875817,0.057131198063268246,-0.03524862356998909,-0.039215675298420766,-0.011856427025098709,-0.045506940853742926,-0.017403283960247692,0.001363760186295933,-0.030904495469224632,-0.03907463046521027,-0.14657103482844044,0.03236719705146608,0.002227756131593156,-0.08143515818974406,-0.10244332176470423,0.02025231216174925,-0.05566198783522987,-0.10760061775515696,-0.02054218301004074,-0.051606312096624175,-1.697141069394233e-17,0.1001420356736615,-0.0008854665550885444,-0.05372256762966353,0.01260894268664129,-0.09874579831171852,0.015307007633107389,0.08733485379695162,-0.010481171272955609,0.08654844675388136,0.013769751587233337,-0.0011558953305007284,-0.0005212468353039536,0.07629156861023773,0.07629156861023456,-0.004149620543603373,0.028294059591905802,0.04862916251659593,-0.004229749497984724,0.0202523121617493,-0.14436237393852933
track_genre_bluegrass,-0.008849635837485442,-0.008849635837485501,-0.008849635837485513,-0.008849635837485487,-0.0088496358374855,-0.008849635837485447,-0.00884963583748544,1.0,-0.00884963583748474,-0.008849635837484564,-0.008849635837484668,-0.008849635837484902,-0.008849635837484758,-0.00884963583748499,-0.008849635837485097,-0.008849635837484812,-0.008849635837484746,-0.00884963583748491,-0.008849635837484797,-0.008849635837484805,-0.008849635837484738,-0.008849635837484672,-0.008849635837484833,-0.008849635837484804,-0.008849635837484838,-0.008849635837485008,-0.00884963583748486,-0.008849635837485026,-0.008849635837485081,-0.008849635837485154,-0.008849635837485353,-0.008849635837485234,-0.008849635837485145,-0.008849635837485272,-0.008849635837485305,-0.008849635837485274,-0.008849635837485336,-0.008849635837485353,-0.008849635837485353,-0.008849635837485343,-0.00884963583748532,-0.00884963583748534,-0.008849635837485336,-0.008849635837485305,-0.00884963583748532,-0.008849635837485402,-0.008849635837485442,-0.00884963583748543,-0.008849635837485374,-0.008849635837485381,-0.008849635837485433,-0.00884963583748541,-0.00884963583748544,-0.008849635837485489,-0.008849635837485475,-0.008849635837485447,-0.008849635837485501,-0.008849635837485405,-0.008849635837485591,-0.008849635837485572,-0.008849635837485544,-0.0088496358374855,-0.00884963583748544,-0.008849635837485423,-0.00884963583748544,-0.008845170774625117,-0.008849635837485412,-0.008849635837485352,-0.00884963583748535,-0.008849635837485378,-0.008849635837485385,-0.008849635837485381,-0.008849635837485402,-0.008849635837485407,-0.008849635837485362,-0.008849635837485348,-0.008849635837485343,-0.008849635837485284,-0.008849635837485258,-0.008849635837485305,-0.008849635837485265,-0.00884963583748529,-0.00884963583748526,-0.008849635837485255,-0.008849635837485293,-0.008849635837485326,-0.008849635837485315,-0.00884963583748534,-0.00884963583748528,-0.008849635837485291,-0.008849635837485291,-0.008849635837485256,-0.008849635837485274,-0.00884963583748526,-0.00884963583748524,-0.008849635837485235,-0.008849635837485192,-0.008849635837485163,-0.008849635837485194,-0.008849635837485215,-0.00884963583748521,-0.008849635837485216,-0.008849635837485147,-0.00884963583748516,-0.00884963583748516,-0.008849635837485124,-0.008849635837485171,-0.008849635837485144,-0.00884963583748514,-0.008849635837485157,-0.00884963583748515,-0.00884963583748513,-0.008849635837485142,-0.008849635837485152,-0.009375450095544227,-0.000675687264508184,-0.0003823877422798836,0.007414963249624593,-0.0018954035955008157,0.017766099902491193,-0.054254295605000516,-0.013345324493939376,-0.03189681505544944,0.0015146890554562388,0.006785059807128877,-0.02194516752897526,-0.03616861586047132,-0.017405235042179574,-0.031122270701169713,-0.040893473543075334,0.06837326240712058,0.05842858116042646,0.013904977855745163,-0.021510527081538253,0.025956139256335126,0.009085204618310434,-0.037631161461638835,-6.30548989214444e-18,-0.048391943235635615,-0.0008510236927159957,0.0151822953659329,0.016567938278513026,-0.012995096283148683,-0.02708232762077945,-0.041553061476103124,0.04196556204157105,-0.005847914968300214,0.006977093161918151,-0.0021004762233114613,-0.007655449831956374,-0.004980838634731184,-0.004980838634733612,0.008859862387190548,-0.04551536972563274,-0.007022692367844106,-0.004229749497984722,0.013904977855745529,-0.14150370934426768
track_genre_blues,-0.008849635837484634,-0.008849635837484783,-0.008849635837484795,-0.008849635837484745,-0.008849635837484729,-0.00884963583748462,-0.008849635837484727,-0.00884963583748474,1.0,-0.00884963583748457,-0.008849635837484684,-0.008849635837484866,-0.00884963583748474,-0.008849635837485029,-0.008849635837485059,-0.008849635837484769,-0.008849635837484784,-0.008849635837484975,-0.008849635837484802,-0.008849635837484821,-0.00884963583748474,-0.008849635837484738,-0.008849635837484856,-0.008849635837484864,-0.008849635837484875,-0.008849635837485076,-0.00884963583748492,-0.008849635837485121,-0.008849635837485126,-0.00884963583748525,-0.008849635837485428,-0.008849635837485279,-0.00884963583748519,-0.00884963583748532,-0.008849635837485367,-0.00884963583748534,-0.008849635837485425,-0.008849635837485374,-0.008849635837485444,-0.00884963583748541,-0.008849635837485388,-0.008849635837485374,-0.008849635837485418,-0.008849635837485399,-0.008849635837485341,-0.008849635837485463,-0.008849635837485513,-0.008849635837485478,-0.008849635837485435,-0.008849635837485423,-0.008849635837485506,-0.008849635837485497,-0.008849635837485516,-0.00884963583748555,-0.008849635837485516,-0.008849635837485501,-0.008849635837485555,-0.00884963583748546,-0.008849635837485633,-0.008849635837485617,-0.008849635837485607,-0.008849635837485565,-0.00884963583748549,-0.008849635837485468,-0.008849635837485487,-0.008845170774625159,-0.008849635837485452,-0.0088496358374854,-0.008849635837485381,-0.008849635837485416,-0.008849635837485418,-0.00884963583748542,-0.008849635837485435,-0.008849635837485435,-0.008849635837485407,-0.008849635837485383,-0.008849635837485378,-0.008849635837485317,-0.008849635837485286,-0.008849635837485346,-0.008849635837485294,-0.008849635837485322,-0.00884963583748529,-0.008849635837485282,-0.008849635837485312,-0.00884963583748536,-0.008849635837485346,-0.008849635837485364,-0.008849635837485314,-0.008849635837485322,-0.008849635837485334,-0.008849635837485307,-0.008849635837485319,-0.008849635837485307,-0.008849635837485284,-0.008849635837485277,-0.00884963583748523,-0.008849635837485206,-0.00884963583748523,-0.008849635837485248,-0.00884963583748526,-0.00884963583748526,-0.008849635837485196,-0.008849635837485196,-0.008849635837485197,-0.008849635837485171,-0.008849635837485206,-0.008849635837485189,-0.00884963583748519,-0.008849635837485197,-0.008849635837485199,-0.008849635837485173,-0.008849635837485182,-0.008849635837485206,-0.0011759739793921892,0.00369030950428396,-0.007190611714034799,0.007610471341610337,-0.009134515119689544,-0.002056218284208035,-0.023816848517431977,0.02328155323952797,-0.008649522399673393,-0.003486614155591974,0.005705035273291007,0.046029011531961386,0.027483124723327458,0.0009574948082355604,-0.004930521313176528,-0.01844771770264692,0.023539870428601662,0.047158128728449385,-0.01750817170377675,-0.0024460348130759704,0.03460636794358781,-0.023212624185908772,-0.014727083970512103,-1.8537216628752403e-17,-0.027734055105696754,-0.000858372964148343,0.02050724009926153,0.003434127505478572,0.002815770685242794,-0.024054517959787632,-0.02225531280136075,0.014959408319912305,-0.03706287921209625,-0.010734616058573466,-0.010034699129864566,-0.0003495850914473197,-0.0007310886528119155,-0.0007310886528149376,0.010042542653626134,-0.014921068798898414,-0.031723783038478885,-0.004229749497984738,-0.017508171703775974,-0.13864504475000639
track_genre_brazil,-0.008849635837484559,-0.008849635837484531,-0.008849635837484543,-0.008849635837484571,-0.00884963583748459,-0.008849635837484594,-0.008849635837484559,-0.008849635837484564,-0.00884963583748457,1.0,-0.008849635837484717,-0.008849635837484906,-0.008849635837484852,-0.008849635837485043,-0.008849635837485067,-0.008849635837484762,-0.008849635837484784,-0.008849635837484935,-0.008849635837484791,-0.008849635837484812,-0.008849635837484722,-0.008849635837484725,-0.008849635837484852,-0.008849635837484868,-0.008849635837484887,-0.008849635837485048,-0.008849635837484908,-0.008849635837485116,-0.008849635837485145,-0.008849635837485261,-0.008849635837485388,-0.008849635837485267,-0.008849635837485187,-0.008849635837485284,-0.00884963583748538,-0.008849635837485341,-0.008849635837485435,-0.008849635837485374,-0.008849635837485412,-0.008849635837485404,-0.008849635837485374,-0.008849635837485374,-0.008849635837485418,-0.008849635837485412,-0.008849635837485343,-0.008849635837485466,-0.008849635837485511,-0.008849635837485492,-0.008849635837485447,-0.008849635837485445,-0.008849635837485506,-0.008849635837485527,-0.00884963583748554,-0.008849635837485572,-0.008849635837485534,-0.008849635837485532,-0.008849635837485563,-0.00884963583748548,-0.008849635837485648,-0.008849635837485641,-0.008849635837485641,-0.00884963583748557,-0.008849635837485515,-0.008849635837485492,-0.008849635837485506,-0.008845170774625181,-0.008849635837485471,-0.008849635837485407,-0.008849635837485381,-0.00884963583748543,-0.008849635837485431,-0.008849635837485444,-0.00884963583748544,-0.00884963583748546,-0.008849635837485418,-0.008849635837485409,-0.008849635837485386,-0.008849635837485341,-0.008849635837485298,-0.00884963583748536,-0.008849635837485312,-0.008849635837485334,-0.008849635837485303,-0.008849635837485301,-0.008849635837485326,-0.008849635837485366,-0.008849635837485359,-0.008849635837485383,-0.008849635837485319,-0.008849635837485331,-0.008849635837485348,-0.00884963583748532,-0.008849635837485326,-0.008849635837485322,-0.0088496358374853,-0.00884963583748529,-0.00884963583748525,-0.008849635837485218,-0.008849635837485246,-0.008849635837485253,-0.008849635837485268,-0.008849635837485274,-0.008849635837485211,-0.008849635837485215,-0.008849635837485213,-0.008849635837485189,-0.008849635837485225,-0.008849635837485203,-0.008849635837485203,-0.008849635837485213,-0.008849635837485215,-0.008849635837485189,-0.008849635837485197,-0.00884963583748522,0.028468285825157046,0.022073453793936135,-0.009047400069967971,-0.03520580080329543,0.020935640442324654,-0.02726648201829791,0.10585748226984079,0.004223665638373668,0.04821187084872803,0.011517295477552734,0.00315585971915925,-0.013512858879328987,-0.021117464355927245,-0.0020884145358082877,0.012286273512527542,0.010095933190204182,0.004945130366692789,-0.0015516745761518728,-0.0006654227966468583,-0.0033120769862934793,-0.0028493252246376095,-0.02752272847016245,0.052384749371960415,1.2390510392112923e-17,-0.017350803445912538,-0.000869031855265409,-0.005098297434947704,0.011446380489028182,0.019401680152085418,0.00016795932814791823,-0.0077277428683340445,0.010458382699635737,-0.04344843100211103,0.041709114689599994,-0.0014284409678167068,-0.006700339406388317,0.048636987177073404,0.04863698717707037,0.004129141321446864,0.0005416391446493709,-0.03202138654053476,-0.004229749497984728,-0.000665422796646899,-0.13578638015574526
track_genre_breakbeat,-0.008849635837484642,-0.008849635837484649,-0.008849635837484661,-0.008849635837484689,-0.008849635837484649,-0.008849635837484701,-0.008849635837484649,-0.008849635837484668,-0.008849635837484684,-0.008849635837484717,1.0,-0.008849635837484921,-0.008849635837484765,-0.008849635837485034,-0.008849635837485045,-0.008849635837484781,-0.00884963583748477,-0.008849635837484956,-0.008849635837484802,-0.0088496358374848,-0.008849635837484734,-0.008849635837484717,-0.008849635837484864,-0.00884963583748481,-0.008849635837484847,-0.008849635837485053,-0.008849635837484908,-0.008849635837485067,-0.008849635837485126,-0.008849635837485246,-0.008849635837485416,-0.008849635837485232,-0.008849635837485142,-0.008849635837485319,-0.008849635837485326,-0.008849635837485308,-0.008849635837485412,-0.008849635837485345,-0.008849635837485409,-0.00884963583748539,-0.008849635837485353,-0.008849635837485364,-0.008849635837485388,-0.008849635837485362,-0.008849635837485345,-0.008849635837485431,-0.008849635837485475,-0.008849635837485458,-0.008849635837485392,-0.008849635837485402,-0.008849635837485461,-0.00884963583748545,-0.00884963583748548,-0.008849635837485515,-0.008849635837485492,-0.008849635837485473,-0.00884963583748553,-0.00884963583748544,-0.00884963583748562,-0.00884963583748559,-0.008849635837485569,-0.008849635837485527,-0.008849635837485463,-0.008849635837485442,-0.008849635837485464,-0.008845170774625143,-0.008849635837485437,-0.008849635837485373,-0.008849635837485366,-0.008849635837485395,-0.008849635837485399,-0.008849635837485399,-0.008849635837485418,-0.008849635837485423,-0.008849635837485385,-0.008849635837485366,-0.00884963583748536,-0.008849635837485301,-0.008849635837485274,-0.008849635837485324,-0.00884963583748528,-0.008849635837485307,-0.008849635837485277,-0.008849635837485261,-0.008849635837485303,-0.008849635837485345,-0.008849635837485334,-0.008849635837485355,-0.008849635837485293,-0.008849635837485305,-0.008849635837485307,-0.008849635837485274,-0.008849635837485291,-0.00884963583748529,-0.008849635837485258,-0.008849635837485253,-0.008849635837485215,-0.008849635837485183,-0.008849635837485215,-0.00884963583748523,-0.008849635837485234,-0.008849635837485234,-0.00884963583748517,-0.008849635837485176,-0.008849635837485176,-0.008849635837485145,-0.00884963583748519,-0.008849635837485164,-0.008849635837485163,-0.00884963583748518,-0.008849635837485178,-0.008849635837485152,-0.008849635837485163,-0.00884963583748518,0.055589629901660706,0.028507554295313275,-0.016680863311026764,-0.05690719901372677,0.03986870135174199,-0.015958448153403065,-0.033182216852068645,-0.011558647531331814,-0.055317028429456815,0.018475630379880387,0.00863804307596825,-0.015781529902825615,-0.03214428666990889,0.043037011563900336,0.04161004116288243,0.000939615060799406,-0.0802031981517794,0.00024613909520707024,0.034149720463646456,-0.030406268461452956,0.012546921928640518,-0.02432846524493779,-0.062437087641905684,8.258626768723306e-17,0.08598454624539856,-0.0008857319462451771,0.0461615759957275,-0.012558957861686069,-0.0041906135007503025,-0.01261612590715132,0.07924805741241214,-0.008915597144163276,0.07287631187652727,0.0033415273743779127,-0.01023823506627494,0.00573679036154507,0.07991785078621282,0.0799178507862097,0.011225222920061732,0.04753805489418841,0.03345138391174854,0.01673491193770064,0.03414972046364557,-0.13292771556148275
track_genre_british,-0.008849635837484866,-0.008849635837484918,-0.00884963583748493,-0.008849635837484937,-0.00884963583748493,-0.00884963583748491,-0.008849635837484894,-0.008849635837484902,-0.008849635837484866,-0.008849635837484906,-0.008849635837484921,1.0,-0.00884963583748479,-0.008849635837485055,-0.00884963583748505,-0.00884963583748479,-0.008849635837484772,-0.008849635837484982,-0.008849635837484805,-0.008849635837484824,-0.00884963583748474,-0.008849635837484738,-0.00884963583748487,-0.008849635837484826,-0.008849635837484863,-0.008849635837485072,-0.008849635837484911,-0.008849635837485076,-0.008849635837485123,-0.008849635837485255,-0.008849635837485425,-0.008849635837485244,-0.008849635837485147,-0.008849635837485327,-0.008849635837485334,-0.008849635837485314,-0.008849635837485421,-0.00884963583748535,-0.008849635837485405,-0.00884963583748539,-0.008849635837485366,-0.008849635837485373,-0.00884963583748539,-0.008849635837485366,-0.008849635837485348,-0.008849635837485437,-0.008849635837485477,-0.008849635837485463,-0.0088496358374854,-0.008849635837485407,-0.00884963583748547,-0.008849635837485456,-0.008849635837485489,-0.008849635837485523,-0.008849635837485501,-0.008849635837485484,-0.008849635837485539,-0.008849635837485445,-0.00884963583748563,-0.008849635837485595,-0.00884963583748558,-0.008849635837485537,-0.008849635837485471,-0.008849635837485447,-0.00884963583748547,-0.00884517077462515,-0.008849635837485442,-0.00884963583748538,-0.00884963583748537,-0.0088496358374854,-0.008849635837485404,-0.008849635837485402,-0.008849635837485423,-0.008849635837485428,-0.008849635837485388,-0.00884963583748537,-0.008849635837485366,-0.008849635837485307,-0.00884963583748528,-0.00884963583748533,-0.008849635837485284,-0.00884963583748531,-0.008849635837485284,-0.008849635837485267,-0.008849635837485308,-0.00884963583748535,-0.008849635837485338,-0.00884963583748536,-0.008849635837485298,-0.008849635837485308,-0.008849635837485314,-0.008849635837485279,-0.008849635837485296,-0.008849635837485294,-0.008849635837485263,-0.008849635837485258,-0.00884963583748522,-0.008849635837485189,-0.008849635837485218,-0.008849635837485235,-0.008849635837485237,-0.008849635837485239,-0.008849635837485175,-0.008849635837485182,-0.008849635837485182,-0.008849635837485152,-0.008849635837485196,-0.00884963583748517,-0.008849635837485168,-0.008849635837485183,-0.008849635837485183,-0.008849635837485157,-0.008849635837485168,-0.008849635837485183,-0.0024374318434157026,-0.0009054765681287942,-0.005952752810079511,0.009174536077497818,-0.0035659677933903996,0.029739312230027046,0.001217501453999593,0.004819224625910059,0.04455101271643216,-0.01261942871489753,-0.00866882065499132,0.06577979456004815,-0.0001300264657020054,-0.035519261705719465,-0.04229170492290905,-0.03082207522903659,0.03197873157278172,-0.01246457446372496,-0.010415381548410853,0.0018921048948914439,-0.018848772873712758,0.021915157107435003,0.04439916116672422,1.921119041830587e-17,-0.05066027010527372,-0.0008325533439354629,-0.03890305236724631,0.0073302818974791415,-0.0005324129080637723,-0.01564393556814337,-0.050212205257137224,0.003217602353973588,0.011435056659368371,-0.019397683000348675,0.0021773935540733585,-9.012666709457784e-05,-0.009678440045711053,-0.009678440045712963,0.0011724406553573154,-0.046455053106165246,0.009345500245226573,-0.004229749497984736,-0.010415381548410638,-0.13006905096722057
track_genre_cantopop,-0.008849635837484748,-0.008849635837484769,-0.008849635837484781,-0.008849635837484746,-0.008849635837484776,-0.00884963583748483,-0.008849635837484753,-0.008849635837484758,-0.00884963583748474,-0.008849635837484852,-0.008849635837484765,-0.00884963583748479,1.0,-0.008849635837485015,-0.008849635837485041,-0.008849635837484765,-0.008849635837484774,-0.008849635837484968,-0.008849635837484797,-0.008849635837484791,-0.00884963583748474,-0.008849635837484713,-0.008849635837484843,-0.008849635837484852,-0.008849635837484878,-0.008849635837485067,-0.008849635837484911,-0.008849635837485102,-0.008849635837485121,-0.008849635837485239,-0.008849635837485428,-0.008849635837485265,-0.008849635837485176,-0.008849635837485314,-0.008849635837485357,-0.008849635837485336,-0.008849635837485416,-0.008849635837485367,-0.008849635837485437,-0.008849635837485405,-0.008849635837485376,-0.008849635837485367,-0.008849635837485409,-0.008849635837485392,-0.008849635837485336,-0.008849635837485452,-0.00884963583748551,-0.008849635837485468,-0.00884963583748543,-0.008849635837485416,-0.008849635837485497,-0.008849635837485485,-0.008849635837485508,-0.00884963583748554,-0.008849635837485511,-0.008849635837485497,-0.008849635837485551,-0.008849635837485456,-0.00884963583748563,-0.008849635837485612,-0.008849635837485603,-0.008849635837485562,-0.008849635837485485,-0.008849635837485464,-0.008849635837485484,-0.008845170774625155,-0.008849635837485449,-0.008849635837485397,-0.008849635837485376,-0.008849635837485412,-0.008849635837485414,-0.008849635837485416,-0.00884963583748543,-0.008849635837485433,-0.008849635837485404,-0.00884963583748538,-0.008849635837485374,-0.008849635837485314,-0.008849635837485282,-0.008849635837485341,-0.00884963583748529,-0.008849635837485319,-0.008849635837485284,-0.008849635837485277,-0.008849635837485308,-0.008849635837485355,-0.008849635837485343,-0.00884963583748536,-0.00884963583748531,-0.008849635837485319,-0.008849635837485331,-0.008849635837485301,-0.008849635837485315,-0.008849635837485303,-0.00884963583748528,-0.008849635837485274,-0.008849635837485227,-0.0088496358374852,-0.008849635837485227,-0.008849635837485244,-0.008849635837485256,-0.008849635837485255,-0.00884963583748519,-0.008849635837485192,-0.008849635837485192,-0.008849635837485168,-0.008849635837485203,-0.008849635837485185,-0.008849635837485185,-0.008849635837485192,-0.008849635837485196,-0.008849635837485168,-0.008849635837485178,-0.008849635837485203,-0.018521019609713956,0.04482259485237734,0.006632146046800517,-0.027776493307831805,-0.014703062445988133,0.013442439895324584,0.018147205751227257,0.00898813753866247,0.006327098830490666,0.003906616678131468,-0.004224307928732449,0.04055072517213271,-0.0329699956472554,-0.010240653479583913,-0.026345580446376488,-0.040543901346145376,0.06262444606288725,-0.029208730364438548,0.006682884977755178,0.011206743874892953,-0.032347003083399925,-0.026174880495997192,0.008215210454386156,-2.4887257330714776e-17,-0.07546298001940115,-0.0008513608833712367,-0.05312012301327351,0.02143813126851403,0.04398602820293646,-0.02809159750777687,-0.06720343128687913,0.026505517519752032,-0.04358848959383348,-0.01067764202762454,-0.001258823392421497,0.001825673835277433,0.009548916265048403,0.009548916265046304,0.012407903186498703,-0.04192931120094225,-0.03350940405081428,-0.004229749497984742,0.006682884977755171,-0.12721038637295892
track_genre_chicago-house,-0.008849635837485015,-0.008849635837484984,-0.008849635837484996,-0.008849635837485001,-0.008849635837485036,-0.008849635837485062,-0.008849635837485003,-0.00884963583748499,-0.008849635837485029,-0.008849635837485043,-0.008849635837485034,-0.008849635837485055,-0.008849635837485015,1.0,-0.008849635837485074,-0.008849635837484797,-0.008849635837484804,-0.008849635837484972,-0.008849635837484817,-0.008849635837484838,-0.008849635837484729,-0.008849635837484755,-0.00884963583748487,-0.008849635837484833,-0.008849635837484875,-0.008849635837485085,-0.008849635837484937,-0.008849635837485097,-0.008849635837485124,-0.008849635837485255,-0.008849635837485426,-0.008849635837485263,-0.008849635837485173,-0.008849635837485336,-0.008849635837485353,-0.00884963583748533,-0.008849635837485426,-0.008849635837485359,-0.008849635837485425,-0.00884963583748539,-0.008849635837485378,-0.00884963583748538,-0.008849635837485405,-0.00884963583748537,-0.008849635837485348,-0.008849635837485444,-0.008849635837485487,-0.00884963583748547,-0.008849635837485416,-0.008849635837485423,-0.008849635837485487,-0.008849635837485471,-0.008849635837485497,-0.008849635837485536,-0.008849635837485508,-0.008849635837485489,-0.008849635837485543,-0.008849635837485447,-0.008849635837485631,-0.008849635837485598,-0.008849635837485588,-0.008849635837485543,-0.008849635837485477,-0.008849635837485452,-0.008849635837485475,-0.008845170774625157,-0.008849635837485447,-0.008849635837485388,-0.008849635837485374,-0.00884963583748541,-0.008849635837485414,-0.008849635837485414,-0.008849635837485428,-0.008849635837485433,-0.008849635837485395,-0.008849635837485374,-0.008849635837485373,-0.008849635837485312,-0.008849635837485284,-0.008849635837485338,-0.008849635837485293,-0.008849635837485315,-0.008849635837485288,-0.00884963583748527,-0.008849635837485314,-0.008849635837485355,-0.008849635837485343,-0.008849635837485364,-0.008849635837485303,-0.008849635837485314,-0.008849635837485317,-0.008849635837485284,-0.0088496358374853,-0.008849635837485298,-0.008849635837485268,-0.008849635837485263,-0.008849635837485225,-0.008849635837485194,-0.008849635837485223,-0.008849635837485239,-0.008849635837485242,-0.008849635837485244,-0.00884963583748518,-0.008849635837485185,-0.008849635837485187,-0.008849635837485156,-0.008849635837485199,-0.008849635837485175,-0.008849635837485173,-0.008849635837485189,-0.008849635837485189,-0.008849635837485163,-0.008849635837485171,-0.008849635837485189,0.10447112213256643,-0.00021610865726694466,-0.04081911193815755,-0.061794901313373535,0.10223643140629159,0.007256280192764198,-0.0555150182654325,-0.01215420651886657,-0.08814665942230203,0.018258182414182738,0.013471682288683255,-0.0205880363085386,-0.03347103264807246,0.10807603895615009,-0.01665688971486693,-0.009131783253238181,-0.07909978035083834,0.04081166177782332,0.005569965257035911,-0.10313377109595896,0.07624605019421803,-0.020493713522860894,-0.1024649376221695,-4.5918503360374154e-17,0.029362712660375725,-0.000881261709863383,0.06386421867990266,0.004188221903930243,0.01902965975282932,-0.022708824777124544,0.034345305442090135,-0.027311093157468137,0.09929936986583361,-0.03754704962943805,-0.011690495706396183,0.009688323862214892,0.12337235069200887,0.12337235069200461,0.015364603852588943,-0.029956073690470132,0.06916380415844817,0.046085437947660575,0.00556996525703607,-0.12435172177869712
track_genre_children,-0.008849635837485055,-0.008849635837485098,-0.00884963583748511,-0.008849635837485088,-0.008849635837485053,-0.008849635837485074,-0.008849635837485102,-0.008849635837485097,-0.008849635837485059,-0.008849635837485067,-0.008849635837485045,-0.00884963583748505,-0.008849635837485041,-0.008849635837485074,1.0,-0.008849635837484797,-0.008849635837484781,-0.00884963583748499,-0.008849635837484814,-0.008849635837484831,-0.008849635837484746,-0.008849635837484745,-0.008849635837484876,-0.008849635837484835,-0.00884963583748487,-0.00884963583748508,-0.008849635837484918,-0.008849635837485083,-0.008849635837485131,-0.008849635837485261,-0.008849635837485431,-0.008849635837485251,-0.008849635837485154,-0.008849635837485334,-0.008849635837485343,-0.00884963583748532,-0.008849635837485428,-0.008849635837485357,-0.008849635837485414,-0.008849635837485399,-0.008849635837485373,-0.008849635837485381,-0.008849635837485397,-0.008849635837485373,-0.008849635837485355,-0.008849635837485444,-0.008849635837485484,-0.00884963583748547,-0.008849635837485407,-0.008849635837485414,-0.008849635837485477,-0.008849635837485463,-0.008849635837485496,-0.00884963583748553,-0.008849635837485508,-0.008849635837485489,-0.008849635837485546,-0.008849635837485454,-0.008849635837485636,-0.008849635837485601,-0.008849635837485588,-0.008849635837485546,-0.008849635837485478,-0.008849635837485456,-0.008849635837485477,-0.008845170774625155,-0.008849635837485447,-0.008849635837485386,-0.008849635837485376,-0.008849635837485407,-0.00884963583748541,-0.00884963583748541,-0.00884963583748543,-0.008849635837485435,-0.008849635837485397,-0.008849635837485378,-0.008849635837485373,-0.008849635837485314,-0.008849635837485288,-0.008849635837485336,-0.008849635837485293,-0.008849635837485319,-0.00884963583748529,-0.008849635837485274,-0.008849635837485315,-0.008849635837485357,-0.008849635837485346,-0.008849635837485367,-0.008849635837485305,-0.008849635837485317,-0.008849635837485319,-0.008849635837485286,-0.008849635837485303,-0.008849635837485301,-0.00884963583748527,-0.008849635837485265,-0.008849635837485227,-0.008849635837485196,-0.008849635837485227,-0.008849635837485242,-0.008849635837485246,-0.008849635837485246,-0.008849635837485182,-0.008849635837485189,-0.008849635837485189,-0.008849635837485157,-0.0088496358374852,-0.008849635837485178,-0.008849635837485175,-0.008849635837485192,-0.00884963583748519,-0.008849635837485164,-0.008849635837485175,-0.008849635837485192,-0.02892804698790714,-0.04111860470174159,-0.03339195851442484,0.09031039425163387,-0.01637362664387785,0.01936252821282895,0.013644624821113498,-0.010665309050025527,0.007626113006466613,-0.007400677538151409,-0.020069961996264592,0.029539867203656194,-0.01063176200282754,0.0811301219632582,-0.021467847086961804,0.007169900907071792,0.05198994127383967,0.0799073873307288,0.00374526393805265,0.023268632365882256,0.10761447117741951,-0.007394387104631147,0.008297063880554716,9.435469863969047e-18,-0.05582280472474663,-0.0008355055753839212,0.04183681674772657,0.01009529469180226,-0.011600019785938323,-0.028764444099108385,-0.05488042715048726,0.0449010135330559,-0.029020239754758634,-0.015912285538960392,0.010387559088107784,0.0062003759520040305,-0.12017501040182903,-0.12017501040183139,0.005903161721101669,-0.029059136393357474,-0.02071245346241268,0.002059648932720894,0.003745263938052676,-0.12149305718443458
track_genre_chill,-0.00884963583748474,-0.008849635837484809,-0.008849635837484821,-0.008849635837484793,-0.008849635837484798,-0.00884963583748475,-0.008849635837484802,-0.008849635837484812,-0.008849635837484769,-0.008849635837484762,-0.008849635837484781,-0.00884963583748479,-0.008849635837484765,-0.008849635837484797,-0.008849635837484797,1.0,-0.008849635837484769,-0.008849635837484948,-0.00884963583748481,-0.008849635837484807,-0.008849635837484734,-0.00884963583748473,-0.008849635837484864,-0.008849635837484875,-0.008849635837484908,-0.008849635837485057,-0.008849635837484913,-0.008849635837485121,-0.008849635837485147,-0.008849635837485263,-0.008849635837485404,-0.008849635837485279,-0.008849635837485204,-0.008849635837485296,-0.008849635837485381,-0.008849635837485355,-0.008849635837485442,-0.008849635837485385,-0.008849635837485421,-0.008849635837485416,-0.008849635837485386,-0.008849635837485381,-0.00884963583748542,-0.008849635837485425,-0.008849635837485357,-0.008849635837485471,-0.00884963583748552,-0.008849635837485503,-0.008849635837485456,-0.008849635837485452,-0.00884963583748552,-0.008849635837485537,-0.008849635837485546,-0.00884963583748558,-0.008849635837485539,-0.00884963583748554,-0.008849635837485569,-0.008849635837485487,-0.008849635837485654,-0.008849635837485647,-0.008849635837485647,-0.008849635837485577,-0.00884963583748552,-0.008849635837485497,-0.008849635837485511,-0.008845170774625186,-0.008849635837485477,-0.008849635837485412,-0.008849635837485386,-0.008849635837485437,-0.008849635837485437,-0.008849635837485449,-0.008849635837485445,-0.008849635837485464,-0.008849635837485423,-0.008849635837485414,-0.008849635837485393,-0.008849635837485346,-0.008849635837485305,-0.008849635837485367,-0.008849635837485317,-0.00884963583748534,-0.008849635837485308,-0.008849635837485307,-0.008849635837485333,-0.008849635837485373,-0.008849635837485364,-0.00884963583748539,-0.008849635837485326,-0.008849635837485336,-0.008849635837485355,-0.008849635837485326,-0.008849635837485331,-0.008849635837485327,-0.008849635837485307,-0.008849635837485296,-0.008849635837485256,-0.008849635837485223,-0.008849635837485251,-0.008849635837485258,-0.008849635837485274,-0.008849635837485279,-0.008849635837485216,-0.00884963583748522,-0.008849635837485218,-0.008849635837485196,-0.00884963583748523,-0.008849635837485208,-0.008849635837485208,-0.008849635837485218,-0.00884963583748522,-0.008849635837485194,-0.008849635837485204,-0.008849635837485223,-0.02861268252190111,-0.0346845042003639,-0.01791872221498177,0.06978204459311746,-0.015816771911247897,0.028209401765953393,0.022469683444136006,0.016432624882864805,0.08608994329820796,0.00869047192348191,0.0011493435509016745,-0.03524052971851986,-0.03448513153772629,0.05287672439769454,-0.04118840475147747,0.015583300267231977,0.06201045542105858,-0.025507078205935806,-0.020925416253521914,0.021805220516533295,-0.004530520761275699,0.029679035849849194,0.1001094480015563,-6.910271215167491e-18,-0.08348783904526501,-0.0008399207960697202,-0.044804003658819376,0.007550226097027591,0.02194381954700326,0.028763939459738177,-0.08028353636337196,-0.004805965056085418,0.006676943875534305,-0.022411129924361537,0.0014681391235390011,0.002785375091621221,-0.06687606893830994,-0.06687606893831272,0.004720481454666926,-0.051558574507038914,0.003393430204109683,-0.004229749497984735,-0.020925416253521123,-0.11863439259017304
track_genre_classical,-0.008849635837484764,-0.008849635837484762,-0.008849635837484774,-0.008849635837484758,-0.008849635837484774,-0.008849635837484774,-0.00884963583748475,-0.008849635837484746,-0.008849635837484784,-0.008849635837484784,-0.00884963583748477,-0.008849635837484772,-0.008849635837484774,-0.008849635837484804,-0.008849635837484781,-0.008849635837484769,1.0,-0.008849635837484961,-0.008849635837484831,-0.008849635837484809,-0.008849635837484762,-0.008849635837484715,-0.008849635837484883,-0.00884963583748486,-0.00884963583748492,-0.008849635837485055,-0.008849635837484918,-0.008849635837485131,-0.00884963583748516,-0.008849635837485268,-0.008849635837485421,-0.008849635837485277,-0.008849635837485208,-0.008849635837485314,-0.00884963583748538,-0.008849635837485359,-0.008849635837485449,-0.008849635837485385,-0.008849635837485426,-0.008849635837485435,-0.008849635837485383,-0.008849635837485378,-0.008849635837485425,-0.008849635837485426,-0.008849635837485359,-0.00884963583748547,-0.008849635837485525,-0.008849635837485506,-0.008849635837485454,-0.00884963583748544,-0.008849635837485513,-0.008849635837485529,-0.008849635837485546,-0.008849635837485575,-0.008849635837485546,-0.008849635837485534,-0.008849635837485567,-0.008849635837485484,-0.008849635837485655,-0.008849635837485647,-0.008849635837485652,-0.00884963583748559,-0.008849635837485522,-0.008849635837485485,-0.008849635837485518,-0.008845170774625186,-0.008849635837485473,-0.008849635837485409,-0.008849635837485385,-0.008849635837485437,-0.008849635837485425,-0.008849635837485449,-0.008849635837485444,-0.008849635837485466,-0.008849635837485421,-0.00884963583748541,-0.008849635837485392,-0.008849635837485341,-0.008849635837485296,-0.008849635837485362,-0.008849635837485314,-0.00884963583748534,-0.008849635837485305,-0.008849635837485305,-0.008849635837485326,-0.008849635837485374,-0.008849635837485357,-0.008849635837485388,-0.008849635837485326,-0.008849635837485334,-0.008849635837485353,-0.008849635837485327,-0.008849635837485327,-0.008849635837485322,-0.008849635837485301,-0.008849635837485291,-0.008849635837485256,-0.008849635837485222,-0.008849635837485246,-0.00884963583748526,-0.00884963583748527,-0.008849635837485277,-0.008849635837485216,-0.008849635837485216,-0.008849635837485216,-0.008849635837485194,-0.008849635837485227,-0.008849635837485208,-0.008849635837485204,-0.008849635837485218,-0.008849635837485215,-0.00884963583748519,-0.0088496358374852,-0.008849635837485223,0.008915688932794999,-0.018139674339675806,-0.03854970394757251,0.030680426195943324,0.044880393945410754,0.11182233451991232,-0.05119254057252324,0.05008170767865227,-0.08512687322100725,-0.046758759329443414,-0.008348519261377717,-0.02172802653370527,0.10602167667540167,-0.10021732505144723,-0.22232973637110612,-0.030091968472099412,0.1711990085526783,-0.03375085234088623,-0.044553509497637596,0.07763809458174648,-0.058298365822569,0.2573778915789651,-0.09673698512331541,-6.406504365687687e-18,-0.13395818979143045,-0.0005868220324963292,-0.12179218063729154,0.0005434323114134038,-0.008902871891330282,-0.028764444099108347,-0.16888309660149445,0.021026008068980466,0.14075165307390888,-0.02308434258494062,0.01023633643019917,-0.0009268643129560741,-0.03973543346952293,-0.0397354334695236,-0.03371662720449839,-0.17205908761839658,0.1393982306436239,-0.004229749497984742,-0.04455350949763809,-0.11577572799591106
track_genre_club,-0.008849635837484946,-0.00884963583748493,-0.008849635837484942,-0.00884963583748492,-0.008849635837484965,-0.008849635837484928,-0.008849635837484913,-0.00884963583748491,-0.008849635837484975,-0.008849635837484935,-0.008849635837484956,-0.008849635837484982,-0.008849635837484968,-0.008849635837484972,-0.00884963583748499,-0.008849635837484948,-0.008849635837484961,1.0,-0.008849635837484817,-0.00884963583748481,-0.008849635837484745,-0.008849635837484724,-0.008849635837484852,-0.008849635837484845,-0.008849635837484889,-0.008849635837485074,-0.008849635837484918,-0.008849635837485107,-0.00884963583748513,-0.008849635837485246,-0.008849635837485435,-0.008849635837485268,-0.008849635837485187,-0.008849635837485324,-0.008849635837485355,-0.008849635837485336,-0.008849635837485435,-0.00884963583748538,-0.008849635837485438,-0.008849635837485407,-0.008849635837485383,-0.008849635837485374,-0.008849635837485418,-0.008849635837485399,-0.008849635837485345,-0.00884963583748546,-0.008849635837485516,-0.008849635837485478,-0.008849635837485438,-0.008849635837485428,-0.008849635837485497,-0.008849635837485497,-0.008849635837485508,-0.008849635837485551,-0.008849635837485522,-0.008849635837485504,-0.008849635837485558,-0.008849635837485466,-0.00884963583748564,-0.008849635837485617,-0.008849635837485608,-0.008849635837485569,-0.008849635837485492,-0.008849635837485475,-0.00884963583748549,-0.00884517077462516,-0.00884963583748546,-0.008849635837485404,-0.008849635837485381,-0.008849635837485421,-0.008849635837485423,-0.008849635837485426,-0.00884963583748544,-0.008849635837485438,-0.008849635837485409,-0.008849635837485388,-0.008849635837485383,-0.008849635837485326,-0.00884963583748529,-0.008849635837485348,-0.0088496358374853,-0.008849635837485326,-0.008849635837485293,-0.008849635837485284,-0.008849635837485317,-0.008849635837485362,-0.008849635837485352,-0.008849635837485369,-0.008849635837485315,-0.008849635837485326,-0.008849635837485333,-0.008849635837485303,-0.008849635837485317,-0.008849635837485312,-0.008849635837485284,-0.00884963583748528,-0.008849635837485232,-0.008849635837485208,-0.008849635837485235,-0.008849635837485251,-0.008849635837485263,-0.00884963583748526,-0.0088496358374852,-0.008849635837485199,-0.0088496358374852,-0.00884963583748517,-0.00884963583748521,-0.008849635837485192,-0.008849635837485194,-0.008849635837485203,-0.008849635837485204,-0.008849635837485175,-0.008849635837485185,-0.008849635837485204,-0.014421281551637542,-0.005501262640541683,0.008488934402733786,0.010152076537427215,-0.01303249824809847,-0.025936125093015912,0.029493709695113706,-0.011260868037561798,0.0004182713611976507,0.00847302395778407,-0.003411642409398597,-0.0011403459196815278,-0.03565555397163492,0.019814649629765677,0.02540358385959639,0.008604935257868452,-0.04399643818944913,-0.03840868723230276,0.0036201410777398834,-0.010979635662165694,-0.026506896426806374,-0.010442653215207988,0.0009565589316868814,5.878259049274961e-18,0.027765388169532952,-0.0008744436636357706,-0.007069886311515112,0.004062539504188296,-0.025891803457366965,-0.00016846396751782708,0.030051306808724945,0.004391782950566833,0.058278592407753814,-0.007009611419327118,0.0038429259907153007,0.0006890607906612809,-0.020757279636603402,-0.020757279636605726,0.002355120921795489,0.025798988060406817,0.037022625936419064,0.00415611507628935,0.0036201410777398557,-0.11291706340164936
track_genre_comedy,-0.008849635837484772,-0.008849635837484805,-0.008849635837484817,-0.0088496358374848,-0.008849635837484795,-0.008849635837484795,-0.008849635837484802,-0.008849635837484797,-0.008849635837484802,-0.008849635837484791,-0.008849635837484802,-0.008849635837484805,-0.008849635837484797,-0.008849635837484817,-0.008849635837484814,-0.00884963583748481,-0.008849635837484831,-0.008849635837484817,1.0,-0.008849635837484817,-0.008849635837484732,-0.00884963583748473,-0.00884963583748486,-0.008849635837484821,-0.008849635837484856,-0.008849635837485065,-0.008849635837484904,-0.008849635837485069,-0.008849635837485118,-0.008849635837485248,-0.008849635837485418,-0.008849635837485237,-0.008849635837485142,-0.008849635837485322,-0.00884963583748533,-0.008849635837485307,-0.008849635837485414,-0.008849635837485343,-0.0088496358374854,-0.008849635837485383,-0.008849635837485359,-0.008849635837485367,-0.008849635837485385,-0.008849635837485359,-0.008849635837485341,-0.00884963583748543,-0.00884963583748547,-0.008849635837485456,-0.008849635837485393,-0.0088496358374854,-0.008849635837485463,-0.008849635837485449,-0.008849635837485484,-0.008849635837485516,-0.008849635837485494,-0.008849635837485477,-0.008849635837485532,-0.00884963583748544,-0.008849635837485622,-0.008849635837485588,-0.008849635837485574,-0.008849635837485532,-0.008849635837485464,-0.008849635837485442,-0.008849635837485464,-0.008845170774625143,-0.008849635837485435,-0.008849635837485373,-0.008849635837485362,-0.008849635837485393,-0.008849635837485397,-0.008849635837485397,-0.008849635837485414,-0.008849635837485423,-0.008849635837485381,-0.008849635837485364,-0.008849635837485359,-0.0088496358374853,-0.008849635837485274,-0.008849635837485322,-0.008849635837485277,-0.008849635837485305,-0.008849635837485277,-0.00884963583748526,-0.008849635837485301,-0.008849635837485343,-0.008849635837485333,-0.008849635837485353,-0.008849635837485291,-0.008849635837485303,-0.008849635837485307,-0.008849635837485274,-0.00884963583748529,-0.008849635837485288,-0.008849635837485256,-0.008849635837485251,-0.008849635837485215,-0.008849635837485182,-0.008849635837485213,-0.008849635837485229,-0.008849635837485232,-0.008849635837485232,-0.008849635837485168,-0.008849635837485175,-0.008849635837485175,-0.008849635837485145,-0.008849635837485189,-0.008849635837485164,-0.008849635837485163,-0.008849635837485178,-0.008849635837485176,-0.00884963583748515,-0.008849635837485161,-0.008849635837485176,0.007338866602765686,-0.010556627320195576,-0.025758495273366034,0.02266459442452297,0.017594512046545642,0.028675026689801836,-0.05569512150263652,0.052761723122564184,-0.03631683731656252,-0.06589418031084426,-0.006537889895826117,-0.027593095291359247,-0.026516639076731914,0.0056345024288811845,-0.04112284457345129,0.5969801406229256,0.11643590162532047,-0.006974143602764173,-0.06637606540109894,-0.12383081864741897,-0.008361214935071545,-0.028728822712023476,-0.042431960837650454,2.7512164934823138e-18,0.016607602953186605,-0.0008794257826271086,0.006936656265270883,-0.012747481461299089,0.02268786034551563,0.19192923785763844,0.021898124962959863,0.015937892150406932,-0.04726383643169653,0.22142882806544084,0.016483164586636474,-0.007685213746469288,-0.017402423637060974,-0.017402423637062823,-0.06919703519757618,-0.047420474527235676,-0.033509404050814484,-0.0021332833544161892,-0.06637606540109894,-0.11005839880738695
track_genre_country,-0.008849635837484784,-0.008849635837484814,-0.008849635837484826,-0.008849635837484814,-0.008849635837484824,-0.00884963583748479,-0.008849635837484798,-0.008849635837484805,-0.008849635837484821,-0.008849635837484812,-0.0088496358374848,-0.008849635837484824,-0.008849635837484791,-0.008849635837484838,-0.008849635837484831,-0.008849635837484807,-0.008849635837484809,-0.00884963583748481,-0.008849635837484817,1.0,-0.008849635837484719,-0.008849635837484738,-0.00884963583748485,-0.008849635837484856,-0.008849635837484878,-0.008849635837485053,-0.008849635837484913,-0.008849635837485116,-0.008849635837485126,-0.008849635837485258,-0.008849635837485399,-0.00884963583748528,-0.00884963583748519,-0.00884963583748531,-0.008849635837485374,-0.008849635837485331,-0.008849635837485416,-0.008849635837485388,-0.00884963583748542,-0.00884963583748541,-0.008849635837485386,-0.00884963583748538,-0.008849635837485407,-0.0088496358374854,-0.008849635837485336,-0.00884963583748547,-0.008849635837485508,-0.008849635837485482,-0.008849635837485431,-0.00884963583748543,-0.008849635837485503,-0.0088496358374855,-0.008849635837485516,-0.008849635837485556,-0.008849635837485516,-0.008849635837485504,-0.008849635837485567,-0.008849635837485464,-0.008849635837485638,-0.008849635837485615,-0.008849635837485622,-0.008849635837485572,-0.008849635837485497,-0.008849635837485477,-0.008849635837485496,-0.008845170774625164,-0.008849635837485452,-0.008849635837485399,-0.008849635837485378,-0.008849635837485421,-0.00884963583748542,-0.008849635837485425,-0.008849635837485437,-0.008849635837485438,-0.008849635837485414,-0.008849635837485395,-0.008849635837485383,-0.00884963583748533,-0.008849635837485284,-0.008849635837485352,-0.008849635837485303,-0.008849635837485322,-0.008849635837485293,-0.00884963583748529,-0.008849635837485319,-0.008849635837485362,-0.008849635837485355,-0.008849635837485369,-0.008849635837485314,-0.008849635837485322,-0.008849635837485338,-0.008849635837485308,-0.008849635837485319,-0.008849635837485314,-0.00884963583748529,-0.008849635837485277,-0.008849635837485239,-0.008849635837485211,-0.008849635837485232,-0.008849635837485248,-0.008849635837485258,-0.00884963583748526,-0.0088496358374852,-0.008849635837485206,-0.0088496358374852,-0.008849635837485176,-0.008849635837485213,-0.008849635837485192,-0.00884963583748519,-0.0088496358374852,-0.008849635837485206,-0.008849635837485173,-0.008849635837485185,-0.008849635837485211,-0.025774402327848705,-0.016531149214331343,0.03530921065510076,0.001940736674020649,-0.015259917178618099,-0.03365219525965064,-0.030480668293999556,0.008094799057360337,-0.06837043386661652,-0.0037040621212895667,0.00516237588741663,-0.02875344248483256,0.046662821114602765,-0.0062374428538919495,0.018277763003292622,-0.03771031129070568,0.0017879625333798027,0.01720466686849393,0.005697454195563996,0.022460056625394714,0.006790581185943076,-0.027777424234664658,-0.07856771297578936,-3.987705453154627e-18,-0.023151929689890695,-0.0008609863128310641,0.0021441986860481145,0.0058849343004465805,0.027400118736094145,-0.01867174522913535,-0.016672314212427257,0.04920634238723382,-0.04572616712923983,-0.017945018159207324,-0.007515650167073323,-0.003314772853698198,-0.015417965557514998,-0.015417965557517023,0.011225222920063147,0.01001625547355168,-0.033211800548758795,-0.004229749497984741,0.005697454195564039,-0.10719973421312695
track_genre_dance,-0.008849635837484694,-0.008849635837484722,-0.008849635837484734,-0.00884963583748474,-0.008849635837484736,-0.008849635837484708,-0.008849635837484741,-0.008849635837484738,-0.00884963583748474,-0.008849635837484722,-0.008849635837484734,-0.00884963583748474,-0.00884963583748474,-0.008849635837484729,-0.008849635837484746,-0.008849635837484734,-0.008849635837484762,-0.008849635837484745,-0.008849635837484732,-0.008849635837484719,1.0,-0.008849635837484724,-0.008849635837484852,-0.008849635837484845,-0.008849635837484889,-0.008849635837485074,-0.008849635837484918,-0.008849635837485109,-0.008849635837485131,-0.008849635837485248,-0.008849635837485435,-0.008849635837485268,-0.008849635837485187,-0.008849635837485324,-0.008849635837485355,-0.008849635837485336,-0.008849635837485435,-0.00884963583748538,-0.008849635837485438,-0.008849635837485407,-0.008849635837485383,-0.008849635837485374,-0.008849635837485418,-0.008849635837485399,-0.008849635837485346,-0.00884963583748546,-0.008849635837485518,-0.008849635837485478,-0.00884963583748544,-0.008849635837485428,-0.008849635837485497,-0.008849635837485497,-0.008849635837485508,-0.008849635837485551,-0.008849635837485522,-0.008849635837485504,-0.00884963583748556,-0.008849635837485466,-0.00884963583748564,-0.008849635837485619,-0.008849635837485608,-0.008849635837485569,-0.008849635837485492,-0.008849635837485475,-0.008849635837485492,-0.00884517077462516,-0.00884963583748546,-0.008849635837485404,-0.008849635837485381,-0.008849635837485421,-0.008849635837485423,-0.008849635837485426,-0.00884963583748544,-0.008849635837485438,-0.00884963583748541,-0.008849635837485388,-0.008849635837485383,-0.008849635837485326,-0.008849635837485291,-0.008849635837485348,-0.008849635837485301,-0.008849635837485327,-0.008849635837485293,-0.008849635837485284,-0.008849635837485317,-0.008849635837485362,-0.008849635837485353,-0.008849635837485369,-0.008849635837485315,-0.008849635837485326,-0.008849635837485333,-0.008849635837485303,-0.008849635837485317,-0.008849635837485312,-0.008849635837485284,-0.00884963583748528,-0.008849635837485232,-0.008849635837485208,-0.008849635837485235,-0.008849635837485251,-0.008849635837485263,-0.008849635837485261,-0.008849635837485203,-0.008849635837485199,-0.008849635837485203,-0.00884963583748517,-0.00884963583748521,-0.008849635837485192,-0.008849635837485194,-0.008849635837485203,-0.008849635837485206,-0.008849635837485176,-0.008849635837485185,-0.008849635837485206,-0.027351224657878016,-0.0208971459831235,0.008901554037385734,0.03165796665587274,-0.015259917178618068,-0.038374962344401464,-0.011479776768919337,-0.020492032344369575,-0.044490504436826485,0.019345422242671242,0.003372923473508976,-0.0027146181353880573,0.07173872093149515,0.06562086546878677,0.05417688917638978,0.0026562467654474495,-0.05197602000384614,0.02847482902034594,-0.0063369122785520765,0.0338396829939566,0.046560773989955555,-0.028674818400841847,-0.04685089151617914,1.949742529164167e-17,0.01589953888543559,-0.0008762878134779689,0.04323728524138642,0.006450505099285383,0.02336989774415157,0.029773209346735628,0.025132873436984022,-0.020461706344003665,-0.04488291696341923,-0.02241686191706736,-0.0015943026188018426,-0.0015764550353574414,-0.025406444531403217,-0.02540644453140576,0.011816563053281999,0.056448037295366175,-0.032318990042591006,-0.0042297494979847625,-0.006336912278552214,-0.10434106961886624
track_genre_dancehall,-0.008849635837484712,-0.008849635837484658,-0.008849635837484668,-0.00884963583748471,-0.008849635837484727,-0.008849635837484696,-0.008849635837484663,-0.008849635837484672,-0.008849635837484738,-0.008849635837484725,-0.008849635837484717,-0.008849635837484738,-0.008849635837484713,-0.008849635837484755,-0.008849635837484745,-0.00884963583748473,-0.008849635837484715,-0.008849635837484724,-0.00884963583748473,-0.008849635837484738,-0.008849635837484724,1.0,-0.008849635837484843,-0.008849635837484864,-0.008849635837484873,-0.008849635837485065,-0.008849635837484918,-0.00884963583748513,-0.00884963583748514,-0.008849635837485256,-0.008849635837485405,-0.008849635837485284,-0.008849635837485196,-0.008849635837485303,-0.008849635837485397,-0.008849635837485345,-0.00884963583748543,-0.008849635837485392,-0.008849635837485425,-0.008849635837485418,-0.008849635837485386,-0.008849635837485393,-0.008849635837485435,-0.008849635837485412,-0.008849635837485353,-0.008849635837485464,-0.008849635837485516,-0.008849635837485496,-0.008849635837485449,-0.00884963583748544,-0.00884963583748552,-0.008849635837485518,-0.008849635837485532,-0.008849635837485567,-0.00884963583748553,-0.008849635837485527,-0.008849635837485574,-0.008849635837485475,-0.008849635837485652,-0.00884963583748563,-0.008849635837485636,-0.008849635837485579,-0.008849635837485511,-0.008849635837485487,-0.008849635837485506,-0.008845170774625176,-0.008849635837485466,-0.008849635837485409,-0.008849635837485383,-0.008849635837485433,-0.008849635837485428,-0.00884963583748544,-0.008849635837485447,-0.008849635837485456,-0.00884963583748542,-0.008849635837485407,-0.008849635837485393,-0.008849635837485341,-0.008849635837485298,-0.008849635837485362,-0.008849635837485314,-0.008849635837485334,-0.008849635837485305,-0.008849635837485301,-0.008849635837485327,-0.008849635837485369,-0.008849635837485367,-0.008849635837485385,-0.008849635837485324,-0.008849635837485334,-0.00884963583748535,-0.008849635837485322,-0.008849635837485331,-0.008849635837485324,-0.008849635837485303,-0.008849635837485293,-0.008849635837485253,-0.008849635837485222,-0.00884963583748525,-0.008849635837485255,-0.00884963583748527,-0.008849635837485275,-0.008849635837485216,-0.008849635837485215,-0.008849635837485216,-0.008849635837485187,-0.008849635837485227,-0.008849635837485206,-0.008849635837485204,-0.008849635837485215,-0.008849635837485216,-0.008849635837485187,-0.008849635837485199,-0.008849635837485222,-0.028297318055895547,-0.032156821860536894,0.0254063394234574,0.02598823198828274,-0.014703062445988147,-0.0319892491030483,-0.013821118852578201,-0.0073897346185756866,0.0009623389868498322,0.03869829118977184,-0.00024039390072783914,-0.019837090366563538,-0.0243481509371957,0.09072590185438843,0.040009325352578146,0.09104872193020698,-0.028124699432884363,0.05622096452210058,-0.028988257682680377,0.017019213929928795,0.08365885182084115,-0.027863667611636177,-0.004959361065989669,2.3337933563639583e-17,0.005388217865239315,-0.0008755669617129362,0.06209665134960276,-0.013218790460331585,0.022749863745391705,0.07283539119195366,0.01641075883845001,-0.029268060818458518,-0.04525530715764142,-0.02805941577140704,0.007068287504261349,-0.00665845103364868,-0.02765110559385234,-0.02765110559385515,-0.05027415093460071,0.0381629965538097,-0.03350940405081442,0.002059648932720849,-0.028988257682680332,-0.1014824050246055
track_genre_death-metal,-0.008849635837484826,-0.00884963583748483,-0.00884963583748484,-0.008849635837484866,-0.008849635837484866,-0.008849635837484835,-0.008849635837484833,-0.008849635837484833,-0.008849635837484856,-0.008849635837484852,-0.008849635837484864,-0.00884963583748487,-0.008849635837484843,-0.00884963583748487,-0.008849635837484876,-0.008849635837484864,-0.008849635837484883,-0.008849635837484852,-0.00884963583748486,-0.00884963583748485,-0.008849635837484852,-0.008849635837484843,1.0,-0.008849635837484847,-0.008849635837484882,-0.0088496358374851,-0.008849635837484932,-0.008849635837485105,-0.00884963583748514,-0.00884963583748527,-0.008849635837485445,-0.00884963583748528,-0.008849635837485183,-0.008849635837485355,-0.008849635837485364,-0.008849635837485338,-0.008849635837485438,-0.008849635837485374,-0.008849635837485437,-0.008849635837485399,-0.008849635837485388,-0.008849635837485395,-0.008849635837485421,-0.008849635837485386,-0.008849635837485364,-0.008849635837485461,-0.008849635837485504,-0.008849635837485484,-0.008849635837485431,-0.008849635837485438,-0.008849635837485501,-0.008849635837485487,-0.008849635837485513,-0.008849635837485553,-0.008849635837485523,-0.008849635837485506,-0.008849635837485558,-0.008849635837485464,-0.008849635837485645,-0.008849635837485612,-0.008849635837485603,-0.00884963583748556,-0.00884963583748549,-0.00884963583748547,-0.00884963583748549,-0.008845170774625172,-0.008849635837485463,-0.008849635837485404,-0.00884963583748539,-0.008849635837485426,-0.00884963583748543,-0.008849635837485431,-0.008849635837485444,-0.008849635837485449,-0.00884963583748541,-0.008849635837485392,-0.008849635837485388,-0.008849635837485327,-0.008849635837485301,-0.008849635837485353,-0.008849635837485308,-0.008849635837485331,-0.008849635837485303,-0.008849635837485288,-0.00884963583748533,-0.00884963583748537,-0.008849635837485359,-0.008849635837485381,-0.008849635837485319,-0.00884963583748533,-0.008849635837485333,-0.0088496358374853,-0.008849635837485317,-0.008849635837485314,-0.008849635837485284,-0.008849635837485277,-0.00884963583748524,-0.00884963583748521,-0.008849635837485239,-0.008849635837485255,-0.008849635837485258,-0.00884963583748526,-0.008849635837485196,-0.0088496358374852,-0.008849635837485203,-0.008849635837485171,-0.008849635837485215,-0.00884963583748519,-0.008849635837485189,-0.008849635837485204,-0.008849635837485204,-0.008849635837485178,-0.008849635837485189,-0.008849635837485204,0.011438604660841841,0.02207345379393604,-0.0020328662808870453,-0.0260169204799587,0.005900562661317749,-0.024073625397621624,-0.010759363820101136,-0.013643103987703617,-0.004512077897620044,-0.004138958052685152,-0.000796288881379648,-0.020723749430582247,-0.02639639019653608,-0.10754176400246815,0.05440546132345926,0.023672662482770924,-0.08719509387440327,-0.08216917811461816,0.005119142630096071,-0.02715593730425958,-0.09234234823204814,-0.02814365901574319,-0.006319290958117423,7.43019385282304e-18,0.1268560753455084,-0.0008887225158649862,-0.02286030879081797,0.012074792487737995,-0.07481248595956753,0.05567780311299955,0.10849319059848528,-0.005784448886580532,0.03637026875914755,0.014669723855812817,0.0015177732803648113,0.003293220955736422,0.022375810862990272,0.022375810862987303,0.0005811005221425049,0.06038655248404118,0.006369465224668219,-0.004229749497984782,0.005119142630096092,-0.09862374043034333
track_genre_deep-house,-0.008849635837484831,-0.008849635837484824,-0.008849635837484836,-0.008849635837484812,-0.008849635837484812,-0.008849635837484854,-0.008849635837484805,-0.008849635837484804,-0.008849635837484864,-0.008849635837484868,-0.00884963583748481,-0.008849635837484826,-0.008849635837484852,-0.008849635837484833,-0.008849635837484835,-0.008849635837484875,-0.00884963583748486,-0.008849635837484845,-0.008849635837484821,-0.008849635837484856,-0.008849635837484845,-0.008849635837484864,-0.008849635837484847,1.0,-0.008849635837484887,-0.008849635837485086,-0.008849635837484932,-0.008849635837485133,-0.008849635837485138,-0.008849635837485261,-0.00884963583748544,-0.008849635837485293,-0.008849635837485203,-0.008849635837485334,-0.00884963583748538,-0.008849635837485352,-0.008849635837485435,-0.008849635837485386,-0.008849635837485456,-0.008849635837485423,-0.0088496358374854,-0.008849635837485386,-0.00884963583748543,-0.00884963583748541,-0.008849635837485353,-0.008849635837485477,-0.008849635837485525,-0.00884963583748549,-0.008849635837485447,-0.008849635837485435,-0.008849635837485516,-0.00884963583748551,-0.008849635837485529,-0.008849635837485562,-0.008849635837485529,-0.008849635837485513,-0.008849635837485567,-0.008849635837485471,-0.008849635837485645,-0.00884963583748563,-0.008849635837485619,-0.008849635837485577,-0.008849635837485503,-0.00884963583748548,-0.0088496358374855,-0.00884517077462517,-0.008849635837485464,-0.008849635837485412,-0.008849635837485393,-0.008849635837485428,-0.00884963583748543,-0.008849635837485431,-0.008849635837485447,-0.008849635837485447,-0.00884963583748542,-0.008849635837485395,-0.00884963583748539,-0.00884963583748533,-0.008849635837485298,-0.008849635837485357,-0.008849635837485307,-0.008849635837485334,-0.008849635837485301,-0.008849635837485294,-0.008849635837485324,-0.00884963583748537,-0.008849635837485359,-0.008849635837485376,-0.008849635837485326,-0.008849635837485334,-0.008849635837485346,-0.008849635837485319,-0.008849635837485331,-0.008849635837485319,-0.008849635837485296,-0.00884963583748529,-0.008849635837485242,-0.008849635837485218,-0.008849635837485242,-0.00884963583748526,-0.008849635837485272,-0.008849635837485272,-0.008849635837485208,-0.008849635837485208,-0.00884963583748521,-0.008849635837485183,-0.008849635837485218,-0.0088496358374852,-0.008849635837485203,-0.00884963583748521,-0.008849635837485211,-0.008849635837485183,-0.008849635837485196,-0.008849635837485218,0.0010315772826488049,-0.03215682186053698,-0.007603231348686402,0.03204898283984464,0.005343707928687919,-0.04396246143058498,0.037238148894910554,-0.01334532449393453,0.048793896680821666,0.01738839055139153,0.0043497103680827974,-0.04528782452048594,-0.028308347391654012,0.07786738333684792,0.02408141931068012,-0.02201408368425392,-0.060387945015709904,-0.009718524477884098,-0.003994061796677053,-0.03127252672129608,0.01644916965129676,-0.020545188755156825,0.055889841882375314,-4.1660718822059526e-18,0.03159211975406838,-0.0008802183228256436,0.026470983770519402,0.008178638095737416,0.0019787247869160734,-0.02035386170746424,0.03757668789272727,-0.03435617673703227,0.02478687962717865,-0.021122617495026405,-0.0019461193333412537,0.0003121300891807474,-0.007136737662631384,-0.0071367376626344636,0.01418192358615597,0.01429520752948519,0.005774258220556637,0.02092784422483751,-0.003994061796676802,-0.09576507583608208
track_genre_detroit-techno,-0.008849635837484854,-0.008849635837484847,-0.008849635837484859,-0.00884963583748485,-0.008849635837484863,-0.008849635837484876,-0.008849635837484849,-0.008849635837484838,-0.008849635837484875,-0.008849635837484887,-0.008849635837484847,-0.008849635837484863,-0.008849635837484878,-0.008849635837484875,-0.00884963583748487,-0.008849635837484908,-0.00884963583748492,-0.008849635837484889,-0.008849635837484856,-0.008849635837484878,-0.008849635837484889,-0.008849635837484873,-0.008849635837484882,-0.008849635837484887,1.0,-0.008849635837485064,-0.008849635837484918,-0.00884963583748508,-0.008849635837485137,-0.008849635837485256,-0.008849635837485428,-0.008849635837485244,-0.008849635837485154,-0.008849635837485331,-0.008849635837485338,-0.00884963583748532,-0.008849635837485425,-0.008849635837485357,-0.00884963583748542,-0.008849635837485402,-0.008849635837485366,-0.008849635837485376,-0.0088496358374854,-0.008849635837485373,-0.008849635837485357,-0.008849635837485442,-0.008849635837485485,-0.00884963583748547,-0.008849635837485404,-0.008849635837485414,-0.008849635837485473,-0.008849635837485463,-0.008849635837485492,-0.008849635837485525,-0.008849635837485504,-0.008849635837485485,-0.00884963583748554,-0.008849635837485452,-0.008849635837485633,-0.008849635837485601,-0.00884963583748558,-0.008849635837485537,-0.008849635837485475,-0.008849635837485454,-0.008849635837485477,-0.008845170774625155,-0.008849635837485447,-0.008849635837485386,-0.008849635837485376,-0.008849635837485407,-0.00884963583748541,-0.008849635837485409,-0.00884963583748543,-0.008849635837485435,-0.008849635837485395,-0.008849635837485378,-0.008849635837485373,-0.008849635837485314,-0.008849635837485286,-0.008849635837485336,-0.008849635837485291,-0.008849635837485317,-0.00884963583748529,-0.008849635837485274,-0.008849635837485315,-0.008849635837485357,-0.008849635837485345,-0.008849635837485367,-0.008849635837485305,-0.008849635837485317,-0.008849635837485319,-0.008849635837485286,-0.008849635837485301,-0.008849635837485301,-0.00884963583748527,-0.008849635837485265,-0.008849635837485227,-0.008849635837485196,-0.008849635837485227,-0.008849635837485242,-0.008849635837485246,-0.008849635837485246,-0.008849635837485182,-0.008849635837485189,-0.008849635837485189,-0.008849635837485157,-0.0088496358374852,-0.008849635837485178,-0.008849635837485175,-0.008849635837485192,-0.00884963583748519,-0.008849635837485164,-0.008849635837485175,-0.00884963583748519,0.098794561744461,-0.013543888267263958,-0.04102542175548301,-0.05553864236982508,0.1272948943746362,0.05208930857476106,-0.0573160506374765,-0.011856427025093806,-0.09306013836714569,0.01760583851708925,0.01328903108075489,0.0025736698535798884,-0.03264933196673243,0.08443731059255345,-0.05287824276010591,-0.010619400237882406,-0.07051913847408935,-0.0017547618088520414,0.013947118524647585,-0.15373059046370685,0.025413414364924017,-0.006286291384795006,-0.10812700541089111,3.2036601572927294e-17,0.022023755012369303,-0.0008802251599236337,0.02737203415163488,0.02071545746999779,-0.006298729096536223,-0.026409481029448054,0.02585447405043902,-0.027115396391369718,0.1651669095663292,-0.029176314315672306,-0.008903900415395764,0.007438711140500724,0.12481145703290718,0.12481145703290376,0.005311821587886642,-0.06468582081942048,0.15874245827725542,0.02512077651197453,0.013947118524647738,-0.09290641124182032
track_genre_disco,-0.008849635837485029,-0.00884963583748502,-0.008849635837485033,-0.00884963583748506,-0.008849635837485062,-0.008849635837485052,-0.008849635837485015,-0.008849635837485008,-0.008849635837485076,-0.008849635837485048,-0.008849635837485053,-0.008849635837485072,-0.008849635837485067,-0.008849635837485085,-0.00884963583748508,-0.008849635837485057,-0.008849635837485055,-0.008849635837485074,-0.008849635837485065,-0.008849635837485053,-0.008849635837485074,-0.008849635837485065,-0.0088496358374851,-0.008849635837485086,-0.008849635837485064,1.0,-0.008849635837484916,-0.008849635837485093,-0.008849635837485128,-0.00884963583748526,-0.008849635837485442,-0.00884963583748526,-0.008849635837485157,-0.008849635837485338,-0.008849635837485345,-0.008849635837485315,-0.008849635837485423,-0.008849635837485352,-0.00884963583748541,-0.008849635837485393,-0.00884963583748537,-0.00884963583748538,-0.008849635837485392,-0.008849635837485367,-0.00884963583748535,-0.008849635837485438,-0.008849635837485478,-0.008849635837485464,-0.008849635837485402,-0.008849635837485409,-0.008849635837485473,-0.008849635837485458,-0.00884963583748549,-0.008849635837485525,-0.008849635837485504,-0.008849635837485485,-0.00884963583748554,-0.008849635837485449,-0.008849635837485631,-0.008849635837485596,-0.008849635837485582,-0.00884963583748554,-0.008849635837485473,-0.00884963583748545,-0.008849635837485473,-0.008845170774625152,-0.008849635837485442,-0.008849635837485381,-0.00884963583748537,-0.008849635837485402,-0.008849635837485405,-0.008849635837485405,-0.008849635837485425,-0.00884963583748543,-0.00884963583748539,-0.008849635837485373,-0.008849635837485367,-0.008849635837485308,-0.008849635837485282,-0.008849635837485331,-0.008849635837485286,-0.008849635837485312,-0.008849635837485286,-0.008849635837485268,-0.00884963583748531,-0.008849635837485352,-0.00884963583748534,-0.008849635837485362,-0.0088496358374853,-0.008849635837485312,-0.008849635837485315,-0.00884963583748528,-0.008849635837485298,-0.008849635837485296,-0.008849635837485265,-0.00884963583748526,-0.008849635837485222,-0.008849635837485192,-0.008849635837485222,-0.008849635837485237,-0.00884963583748524,-0.00884963583748524,-0.008849635837485176,-0.008849635837485183,-0.008849635837485183,-0.008849635837485154,-0.008849635837485196,-0.008849635837485173,-0.00884963583748517,-0.008849635837485187,-0.008849635837485187,-0.00884963583748516,-0.00884963583748517,-0.008849635837485187,0.007969595534777357,0.010813777916523682,0.021692762711591575,-0.03266419560747863,-0.005793386723910066,-0.0033865752094893683,-0.03903557206121478,-0.005900837149733049,0.0011943058039884324,0.011517295477552592,0.00044520990874273467,-0.03571326376030526,0.00146126704889296,0.05956916019793711,0.015654345825298465,-0.02259961044118811,-0.0420665694914034,0.07136821688321544,-0.0005438678818654579,-0.03248283552668869,0.08445731530791112,-0.025824626502601818,-0.004492676566473784,-3.965201582554284e-17,0.03394919171692856,-0.0008785761578759586,0.07536205639498897,0.018390333074771493,0.03009726663070208,-0.026745904325113944,0.03597221674536197,-0.0020662103306991445,-0.022822296043340913,-0.009007556773495977,-0.0053020845760197,-0.0012778097460017163,0.02499816850116904,0.02499816850116521,0.012407903186502232,0.011725651299979644,-0.023390884980915044,0.016734911937700634,-0.0005438678818655246,-0.0900477466475585
track_genre_disney,-0.008849635837484889,-0.00884963583748488,-0.008849635837484892,-0.008849635837484863,-0.008849635837484915,-0.0088496358374849,-0.008849635837484871,-0.00884963583748486,-0.00884963583748492,-0.008849635837484908,-0.008849635837484908,-0.008849635837484911,-0.008849635837484911,-0.008849635837484937,-0.008849635837484918,-0.008849635837484913,-0.008849635837484918,-0.008849635837484918,-0.008849635837484904,-0.008849635837484913,-0.008849635837484918,-0.008849635837484918,-0.008849635837484932,-0.008849635837484932,-0.008849635837484918,-0.008849635837484916,1.0,-0.008849635837485109,-0.008849635837485131,-0.008849635837485248,-0.008849635837485437,-0.00884963583748527,-0.008849635837485189,-0.008849635837485326,-0.008849635837485355,-0.008849635837485338,-0.008849635837485437,-0.008849635837485381,-0.008849635837485438,-0.008849635837485407,-0.008849635837485385,-0.008849635837485376,-0.008849635837485418,-0.0088496358374854,-0.008849635837485346,-0.008849635837485461,-0.008849635837485518,-0.00884963583748548,-0.00884963583748544,-0.00884963583748543,-0.008849635837485497,-0.008849635837485497,-0.00884963583748551,-0.008849635837485551,-0.008849635837485523,-0.008849635837485504,-0.00884963583748556,-0.008849635837485466,-0.008849635837485641,-0.008849635837485619,-0.00884963583748561,-0.008849635837485569,-0.008849635837485494,-0.008849635837485475,-0.008849635837485492,-0.008845170774625162,-0.00884963583748546,-0.008849635837485404,-0.008849635837485383,-0.008849635837485423,-0.008849635837485423,-0.008849635837485426,-0.00884963583748544,-0.00884963583748544,-0.00884963583748541,-0.008849635837485388,-0.008849635837485385,-0.008849635837485326,-0.008849635837485291,-0.008849635837485348,-0.008849635837485301,-0.008849635837485327,-0.008849635837485294,-0.008849635837485284,-0.008849635837485319,-0.008849635837485362,-0.008849635837485353,-0.008849635837485369,-0.008849635837485317,-0.008849635837485326,-0.008849635837485334,-0.008849635837485303,-0.008849635837485317,-0.008849635837485312,-0.008849635837485286,-0.008849635837485282,-0.008849635837485234,-0.00884963583748521,-0.008849635837485235,-0.008849635837485251,-0.008849635837485265,-0.008849635837485261,-0.008849635837485203,-0.008849635837485199,-0.008849635837485203,-0.008849635837485171,-0.008849635837485211,-0.008849635837485192,-0.008849635837485194,-0.008849635837485203,-0.008849635837485206,-0.008849635837485176,-0.008849635837485187,-0.008849635837485206,-0.024197579997819647,-0.02870998230622561,-0.0263774247253435,0.0697820445931179,-0.01525991717861804,0.08222189293239383,-0.03984603662863515,0.03251271754634132,-0.024052119057673137,-0.021317347342807342,-0.022568842290242107,-0.003239375540623574,-0.02671304558105235,-0.056335740130032855,-0.1255278795922382,-0.008697242502460917,0.12108012768566419,-0.03828379420836951,-0.031652857145409656,0.05293458407099793,-0.04352442157820016,0.1325753755358603,-0.027093571112163845,-1.793439358308401e-17,-0.10816256964473517,-0.0006816750310709075,-0.09626951329705619,-0.0028814130815551417,-0.0063607324964122785,-0.028428020803442814,-0.12673617006178756,0.03041945284173165,0.06913720361204186,-0.02224791637342988,0.0056806589482871995,0.004044710457780839,-0.09565679830126114,-0.09565679830126392,-0.016567763341178352,-0.11195840566873022,0.06856859715433657,-0.004229749497984821,-0.031652857145409705,-0.08718908205329692
track_genre_drum-and-bass,-0.008849635837485093,-0.008849635837485019,-0.00884963583748503,-0.00884963583748505,-0.008849635837485069,-0.008849635837485114,-0.008849635837485029,-0.008849635837485026,-0.008849635837485121,-0.008849635837485116,-0.008849635837485067,-0.008849635837485076,-0.008849635837485102,-0.008849635837485097,-0.008849635837485083,-0.008849635837485121,-0.008849635837485131,-0.008849635837485107,-0.008849635837485069,-0.008849635837485116,-0.008849635837485109,-0.00884963583748513,-0.008849635837485105,-0.008849635837485133,-0.00884963583748508,-0.008849635837485093,-0.008849635837485109,1.0,-0.00884963583748514,-0.008849635837485234,-0.008849635837485407,-0.008849635837485261,-0.008849635837485175,-0.008849635837485298,-0.008849635837485338,-0.008849635837485303,-0.008849635837485405,-0.008849635837485374,-0.008849635837485407,-0.008849635837485388,-0.008849635837485359,-0.008849635837485385,-0.008849635837485392,-0.008849635837485362,-0.008849635837485359,-0.00884963583748544,-0.008849635837485492,-0.008849635837485473,-0.008849635837485409,-0.008849635837485414,-0.008849635837485471,-0.008849635837485454,-0.0088496358374855,-0.008849635837485529,-0.0088496358374855,-0.008849635837485487,-0.008849635837485543,-0.008849635837485454,-0.008849635837485634,-0.008849635837485603,-0.008849635837485586,-0.008849635837485536,-0.008849635837485477,-0.008849635837485461,-0.00884963583748548,-0.008845170774625155,-0.008849635837485449,-0.008849635837485386,-0.00884963583748538,-0.008849635837485414,-0.008849635837485414,-0.008849635837485416,-0.008849635837485435,-0.008849635837485431,-0.008849635837485402,-0.00884963583748538,-0.00884963583748537,-0.008849635837485315,-0.008849635837485296,-0.008849635837485341,-0.008849635837485298,-0.008849635837485319,-0.008849635837485293,-0.008849635837485279,-0.008849635837485322,-0.00884963583748536,-0.008849635837485348,-0.008849635837485367,-0.008849635837485314,-0.008849635837485322,-0.008849635837485319,-0.00884963583748529,-0.008849635837485308,-0.0088496358374853,-0.008849635837485275,-0.008849635837485267,-0.008849635837485229,-0.008849635837485197,-0.00884963583748523,-0.008849635837485244,-0.008849635837485246,-0.008849635837485253,-0.008849635837485183,-0.008849635837485192,-0.00884963583748519,-0.00884963583748516,-0.008849635837485204,-0.008849635837485176,-0.008849635837485178,-0.008849635837485194,-0.008849635837485192,-0.008849635837485164,-0.008849635837485176,-0.008849635837485192,0.04991306951355527,0.045282173459618234,-0.013586216051138127,-0.05553864236982546,-0.00300911306076042,0.014639761128079335,-0.022646177475600424,-0.010963088543790977,-0.027759370553396504,0.022389693762439655,0.0018852426205264673,-0.04726697421695674,-0.03939930244173998,-0.016974828916682384,0.07667689911307743,0.006213715516284352,-0.08175341315602336,-0.055368049560950726,0.10385017657968748,0.04101712119229512,-0.050509577068320224,-0.026432910600152754,-0.03248033000566317,-2.189207211680093e-17,0.09726569843277522,-0.000885397345245905,0.002334601290443914,-0.09142466369976772,-0.049825115809521654,-0.0200174384117988,0.08798475811228483,-0.03259490584214064,0.06545527921323993,0.003459873258265897,-0.003030225770763955,0.0033128143882378814,0.05759685694415771,0.0575968569441532,0.0035378011882323417,0.11006679317892028,0.029880141887078368,-3.681721084773923e-05,0.10385017657968422,-0.08433041745903441
track_genre_dub,-0.008849635837485104,-0.008849635837485072,-0.008849635837485085,-0.008849635837485104,-0.008849635837485128,-0.00884963583748513,-0.008849635837485086,-0.008849635837485081,-0.008849635837485126,-0.008849635837485145,-0.008849635837485126,-0.008849635837485123,-0.008849635837485121,-0.008849635837485124,-0.008849635837485131,-0.008849635837485147,-0.00884963583748516,-0.00884963583748513,-0.008849635837485118,-0.008849635837485126,-0.008849635837485131,-0.00884963583748514,-0.00884963583748514,-0.008849635837485138,-0.008849635837485137,-0.008849635837485128,-0.008849635837485131,-0.00884963583748514,1.0,-0.008849635837485175,-0.008849635837485374,-0.008849635837485255,-0.008849635837485164,-0.008849635837485291,-0.008849635837485324,-0.008849635837485294,-0.008849635837485355,-0.008849635837485374,-0.008849635837485373,-0.008849635837485362,-0.008849635837485341,-0.008849635837485359,-0.008849635837485355,-0.008849635837485326,-0.00884963583748534,-0.008849635837485421,-0.008849635837485461,-0.008849635837485449,-0.008849635837485393,-0.0088496358374854,-0.008849635837485452,-0.00884963583748543,-0.00884963583748546,-0.008849635837485508,-0.008849635837485494,-0.008849635837485468,-0.008849635837485522,-0.008849635837485425,-0.00884963583748561,-0.008849635837485591,-0.008849635837485563,-0.008849635837485518,-0.00884963583748546,-0.008849635837485442,-0.008849635837485461,-0.008845170774625138,-0.008849635837485433,-0.008849635837485373,-0.00884963583748537,-0.008849635837485399,-0.008849635837485404,-0.0088496358374854,-0.008849635837485421,-0.008849635837485428,-0.008849635837485381,-0.008849635837485367,-0.008849635837485362,-0.008849635837485303,-0.008849635837485279,-0.008849635837485324,-0.008849635837485284,-0.008849635837485308,-0.00884963583748528,-0.008849635837485275,-0.008849635837485314,-0.008849635837485345,-0.008849635837485334,-0.008849635837485359,-0.008849635837485301,-0.00884963583748531,-0.008849635837485312,-0.008849635837485275,-0.008849635837485294,-0.00884963583748528,-0.00884963583748526,-0.008849635837485255,-0.008849635837485211,-0.008849635837485182,-0.008849635837485215,-0.008849635837485234,-0.00884963583748523,-0.008849635837485235,-0.008849635837485166,-0.008849635837485178,-0.008849635837485178,-0.008849635837485145,-0.008849635837485192,-0.008849635837485164,-0.00884963583748516,-0.008849635837485178,-0.008849635837485171,-0.008849635837485149,-0.008849635837485163,-0.008849635837485173,-0.004644983105456722,0.013571249559971391,0.024168480519501673,-0.02718996903187409,-0.012475643515468494,-0.018153537080117386,0.050115530355035486,0.010477035007506234,0.028680264845661177,0.016301150722902735,0.0006993333284692809,-0.04051750828065111,-0.021466186108495797,0.004618657240994006,0.04131993036083223,0.01124937018714951,-0.054449990880143066,-0.03169040772611384,0.02291691790054828,0.019660186293733364,-0.019607315897468666,-0.023771784677638495,0.031757206688310856,-1.4744359772383952e-17,0.02168689670482049,-0.0008765701079422595,-0.00681404384697605,-0.003038516081232648,-0.020063483869017674,-0.003869120219841403,0.027464405635742293,-0.010676868039054073,-0.020520382098271495,-0.011861199693962578,0.0018982462887086253,0.004590424759618832,0.011133741409881402,0.011133741409878623,0.008268522253976503,0.04723792432310557,-0.023390884980915294,-0.002133283354416312,0.0229169179005484,-0.0814717528647722
track_genre_dubstep,-0.008849635837485234,-0.008849635837485147,-0.008849635837485157,-0.008849635837485199,-0.008849635837485248,-0.008849635837485246,-0.008849635837485154,-0.008849635837485154,-0.00884963583748525,-0.008849635837485261,-0.008849635837485246,-0.008849635837485255,-0.008849635837485239,-0.008849635837485255,-0.008849635837485261,-0.008849635837485263,-0.008849635837485268,-0.008849635837485246,-0.008849635837485248,-0.008849635837485258,-0.008849635837485248,-0.008849635837485256,-0.00884963583748527,-0.008849635837485261,-0.008849635837485256,-0.00884963583748526,-0.008849635837485248,-0.008849635837485234,-0.008849635837485175,1.0,-0.008849635837485367,-0.008849635837485248,-0.00884963583748516,-0.008849635837485286,-0.008849635837485319,-0.00884963583748529,-0.00884963583748535,-0.008849635837485369,-0.008849635837485367,-0.008849635837485357,-0.008849635837485336,-0.008849635837485353,-0.00884963583748535,-0.008849635837485319,-0.008849635837485334,-0.008849635837485416,-0.008849635837485456,-0.008849635837485444,-0.008849635837485388,-0.008849635837485395,-0.008849635837485447,-0.008849635837485425,-0.008849635837485454,-0.008849635837485503,-0.008849635837485489,-0.008849635837485463,-0.008849635837485516,-0.00884963583748542,-0.008849635837485605,-0.008849635837485586,-0.008849635837485558,-0.008849635837485513,-0.008849635837485454,-0.008849635837485437,-0.008849635837485454,-0.00884517077462513,-0.008849635837485426,-0.008849635837485367,-0.008849635837485364,-0.008849635837485392,-0.008849635837485399,-0.008849635837485395,-0.008849635837485416,-0.008849635837485423,-0.008849635837485376,-0.008849635837485362,-0.008849635837485357,-0.008849635837485298,-0.008849635837485274,-0.008849635837485319,-0.008849635837485279,-0.008849635837485303,-0.008849635837485274,-0.008849635837485268,-0.008849635837485308,-0.00884963583748534,-0.00884963583748533,-0.008849635837485353,-0.008849635837485294,-0.008849635837485305,-0.008849635837485305,-0.00884963583748527,-0.008849635837485288,-0.008849635837485275,-0.008849635837485255,-0.00884963583748525,-0.008849635837485206,-0.008849635837485176,-0.00884963583748521,-0.008849635837485229,-0.008849635837485225,-0.00884963583748523,-0.008849635837485161,-0.008849635837485173,-0.008849635837485175,-0.008849635837485138,-0.008849635837485185,-0.00884963583748516,-0.008849635837485154,-0.008849635837485173,-0.008849635837485164,-0.008849635837485144,-0.008849635837485156,-0.008849635837485168,-0.010006179027555882,0.011043567220144426,0.026437888510086646,-0.022888791008184913,-0.015259917178618122,-0.01848612631143775,0.07983256449378553,0.0006503117131614072,0.03828790865369093,0.014126671065925423,-0.00024568813863878983,-0.045106873691094215,-0.02405153703271199,-0.026406360626419288,0.05977174426628668,0.005096401276263052,-0.056939485207631445,-0.07342528760869915,0.03603723582458535,0.037923552960887716,-0.06706046605252625,-0.024432050693668758,0.04539141520127258,-5.637064555095777e-18,0.04072796472350169,-0.0008790142863433075,-0.03227233021586884,-0.005740687675684626,-0.03776545453363029,0.0031957689891397092,0.04397736836266092,-0.008132810079767322,-0.01913700477029456,-0.006882123995347775,0.005509080119705565,0.006624927648517492,0.006387444473623067,0.006387444473619959,0.007085841987540208,0.07509086060121728,-0.023986091985026936,-0.0021332833544163024,0.03603723582458478,-0.07861308827051054
track_genre_edm,-0.008849635837485376,-0.008849635837485334,-0.008849635837485346,-0.00884963583748539,-0.008849635837485418,-0.008849635837485381,-0.008849635837485352,-0.008849635837485353,-0.008849635837485428,-0.008849635837485388,-0.008849635837485416,-0.008849635837485425,-0.008849635837485428,-0.008849635837485426,-0.008849635837485431,-0.008849635837485404,-0.008849635837485421,-0.008849635837485435,-0.008849635837485418,-0.008849635837485399,-0.008849635837485435,-0.008849635837485405,-0.008849635837485445,-0.00884963583748544,-0.008849635837485428,-0.008849635837485442,-0.008849635837485437,-0.008849635837485407,-0.008849635837485374,-0.008849635837485367,1.0,-0.008849635837485251,-0.008849635837485163,-0.008849635837485277,-0.008849635837485326,-0.008849635837485294,-0.008849635837485353,-0.008849635837485395,-0.008849635837485386,-0.008849635837485373,-0.008849635837485338,-0.008849635837485345,-0.008849635837485357,-0.008849635837485336,-0.008849635837485324,-0.008849635837485428,-0.008849635837485452,-0.00884963583748545,-0.008849635837485399,-0.00884963583748538,-0.008849635837485452,-0.008849635837485445,-0.00884963583748546,-0.008849635837485513,-0.008849635837485503,-0.00884963583748547,-0.00884963583748553,-0.008849635837485431,-0.00884963583748561,-0.00884963583748559,-0.00884963583748556,-0.008849635837485523,-0.008849635837485452,-0.008849635837485431,-0.008849635837485463,-0.008845170774625119,-0.008849635837485431,-0.008849635837485373,-0.00884963583748537,-0.008849635837485399,-0.00884963583748539,-0.0088496358374854,-0.008849635837485409,-0.008849635837485414,-0.008849635837485374,-0.008849635837485369,-0.00884963583748535,-0.008849635837485293,-0.008849635837485272,-0.008849635837485315,-0.00884963583748528,-0.00884963583748531,-0.008849635837485274,-0.008849635837485274,-0.008849635837485301,-0.008849635837485336,-0.008849635837485331,-0.008849635837485357,-0.008849635837485296,-0.008849635837485305,-0.008849635837485308,-0.008849635837485277,-0.008849635837485282,-0.00884963583748528,-0.008849635837485261,-0.008849635837485256,-0.008849635837485211,-0.008849635837485182,-0.008849635837485213,-0.008849635837485235,-0.00884963583748522,-0.008849635837485234,-0.008849635837485168,-0.008849635837485178,-0.008849635837485166,-0.008849635837485144,-0.00884963583748519,-0.008849635837485163,-0.008849635837485161,-0.008849635837485173,-0.008849635837485161,-0.008849635837485149,-0.008849635837485157,-0.008849635837485171,-0.02672049572586651,-0.029169560913467577,0.012821440566577911,0.034786096127647076,-0.015816771911248022,-0.03617987341768654,-0.019584422443122685,-0.015429780950311438,0.007562849329065137,0.016953494619995988,0.011467813239381472,-0.019547569039537055,0.056731660683023225,0.04413525187908669,0.055713092275135455,-0.012693077813306503,-0.05676149401764907,-0.003217628500569132,-0.00034642587228450757,0.023389572126084716,0.00936488312822729,-0.027706549123430794,0.00889521143088312,-1.706442886828753e-17,0.036760720312914455,-0.0008798546656061353,0.02681159398165436,-0.004389601878458654,0.010814209269252565,0.0068964252414633765,0.04294025915714955,-0.022810067537191055,-0.03525139784097587,-0.010172732532189983,-0.008850606510300901,-0.007456661028147237,-0.031036784851667342,-0.031036784851670086,0.014773263719372957,0.060063628243771816,-0.029045351519976538,-0.00422974949798485,-0.00034642587228455874,-0.07575442367624889
track_genre_electro,-0.008849635837485256,-0.008849635837485227,-0.008849635837485239,-0.008849635837485239,-0.008849635837485234,-0.008849635837485258,-0.008849635837485239,-0.008849635837485234,-0.008849635837485279,-0.008849635837485267,-0.008849635837485232,-0.008849635837485244,-0.008849635837485265,-0.008849635837485263,-0.008849635837485251,-0.008849635837485279,-0.008849635837485277,-0.008849635837485268,-0.008849635837485237,-0.00884963583748528,-0.008849635837485268,-0.008849635837485284,-0.00884963583748528,-0.008849635837485293,-0.008849635837485244,-0.00884963583748526,-0.00884963583748527,-0.008849635837485261,-0.008849635837485255,-0.008849635837485248,-0.008849635837485251,1.0,-0.008849635837485161,-0.008849635837485327,-0.008849635837485348,-0.008849635837485314,-0.008849635837485418,-0.008849635837485376,-0.008849635837485425,-0.008849635837485412,-0.008849635837485374,-0.008849635837485388,-0.0088496358374854,-0.008849635837485373,-0.008849635837485373,-0.008849635837485449,-0.008849635837485497,-0.008849635837485478,-0.008849635837485421,-0.008849635837485433,-0.008849635837485487,-0.008849635837485471,-0.008849635837485508,-0.008849635837485543,-0.008849635837485515,-0.008849635837485501,-0.00884963583748556,-0.008849635837485468,-0.008849635837485647,-0.008849635837485624,-0.008849635837485595,-0.008849635837485556,-0.008849635837485487,-0.008849635837485475,-0.008849635837485492,-0.00884517077462517,-0.008849635837485466,-0.0088496358374854,-0.008849635837485392,-0.008849635837485423,-0.008849635837485423,-0.008849635837485426,-0.008849635837485445,-0.008849635837485445,-0.008849635837485414,-0.008849635837485388,-0.008849635837485386,-0.008849635837485326,-0.008849635837485301,-0.008849635837485352,-0.008849635837485308,-0.008849635837485333,-0.008849635837485305,-0.008849635837485291,-0.008849635837485334,-0.00884963583748537,-0.008849635837485364,-0.008849635837485381,-0.008849635837485324,-0.008849635837485334,-0.008849635837485333,-0.008849635837485301,-0.00884963583748532,-0.008849635837485314,-0.008849635837485286,-0.00884963583748528,-0.008849635837485244,-0.00884963583748521,-0.008849635837485239,-0.008849635837485258,-0.008849635837485258,-0.008849635837485261,-0.008849635837485197,-0.008849635837485206,-0.008849635837485203,-0.008849635837485176,-0.008849635837485216,-0.008849635837485192,-0.00884963583748519,-0.00884963583748521,-0.008849635837485204,-0.008849635837485182,-0.008849635837485192,-0.00884963583748521,-0.0276665891238842,-0.030778086038812668,0.01839180563437702,0.031462458563887144,-0.015816771911247925,-0.03744371249670419,-0.026518397075498423,-0.008878632087414124,0.011961783697711123,0.012604535306041255,0.0050035487500875555,-0.013144171564443637,0.05301997858097048,0.04604822822276587,0.039890624956072214,-0.004646066416230004,-0.024699722446140587,-0.0026570250084808496,-0.0041190967920163215,0.02833845571106574,0.01106814401173595,-0.023616196166631822,0.01672596103558367,4.2271701356705624e-17,-1.3561176429351774e-05,-0.000871930438588403,0.01130454318990361,-0.006243417274652506,0.021540797447809325,0.022708320137754538,0.008832718188586466,-0.013416622764439775,-0.03595932278985201,-0.014101124085040467,-0.004302248524927486,-0.0006194552867503464,-0.029435434896770717,-0.029435434896772635,0.012999243319719318,0.037906808160039177,-0.029045351519976618,0.02721724265554291,-0.004119096792016123,-0.07289575908198746
track_genre_electronic,-0.008849635837485168,-0.008849635837485137,-0.00884963583748515,-0.008849635837485157,-0.008849635837485144,-0.008849635837485173,-0.00884963583748515,-0.008849635837485145,-0.00884963583748519,-0.008849635837485187,-0.008849635837485142,-0.008849635837485147,-0.008849635837485176,-0.008849635837485173,-0.008849635837485154,-0.008849635837485204,-0.008849635837485208,-0.008849635837485187,-0.008849635837485142,-0.00884963583748519,-0.008849635837485187,-0.008849635837485196,-0.008849635837485183,-0.008849635837485203,-0.008849635837485154,-0.008849635837485157,-0.008849635837485189,-0.008849635837485175,-0.008849635837485164,-0.00884963583748516,-0.008849635837485163,-0.008849635837485161,1.0,-0.008849635837485331,-0.00884963583748535,-0.008849635837485319,-0.008849635837485423,-0.00884963583748538,-0.008849635837485428,-0.008849635837485418,-0.00884963583748538,-0.008849635837485393,-0.008849635837485404,-0.008849635837485378,-0.008849635837485376,-0.008849635837485452,-0.008849635837485501,-0.008849635837485482,-0.008849635837485425,-0.008849635837485437,-0.008849635837485492,-0.008849635837485475,-0.008849635837485511,-0.008849635837485546,-0.00884963583748552,-0.008849635837485504,-0.008849635837485563,-0.008849635837485471,-0.008849635837485652,-0.00884963583748563,-0.0088496358374856,-0.00884963583748556,-0.008849635837485492,-0.008849635837485478,-0.008849635837485497,-0.008845170774625176,-0.00884963583748547,-0.008849635837485405,-0.008849635837485395,-0.008849635837485426,-0.008849635837485428,-0.00884963583748543,-0.008849635837485449,-0.00884963583748545,-0.008849635837485418,-0.008849635837485393,-0.00884963583748539,-0.008849635837485331,-0.008849635837485307,-0.008849635837485355,-0.008849635837485312,-0.008849635837485334,-0.00884963583748531,-0.008849635837485294,-0.00884963583748534,-0.008849635837485376,-0.008849635837485367,-0.008849635837485386,-0.008849635837485327,-0.008849635837485338,-0.008849635837485336,-0.008849635837485305,-0.008849635837485324,-0.008849635837485319,-0.00884963583748529,-0.008849635837485284,-0.008849635837485248,-0.008849635837485213,-0.008849635837485244,-0.008849635837485261,-0.008849635837485263,-0.008849635837485267,-0.0088496358374852,-0.00884963583748521,-0.008849635837485206,-0.00884963583748518,-0.008849635837485222,-0.008849635837485197,-0.008849635837485196,-0.008849635837485213,-0.00884963583748521,-0.008849635837485187,-0.008849635837485196,-0.008849635837485213,-0.0011759739793923323,-0.0027437909970939264,0.007870004950756036,-0.006661619373357932,0.0064574173939477755,-0.016091483845930503,0.03444654871824024,-0.006794175631037903,0.04675680626849554,0.013039431237436712,0.002126130445475611,-0.03613849820937541,-0.02645651463663392,0.04669654777704208,0.020874264034016696,-0.002566427696190472,-0.039007314498517354,-0.029836098285357753,0.0025108803055604737,-0.00920042898878985,-0.011687578379656538,-0.004696919403961242,0.05282569143497179,-3.4318810639974667e-18,0.014169894302867851,-0.0008744579900009501,-0.0010933054829639014,0.0055078871012207145,-0.00955390759002876,0.01160635138078406,0.01996015569855341,-0.024571338432081938,0.028154891354008362,-0.011255337947679224,-0.0014550398322937222,0.0011433764016876731,0.009234263688601528,0.009234263688599401,0.011816563053283253,0.01715572935213201,0.010535914253449399,0.002059648932720836,0.0025108803055604693,-0.07003709448772616
track_genre_emo,-0.008849635837485286,-0.008849635837485253,-0.008849635837485265,-0.008849635837485286,-0.00884963583748532,-0.00884963583748529,-0.008849635837485265,-0.008849635837485272,-0.00884963583748532,-0.008849635837485284,-0.008849635837485319,-0.008849635837485327,-0.008849635837485314,-0.008849635837485336,-0.008849635837485334,-0.008849635837485296,-0.008849635837485314,-0.008849635837485324,-0.008849635837485322,-0.00884963583748531,-0.008849635837485324,-0.008849635837485303,-0.008849635837485355,-0.008849635837485334,-0.008849635837485331,-0.008849635837485338,-0.008849635837485326,-0.008849635837485298,-0.008849635837485291,-0.008849635837485286,-0.008849635837485277,-0.008849635837485327,-0.008849635837485331,1.0,-0.008849635837485322,-0.008849635837485298,-0.008849635837485355,-0.008849635837485386,-0.00884963583748539,-0.008849635837485376,-0.008849635837485334,-0.008849635837485348,-0.008849635837485355,-0.008849635837485341,-0.008849635837485326,-0.008849635837485431,-0.008849635837485456,-0.008849635837485454,-0.008849635837485404,-0.008849635837485383,-0.008849635837485456,-0.008849635837485447,-0.008849635837485463,-0.008849635837485516,-0.008849635837485504,-0.008849635837485473,-0.008849635837485534,-0.008849635837485435,-0.008849635837485615,-0.008849635837485593,-0.008849635837485565,-0.008849635837485527,-0.008849635837485456,-0.008849635837485435,-0.008849635837485466,-0.00884517077462512,-0.008849635837485435,-0.008849635837485376,-0.008849635837485374,-0.0088496358374854,-0.008849635837485393,-0.008849635837485405,-0.008849635837485412,-0.008849635837485418,-0.008849635837485378,-0.008849635837485373,-0.008849635837485353,-0.008849635837485296,-0.008849635837485275,-0.008849635837485319,-0.008849635837485284,-0.008849635837485314,-0.008849635837485275,-0.008849635837485279,-0.008849635837485305,-0.00884963583748534,-0.008849635837485334,-0.00884963583748536,-0.0088496358374853,-0.00884963583748531,-0.008849635837485312,-0.00884963583748528,-0.008849635837485286,-0.008849635837485284,-0.008849635837485263,-0.008849635837485258,-0.008849635837485215,-0.008849635837485183,-0.008849635837485216,-0.00884963583748524,-0.008849635837485223,-0.008849635837485237,-0.008849635837485173,-0.008849635837485182,-0.008849635837485171,-0.008849635837485147,-0.008849635837485194,-0.008849635837485166,-0.008849635837485164,-0.008849635837485176,-0.008849635837485166,-0.008849635837485152,-0.008849635837485161,-0.008849635837485175,-0.021043935337761336,-0.023654617626571093,0.0018870202483047209,0.03654566895551998,-0.014703062445988116,-0.016623626616043045,0.02706231599285384,-0.0056030576559656965,0.06279625727900316,0.012387087340343472,0.0003446193884343156,-0.006082565447438279,-0.011381313356049867,0.017628414182984883,0.028811478602900457,0.02162460893196235,-0.03389965421330239,-0.011949000676082185,0.015203615888151549,0.014278768045415176,-0.008760520080837513,-0.024090470383298576,0.07144607416594115,-6.494953226205378e-18,0.005465369924943789,0.0006256014270998686,0.0006402349424481863,0.005476466501285198,0.01025617867036827,0.127672388385475,0.010690359287097714,-0.0016748167985012683,-0.03822097210353508,-0.014733422176993449,0.0017403258266102002,0.006111260844227752,-0.04069991387694084,-0.040699913876942585,0.006494501854322429,0.025484776142705414,-0.029342955022032102,-0.0042297494979848405,0.015203615888151556,-0.06717842989346343
track_genre_folk,-0.00884963583748535,-0.0088496358374853,-0.008849635837485312,-0.008849635837485308,-0.008849635837485327,-0.008849635837485362,-0.008849635837485298,-0.008849635837485305,-0.008849635837485367,-0.00884963583748538,-0.008849635837485326,-0.008849635837485334,-0.008849635837485357,-0.008849635837485353,-0.008849635837485343,-0.008849635837485381,-0.00884963583748538,-0.008849635837485355,-0.00884963583748533,-0.008849635837485374,-0.008849635837485355,-0.008849635837485397,-0.008849635837485364,-0.00884963583748538,-0.008849635837485338,-0.008849635837485345,-0.008849635837485355,-0.008849635837485338,-0.008849635837485324,-0.008849635837485319,-0.008849635837485326,-0.008849635837485348,-0.00884963583748535,-0.008849635837485322,1.0,-0.008849635837485312,-0.008849635837485423,-0.008849635837485385,-0.008849635837485418,-0.008849635837485405,-0.008849635837485383,-0.008849635837485392,-0.008849635837485409,-0.00884963583748538,-0.00884963583748538,-0.008849635837485458,-0.008849635837485501,-0.008849635837485485,-0.008849635837485426,-0.008849635837485433,-0.008849635837485492,-0.008849635837485475,-0.008849635837485515,-0.008849635837485546,-0.008849635837485522,-0.00884963583748551,-0.008849635837485558,-0.008849635837485471,-0.00884963583748565,-0.00884963583748562,-0.008849635837485601,-0.008849635837485558,-0.008849635837485492,-0.00884963583748548,-0.0088496358374855,-0.008845170774625174,-0.00884963583748547,-0.008849635837485402,-0.008849635837485393,-0.008849635837485428,-0.008849635837485426,-0.00884963583748543,-0.008849635837485447,-0.008849635837485445,-0.00884963583748542,-0.008849635837485393,-0.008849635837485386,-0.008849635837485333,-0.00884963583748531,-0.008849635837485355,-0.008849635837485308,-0.008849635837485336,-0.00884963583748531,-0.008849635837485291,-0.00884963583748534,-0.008849635837485376,-0.008849635837485367,-0.008849635837485385,-0.00884963583748533,-0.008849635837485338,-0.008849635837485336,-0.008849635837485305,-0.008849635837485324,-0.008849635837485315,-0.00884963583748529,-0.008849635837485284,-0.008849635837485246,-0.008849635837485215,-0.008849635837485246,-0.00884963583748526,-0.00884963583748526,-0.008849635837485268,-0.008849635837485199,-0.00884963583748521,-0.008849635837485206,-0.008849635837485176,-0.008849635837485222,-0.008849635837485194,-0.008849635837485192,-0.00884963583748521,-0.008849635837485208,-0.008849635837485183,-0.008849635837485194,-0.008849635837485208,0.005446679806730372,0.013341460256350983,0.009520483489363052,-0.028754033767760877,0.014253383650766394,0.008453601425518969,0.015895915286172214,0.005712563107219415,0.020105927768521163,-0.03131995376490254,-0.0051349168494192144,-0.0034248501407499,0.010331626111358136,-0.004491967130841295,-0.014464486283593527,-0.023085488213504844,0.04538547103927844,0.006000398305098202,-0.011542221591361455,1.1720238790037772e-06,-0.001597835179643681,-0.017135646949615734,0.029324036774519686,-7.18035030032756e-18,-0.040571170767526456,-0.0008533777761486742,-0.013949989945088481,-0.0006505504861352994,0.017603581555680453,-0.02674590432511416,-0.03574577352887755,0.023765762794366117,-0.03597413440235885,-0.018504183930428006,0.005513720494567871,0.0016222058828112645,0.0327479536358827,0.032747953635880414,-0.0076976613429079474,-0.026450145705469226,-0.03053336903025564,-0.0042297494979848405,-0.011542221591361502,-0.0643197652992018
track_genre_forro,-0.00884963583748531,-0.00884963583748527,-0.008849635837485282,-0.008849635837485284,-0.008849635837485308,-0.008849635837485331,-0.008849635837485267,-0.008849635837485274,-0.00884963583748534,-0.008849635837485341,-0.008849635837485308,-0.008849635837485314,-0.008849635837485336,-0.00884963583748533,-0.00884963583748532,-0.008849635837485355,-0.008849635837485359,-0.008849635837485336,-0.008849635837485307,-0.008849635837485331,-0.008849635837485336,-0.008849635837485345,-0.008849635837485338,-0.008849635837485352,-0.00884963583748532,-0.008849635837485315,-0.008849635837485338,-0.008849635837485303,-0.008849635837485294,-0.00884963583748529,-0.008849635837485294,-0.008849635837485314,-0.008849635837485319,-0.008849635837485298,-0.008849635837485312,1.0,-0.008849635837485449,-0.008849635837485378,-0.008849635837485435,-0.008849635837485418,-0.008849635837485392,-0.0088496358374854,-0.008849635837485418,-0.008849635837485393,-0.008849635837485374,-0.008849635837485464,-0.008849635837485504,-0.008849635837485489,-0.008849635837485426,-0.008849635837485433,-0.008849635837485497,-0.008849635837485484,-0.008849635837485516,-0.008849635837485551,-0.008849635837485529,-0.00884963583748551,-0.008849635837485565,-0.008849635837485473,-0.008849635837485657,-0.008849635837485622,-0.008849635837485608,-0.008849635837485567,-0.0088496358374855,-0.008849635837485475,-0.008849635837485497,-0.008845170774625178,-0.00884963583748547,-0.008849635837485407,-0.008849635837485397,-0.008849635837485428,-0.008849635837485431,-0.00884963583748543,-0.008849635837485449,-0.008849635837485456,-0.008849635837485416,-0.008849635837485397,-0.008849635837485393,-0.008849635837485333,-0.008849635837485307,-0.008849635837485357,-0.008849635837485312,-0.008849635837485338,-0.00884963583748531,-0.008849635837485294,-0.008849635837485336,-0.008849635837485378,-0.008849635837485366,-0.008849635837485386,-0.008849635837485326,-0.008849635837485338,-0.00884963583748534,-0.008849635837485307,-0.008849635837485324,-0.008849635837485322,-0.008849635837485291,-0.008849635837485286,-0.008849635837485248,-0.008849635837485216,-0.008849635837485246,-0.008849635837485263,-0.008849635837485265,-0.008849635837485267,-0.008849635837485203,-0.008849635837485208,-0.00884963583748521,-0.008849635837485178,-0.008849635837485223,-0.008849635837485197,-0.008849635837485196,-0.008849635837485211,-0.008849635837485211,-0.008849635837485185,-0.008849635837485196,-0.008849635837485211,-0.027351224657878242,-0.025263142751915577,0.0043627380562154365,0.039087274151336275,-0.013589352980728248,-0.011900859531292668,0.11468254089286652,-0.017514237406687436,0.0362170776134174,0.01869307834557803,-0.0005924607218073077,-0.02128017323096116,-0.03489798602639983,0.044978717787492635,0.05867212893225077,-0.024434664287376378,0.02338758287490554,0.10400281483597934,0.05715774117559858,0.022863970632934997,0.1007393354331996,-0.02855639289236446,0.04345170552729663,-2.9500306019116214e-17,0.053494357306611805,-0.0008815332899134193,0.10321340877451743,0.0015803121092844783,-0.03085207544745129,-0.022708824777125016,0.05540576576360185,0.005370266781061952,-0.047041444961208996,0.040231199432315255,-0.00017105720672979988,0.0014019343234615198,-0.0363615631952837,-0.036361563195285114,0.012999243319719345,0.06809052825004579,-0.033509404050814644,-3.681721084771937e-05,0.05715774117559848,-0.06146110070493987
track_genre_french,-0.008849635837485393,-0.008849635837485326,-0.00884963583748534,-0.008849635837485352,-0.008849635837485414,-0.008849635837485423,-0.008849635837485338,-0.008849635837485336,-0.008849635837485425,-0.008849635837485435,-0.008849635837485412,-0.008849635837485421,-0.008849635837485416,-0.008849635837485426,-0.008849635837485428,-0.008849635837485442,-0.008849635837485449,-0.008849635837485435,-0.008849635837485414,-0.008849635837485416,-0.008849635837485435,-0.00884963583748543,-0.008849635837485438,-0.008849635837485435,-0.008849635837485425,-0.008849635837485423,-0.008849635837485437,-0.008849635837485405,-0.008849635837485355,-0.00884963583748535,-0.008849635837485353,-0.008849635837485418,-0.008849635837485423,-0.008849635837485355,-0.008849635837485423,-0.008849635837485449,1.0,-0.008849635837485374,-0.008849635837485386,-0.00884963583748537,-0.008849635837485348,-0.008849635837485367,-0.008849635837485381,-0.00884963583748534,-0.008849635837485338,-0.008849635837485428,-0.008849635837485468,-0.00884963583748546,-0.008849635837485404,-0.008849635837485404,-0.008849635837485461,-0.008849635837485433,-0.00884963583748547,-0.008849635837485515,-0.008849635837485496,-0.008849635837485475,-0.008849635837485529,-0.008849635837485431,-0.008849635837485615,-0.008849635837485595,-0.008849635837485569,-0.008849635837485522,-0.008849635837485464,-0.008849635837485445,-0.008849635837485464,-0.008845170774625141,-0.008849635837485437,-0.008849635837485376,-0.008849635837485374,-0.0088496358374854,-0.008849635837485409,-0.008849635837485404,-0.008849635837485425,-0.008849635837485431,-0.008849635837485383,-0.00884963583748537,-0.008849635837485366,-0.008849635837485308,-0.008849635837485282,-0.008849635837485327,-0.008849635837485288,-0.008849635837485312,-0.008849635837485284,-0.008849635837485279,-0.008849635837485317,-0.00884963583748535,-0.008849635837485338,-0.008849635837485364,-0.008849635837485305,-0.008849635837485314,-0.008849635837485315,-0.00884963583748528,-0.008849635837485296,-0.008849635837485284,-0.008849635837485263,-0.008849635837485258,-0.008849635837485215,-0.008849635837485187,-0.008849635837485218,-0.008849635837485239,-0.008849635837485234,-0.00884963583748524,-0.00884963583748517,-0.008849635837485182,-0.008849635837485182,-0.008849635837485149,-0.008849635837485196,-0.008849635837485168,-0.008849635837485164,-0.008849635837485182,-0.008849635837485175,-0.008849635837485154,-0.008849635837485164,-0.008849635837485176,-0.011898365823590903,-0.018599252946917055,0.00704476568145216,0.02012298922870681,-0.010248224584948886,-0.005515146289940004,-0.00841802173644195,-0.000540806261910074,0.0330159355369053,0.0052113044723178775,0.004402652747192498,-0.04488520892508947,-0.033430949688007354,0.04589568882262092,-0.01106813237619278,0.03736327632918537,0.009846814346920559,-0.01601128960532117,-0.013580186891227284,-0.010348589059655649,0.0025345256506535876,0.006613557326225673,0.037195697432069644,3.517865758843884e-17,-0.02501279952215799,-0.0008546576435612844,-0.009949722361880433,0.013394457685028725,0.012147282366588127,0.04491225765169522,-0.017351128928620528,-0.030442241415052727,0.0008474106526992844,-0.019307354701497574,-0.004041400000908172,-0.0015819463687119987,-0.018193868763100755,-0.018193868763101362,0.007085841987540144,-0.019116319135699868,-0.004641864351398222,-3.681721084771772e-05,-0.013580186891227027,-0.05860243611067775
track_genre_funk,-0.008849635837485366,-0.008849635837485369,-0.008849635837485381,-0.008849635837485355,-0.008849635837485346,-0.00884963583748536,-0.00884963583748536,-0.008849635837485353,-0.008849635837485374,-0.008849635837485374,-0.008849635837485345,-0.00884963583748535,-0.008849635837485367,-0.008849635837485359,-0.008849635837485357,-0.008849635837485385,-0.008849635837485385,-0.00884963583748538,-0.008849635837485343,-0.008849635837485388,-0.00884963583748538,-0.008849635837485392,-0.008849635837485374,-0.008849635837485386,-0.008849635837485357,-0.008849635837485352,-0.008849635837485381,-0.008849635837485374,-0.008849635837485374,-0.008849635837485369,-0.008849635837485395,-0.008849635837485376,-0.00884963583748538,-0.008849635837485386,-0.008849635837485385,-0.008849635837485378,-0.008849635837485374,1.0,-0.008849635837485423,-0.00884963583748541,-0.00884963583748538,-0.008849635837485392,-0.008849635837485405,-0.008849635837485376,-0.008849635837485374,-0.008849635837485454,-0.008849635837485497,-0.008849635837485482,-0.008849635837485423,-0.00884963583748543,-0.008849635837485489,-0.008849635837485471,-0.008849635837485511,-0.008849635837485543,-0.008849635837485518,-0.008849635837485504,-0.008849635837485555,-0.008849635837485468,-0.008849635837485647,-0.008849635837485617,-0.0088496358374856,-0.008849635837485555,-0.008849635837485489,-0.008849635837485477,-0.008849635837485496,-0.008845170774625169,-0.008849635837485466,-0.008849635837485397,-0.008849635837485392,-0.008849635837485425,-0.008849635837485423,-0.008849635837485426,-0.008849635837485445,-0.008849635837485442,-0.008849635837485416,-0.00884963583748539,-0.008849635837485383,-0.00884963583748533,-0.008849635837485307,-0.008849635837485352,-0.008849635837485307,-0.008849635837485333,-0.008849635837485305,-0.008849635837485288,-0.008849635837485338,-0.008849635837485373,-0.008849635837485364,-0.008849635837485381,-0.008849635837485326,-0.008849635837485334,-0.008849635837485331,-0.008849635837485301,-0.00884963583748532,-0.008849635837485312,-0.008849635837485286,-0.00884963583748528,-0.008849635837485242,-0.008849635837485211,-0.008849635837485244,-0.008849635837485256,-0.008849635837485258,-0.008849635837485265,-0.008849635837485196,-0.008849635837485206,-0.008849635837485203,-0.008849635837485171,-0.008849635837485218,-0.008849635837485189,-0.008849635837485189,-0.008849635837485208,-0.008849635837485203,-0.008849635837485178,-0.00884963583748519,-0.008849635837485204,-0.010006179027555913,-0.008948102194851256,-0.0059527528100796,0.021491545872607456,-0.005793386723909777,-0.02360800047377232,0.03507691004845565,-0.004709719174662099,-0.0038667883881254804,0.023259485625230718,-0.003109870848473356,0.021516959805508957,0.021322373761280974,0.06037793342116438,0.03282692260225793,0.05960804372653086,-0.004314259218480322,0.045569099037251586,-0.013781846419536746,0.024553185277545894,0.0606074466785537,-0.02829739740094193,-0.0033382916659767314,-2.4058090060806577e-17,-0.014451180087151159,-0.000870387654698408,0.03997791010064471,-0.007028932273039849,0.014813428561258248,0.07350823778328562,-0.003135738964523383,-0.014395106594935548,-0.045053465778339574,-0.016305124694245013,0.0006538992017563809,0.000976964702246741,-0.012884010673148776,-0.012884010673148661,-0.036673327870586934,0.035580168115710846,-0.03350940405081485,0.012541979650563665,-0.01378184641953647,-0.05574377151641584
track_genre_garage,-0.008849635837485397,-0.00884963583748536,-0.008849635837485373,-0.008849635837485367,-0.00884963583748541,-0.00884963583748541,-0.008849635837485359,-0.008849635837485353,-0.008849635837485444,-0.008849635837485412,-0.008849635837485409,-0.008849635837485405,-0.008849635837485437,-0.008849635837485425,-0.008849635837485414,-0.008849635837485421,-0.008849635837485426,-0.008849635837485438,-0.0088496358374854,-0.00884963583748542,-0.008849635837485438,-0.008849635837485425,-0.008849635837485437,-0.008849635837485456,-0.00884963583748542,-0.00884963583748541,-0.008849635837485438,-0.008849635837485407,-0.008849635837485373,-0.008849635837485367,-0.008849635837485386,-0.008849635837485425,-0.008849635837485428,-0.00884963583748539,-0.008849635837485418,-0.008849635837485435,-0.008849635837485386,-0.008849635837485423,1.0,-0.008849635837485376,-0.008849635837485345,-0.008849635837485346,-0.008849635837485364,-0.00884963583748534,-0.008849635837485333,-0.008849635837485431,-0.00884963583748547,-0.00884963583748546,-0.0088496358374854,-0.00884963583748539,-0.00884963583748545,-0.008849635837485449,-0.008849635837485464,-0.008849635837485515,-0.008849635837485503,-0.008849635837485475,-0.00884963583748553,-0.008849635837485435,-0.00884963583748562,-0.00884963583748559,-0.008849635837485565,-0.008849635837485525,-0.00884963583748546,-0.00884963583748544,-0.008849635837485468,-0.008845170774625129,-0.008849635837485435,-0.008849635837485376,-0.008849635837485378,-0.008849635837485402,-0.008849635837485395,-0.008849635837485405,-0.008849635837485412,-0.008849635837485423,-0.008849635837485378,-0.008849635837485374,-0.00884963583748536,-0.0088496358374853,-0.008849635837485277,-0.008849635837485324,-0.008849635837485286,-0.008849635837485315,-0.00884963583748528,-0.00884963583748528,-0.00884963583748531,-0.00884963583748534,-0.008849635837485333,-0.008849635837485362,-0.008849635837485307,-0.00884963583748531,-0.008849635837485315,-0.008849635837485284,-0.008849635837485293,-0.008849635837485288,-0.008849635837485261,-0.00884963583748526,-0.00884963583748522,-0.00884963583748519,-0.008849635837485222,-0.00884963583748524,-0.008849635837485227,-0.00884963583748524,-0.008849635837485173,-0.008849635837485183,-0.008849635837485173,-0.00884963583748515,-0.008849635837485197,-0.008849635837485168,-0.008849635837485166,-0.008849635837485178,-0.008849635837485164,-0.008849635837485154,-0.008849635837485164,-0.008849635837485175,-0.015052010483649495,-0.015841781303469377,0.0022996398829564575,0.02579272389629681,-0.01470306244598814,-0.023608000473772293,-0.0112096219131122,-0.009771970568718093,0.03245078001878586,0.009560263786272819,0.004895016872912664,0.004120799444877951,-0.028825417576496926,-0.04474068584084349,0.031898418397631925,-0.016654391868766612,-0.04170037457308971,0.015953523243206435,0.015378002756290388,-0.006977163995742265,-0.014739428590141967,-0.007220060630971062,0.03616494373756238,4.0492280000460815e-18,0.03750598042360353,-0.0008776144916484847,0.020209292269989878,0.004722372102833511,0.01766558495555646,0.0031957689891396594,0.038509824375869105,0.007914324740348545,0.01027741621799993,-0.0004286414142927492,-0.003109593024128408,0.008049114997899285,-0.027882173977081978,-0.02788217397708146,0.010633882786848379,0.03043481852151435,-0.0031538468411190378,-0.0021332833544162695,0.015378002756290317,-0.05288510692215331
track_genre_german,-0.008849635837485388,-0.008849635837485346,-0.008849635837485359,-0.008849635837485366,-0.00884963583748539,-0.008849635837485402,-0.00884963583748535,-0.008849635837485343,-0.00884963583748541,-0.008849635837485404,-0.00884963583748539,-0.00884963583748539,-0.008849635837485405,-0.00884963583748539,-0.008849635837485399,-0.008849635837485416,-0.008849635837485435,-0.008849635837485407,-0.008849635837485383,-0.00884963583748541,-0.008849635837485407,-0.008849635837485418,-0.008849635837485399,-0.008849635837485423,-0.008849635837485402,-0.008849635837485393,-0.008849635837485407,-0.008849635837485388,-0.008849635837485362,-0.008849635837485357,-0.008849635837485373,-0.008849635837485412,-0.008849635837485418,-0.008849635837485376,-0.008849635837485405,-0.008849635837485418,-0.00884963583748537,-0.00884963583748541,-0.008849635837485376,1.0,-0.008849635837485373,-0.008849635837485397,-0.0088496358374854,-0.00884963583748538,-0.008849635837485367,-0.00884963583748546,-0.008849635837485511,-0.00884963583748549,-0.008849635837485426,-0.008849635837485433,-0.008849635837485485,-0.008849635837485478,-0.008849635837485504,-0.008849635837485546,-0.008849635837485516,-0.008849635837485503,-0.008849635837485555,-0.008849635837485468,-0.008849635837485647,-0.008849635837485615,-0.008849635837485596,-0.00884963583748555,-0.008849635837485487,-0.00884963583748547,-0.008849635837485494,-0.008845170774625172,-0.008849635837485464,-0.008849635837485404,-0.008849635837485395,-0.008849635837485428,-0.008849635837485428,-0.008849635837485425,-0.008849635837485447,-0.008849635837485447,-0.008849635837485418,-0.008849635837485392,-0.008849635837485392,-0.008849635837485327,-0.008849635837485314,-0.008849635837485353,-0.008849635837485312,-0.008849635837485334,-0.008849635837485308,-0.008849635837485296,-0.008849635837485338,-0.008849635837485374,-0.00884963583748536,-0.008849635837485383,-0.008849635837485331,-0.008849635837485336,-0.008849635837485334,-0.008849635837485303,-0.008849635837485324,-0.008849635837485314,-0.00884963583748529,-0.008849635837485284,-0.008849635837485242,-0.008849635837485213,-0.008849635837485244,-0.00884963583748526,-0.00884963583748526,-0.008849635837485265,-0.008849635837485197,-0.008849635837485204,-0.008849635837485206,-0.008849635837485175,-0.00884963583748522,-0.008849635837485192,-0.008849635837485192,-0.008849635837485211,-0.008849635837485204,-0.00884963583748518,-0.00884963583748519,-0.008849635837485204,-0.00716789883350368,-0.020207778072261547,-0.007190611714035027,0.02540170771232495,0.008684836324467395,0.02295449191109081,0.00824152770497885,0.011965932476347814,-0.027362918175013934,-0.005226197881173884,-0.0006851098852492754,-0.02399217378646709,0.07642441896313729,-0.023018132052840288,-0.05723256086653838,0.01143861428561469,0.01893418640440448,-0.03446639284988165,-0.01457379225398971,0.019554225446879653,-0.025246313184287446,0.06337354958013827,-0.03299720760614244,2.098277866513221e-17,-0.03376280558169609,-0.0007837960143629064,-0.046549900113172143,-0.002661468882006793,0.006163954278549068,0.013961314450444363,-0.04101521581932174,-0.01517789365933115,0.04037274305180014,-0.008485451299942938,-0.002943635197002315,0.0010751731536930817,-0.018407143478067118,-0.018407143478066462,-0.005923640943254154,-0.043110610101551816,0.04118907496520007,-0.0042297494979848076,-0.014573792253989372,-0.05002644232789166
track_genre_gospel,-0.008849635837485362,-0.008849635837485312,-0.008849635837485324,-0.008849635837485338,-0.008849635837485355,-0.008849635837485362,-0.008849635837485322,-0.00884963583748532,-0.008849635837485388,-0.008849635837485374,-0.008849635837485353,-0.008849635837485366,-0.008849635837485376,-0.008849635837485378,-0.008849635837485373,-0.008849635837485386,-0.008849635837485383,-0.008849635837485383,-0.008849635837485359,-0.008849635837485386,-0.008849635837485383,-0.008849635837485386,-0.008849635837485388,-0.0088496358374854,-0.008849635837485366,-0.00884963583748537,-0.008849635837485385,-0.008849635837485359,-0.008849635837485341,-0.008849635837485336,-0.008849635837485338,-0.008849635837485374,-0.00884963583748538,-0.008849635837485334,-0.008849635837485383,-0.008849635837485392,-0.008849635837485348,-0.00884963583748538,-0.008849635837485345,-0.008849635837485373,1.0,-0.008849635837485402,-0.00884963583748545,-0.008849635837485421,-0.008849635837485378,-0.008849635837485477,-0.008849635837485532,-0.008849635837485501,-0.008849635837485464,-0.008849635837485449,-0.008849635837485522,-0.008849635837485529,-0.008849635837485534,-0.008849635837485574,-0.008849635837485539,-0.008849635837485527,-0.00884963583748558,-0.008849635837485487,-0.008849635837485667,-0.008849635837485634,-0.008849635837485628,-0.00884963583748559,-0.008849635837485516,-0.008849635837485497,-0.008849635837485518,-0.008845170774625192,-0.008849635837485485,-0.008849635837485431,-0.00884963583748541,-0.008849635837485449,-0.008849635837485449,-0.00884963583748545,-0.008849635837485466,-0.008849635837485463,-0.008849635837485438,-0.008849635837485418,-0.008849635837485414,-0.008849635837485355,-0.008849635837485319,-0.008849635837485374,-0.008849635837485333,-0.008849635837485352,-0.008849635837485322,-0.00884963583748531,-0.008849635837485345,-0.008849635837485388,-0.008849635837485381,-0.008849635837485395,-0.008849635837485343,-0.008849635837485352,-0.00884963583748536,-0.008849635837485327,-0.008849635837485345,-0.008849635837485336,-0.00884963583748531,-0.008849635837485307,-0.008849635837485258,-0.008849635837485232,-0.008849635837485261,-0.008849635837485275,-0.00884963583748529,-0.00884963583748529,-0.008849635837485225,-0.008849635837485227,-0.008849635837485227,-0.008849635837485199,-0.008849635837485239,-0.00884963583748522,-0.008849635837485222,-0.008849635837485229,-0.008849635837485234,-0.008849635837485203,-0.008849635837485211,-0.008849635837485232,0.06788884407588847,0.045511962763239495,-0.03359826833175093,-0.06159939322138735,0.03597071822333209,-0.03165665987172713,0.11351186985103733,0.010179255513739624,0.0354283904351463,0.004993856506620188,2.6965113776140026e-05,-0.029432008095050855,-0.03921091252943315,-0.050685277446203124,0.019891665668235015,-0.03859754314303061,0.01753564786040986,-0.055670194886427334,0.010912303134069285,0.025493208585590517,-0.060464175318572025,-0.028181120501577044,0.04338363422718066,2.362890094058248e-17,-0.03525502809661637,-0.0008633653617934795,-0.057832533371746486,0.024988659061224893,0.026315059238263442,-0.02876444409910907,-0.024357618807529867,0.03746453642129471,-0.04641841596849416,0.042058272107367345,0.00350271021333167,-0.006842896449372103,0.08787963054347832,0.08787963054347883,0.00885986238719448,0.010326556110879171,-0.03350940405081469,-0.004229749497984788,0.01091230313406902,-0.04716777773363025
track_genre_goth,-0.008849635837485357,-0.008849635837485319,-0.008849635837485331,-0.00884963583748536,-0.008849635837485366,-0.00884963583748537,-0.008849635837485333,-0.00884963583748534,-0.008849635837485374,-0.008849635837485374,-0.008849635837485364,-0.008849635837485373,-0.008849635837485367,-0.00884963583748538,-0.008849635837485381,-0.008849635837485381,-0.008849635837485378,-0.008849635837485374,-0.008849635837485367,-0.00884963583748538,-0.008849635837485374,-0.008849635837485393,-0.008849635837485395,-0.008849635837485386,-0.008849635837485376,-0.00884963583748538,-0.008849635837485376,-0.008849635837485385,-0.008849635837485359,-0.008849635837485353,-0.008849635837485345,-0.008849635837485388,-0.008849635837485393,-0.008849635837485348,-0.008849635837485392,-0.0088496358374854,-0.008849635837485367,-0.008849635837485392,-0.008849635837485346,-0.008849635837485397,-0.008849635837485402,1.0,-0.00884963583748539,-0.008849635837485369,-0.00884963583748535,-0.008849635837485449,-0.008849635837485497,-0.008849635837485484,-0.008849635837485416,-0.008849635837485423,-0.008849635837485475,-0.008849635837485471,-0.008849635837485497,-0.008849635837485543,-0.008849635837485513,-0.008849635837485497,-0.008849635837485553,-0.008849635837485466,-0.008849635837485645,-0.008849635837485612,-0.008849635837485595,-0.008849635837485546,-0.008849635837485484,-0.008849635837485468,-0.008849635837485492,-0.008845170774625169,-0.008849635837485461,-0.0088496358374854,-0.008849635837485392,-0.008849635837485425,-0.008849635837485425,-0.008849635837485423,-0.008849635837485444,-0.008849635837485444,-0.008849635837485416,-0.00884963583748539,-0.008849635837485388,-0.008849635837485324,-0.00884963583748531,-0.00884963583748535,-0.00884963583748531,-0.008849635837485331,-0.008849635837485305,-0.008849635837485293,-0.008849635837485336,-0.00884963583748537,-0.008849635837485357,-0.00884963583748538,-0.008849635837485327,-0.008849635837485333,-0.00884963583748533,-0.0088496358374853,-0.00884963583748532,-0.00884963583748531,-0.008849635837485286,-0.00884963583748528,-0.008849635837485239,-0.00884963583748521,-0.008849635837485242,-0.008849635837485256,-0.008849635837485258,-0.008849635837485261,-0.008849635837485194,-0.0088496358374852,-0.008849635837485203,-0.00884963583748517,-0.008849635837485216,-0.00884963583748519,-0.008849635837485189,-0.008849635837485208,-0.008849635837485203,-0.008849635837485176,-0.008849635837485187,-0.008849635837485203,0.01648443611693533,0.0193159821504885,0.002299639882956275,-0.029927082319676855,0.0031162889981684945,-0.024871839552789817,-0.03282201037765797,-0.005603057655965485,-0.018244513472222296,0.00803812802638848,-0.002940455235322355,0.029234512679058525,-0.027654995142588335,-0.04766213517680875,0.020532920898839197,-0.010285220250183533,-0.04267113852387638,-0.01107416894829916,0.006652333071252012,-0.029373257255676744,-0.02902031972663401,-0.021526424294872386,-0.02336416501767944,-1.7201018713773322e-17,0.03634367411737959,0.0005641735935822479,0.0013245187323951272,0.005979196100253027,-0.008499849792135994,-0.006560506585167543,0.037245665747688575,-0.01556928719152915,-0.011133769255049159,0.008303061198763997,0.004046102992880947,0.0006095452691375908,0.030352708664240384,0.030352708664240755,0.011225222920066386,0.013717265630440307,-0.02071245346241326,-0.004229749497984793,0.0066523330712518584,-0.044309113139368764
track_genre_grindcore,-0.008849635837485385,-0.00884963583748533,-0.008849635837485343,-0.008849635837485359,-0.00884963583748539,-0.00884963583748541,-0.008849635837485334,-0.008849635837485336,-0.008849635837485418,-0.008849635837485418,-0.008849635837485388,-0.00884963583748539,-0.008849635837485409,-0.008849635837485405,-0.008849635837485397,-0.00884963583748542,-0.008849635837485425,-0.008849635837485418,-0.008849635837485385,-0.008849635837485407,-0.008849635837485418,-0.008849635837485435,-0.008849635837485421,-0.00884963583748543,-0.0088496358374854,-0.008849635837485392,-0.008849635837485418,-0.008849635837485392,-0.008849635837485355,-0.00884963583748535,-0.008849635837485357,-0.0088496358374854,-0.008849635837485404,-0.008849635837485355,-0.008849635837485409,-0.008849635837485418,-0.008849635837485381,-0.008849635837485405,-0.008849635837485364,-0.0088496358374854,-0.00884963583748545,-0.00884963583748539,1.0,-0.008849635837485404,-0.008849635837485367,-0.008849635837485466,-0.008849635837485518,-0.008849635837485487,-0.008849635837485444,-0.008849635837485447,-0.008849635837485522,-0.008849635837485504,-0.00884963583748552,-0.008849635837485556,-0.008849635837485532,-0.008849635837485515,-0.008849635837485575,-0.008849635837485473,-0.00884963583748566,-0.008849635837485631,-0.008849635837485617,-0.008849635837485574,-0.008849635837485503,-0.008849635837485482,-0.008849635837485503,-0.008845170774625185,-0.00884963583748548,-0.008849635837485421,-0.008849635837485405,-0.00884963583748544,-0.008849635837485438,-0.008849635837485438,-0.008849635837485456,-0.008849635837485456,-0.008849635837485426,-0.008849635837485407,-0.008849635837485402,-0.008849635837485343,-0.008849635837485312,-0.008849635837485362,-0.008849635837485322,-0.008849635837485346,-0.008849635837485314,-0.008849635837485303,-0.008849635837485336,-0.00884963583748538,-0.008849635837485369,-0.00884963583748539,-0.008849635837485333,-0.00884963583748534,-0.008849635837485346,-0.008849635837485314,-0.008849635837485333,-0.008849635837485326,-0.008849635837485294,-0.008849635837485294,-0.008849635837485251,-0.008849635837485222,-0.008849635837485251,-0.008849635837485265,-0.008849635837485277,-0.008849635837485272,-0.008849635837485211,-0.008849635837485216,-0.008849635837485218,-0.008849635837485187,-0.008849635837485232,-0.00884963583748521,-0.008849635837485208,-0.008849635837485218,-0.008849635837485218,-0.008849635837485192,-0.0088496358374852,-0.008849635837485222,-0.02230539320178473,-0.03215682186053678,-0.035867676322335854,0.07994846537638348,-0.013589352980728263,-0.013896394919215438,-0.06172857994898745,-0.00351860119958841,-0.07850527498632541,-0.023056931068388773,-0.0027154501241061606,-0.007548267165509888,-0.027751194246745166,-0.15988283496077008,0.037801135105255255,0.04699443966475371,-0.08662854471364273,-0.09348193887486475,-0.009156094471998215,-0.06471319336518093,-0.10781790310599249,-0.027340146934836784,-0.09136229088669717,2.7004971099972837e-17,0.12304406552712395,-0.0008891254707891802,-0.04162139064921717,0.008587105894898731,-0.08578708773762801,0.02270832013775437,0.10577456571032479,-0.0008920297341053484,0.11621142389612261,0.03344353179375237,0.007039990144701728,-0.00017465094409521652,-0.139639872154914,-0.13963987215491186,-0.025437865339447144,0.03872233172583228,0.0813655477427365,-0.004229749497984794,-0.009156094471998093,-0.041450448545107425
track_genre_groove,-0.008849635837485378,-0.008849635837485312,-0.008849635837485324,-0.008849635837485338,-0.008849635837485362,-0.008849635837485397,-0.008849635837485315,-0.008849635837485305,-0.008849635837485399,-0.008849635837485412,-0.008849635837485362,-0.008849635837485366,-0.008849635837485392,-0.00884963583748537,-0.008849635837485373,-0.008849635837485425,-0.008849635837485426,-0.008849635837485399,-0.008849635837485359,-0.0088496358374854,-0.008849635837485399,-0.008849635837485412,-0.008849635837485386,-0.00884963583748541,-0.008849635837485373,-0.008849635837485367,-0.0088496358374854,-0.008849635837485362,-0.008849635837485326,-0.008849635837485319,-0.008849635837485336,-0.008849635837485373,-0.008849635837485378,-0.008849635837485341,-0.00884963583748538,-0.008849635837485393,-0.00884963583748534,-0.008849635837485376,-0.00884963583748534,-0.00884963583748538,-0.008849635837485421,-0.008849635837485369,-0.008849635837485404,1.0,-0.008849635837485366,-0.008849635837485463,-0.008849635837485503,-0.00884963583748548,-0.00884963583748543,-0.008849635837485437,-0.008849635837485497,-0.008849635837485487,-0.008849635837485513,-0.008849635837485548,-0.008849635837485525,-0.008849635837485508,-0.00884963583748556,-0.008849635837485466,-0.008849635837485648,-0.008849635837485615,-0.008849635837485605,-0.008849635837485562,-0.008849635837485494,-0.008849635837485471,-0.008849635837485492,-0.008845170774625176,-0.008849635837485466,-0.008849635837485407,-0.008849635837485392,-0.008849635837485428,-0.008849635837485433,-0.008849635837485433,-0.008849635837485445,-0.008849635837485452,-0.008849635837485412,-0.008849635837485393,-0.00884963583748539,-0.008849635837485331,-0.008849635837485303,-0.008849635837485355,-0.008849635837485312,-0.008849635837485334,-0.008849635837485305,-0.00884963583748529,-0.008849635837485333,-0.008849635837485373,-0.008849635837485362,-0.008849635837485383,-0.00884963583748532,-0.008849635837485333,-0.008849635837485336,-0.008849635837485303,-0.008849635837485319,-0.008849635837485317,-0.008849635837485286,-0.00884963583748528,-0.008849635837485242,-0.008849635837485211,-0.008849635837485242,-0.008849635837485258,-0.008849635837485261,-0.008849635837485261,-0.008849635837485197,-0.008849635837485204,-0.008849635837485204,-0.008849635837485175,-0.008849635837485218,-0.008849635837485194,-0.008849635837485192,-0.008849635837485208,-0.008849635837485206,-0.00884963583748518,-0.00884963583748519,-0.008849635837485206,0.021845632039034737,0.008515884880317482,-0.005333823358101934,-0.017219056340594955,0.00422999846342831,-0.03943924788462682,0.004099153249274529,-0.008580852593644132,0.019342546061210778,0.00803812802638849,0.006297989919319546,-0.012384178080999097,-0.010671844962892994,0.009274524006608931,0.03460312645542621,-0.012390216077916082,-0.051846674404063306,-0.017269291098570234,0.004994233156147523,-0.012774717764817976,-0.009934162549312843,-0.026510116654086417,0.02081820412592793,9.017704028313642e-18,0.04628337468536987,-0.0008786831628198246,0.012227742070951533,0.004785213302704515,0.0036838182835074564,0.003868615580471189,0.04571752765274444,-0.02144019017449838,-0.0031937730602629023,0.008677666687596366,-0.0001833760123750838,0.0008316178336450838,0.02932530063416048,0.029325300634160664,0.010042542653629463,0.028960027862074883,-0.014462779919240014,0.014638445794132097,0.004994233156147509,-0.0385917839508459
track_genre_grunge,-0.008849635837485312,-0.008849635837485298,-0.00884963583748531,-0.00884963583748532,-0.008849635837485346,-0.008849635837485336,-0.008849635837485312,-0.00884963583748532,-0.008849635837485341,-0.008849635837485343,-0.008849635837485345,-0.008849635837485348,-0.008849635837485336,-0.008849635837485348,-0.008849635837485355,-0.008849635837485357,-0.008849635837485359,-0.008849635837485345,-0.008849635837485341,-0.008849635837485336,-0.008849635837485346,-0.008849635837485353,-0.008849635837485364,-0.008849635837485353,-0.008849635837485357,-0.00884963583748535,-0.008849635837485346,-0.008849635837485359,-0.00884963583748534,-0.008849635837485334,-0.008849635837485324,-0.008849635837485373,-0.008849635837485376,-0.008849635837485326,-0.00884963583748538,-0.008849635837485374,-0.008849635837485338,-0.008849635837485374,-0.008849635837485333,-0.008849635837485367,-0.008849635837485378,-0.00884963583748535,-0.008849635837485367,-0.008849635837485366,1.0,-0.0088496358374855,-0.008849635837485548,-0.008849635837485529,-0.008849635837485484,-0.008849635837485478,-0.008849635837485546,-0.008849635837485563,-0.008849635837485574,-0.008849635837485608,-0.008849635837485567,-0.008849635837485567,-0.008849635837485596,-0.008849635837485513,-0.00884963583748568,-0.008849635837485674,-0.008849635837485674,-0.008849635837485603,-0.008849635837485548,-0.008849635837485523,-0.008849635837485539,-0.008845170774625214,-0.008849635837485504,-0.00884963583748544,-0.008849635837485412,-0.008849635837485463,-0.008849635837485464,-0.008849635837485475,-0.008849635837485473,-0.00884963583748549,-0.00884963583748545,-0.00884963583748544,-0.00884963583748542,-0.008849635837485373,-0.008849635837485331,-0.008849635837485395,-0.008849635837485345,-0.008849635837485367,-0.008849635837485336,-0.008849635837485334,-0.008849635837485359,-0.0088496358374854,-0.008849635837485392,-0.008849635837485416,-0.008849635837485352,-0.008849635837485364,-0.008849635837485381,-0.008849635837485352,-0.008849635837485359,-0.008849635837485355,-0.008849635837485333,-0.008849635837485322,-0.008849635837485282,-0.00884963583748525,-0.008849635837485279,-0.008849635837485286,-0.008849635837485301,-0.008849635837485307,-0.008849635837485242,-0.008849635837485246,-0.008849635837485244,-0.008849635837485222,-0.008849635837485258,-0.008849635837485235,-0.008849635837485234,-0.008849635837485246,-0.008849635837485248,-0.008849635837485222,-0.00884963583748523,-0.008849635837485251,-0.005591076503474339,0.017477667721523364,0.03427766156847135,-0.03892045455102722,-0.014146207713358177,-0.026268714324336122,0.0059001856213201235,-0.015727560444076933,0.06897922735036903,0.0023844809182472382,-0.00137600793263079,0.06181923328174058,-0.008403149423193302,-0.059486378017460054,0.048594772026931965,-0.020995617678079996,-0.07397038064787749,-0.026739498763137894,0.022598598791695818,0.0016201523960886976,-0.04749608920923622,-0.02799963680599349,0.07564373611454882,-1.71037576051598e-17,0.06280430216838072,-0.0008818599505849032,-0.0001181099800423942,0.009184097293673069,-0.0068567596954207805,-0.004541966811173052,0.06055353752871477,0.004196086184468211,-0.03618416415760187,0.004235767650252381,0.0028194329549257853,-0.0013365900435061797,0.01817683726851089,0.018176837268511298,0.008268522253974552,0.050143235608067056,-0.031128576034367406,-0.004229749497984803,0.022598598791695918,-0.03573311935658495
track_genre_guitar,-0.008849635837485445,-0.008849635837485404,-0.008849635837485416,-0.008849635837485421,-0.008849635837485433,-0.00884963583748546,-0.008849635837485404,-0.008849635837485402,-0.008849635837485463,-0.008849635837485466,-0.008849635837485431,-0.008849635837485437,-0.008849635837485452,-0.008849635837485444,-0.008849635837485444,-0.008849635837485471,-0.00884963583748547,-0.00884963583748546,-0.00884963583748543,-0.00884963583748547,-0.00884963583748546,-0.008849635837485464,-0.008849635837485461,-0.008849635837485477,-0.008849635837485442,-0.008849635837485438,-0.008849635837485461,-0.00884963583748544,-0.008849635837485421,-0.008849635837485416,-0.008849635837485428,-0.008849635837485449,-0.008849635837485452,-0.008849635837485431,-0.008849635837485458,-0.008849635837485464,-0.008849635837485428,-0.008849635837485454,-0.008849635837485431,-0.00884963583748546,-0.008849635837485477,-0.008849635837485449,-0.008849635837485466,-0.008849635837485463,-0.0088496358374855,1.0,-0.00884963583748552,-0.008849635837485503,-0.008849635837485437,-0.008849635837485445,-0.008849635837485506,-0.008849635837485496,-0.008849635837485525,-0.00884963583748556,-0.008849635837485537,-0.008849635837485518,-0.008849635837485574,-0.008849635837485487,-0.008849635837485666,-0.008849635837485634,-0.008849635837485614,-0.008849635837485572,-0.008849635837485508,-0.008849635837485489,-0.00884963583748551,-0.008845170774625188,-0.00884963583748548,-0.008849635837485418,-0.008849635837485409,-0.00884963583748544,-0.008849635837485442,-0.008849635837485444,-0.008849635837485461,-0.008849635837485468,-0.008849635837485428,-0.00884963583748541,-0.008849635837485405,-0.008849635837485345,-0.008849635837485319,-0.008849635837485369,-0.008849635837485324,-0.00884963583748535,-0.008849635837485322,-0.008849635837485307,-0.008849635837485348,-0.00884963583748539,-0.00884963583748538,-0.008849635837485399,-0.008849635837485338,-0.00884963583748535,-0.008849635837485352,-0.008849635837485319,-0.008849635837485336,-0.008849635837485333,-0.008849635837485303,-0.008849635837485298,-0.00884963583748526,-0.008849635837485229,-0.008849635837485258,-0.008849635837485274,-0.008849635837485277,-0.008849635837485279,-0.008849635837485215,-0.00884963583748522,-0.008849635837485222,-0.00884963583748519,-0.008849635837485234,-0.00884963583748521,-0.008849635837485208,-0.008849635837485223,-0.008849635837485223,-0.008849635837485197,-0.008849635837485208,-0.008849635837485223,-0.00716789883350362,-0.010556627320195595,-0.012760976781834507,0.028334329092112757,-0.00802080565442929,0.07656787599994605,-0.016972925503657248,0.017623742857941552,-0.015659137855750783,-0.02784078631373901,-0.006744365174354031,-0.021343506021248265,-0.03020427140274566,-0.01450763692727479,-0.10833736495201933,-0.029552529370550674,0.12961271578836978,-0.01515993428267609,-0.03184306912288421,0.04598515202981954,-0.018710598130541975,0.1797965479773467,-0.018634927160303207,-2.682660467092155e-17,-0.10321149247117553,0.0006076434175407605,-0.0690731857947242,-0.002755730681813241,-0.012127048684884395,-0.0280915975077776,-0.11832846976110942,0.010458382699636136,0.10943415448706799,-0.03156536934456787,0.007093546807900384,-0.0007295469074845191,-0.025196143468773996,-0.025196143468771817,-0.010063021875781534,-0.0995929606381684,0.1111258979483207,-0.0042297494979848,-0.03184306912288439,-0.03287445476232267
track_genre_happy,-0.008849635837485484,-0.008849635837485428,-0.008849635837485438,-0.008849635837485468,-0.008849635837485477,-0.008849635837485501,-0.008849635837485449,-0.008849635837485442,-0.008849635837485513,-0.008849635837485511,-0.008849635837485475,-0.008849635837485477,-0.00884963583748551,-0.008849635837485487,-0.008849635837485484,-0.00884963583748552,-0.008849635837485525,-0.008849635837485516,-0.00884963583748547,-0.008849635837485508,-0.008849635837485518,-0.008849635837485516,-0.008849635837485504,-0.008849635837485525,-0.008849635837485485,-0.008849635837485478,-0.008849635837485518,-0.008849635837485492,-0.008849635837485461,-0.008849635837485456,-0.008849635837485452,-0.008849635837485497,-0.008849635837485501,-0.008849635837485456,-0.008849635837485501,-0.008849635837485504,-0.008849635837485468,-0.008849635837485497,-0.00884963583748547,-0.008849635837485511,-0.008849635837485532,-0.008849635837485497,-0.008849635837485518,-0.008849635837485503,-0.008849635837485548,-0.00884963583748552,1.0,-0.008849635837485482,-0.00884963583748542,-0.008849635837485418,-0.008849635837485468,-0.008849635837485454,-0.008849635837485482,-0.008849635837485532,-0.008849635837485513,-0.008849635837485489,-0.008849635837485543,-0.00884963583748545,-0.00884963583748564,-0.008849635837485608,-0.008849635837485586,-0.008849635837485539,-0.008849635837485478,-0.00884963583748546,-0.00884963583748548,-0.008845170774625152,-0.008849635837485454,-0.008849635837485397,-0.008849635837485392,-0.008849635837485414,-0.00884963583748542,-0.008849635837485423,-0.008849635837485437,-0.008849635837485445,-0.008849635837485405,-0.008849635837485393,-0.008849635837485383,-0.008849635837485322,-0.008849635837485301,-0.008849635837485346,-0.008849635837485305,-0.008849635837485333,-0.008849635837485303,-0.008849635837485296,-0.008849635837485333,-0.008849635837485362,-0.00884963583748535,-0.008849635837485381,-0.008849635837485327,-0.008849635837485331,-0.008849635837485331,-0.008849635837485303,-0.008849635837485315,-0.008849635837485301,-0.008849635837485286,-0.008849635837485277,-0.008849635837485237,-0.008849635837485208,-0.008849635837485235,-0.008849635837485256,-0.008849635837485251,-0.00884963583748526,-0.00884963583748519,-0.0088496358374852,-0.008849635837485196,-0.008849635837485168,-0.008849635837485213,-0.008849635837485185,-0.008849635837485183,-0.008849635837485197,-0.008849635837485189,-0.008849635837485173,-0.008849635837485183,-0.008849635837485194,0.035406304077285754,-0.0038927375151970533,0.0033311889695859776,-0.01800108870853842,-0.01080507931757876,-0.0055151462899402535,-0.05236321161435081,-0.0327009915888547,-0.04859842588942612,0.01564880682580971,0.01162664037671047,0.02747024209249087,-0.015225269226318344,-0.0075638959887691015,0.053164250968693746,0.03132588244599352,-0.07289475739855791,-0.05319327086180482,0.09652992597414774,-0.02135063644983682,-0.04823245592815635,-0.02331347476719179,-0.05347793795216926,-1.0509748182765812e-17,0.11569016028393404,-0.0008880332058267863,0.01168256283817274,-0.014852661656977,-0.04049360412817614,0.013624891154778522,0.10082651133278464,-0.013025229232241909,0.032696260381296444,0.03488053248241245,-0.012543749474442104,-0.012118607842819271,0.019094754162426703,0.019094754162428673,0.010633882786846632,0.06769193478682047,0.004583844212333084,0.004156115076289304,0.09652992597414572,-0.03001579016806032
track_genre_hard-rock,-0.00884963583748546,-0.008849635837485425,-0.008849635837485438,-0.008849635837485445,-0.008849635837485458,-0.00884963583748548,-0.008849635837485437,-0.00884963583748543,-0.008849635837485478,-0.008849635837485492,-0.008849635837485458,-0.008849635837485463,-0.008849635837485468,-0.00884963583748547,-0.00884963583748547,-0.008849635837485503,-0.008849635837485506,-0.008849635837485478,-0.008849635837485456,-0.008849635837485482,-0.008849635837485478,-0.008849635837485496,-0.008849635837485484,-0.00884963583748549,-0.00884963583748547,-0.008849635837485464,-0.00884963583748548,-0.008849635837485473,-0.008849635837485449,-0.008849635837485444,-0.00884963583748545,-0.008849635837485478,-0.008849635837485482,-0.008849635837485454,-0.008849635837485485,-0.008849635837485489,-0.00884963583748546,-0.008849635837485482,-0.00884963583748546,-0.00884963583748549,-0.008849635837485501,-0.008849635837485484,-0.008849635837485487,-0.00884963583748548,-0.008849635837485529,-0.008849635837485503,-0.008849635837485482,1.0,-0.00884963583748544,-0.008849635837485447,-0.0088496358374855,-0.008849635837485492,-0.008849635837485518,-0.00884963583748556,-0.00884963583748553,-0.008849635837485515,-0.00884963583748557,-0.008849635837485484,-0.00884963583748566,-0.00884963583748563,-0.008849635837485612,-0.008849635837485563,-0.008849635837485501,-0.008849635837485485,-0.00884963583748551,-0.008845170774625186,-0.008849635837485478,-0.008849635837485418,-0.008849635837485409,-0.008849635837485442,-0.008849635837485442,-0.00884963583748544,-0.008849635837485461,-0.008849635837485461,-0.008849635837485431,-0.008849635837485407,-0.008849635837485405,-0.008849635837485341,-0.008849635837485327,-0.008849635837485367,-0.008849635837485326,-0.008849635837485348,-0.008849635837485322,-0.00884963583748531,-0.008849635837485353,-0.008849635837485388,-0.008849635837485374,-0.008849635837485397,-0.008849635837485345,-0.00884963583748535,-0.008849635837485348,-0.008849635837485317,-0.008849635837485338,-0.008849635837485327,-0.008849635837485303,-0.008849635837485298,-0.008849635837485256,-0.008849635837485229,-0.00884963583748526,-0.008849635837485274,-0.008849635837485275,-0.008849635837485279,-0.008849635837485211,-0.008849635837485218,-0.00884963583748522,-0.008849635837485189,-0.008849635837485234,-0.008849635837485208,-0.008849635837485206,-0.008849635837485225,-0.00884963583748522,-0.008849635837485194,-0.008849635837485204,-0.00884963583748522,0.022791725437051692,0.020694717972212343,-0.0028581055501911905,-0.02934055804371953,0.0008888700676490795,-0.017887465695061073,-0.0022945116714869185,-0.010367529556253854,0.04021955960368081,0.011952191408948062,0.004770602282004914,0.04360200853274794,0.024917815279144148,-0.045832638106841496,0.028280618856093943,-0.01619440503798877,-0.063518955330755,0.014622189733290016,0.010148725133920991,-0.03459577006980489,-0.012710179282594554,-0.027431699341306622,0.0432160460913419,-2.3049740412949268e-17,0.060016822935232056,-0.0008819685717835535,0.02815435587566189,0.0056964107008336635,0.013108335064666929,-0.012279702611485808,0.057467642088875046,0.002630512055676427,-0.032344849669969124,0.0038077953327779928,-0.0019691546256902096,0.0001077616341357655,0.030249824352438868,0.030249824352440554,0.010042542653628925,0.02427966112376629,-0.03083097253231142,-0.002133283354416244,0.010148725133920749,-0.027157125573798936
track_genre_hardcore,-0.008849635837485409,-0.008849635837485374,-0.008849635837485386,-0.008849635837485388,-0.008849635837485393,-0.008849635837485437,-0.008849635837485376,-0.008849635837485374,-0.008849635837485435,-0.008849635837485447,-0.008849635837485392,-0.0088496358374854,-0.00884963583748543,-0.008849635837485416,-0.008849635837485407,-0.008849635837485456,-0.008849635837485454,-0.008849635837485438,-0.008849635837485393,-0.008849635837485431,-0.00884963583748544,-0.008849635837485449,-0.008849635837485431,-0.008849635837485447,-0.008849635837485404,-0.008849635837485402,-0.00884963583748544,-0.008849635837485409,-0.008849635837485393,-0.008849635837485388,-0.008849635837485399,-0.008849635837485421,-0.008849635837485425,-0.008849635837485404,-0.008849635837485426,-0.008849635837485426,-0.008849635837485404,-0.008849635837485423,-0.0088496358374854,-0.008849635837485426,-0.008849635837485464,-0.008849635837485416,-0.008849635837485444,-0.00884963583748543,-0.008849635837485484,-0.008849635837485437,-0.00884963583748542,-0.00884963583748544,1.0,-0.008849635837485461,-0.008849635837485534,-0.008849635837485515,-0.008849635837485539,-0.008849635837485577,-0.008849635837485548,-0.008849635837485529,-0.00884963583748559,-0.008849635837485487,-0.008849635837485674,-0.008849635837485647,-0.008849635837485628,-0.008849635837485584,-0.00884963583748552,-0.008849635837485497,-0.008849635837485518,-0.008845170774625195,-0.00884963583748549,-0.008849635837485431,-0.00884963583748542,-0.008849635837485452,-0.008849635837485454,-0.008849635837485454,-0.008849635837485473,-0.008849635837485475,-0.008849635837485442,-0.008849635837485423,-0.008849635837485418,-0.008849635837485359,-0.008849635837485331,-0.008849635837485374,-0.008849635837485338,-0.00884963583748536,-0.008849635837485327,-0.008849635837485317,-0.008849635837485353,-0.008849635837485397,-0.008849635837485386,-0.008849635837485405,-0.008849635837485345,-0.008849635837485357,-0.00884963583748536,-0.008849635837485331,-0.008849635837485345,-0.00884963583748534,-0.00884963583748531,-0.008849635837485307,-0.008849635837485265,-0.008849635837485237,-0.008849635837485268,-0.00884963583748528,-0.00884963583748529,-0.008849635837485288,-0.008849635837485227,-0.008849635837485232,-0.008849635837485234,-0.0088496358374852,-0.008849635837485246,-0.008849635837485222,-0.008849635837485222,-0.008849635837485232,-0.008849635837485234,-0.008849635837485206,-0.008849635837485215,-0.008849635837485234,-0.011898365823591025,0.005528623933249127,0.004362738056215499,0.003504801409906856,-0.014146207713358096,-0.013231216456574692,-0.03246180390324902,-0.0240653862695825,0.012088311052514109,0.012169639374645724,0.004381475795548659,-0.023089681524876678,-0.01927364819292022,-0.011052679142046409,0.046434297618166476,0.05756684104341538,-0.07072495772037916,0.008058121543695358,0.010130891682333278,-0.012240212648217378,-0.0005256456095667677,-0.027274889777000978,0.009169553586138015,6.184892645054886e-18,0.08212944738972254,-0.0008844445693175541,0.03897198552914836,-0.013972884858783268,0.0027537672853666837,0.0805731269922673,0.07520060129194746,-0.010481171272955557,-0.026486071931731376,0.010683024101299038,-0.00122784691118606,0.005730969421370659,-0.017818621942005435,-0.01781862194200315,0.005903161721102462,0.054897637361738805,-0.025176505993250557,-3.6817210847724734e-05,0.010130891682333026,-0.024298460979537122
track_genre_hardstyle,-0.008849635837485409,-0.008849635837485353,-0.008849635837485366,-0.008849635837485393,-0.008849635837485402,-0.008849635837485435,-0.008849635837485378,-0.008849635837485381,-0.008849635837485423,-0.008849635837485445,-0.008849635837485402,-0.008849635837485407,-0.008849635837485416,-0.008849635837485423,-0.008849635837485414,-0.008849635837485452,-0.00884963583748544,-0.008849635837485428,-0.0088496358374854,-0.00884963583748543,-0.008849635837485428,-0.00884963583748544,-0.008849635837485438,-0.008849635837485435,-0.008849635837485414,-0.008849635837485409,-0.00884963583748543,-0.008849635837485414,-0.0088496358374854,-0.008849635837485395,-0.00884963583748538,-0.008849635837485433,-0.008849635837485437,-0.008849635837485383,-0.008849635837485433,-0.008849635837485433,-0.008849635837485404,-0.00884963583748543,-0.00884963583748539,-0.008849635837485433,-0.008849635837485449,-0.008849635837485423,-0.008849635837485447,-0.008849635837485437,-0.008849635837485478,-0.008849635837485445,-0.008849635837485418,-0.008849635837485447,-0.008849635837485461,1.0,-0.008849635837485492,-0.008849635837485468,-0.008849635837485504,-0.008849635837485553,-0.008849635837485522,-0.008849635837485508,-0.008849635837485558,-0.008849635837485468,-0.008849635837485654,-0.00884963583748563,-0.008849635837485605,-0.008849635837485553,-0.008849635837485496,-0.008849635837485477,-0.008849635837485503,-0.008845170774625178,-0.00884963583748547,-0.008849635837485414,-0.008849635837485409,-0.008849635837485438,-0.008849635837485442,-0.00884963583748544,-0.00884963583748546,-0.008849635837485463,-0.008849635837485423,-0.008849635837485404,-0.008849635837485399,-0.00884963583748534,-0.008849635837485319,-0.008849635837485364,-0.008849635837485322,-0.008849635837485345,-0.008849635837485317,-0.008849635837485312,-0.008849635837485346,-0.008849635837485385,-0.008849635837485369,-0.008849635837485397,-0.008849635837485341,-0.008849635837485343,-0.008849635837485346,-0.008849635837485314,-0.008849635837485334,-0.008849635837485326,-0.008849635837485303,-0.008849635837485293,-0.008849635837485251,-0.00884963583748522,-0.008849635837485251,-0.008849635837485272,-0.00884963583748527,-0.008849635837485274,-0.008849635837485206,-0.008849635837485216,-0.008849635837485215,-0.008849635837485185,-0.008849635837485227,-0.008849635837485206,-0.0088496358374852,-0.008849635837485222,-0.008849635837485211,-0.008849635837485189,-0.0088496358374852,-0.00884963583748521,0.005446679806730254,-0.010326838016575163,0.010758342393318592,-0.0007963766137822621,-0.011361934050208604,-0.005448628443675983,-0.03507330084271482,-0.007389734618573517,-0.027902768222173323,0.013039431237436705,0.008254210827422852,-0.027889402274487777,-0.023670748912090873,-0.014945848906937401,0.0731910990512344,0.0336063316644989,-0.07462199103744295,-0.05884614973791616,0.07747731649861822,0.02462356640939304,-0.05419079733173098,-0.026689052994189756,-0.032205150509944776,4.795707008654919e-17,0.10953385356539087,-0.000886886610928686,0.0048267569281476436,-0.023210541239816827,-0.04656993731602882,0.00353219228480525,0.09718933606282361,-0.03337769290653708,-0.004061090374074499,0.021505125157774113,-0.01121941344177696,-0.0009575287300478522,0.003347049599005338,0.003347049599007193,0.011816563053281446,0.09355677930077377,-0.01714121143774275,-0.004229749497984795,0.07747731649861761,-0.021439796385274712
track_genre_heavy-metal,-0.00884963583748548,-0.008849635837485426,-0.008849635837485438,-0.008849635837485445,-0.008849635837485463,-0.008849635837485496,-0.008849635837485428,-0.008849635837485433,-0.008849635837485506,-0.008849635837485506,-0.008849635837485461,-0.00884963583748547,-0.008849635837485497,-0.008849635837485487,-0.008849635837485477,-0.00884963583748552,-0.008849635837485513,-0.008849635837485497,-0.008849635837485463,-0.008849635837485503,-0.008849635837485497,-0.00884963583748552,-0.008849635837485501,-0.008849635837485516,-0.008849635837485473,-0.008849635837485473,-0.008849635837485497,-0.008849635837485471,-0.008849635837485452,-0.008849635837485447,-0.008849635837485452,-0.008849635837485487,-0.008849635837485492,-0.008849635837485456,-0.008849635837485492,-0.008849635837485497,-0.008849635837485461,-0.008849635837485489,-0.00884963583748545,-0.008849635837485485,-0.008849635837485522,-0.008849635837485475,-0.008849635837485522,-0.008849635837485497,-0.008849635837485546,-0.008849635837485506,-0.008849635837485468,-0.0088496358374855,-0.008849635837485534,-0.008849635837485492,1.0,-0.008849635837485461,-0.008849635837485475,-0.008849635837485522,-0.008849635837485523,-0.008849635837485489,-0.008849635837485548,-0.008849635837485438,-0.008849635837485624,-0.008849635837485607,-0.008849635837485582,-0.008849635837485534,-0.00884963583748548,-0.008849635837485437,-0.008849635837485484,-0.00884517077462514,-0.008849635837485435,-0.00884963583748539,-0.008849635837485378,-0.008849635837485409,-0.0088496358374854,-0.00884963583748542,-0.008849635837485416,-0.008849635837485426,-0.008849635837485386,-0.008849635837485374,-0.008849635837485362,-0.008849635837485308,-0.00884963583748527,-0.00884963583748532,-0.00884963583748529,-0.008849635837485317,-0.008849635837485288,-0.00884963583748528,-0.008849635837485314,-0.008849635837485352,-0.008849635837485348,-0.008849635837485359,-0.008849635837485307,-0.008849635837485315,-0.00884963583748532,-0.008849635837485296,-0.008849635837485303,-0.00884963583748529,-0.008849635837485272,-0.008849635837485268,-0.008849635837485229,-0.008849635837485187,-0.008849635837485229,-0.008849635837485246,-0.008849635837485237,-0.008849635837485248,-0.008849635837485182,-0.00884963583748519,-0.008849635837485185,-0.008849635837485164,-0.008849635837485204,-0.00884963583748517,-0.00884963583748517,-0.00884963583748519,-0.008849635837485176,-0.008849635837485166,-0.008849635837485171,-0.00884963583748518,0.01774589398095876,0.03310334036772492,-0.0010013171942578553,-0.03618334126322531,-0.005793386723909709,-0.017953983541325415,-0.04759047582843032,-0.010665309050021722,-0.02957714688406435,0.009777711751970562,0.003349099402909584,0.029191536857078124,-0.023205786575332624,-0.07496923554680343,0.046810225851537955,-0.008982042859389576,-0.08485480966281013,-0.031155457740103584,0.014015129152178868,-0.024311430145955437,-0.05675601335024307,-0.02825386396376408,-0.032606653587611875,-3.877128058529604e-17,0.09749291245636187,-0.0008862087569292544,0.006607776487122044,0.009718247492576396,-0.014545181280049823,-0.0008413105588497113,0.08700038327315474,-0.010481171272955876,-0.022334726550271286,0.032611157508120756,0.004964969471666833,0.00460968858530042,0.03237755369956214,0.03237755369956397,0.010633882786845525,0.049862206090922984,-0.02220047097269241,-0.004229749497984814,0.01401512915217891,-0.01858113179101248
track_genre_hip-hop,-0.008849635837485477,-0.008849635837485418,-0.008849635837485431,-0.008849635837485437,-0.008849635837485452,-0.008849635837485515,-0.008849635837485414,-0.00884963583748541,-0.008849635837485497,-0.008849635837485527,-0.00884963583748545,-0.008849635837485456,-0.008849635837485485,-0.008849635837485471,-0.008849635837485463,-0.008849635837485537,-0.008849635837485529,-0.008849635837485497,-0.008849635837485449,-0.0088496358374855,-0.008849635837485497,-0.008849635837485518,-0.008849635837485487,-0.00884963583748551,-0.008849635837485463,-0.008849635837485458,-0.008849635837485497,-0.008849635837485454,-0.00884963583748543,-0.008849635837485425,-0.008849635837485445,-0.008849635837485471,-0.008849635837485475,-0.008849635837485447,-0.008849635837485475,-0.008849635837485484,-0.008849635837485433,-0.008849635837485471,-0.008849635837485449,-0.008849635837485478,-0.008849635837485529,-0.008849635837485471,-0.008849635837485504,-0.008849635837485487,-0.008849635837485563,-0.008849635837485496,-0.008849635837485454,-0.008849635837485492,-0.008849635837485515,-0.008849635837485468,-0.008849635837485461,1.0,-0.008849635837485464,-0.008849635837485515,-0.008849635837485516,-0.008849635837485477,-0.00884963583748555,-0.008849635837485442,-0.008849635837485614,-0.0088496358374856,-0.00884963583748557,-0.008849635837485529,-0.008849635837485463,-0.008849635837485433,-0.008849635837485477,-0.008845170774625133,-0.008849635837485435,-0.008849635837485376,-0.008849635837485367,-0.008849635837485405,-0.008849635837485395,-0.00884963583748541,-0.00884963583748541,-0.008849635837485416,-0.00884963583748538,-0.008849635837485366,-0.008849635837485359,-0.008849635837485305,-0.008849635837485261,-0.00884963583748531,-0.00884963583748529,-0.0088496358374853,-0.008849635837485275,-0.008849635837485265,-0.008849635837485301,-0.00884963583748534,-0.00884963583748534,-0.008849635837485352,-0.008849635837485296,-0.008849635837485305,-0.008849635837485303,-0.008849635837485282,-0.00884963583748529,-0.008849635837485279,-0.008849635837485263,-0.008849635837485261,-0.008849635837485222,-0.008849635837485175,-0.008849635837485213,-0.00884963583748523,-0.008849635837485225,-0.008849635837485235,-0.008849635837485166,-0.008849635837485185,-0.00884963583748518,-0.008849635837485149,-0.008849635837485192,-0.00884963583748516,-0.008849635837485161,-0.008849635837485176,-0.008849635837485166,-0.008849635837485157,-0.00884963583748516,-0.00884963583748517,-0.01599810388166706,-0.011245995231057968,0.01034572275866661,0.014453254561115802,-0.013589352980728237,-0.03464996295361228,-0.022556125856998517,-0.00262526271828432,0.01906418588064461,0.012604535306041179,0.005850626815842715,0.005378407709149327,0.03551975821643302,0.09180191716813209,0.04259692291832667,0.04066130183078697,-0.03415588409294493,0.028005446057650315,-0.016876704967370298,0.021840550954300774,0.0580211372042903,-0.027834433679734708,0.029211684806722284,-1.274348988528591e-18,0.0051382365588390905,-0.0008747212083922969,0.04331590735115745,-0.01937722804768752,0.01980470225127988,0.07855458721827245,0.015388983739473956,-0.031029331713349935,-0.04410885212758565,-0.010332141225893404,-0.0005025177505963017,0.003765899889865382,-0.017404717023818385,-0.0174047170238156,-0.001784260010731022,0.03999846888742092,-0.03291419704670257,-3.681721084770687e-05,-0.016876704967369913,-0.01572246719675048
track_genre_honky-tonk,-0.008849635837485494,-0.008849635837485433,-0.008849635837485447,-0.008849635837485464,-0.008849635837485482,-0.008849635837485525,-0.008849635837485445,-0.00884963583748544,-0.008849635837485516,-0.00884963583748554,-0.00884963583748548,-0.008849635837485489,-0.008849635837485508,-0.008849635837485497,-0.008849635837485496,-0.008849635837485546,-0.008849635837485546,-0.008849635837485508,-0.008849635837485484,-0.008849635837485516,-0.008849635837485508,-0.008849635837485532,-0.008849635837485513,-0.008849635837485529,-0.008849635837485492,-0.00884963583748549,-0.00884963583748551,-0.0088496358374855,-0.00884963583748546,-0.008849635837485454,-0.00884963583748546,-0.008849635837485508,-0.008849635837485511,-0.008849635837485463,-0.008849635837485515,-0.008849635837485516,-0.00884963583748547,-0.008849635837485511,-0.008849635837485464,-0.008849635837485504,-0.008849635837485534,-0.008849635837485497,-0.00884963583748552,-0.008849635837485513,-0.008849635837485574,-0.008849635837485525,-0.008849635837485482,-0.008849635837485518,-0.008849635837485539,-0.008849635837485504,-0.008849635837485475,-0.008849635837485464,1.0,-0.00884963583748553,-0.008849635837485522,-0.00884963583748549,-0.008849635837485556,-0.008849635837485445,-0.008849635837485612,-0.008849635837485598,-0.00884963583748558,-0.008849635837485529,-0.008849635837485471,-0.00884963583748544,-0.008849635837485487,-0.008845170774625138,-0.008849635837485433,-0.008849635837485383,-0.00884963583748537,-0.008849635837485407,-0.008849635837485395,-0.00884963583748542,-0.008849635837485414,-0.008849635837485421,-0.008849635837485381,-0.008849635837485373,-0.008849635837485353,-0.008849635837485305,-0.008849635837485274,-0.008849635837485317,-0.008849635837485291,-0.008849635837485301,-0.008849635837485277,-0.008849635837485265,-0.008849635837485312,-0.008849635837485341,-0.008849635837485346,-0.008849635837485355,-0.008849635837485298,-0.008849635837485315,-0.008849635837485308,-0.00884963583748529,-0.008849635837485294,-0.008849635837485288,-0.008849635837485272,-0.008849635837485267,-0.008849635837485229,-0.008849635837485189,-0.008849635837485225,-0.008849635837485229,-0.00884963583748523,-0.008849635837485248,-0.008849635837485175,-0.008849635837485192,-0.008849635837485182,-0.008849635837485147,-0.008849635837485196,-0.008849635837485164,-0.00884963583748517,-0.008849635837485182,-0.008849635837485173,-0.008849635837485163,-0.008849635837485166,-0.008849635837485176,-0.030504869317936778,-0.04387607634518957,-0.037724464678269114,0.09773970174709806,-0.016373626643877558,0.07337501937926928,-0.05218310837714653,0.006605901588524525,-0.07120886419269479,-0.01849052378873653,-0.0049681483552237084,0.20383170607359835,0.02754324916342545,0.0023972412431490075,-0.06551592569349597,-0.042199942909254495,0.11234220494235497,0.05716887427144184,-0.017544174376672637,0.01695542287615737,0.037930515789782036,-0.009841175887880431,-0.0831550805666142,1.4851901837109393e-17,-0.10047389715650955,-0.0008323588052397303,-0.0109294649443568,0.008052955695995448,0.0022577400863582633,-0.028764444099109138,-0.10263617566254177,0.06349220631245853,-0.03007243626693787,-0.011433326203947256,0.006405891932736015,-0.011571816402639813,-0.07297432055082421,-0.07297432055082308,0.00826852225397474,-0.07957554953102321,-0.021902867470636658,-0.004229749497984794,-0.017544174376672297,-0.012863802602488419
track_genre_house,-0.008849635837485532,-0.008849635837485489,-0.0088496358374855,-0.008849635837485511,-0.008849635837485516,-0.008849635837485556,-0.008849635837485492,-0.008849635837485489,-0.00884963583748555,-0.008849635837485572,-0.008849635837485515,-0.008849635837485523,-0.00884963583748554,-0.008849635837485536,-0.00884963583748553,-0.00884963583748558,-0.008849635837485575,-0.008849635837485551,-0.008849635837485516,-0.008849635837485556,-0.008849635837485551,-0.008849635837485567,-0.008849635837485553,-0.008849635837485562,-0.008849635837485525,-0.008849635837485525,-0.008849635837485551,-0.008849635837485529,-0.008849635837485508,-0.008849635837485503,-0.008849635837485513,-0.008849635837485543,-0.008849635837485546,-0.008849635837485516,-0.008849635837485546,-0.008849635837485551,-0.008849635837485515,-0.008849635837485543,-0.008849635837485515,-0.008849635837485546,-0.008849635837485574,-0.008849635837485543,-0.008849635837485556,-0.008849635837485548,-0.008849635837485608,-0.00884963583748556,-0.008849635837485532,-0.00884963583748556,-0.008849635837485577,-0.008849635837485553,-0.008849635837485522,-0.008849635837485515,-0.00884963583748553,1.0,-0.00884963583748552,-0.008849635837485473,-0.00884963583748554,-0.008849635837485435,-0.008849635837485595,-0.00884963583748559,-0.008849635837485574,-0.008849635837485518,-0.008849635837485454,-0.008849635837485431,-0.008849635837485478,-0.00884517077462513,-0.00884963583748541,-0.008849635837485369,-0.008849635837485355,-0.00884963583748539,-0.008849635837485378,-0.008849635837485414,-0.008849635837485402,-0.008849635837485402,-0.00884963583748537,-0.008849635837485362,-0.008849635837485345,-0.008849635837485294,-0.008849635837485263,-0.008849635837485305,-0.00884963583748528,-0.008849635837485288,-0.008849635837485265,-0.008849635837485256,-0.008849635837485296,-0.008849635837485322,-0.008849635837485333,-0.008849635837485341,-0.008849635837485284,-0.008849635837485301,-0.008849635837485293,-0.008849635837485274,-0.008849635837485282,-0.008849635837485275,-0.00884963583748526,-0.008849635837485251,-0.008849635837485213,-0.008849635837485175,-0.008849635837485216,-0.008849635837485216,-0.008849635837485218,-0.008849635837485235,-0.008849635837485163,-0.008849635837485175,-0.008849635837485173,-0.008849635837485131,-0.008849635837485178,-0.008849635837485152,-0.008849635837485156,-0.00884963583748517,-0.008849635837485156,-0.008849635837485147,-0.008849635837485154,-0.008849635837485161,-0.026405131259860694,-0.03307597907501942,0.008076314768081563,0.04221540362310943,-0.0152599171786179,-0.036179873417687254,-0.02363674528022569,-0.012451986012629366,0.0038682505688221723,0.01782328648278735,0.005953864455106617,-0.027432501430274238,0.06102053741001747,0.05514692698407192,0.05602041145486954,-0.013580754527169777,-0.05834984472142311,0.007477815288098719,-0.0032658902428183904,0.023110908822396456,0.02304420955615839,-0.02777084153822793,0.00865826932507351,1.538977535051574e-17,0.03587400118110617,-0.0008798952616357785,0.035740403362023214,-0.0050494344771039226,0.016611527157663484,0.007232848537128772,0.04252399426506954,-0.02535412549647868,-0.035877786757825963,-0.012634672813166176,-0.008473793250226336,-0.005057769820695899,-0.03401141998395178,-0.034011419983948646,0.015364603852590602,0.05971626111637206,-0.029045351519976514,-0.004229749497984782,-0.0032658902428183614,-0.010005138008226425
track_genre_idm,-0.008849635837485492,-0.008849635837485477,-0.008849635837485489,-0.008849635837485482,-0.008849635837485494,-0.008849635837485516,-0.008849635837485478,-0.008849635837485475,-0.008849635837485516,-0.008849635837485534,-0.008849635837485492,-0.008849635837485501,-0.008849635837485511,-0.008849635837485508,-0.008849635837485508,-0.008849635837485539,-0.008849635837485546,-0.008849635837485522,-0.008849635837485494,-0.008849635837485516,-0.008849635837485522,-0.00884963583748553,-0.008849635837485523,-0.008849635837485529,-0.008849635837485504,-0.008849635837485504,-0.008849635837485523,-0.0088496358374855,-0.008849635837485494,-0.008849635837485489,-0.008849635837485503,-0.008849635837485515,-0.00884963583748552,-0.008849635837485504,-0.008849635837485522,-0.008849635837485529,-0.008849635837485496,-0.008849635837485518,-0.008849635837485503,-0.008849635837485516,-0.008849635837485539,-0.008849635837485513,-0.008849635837485532,-0.008849635837485525,-0.008849635837485567,-0.008849635837485537,-0.008849635837485513,-0.00884963583748553,-0.008849635837485548,-0.008849635837485522,-0.008849635837485523,-0.008849635837485516,-0.008849635837485522,-0.00884963583748552,1.0,-0.00884963583748548,-0.008849635837485546,-0.008849635837485437,-0.008849635837485601,-0.00884963583748559,-0.008849635837485569,-0.008849635837485523,-0.00884963583748546,-0.008849635837485426,-0.008849635837485477,-0.008845170774625129,-0.008849635837485418,-0.008849635837485369,-0.00884963583748536,-0.008849635837485393,-0.008849635837485386,-0.00884963583748541,-0.008849635837485404,-0.008849635837485412,-0.008849635837485373,-0.008849635837485364,-0.008849635837485346,-0.008849635837485298,-0.008849635837485267,-0.00884963583748531,-0.008849635837485282,-0.008849635837485293,-0.00884963583748527,-0.008849635837485256,-0.008849635837485303,-0.00884963583748533,-0.008849635837485338,-0.008849635837485345,-0.00884963583748529,-0.008849635837485305,-0.0088496358374853,-0.00884963583748528,-0.008849635837485288,-0.00884963583748528,-0.008849635837485265,-0.00884963583748526,-0.00884963583748522,-0.008849635837485182,-0.008849635837485218,-0.008849635837485222,-0.008849635837485223,-0.00884963583748524,-0.008849635837485168,-0.008849635837485185,-0.008849635837485175,-0.00884963583748514,-0.008849635837485187,-0.008849635837485156,-0.008849635837485163,-0.008849635837485175,-0.008849635837485164,-0.008849635837485156,-0.00884963583748516,-0.008849635837485168,0.0357216685432917,0.015409563988937135,-0.021838608744174634,-0.023670823376129586,0.02594733303599451,0.06898484152583934,-0.04678001126101005,0.0033303271570754426,-0.07369301792532407,-0.011314740920710746,-0.0017624873001315865,-0.023352060227494535,-0.0333668169519027,-0.021120875832132995,-0.0776236092989634,-0.008187342207066881,0.017756759866968775,-0.062235496766555355,0.0036077427023707017,-0.07062588983942503,-0.04968325068782758,0.10288587570659286,-0.0854492138750468,-3.567687598541399e-17,-0.03193620030281645,-0.0008214945943475815,-0.060176093206170796,0.008115796895866422,-0.01494820337924408,-0.02405451795978846,-0.032158359304642885,-0.012633835700045113,0.15768581451246136,-0.022352969963886433,-0.0012074907405131118,0.004396468075524174,0.0327580438541279,0.032758043854130406,-0.027803225872319835,-0.07356110188321624,0.14475509368063025,0.0020596489327208843,0.0036077427023706566,-0.007146473413964573
track_genre_indian,-0.008849635837485482,-0.008849635837485444,-0.008849635837485456,-0.008849635837485468,-0.008849635837485475,-0.008849635837485516,-0.00884963583748545,-0.008849635837485447,-0.008849635837485501,-0.008849635837485532,-0.008849635837485473,-0.008849635837485484,-0.008849635837485497,-0.008849635837485489,-0.008849635837485489,-0.00884963583748554,-0.008849635837485534,-0.008849635837485504,-0.008849635837485477,-0.008849635837485504,-0.008849635837485504,-0.008849635837485527,-0.008849635837485506,-0.008849635837485513,-0.008849635837485485,-0.008849635837485485,-0.008849635837485504,-0.008849635837485487,-0.008849635837485468,-0.008849635837485463,-0.00884963583748547,-0.008849635837485501,-0.008849635837485504,-0.008849635837485473,-0.00884963583748551,-0.00884963583748551,-0.008849635837485475,-0.008849635837485504,-0.008849635837485475,-0.008849635837485503,-0.008849635837485527,-0.008849635837485497,-0.008849635837485515,-0.008849635837485508,-0.008849635837485567,-0.008849635837485518,-0.008849635837485489,-0.008849635837485515,-0.008849635837485529,-0.008849635837485508,-0.008849635837485489,-0.008849635837485477,-0.00884963583748549,-0.008849635837485473,-0.00884963583748548,1.0,-0.008849635837485537,-0.00884963583748543,-0.00884963583748559,-0.008849635837485586,-0.00884963583748557,-0.008849635837485513,-0.00884963583748545,-0.008849635837485426,-0.008849635837485473,-0.008845170774625127,-0.008849635837485407,-0.008849635837485364,-0.008849635837485352,-0.008849635837485385,-0.008849635837485374,-0.008849635837485409,-0.008849635837485397,-0.008849635837485397,-0.008849635837485366,-0.008849635837485357,-0.00884963583748534,-0.00884963583748529,-0.008849635837485258,-0.0088496358374853,-0.008849635837485277,-0.008849635837485282,-0.008849635837485261,-0.008849635837485253,-0.008849635837485291,-0.008849635837485319,-0.008849635837485327,-0.008849635837485336,-0.008849635837485279,-0.008849635837485296,-0.00884963583748529,-0.00884963583748527,-0.008849635837485279,-0.00884963583748527,-0.008849635837485255,-0.008849635837485246,-0.008849635837485208,-0.00884963583748517,-0.008849635837485211,-0.008849635837485211,-0.008849635837485213,-0.00884963583748523,-0.00884963583748516,-0.00884963583748517,-0.008849635837485168,-0.008849635837485126,-0.008849635837485175,-0.008849635837485147,-0.008849635837485152,-0.008849635837485164,-0.008849635837485152,-0.008849635837485144,-0.008849635837485149,-0.008849635837485157,0.008915688932794758,0.028507554295313636,-0.0012076270115841076,-0.025625904295987986,-0.00857766038705908,0.0015357454140528595,0.07289858986141104,0.004223665638379411,0.06874726053323077,-0.007183229572453786,-0.005280508391970901,-0.016127598364036766,-0.02807185792726821,0.01380788222768695,-0.011071237366079343,-0.011136240373276918,0.04809768314827802,-0.004006573596263262,-0.01884308541810353,-0.0021036034548114046,-0.0011079692953942,-0.017568980455182123,0.07646652679273275,-9.717951372375158e-18,-0.03362064763400939,-0.0008596703062748621,-0.01320218731415623,-0.0018131126837484441,0.022377843346135778,-0.020690285003130693,-0.027774282145441042,0.011045472997932008,-0.03544729538664993,-0.02007776416942781,0.0053757972688977355,0.005867134628421055,0.021824497518537954,0.021824497518540455,-0.0035582804103837296,-0.02163012079418361,-0.027557334009697346,-0.002133283354416222,-0.01884308541810319,-0.004287808819702798
track_genre_indie,-0.008849635837485543,-0.008849635837485506,-0.008849635837485516,-0.00884963583748552,-0.008849635837485532,-0.008849635837485555,-0.008849635837485503,-0.008849635837485501,-0.008849635837485555,-0.008849635837485563,-0.00884963583748553,-0.008849635837485539,-0.008849635837485551,-0.008849635837485543,-0.008849635837485546,-0.008849635837485569,-0.008849635837485567,-0.008849635837485558,-0.008849635837485532,-0.008849635837485567,-0.00884963583748556,-0.008849635837485574,-0.008849635837485558,-0.008849635837485567,-0.00884963583748554,-0.00884963583748554,-0.00884963583748556,-0.008849635837485543,-0.008849635837485522,-0.008849635837485516,-0.00884963583748553,-0.00884963583748556,-0.008849635837485563,-0.008849635837485534,-0.008849635837485558,-0.008849635837485565,-0.008849635837485529,-0.008849635837485555,-0.00884963583748553,-0.008849635837485555,-0.00884963583748558,-0.008849635837485553,-0.008849635837485575,-0.00884963583748556,-0.008849635837485596,-0.008849635837485574,-0.008849635837485543,-0.00884963583748557,-0.00884963583748559,-0.008849635837485558,-0.008849635837485548,-0.00884963583748555,-0.008849635837485556,-0.00884963583748554,-0.008849635837485546,-0.008849635837485537,1.0,-0.008849635837485544,-0.008849635837485563,-0.008849635837485558,-0.008849635837485543,-0.00884963583748548,-0.008849635837485407,-0.008849635837485381,-0.00884963583748544,-0.008845170774625105,-0.008849635837485367,-0.008849635837485333,-0.008849635837485315,-0.008849635837485352,-0.008849635837485322,-0.008849635837485383,-0.008849635837485353,-0.008849635837485352,-0.008849635837485324,-0.008849635837485301,-0.008849635837485282,-0.008849635837485229,-0.008849635837485211,-0.008849635837485258,-0.008849635837485234,-0.008849635837485229,-0.008849635837485218,-0.008849635837485206,-0.008849635837485244,-0.008849635837485267,-0.008849635837485272,-0.008849635837485291,-0.00884963583748524,-0.008849635837485256,-0.00884963583748524,-0.008849635837485215,-0.00884963583748523,-0.008849635837485234,-0.008849635837485215,-0.008849635837485199,-0.008849635837485171,-0.00884963583748513,-0.008849635837485164,-0.008849635837485173,-0.008849635837485173,-0.008849635837485183,-0.008849635837485121,-0.008849635837485128,-0.008849635837485123,-0.008849635837485078,-0.008849635837485137,-0.008849635837485114,-0.008849635837485114,-0.008849635837485128,-0.008849635837485109,-0.008849635837485098,-0.008849635837485109,-0.008849635837485114,-0.01694419727968471,-0.002973580300714826,0.008282624585407374,0.010738600813384278,-0.015816771911247616,-0.006047289060053506,0.026071748188228643,0.0033303271570756,0.023855355049179034,-0.005878541778267221,-0.0018392537498406498,0.042961894973775186,0.03232915459523006,0.011096974124899562,-0.000504264706120313,-0.019571437948822,0.01852462421217949,-0.0022165974882887934,-0.009584320110572224,0.011463145344878028,-0.0016487402441036384,-0.018933946870039322,0.031308429031587676,4.2687182535447374e-18,-0.03949876728564929,-0.0008584041759449114,-0.01449542699499292,-0.0006819710860707931,0.02705910003677622,-0.0005048872631840712,-0.03186179394419882,0.02278727896387123,-0.031375725808513125,-0.02628486989158289,0.0011163224089994783,-0.0001464467458012505,-0.01451414776560418,-0.014514147765602914,0.0017637807885773514,-0.011809438405383413,-0.02755733400969733,-0.0021332833544162226,-0.009584320110572461,-0.0014291442254411855
track_genre_indie-pop,-0.00884963583748544,-0.008849635837485405,-0.008849635837485418,-0.008849635837485433,-0.008849635837485444,-0.008849635837485466,-0.008849635837485407,-0.008849635837485405,-0.00884963583748546,-0.00884963583748548,-0.00884963583748544,-0.008849635837485445,-0.008849635837485456,-0.008849635837485447,-0.008849635837485454,-0.008849635837485487,-0.008849635837485484,-0.008849635837485466,-0.00884963583748544,-0.008849635837485464,-0.008849635837485466,-0.008849635837485475,-0.008849635837485464,-0.008849635837485471,-0.008849635837485452,-0.008849635837485449,-0.008849635837485466,-0.008849635837485454,-0.008849635837485425,-0.00884963583748542,-0.008849635837485431,-0.008849635837485468,-0.008849635837485471,-0.008849635837485435,-0.008849635837485471,-0.008849635837485473,-0.008849635837485431,-0.008849635837485468,-0.008849635837485435,-0.008849635837485468,-0.008849635837485487,-0.008849635837485466,-0.008849635837485473,-0.008849635837485466,-0.008849635837485513,-0.008849635837485487,-0.00884963583748545,-0.008849635837485484,-0.008849635837485487,-0.008849635837485468,-0.008849635837485438,-0.008849635837485442,-0.008849635837485445,-0.008849635837485435,-0.008849635837485437,-0.00884963583748543,-0.008849635837485544,1.0,-0.0088496358374856,-0.008849635837485591,-0.008849635837485563,-0.008849635837485515,-0.008849635837485458,-0.008849635837485431,-0.008849635837485473,-0.00884517077462513,-0.008849635837485426,-0.00884963583748537,-0.008849635837485357,-0.008849635837485395,-0.008849635837485383,-0.00884963583748541,-0.008849635837485402,-0.008849635837485409,-0.008849635837485369,-0.008849635837485359,-0.00884963583748535,-0.008849635837485294,-0.008849635837485258,-0.008849635837485307,-0.008849635837485277,-0.008849635837485291,-0.00884963583748527,-0.008849635837485256,-0.008849635837485298,-0.00884963583748533,-0.008849635837485336,-0.008849635837485346,-0.008849635837485286,-0.0088496358374853,-0.008849635837485298,-0.008849635837485279,-0.008849635837485286,-0.008849635837485272,-0.008849635837485258,-0.008849635837485256,-0.008849635837485213,-0.008849635837485176,-0.008849635837485211,-0.00884963583748522,-0.008849635837485218,-0.008849635837485234,-0.008849635837485161,-0.00884963583748518,-0.008849635837485173,-0.008849635837485138,-0.008849635837485183,-0.008849635837485152,-0.008849635837485156,-0.008849635837485171,-0.008849635837485161,-0.00884963583748515,-0.008849635837485154,-0.008849635837485163,-0.01852101960971432,-0.010786416623816587,0.011170962027970088,0.015235286929059358,-0.014703062445987949,-0.017155769386156625,0.008871889035194813,0.0018414296882352961,0.031286728354599815,0.0017321370211539828,-0.0004045152759678921,0.007004703288305847,0.020520714559973893,0.02036534179965645,0.004907059294820375,-0.016718985764152344,0.016252956853402705,-0.004880534483670204,-0.006177804501699697,0.015119832766630464,0.000620852039666159,-0.01978603010392378,0.03722862272286994,-2.9882822862388274e-17,-0.03874470698911722,-0.00085979915628656,-0.013581594481033863,-0.00017924148710293878,0.029291222432313968,0.007232848537128733,-0.030011378688090482,0.021221704835079187,-0.03468014856384743,-0.02279710057114455,-0.0010822452547329454,-0.00013177375089543216,-0.01833043843854175,-0.018330438438539425,0.0005811005221411999,-0.006202568203890489,-0.02904535151997648,-0.0021332833544162187,-0.006177804501699719,0.0014295203688204617
track_genre_industrial,-0.008849635837485614,-0.008849635837485586,-0.008849635837485598,-0.00884963583748561,-0.008849635837485622,-0.008849635837485638,-0.008849635837485605,-0.008849635837485591,-0.008849635837485633,-0.008849635837485648,-0.00884963583748562,-0.00884963583748563,-0.00884963583748563,-0.008849635837485631,-0.008849635837485636,-0.008849635837485654,-0.008849635837485655,-0.00884963583748564,-0.008849635837485622,-0.008849635837485638,-0.00884963583748564,-0.008849635837485652,-0.008849635837485645,-0.008849635837485645,-0.008849635837485633,-0.008849635837485631,-0.008849635837485641,-0.008849635837485634,-0.00884963583748561,-0.008849635837485605,-0.00884963583748561,-0.008849635837485647,-0.008849635837485652,-0.008849635837485615,-0.00884963583748565,-0.008849635837485657,-0.008849635837485615,-0.008849635837485647,-0.00884963583748562,-0.008849635837485647,-0.008849635837485667,-0.008849635837485645,-0.00884963583748566,-0.008849635837485648,-0.00884963583748568,-0.008849635837485666,-0.00884963583748564,-0.00884963583748566,-0.008849635837485674,-0.008849635837485654,-0.008849635837485624,-0.008849635837485614,-0.008849635837485612,-0.008849635837485595,-0.008849635837485601,-0.00884963583748559,-0.008849635837485563,-0.0088496358374856,1.0,-0.008849635837485553,-0.008849635837485537,-0.008849635837485484,-0.0088496358374854,-0.008849635837485376,-0.008849635837485433,-0.008845170774625087,-0.00884963583748536,-0.008849635837485333,-0.008849635837485308,-0.008849635837485346,-0.008849635837485319,-0.008849635837485374,-0.008849635837485345,-0.008849635837485352,-0.008849635837485319,-0.008849635837485298,-0.008849635837485279,-0.008849635837485211,-0.008849635837485196,-0.00884963583748525,-0.00884963583748522,-0.008849635837485218,-0.008849635837485213,-0.008849635837485196,-0.008849635837485239,-0.008849635837485251,-0.00884963583748526,-0.00884963583748528,-0.008849635837485232,-0.008849635837485244,-0.008849635837485232,-0.008849635837485208,-0.008849635837485218,-0.008849635837485225,-0.0088496358374852,-0.008849635837485189,-0.008849635837485161,-0.008849635837485121,-0.00884963583748516,-0.00884963583748516,-0.008849635837485164,-0.00884963583748518,-0.008849635837485112,-0.008849635837485121,-0.008849635837485118,-0.008849635837485072,-0.008849635837485131,-0.008849635837485104,-0.00884963583748511,-0.00884963583748512,-0.008849635837485102,-0.00884963583748509,-0.008849635837485102,-0.008849635837485105,0.01806125844696451,0.02529050404462469,0.01075834239331817,-0.042048584022801164,-0.002452258328130156,-0.02693389278697782,-0.03075082314980583,-0.017514237406685926,-0.009269506438207243,0.009995159717668255,0.004627657858408677,0.005140909745572972,-0.011782142956703543,-0.019723140070677717,0.04179673335599999,0.0019256951469717777,-0.07869887914398227,-0.01784937964407282,0.014697017831241187,-0.031885635586416924,-0.026963598660799483,-0.023950307204644198,-0.019314190863770887,8.644162622917072e-18,0.09146419485420981,-0.0008851784348751428,0.023755907896080564,0.003591230505155949,-0.008809866791516142,0.05063145367801341,0.08241597162209245,-0.00010924266970949311,0.010934069505284163,0.009602494062478938,-0.0053097630068027,0.002600270462257665,0.03468798119317712,0.03468798119317877,0.008859862387193468,0.043288205023882004,-0.01148674489868173,0.00415611507628933,0.014697017831241284,0.004288184963082302
track_genre_iranian,-0.008849635837485593,-0.008849635837485563,-0.008849635837485575,-0.00884963583748558,-0.008849635837485591,-0.008849635837485622,-0.008849635837485574,-0.008849635837485572,-0.008849635837485617,-0.008849635837485641,-0.00884963583748559,-0.008849635837485595,-0.008849635837485612,-0.008849635837485598,-0.008849635837485601,-0.008849635837485647,-0.008849635837485647,-0.008849635837485617,-0.008849635837485588,-0.008849635837485615,-0.008849635837485619,-0.00884963583748563,-0.008849635837485612,-0.00884963583748563,-0.008849635837485601,-0.008849635837485596,-0.008849635837485619,-0.008849635837485603,-0.008849635837485591,-0.008849635837485586,-0.00884963583748559,-0.008849635837485624,-0.00884963583748563,-0.008849635837485593,-0.00884963583748562,-0.008849635837485622,-0.008849635837485595,-0.008849635837485617,-0.00884963583748559,-0.008849635837485615,-0.008849635837485634,-0.008849635837485612,-0.008849635837485631,-0.008849635837485615,-0.008849635837485674,-0.008849635837485634,-0.008849635837485608,-0.00884963583748563,-0.008849635837485647,-0.00884963583748563,-0.008849635837485607,-0.0088496358374856,-0.008849635837485598,-0.00884963583748559,-0.00884963583748559,-0.008849635837485586,-0.008849635837485558,-0.008849635837485591,-0.008849635837485553,1.0,-0.008849635837485558,-0.008849635837485503,-0.008849635837485435,-0.008849635837485407,-0.008849635837485461,-0.00884517077462512,-0.008849635837485385,-0.00884963583748535,-0.008849635837485341,-0.008849635837485374,-0.00884963583748536,-0.008849635837485397,-0.008849635837485385,-0.008849635837485378,-0.00884963583748535,-0.008849635837485341,-0.008849635837485317,-0.008849635837485272,-0.00884963583748524,-0.008849635837485286,-0.008849635837485261,-0.008849635837485263,-0.008849635837485248,-0.008849635837485239,-0.00884963583748528,-0.008849635837485303,-0.008849635837485307,-0.00884963583748532,-0.008849635837485267,-0.00884963583748529,-0.008849635837485268,-0.00884963583748525,-0.008849635837485258,-0.008849635837485256,-0.008849635837485242,-0.008849635837485225,-0.008849635837485196,-0.008849635837485154,-0.008849635837485192,-0.008849635837485199,-0.008849635837485199,-0.008849635837485215,-0.008849635837485145,-0.008849635837485156,-0.008849635837485154,-0.00884963583748511,-0.00884963583748516,-0.008849635837485133,-0.008849635837485138,-0.008849635837485147,-0.008849635837485135,-0.008849635837485128,-0.008849635837485137,-0.008849635837485138,0.06915030193991167,-0.0004458979608877708,-0.03256671924512172,-0.036378849355210956,0.07049571164638678,0.058075914738528626,-0.06443012850705625,0.028939363621126958,-0.13086651198223995,-0.03827828866723079,-0.0048490280022269,-0.013766190040476982,-0.026837302757254818,-0.14425361766582895,-0.09018299411388847,0.005660218790119895,0.027165415057434087,-0.11630419775031785,-0.023153458595367635,-0.020150070744230336,-0.11053480341536072,0.11071448397911078,-0.15272923225232507,1.0156279120254238e-17,-0.021683453526698777,0.001365800556193979,-0.12096982219393838,0.006104878499994993,-0.052274250104625414,-0.0018505804458471815,-0.03573122385539143,-0.01772195161861782,0.13182948403464417,-0.010625559955967112,0.0038589045446296957,0.0046580571118546715,0.07187420067527829,0.07187420067527837,-0.0425867292027672,-0.06518824222498162,0.11142350145037679,-0.004229749497984774,-0.023153458595367542,0.0071468495573438606
track_genre_j-dance,-0.008849635837485598,-0.008849635837485536,-0.008849635837485548,-0.008849635837485563,-0.00884963583748557,-0.00884963583748563,-0.008849635837485548,-0.008849635837485544,-0.008849635837485607,-0.008849635837485641,-0.008849635837485569,-0.00884963583748558,-0.008849635837485603,-0.008849635837485588,-0.008849635837485588,-0.008849635837485647,-0.008849635837485652,-0.008849635837485608,-0.008849635837485574,-0.008849635837485622,-0.008849635837485608,-0.008849635837485636,-0.008849635837485603,-0.008849635837485619,-0.00884963583748558,-0.008849635837485582,-0.00884963583748561,-0.008849635837485586,-0.008849635837485563,-0.008849635837485558,-0.00884963583748556,-0.008849635837485595,-0.0088496358374856,-0.008849635837485565,-0.008849635837485601,-0.008849635837485608,-0.008849635837485569,-0.0088496358374856,-0.008849635837485565,-0.008849635837485596,-0.008849635837485628,-0.008849635837485595,-0.008849635837485617,-0.008849635837485605,-0.008849635837485674,-0.008849635837485614,-0.008849635837485586,-0.008849635837485612,-0.008849635837485628,-0.008849635837485605,-0.008849635837485582,-0.00884963583748557,-0.00884963583748558,-0.008849635837485574,-0.008849635837485569,-0.00884963583748557,-0.008849635837485543,-0.008849635837485563,-0.008849635837485537,-0.008849635837485558,1.0,-0.00884963583748551,-0.008849635837485445,-0.008849635837485414,-0.008849635837485464,-0.008845170774625117,-0.008849635837485405,-0.008849635837485355,-0.008849635837485348,-0.008849635837485381,-0.008849635837485373,-0.008849635837485397,-0.008849635837485388,-0.0088496358374854,-0.00884963583748536,-0.00884963583748535,-0.008849635837485333,-0.008849635837485284,-0.008849635837485253,-0.008849635837485296,-0.00884963583748527,-0.00884963583748528,-0.008849635837485258,-0.008849635837485242,-0.00884963583748529,-0.008849635837485315,-0.008849635837485324,-0.008849635837485331,-0.008849635837485277,-0.008849635837485291,-0.008849635837485288,-0.008849635837485267,-0.008849635837485274,-0.008849635837485267,-0.008849635837485253,-0.008849635837485248,-0.008849635837485208,-0.00884963583748517,-0.008849635837485204,-0.008849635837485208,-0.00884963583748521,-0.008849635837485225,-0.008849635837485154,-0.008849635837485173,-0.008849635837485161,-0.008849635837485128,-0.008849635837485175,-0.008849635837485144,-0.008849635837485149,-0.008849635837485161,-0.00884963583748515,-0.00884963583748514,-0.008849635837485147,-0.008849635837485154,-0.023251486599801995,-0.03169724325329544,0.009933103124014245,0.03752320941544824,-0.015816771911247467,-0.031057999255351527,-0.03696438483336244,-0.005007498668428697,-0.027763588131890043,0.03848084322407387,-0.003356052911333479,-0.0014999856930971855,-0.03917483786537415,0.06166427313880312,0.041148781821905456,0.12078264435538835,-0.02388801885030076,0.032765169273065685,-0.022693642360781897,0.015485589611496512,0.047830199533008655,-0.026548090091222137,-0.03139191461231646,1.7880704145611168e-17,0.014252856457659217,-0.0008764463084550374,0.04443089362715773,-0.017397730251751627,0.021137775348614902,0.10277706450620838,0.023327039290611393,-0.0208530998762017,-0.0381027548344724,-0.014677881144220955,0.0009634012560081492,0.00447844381584568,-0.031624466656201895,-0.03162446665619966,-0.08279785826158795,0.04108684992371272,-0.028152541013809023,0.010445513506995054,-0.022693642360781818,0.010005514151605253
track_genre_j-idol,-0.008849635837485548,-0.008849635837485497,-0.00884963583748551,-0.00884963583748551,-0.008849635837485527,-0.008849635837485562,-0.0088496358374855,-0.0088496358374855,-0.008849635837485565,-0.00884963583748557,-0.008849635837485527,-0.008849635837485537,-0.008849635837485562,-0.008849635837485543,-0.008849635837485546,-0.008849635837485577,-0.00884963583748559,-0.008849635837485569,-0.008849635837485532,-0.008849635837485572,-0.008849635837485569,-0.008849635837485579,-0.00884963583748556,-0.008849635837485577,-0.008849635837485537,-0.00884963583748554,-0.008849635837485569,-0.008849635837485536,-0.008849635837485518,-0.008849635837485513,-0.008849635837485523,-0.008849635837485556,-0.00884963583748556,-0.008849635837485527,-0.008849635837485558,-0.008849635837485567,-0.008849635837485522,-0.008849635837485555,-0.008849635837485525,-0.00884963583748555,-0.00884963583748559,-0.008849635837485546,-0.008849635837485574,-0.008849635837485562,-0.008849635837485603,-0.008849635837485572,-0.008849635837485539,-0.008849635837485563,-0.008849635837485584,-0.008849635837485553,-0.008849635837485534,-0.008849635837485529,-0.008849635837485529,-0.008849635837485518,-0.008849635837485523,-0.008849635837485513,-0.00884963583748548,-0.008849635837485515,-0.008849635837485484,-0.008849635837485503,-0.00884963583748551,1.0,-0.008849635837485475,-0.008849635837485433,-0.00884963583748548,-0.008845170774625134,-0.00884963583748543,-0.008849635837485386,-0.008849635837485373,-0.008849635837485405,-0.008849635837485397,-0.008849635837485416,-0.008849635837485412,-0.008849635837485425,-0.008849635837485383,-0.00884963583748537,-0.008849635837485357,-0.008849635837485305,-0.008849635837485267,-0.008849635837485315,-0.008849635837485286,-0.008849635837485314,-0.008849635837485282,-0.008849635837485279,-0.00884963583748531,-0.008849635837485348,-0.008849635837485346,-0.008849635837485355,-0.008849635837485303,-0.008849635837485312,-0.008849635837485317,-0.008849635837485294,-0.0088496358374853,-0.008849635837485286,-0.008849635837485268,-0.008849635837485265,-0.008849635837485225,-0.008849635837485183,-0.008849635837485225,-0.008849635837485242,-0.008849635837485232,-0.008849635837485244,-0.008849635837485178,-0.008849635837485187,-0.008849635837485182,-0.008849635837485161,-0.0088496358374852,-0.008849635837485168,-0.008849635837485166,-0.008849635837485185,-0.008849635837485175,-0.008849635837485163,-0.008849635837485168,-0.008849635837485178,-0.005906440969480253,0.08526551228961086,-0.004095964454147165,-0.060035328485501104,-0.014146207713357969,0.027876812534632214,-0.04858104363305544,-0.02555428373842185,-0.035983648615581884,0.016736046654298592,-0.006143469171458978,0.04154821661915364,-0.027590862406483674,-0.009747366862199867,0.08394199560007554,-0.013496141862552683,-0.046226683764092974,0.037542200440955346,0.043820487770001075,0.06367918155030675,0.017537669804842594,-0.028223041196325495,-0.04031932403470553,4.762269422824529e-17,0.0947788876898089,-0.0008839091463171037,0.06322565081166746,0.006858972898446802,0.017944600254998423,-0.0284280208034435,0.08500855763457234,0.017699163045297915,-0.03610732351938301,0.007794445673563044,0.00976293397814855,-0.009405497848527561,0.04138509948756542,0.041385099487567086,0.014181923586155115,0.11802166283491586,-0.029045351519976465,-0.0042297494979847885,0.04382048776999995,0.012864178745867478
track_genre_j-pop,-0.008849635837485475,-0.008849635837485428,-0.00884963583748544,-0.008849635837485452,-0.008849635837485464,-0.008849635837485501,-0.00884963583748544,-0.00884963583748544,-0.00884963583748549,-0.008849635837485515,-0.008849635837485463,-0.008849635837485471,-0.008849635837485485,-0.008849635837485477,-0.008849635837485478,-0.00884963583748552,-0.008849635837485522,-0.008849635837485492,-0.008849635837485464,-0.008849635837485497,-0.008849635837485492,-0.008849635837485511,-0.00884963583748549,-0.008849635837485503,-0.008849635837485475,-0.008849635837485473,-0.008849635837485494,-0.008849635837485477,-0.00884963583748546,-0.008849635837485454,-0.008849635837485452,-0.008849635837485487,-0.008849635837485492,-0.008849635837485456,-0.008849635837485492,-0.0088496358374855,-0.008849635837485464,-0.008849635837485489,-0.00884963583748546,-0.008849635837485487,-0.008849635837485516,-0.008849635837485484,-0.008849635837485503,-0.008849635837485494,-0.008849635837485548,-0.008849635837485508,-0.008849635837485478,-0.008849635837485501,-0.00884963583748552,-0.008849635837485496,-0.00884963583748548,-0.008849635837485463,-0.008849635837485471,-0.008849635837485454,-0.00884963583748546,-0.00884963583748545,-0.008849635837485407,-0.008849635837485458,-0.0088496358374854,-0.008849635837485435,-0.008849635837485445,-0.008849635837485475,1.0,-0.008849635837485468,-0.008849635837485485,-0.008845170774625162,-0.00884963583748546,-0.008849635837485399,-0.008849635837485395,-0.008849635837485423,-0.00884963583748543,-0.008849635837485426,-0.008849635837485447,-0.008849635837485454,-0.008849635837485405,-0.008849635837485393,-0.008849635837485388,-0.00884963583748533,-0.008849635837485305,-0.00884963583748535,-0.008849635837485308,-0.008849635837485333,-0.008849635837485305,-0.0088496358374853,-0.00884963583748534,-0.008849635837485373,-0.008849635837485359,-0.008849635837485385,-0.008849635837485326,-0.008849635837485336,-0.008849635837485338,-0.008849635837485301,-0.008849635837485319,-0.008849635837485307,-0.008849635837485286,-0.00884963583748528,-0.008849635837485237,-0.008849635837485208,-0.00884963583748524,-0.00884963583748526,-0.008849635837485256,-0.008849635837485263,-0.008849635837485192,-0.008849635837485203,-0.008849635837485204,-0.00884963583748517,-0.008849635837485218,-0.008849635837485189,-0.008849635837485185,-0.008849635837485204,-0.008849635837485196,-0.008849635837485175,-0.008849635837485187,-0.008849635837485197,-0.00622180543548611,0.03494165479669038,0.014471919105183827,-0.03481478461932429,-0.013589352980728086,-0.008175860140504709,0.03102458721135382,-0.007389734618572133,0.03333647150240585,0.005428752438015624,0.0007046275663802475,0.010940383827572165,-0.0020259504767938356,-0.008197579566485196,0.03701688199704505,-0.022496936398108815,-0.009284687297471655,0.02448989974451369,0.007736574292224635,0.0387344856527411,0.009526724459926745,-0.02701066703035883,0.03511212121163209,-2.5982260751514845e-17,0.01437584752339893,-0.0008637605020366375,0.02129117066026219,-0.003478404480329421,0.019959710750969886,-0.02472736455111987,0.01429472693692066,0.015155105086011051,-0.043904554280782146,-0.007424390270831053,0.00028306587738188426,-0.0023217056725259983,0.018332252781331746,0.018332252781333536,0.00885986238719386,0.04335098586550312,-0.03291419704670219,-0.00422974949798479,0.007736574292224322,0.015722843340129217
track_genre_j-rock,-0.008849635837485452,-0.008849635837485405,-0.008849635837485418,-0.008849635837485437,-0.008849635837485445,-0.008849635837485477,-0.008849635837485423,-0.008849635837485423,-0.008849635837485468,-0.008849635837485492,-0.008849635837485442,-0.008849635837485447,-0.008849635837485464,-0.008849635837485452,-0.008849635837485456,-0.008849635837485497,-0.008849635837485485,-0.008849635837485475,-0.008849635837485442,-0.008849635837485477,-0.008849635837485475,-0.008849635837485487,-0.00884963583748547,-0.00884963583748548,-0.008849635837485454,-0.00884963583748545,-0.008849635837485475,-0.008849635837485461,-0.008849635837485442,-0.008849635837485437,-0.008849635837485431,-0.008849635837485475,-0.008849635837485478,-0.008849635837485435,-0.00884963583748548,-0.008849635837485475,-0.008849635837485445,-0.008849635837485477,-0.00884963583748544,-0.00884963583748547,-0.008849635837485497,-0.008849635837485468,-0.008849635837485482,-0.008849635837485471,-0.008849635837485523,-0.008849635837485489,-0.00884963583748546,-0.008849635837485485,-0.008849635837485497,-0.008849635837485477,-0.008849635837485437,-0.008849635837485433,-0.00884963583748544,-0.008849635837485431,-0.008849635837485426,-0.008849635837485426,-0.008849635837485381,-0.008849635837485431,-0.008849635837485376,-0.008849635837485407,-0.008849635837485414,-0.008849635837485433,-0.008849635837485468,1.0,-0.008849635837485489,-0.00884517077462516,-0.008849635837485452,-0.008849635837485399,-0.008849635837485392,-0.008849635837485423,-0.008849635837485426,-0.008849635837485425,-0.008849635837485442,-0.008849635837485447,-0.008849635837485407,-0.008849635837485388,-0.008849635837485383,-0.008849635837485324,-0.008849635837485303,-0.008849635837485348,-0.008849635837485307,-0.00884963583748533,-0.0088496358374853,-0.008849635837485298,-0.008849635837485331,-0.008849635837485369,-0.008849635837485353,-0.008849635837485381,-0.008849635837485326,-0.008849635837485327,-0.00884963583748533,-0.008849635837485298,-0.008849635837485319,-0.00884963583748531,-0.008849635837485288,-0.008849635837485275,-0.008849635837485235,-0.008849635837485204,-0.008849635837485234,-0.008849635837485256,-0.008849635837485253,-0.008849635837485258,-0.00884963583748519,-0.0088496358374852,-0.008849635837485199,-0.008849635837485168,-0.00884963583748521,-0.00884963583748519,-0.008849635837485185,-0.008849635837485204,-0.008849635837485197,-0.008849635837485175,-0.008849635837485185,-0.008849635837485196,0.008284960000782963,0.03677996922565542,0.006013216594822028,-0.038138422183084095,-0.011361934050208496,0.0024004774154856314,0.011123179500251778,-0.02108759133190094,0.03131625140405366,0.009125367854877293,0.0026952610209047987,0.004098180591204074,-0.026007585483901773,-0.03129477679737258,0.04798321995259151,-0.01801735865033073,-0.04139241587716939,0.02310747693253509,0.020004178338522763,0.024893873139071432,-0.002370126545729297,-0.025994784017666743,0.03594256964495524,5.004589926482621e-17,0.046112899491960097,-0.0008776728391388471,0.030390596069034805,0.0003549087118003934,0.023276892644338038,-0.023045248072790982,0.04461878281900854,0.011632563296229085,-0.0402951997334754,0.004976973603620583,0.0012338894639966741,-0.0028127479297575596,0.025996548279183743,0.025996548279185665,0.01004254265363015,0.061389265835228204,-0.031128576034367174,-0.004229749497984766,0.020004178338522617,0.018581507934390968
track_genre_jazz,-0.008849635837485471,-0.008849635837485438,-0.00884963583748545,-0.00884963583748546,-0.008849635837485468,-0.008849635837485494,-0.008849635837485442,-0.00884963583748544,-0.008849635837485487,-0.008849635837485506,-0.008849635837485464,-0.00884963583748547,-0.008849635837485484,-0.008849635837485475,-0.008849635837485477,-0.008849635837485511,-0.008849635837485518,-0.00884963583748549,-0.008849635837485464,-0.008849635837485496,-0.008849635837485492,-0.008849635837485506,-0.00884963583748549,-0.0088496358374855,-0.008849635837485477,-0.008849635837485473,-0.008849635837485492,-0.00884963583748548,-0.008849635837485461,-0.008849635837485454,-0.008849635837485463,-0.008849635837485492,-0.008849635837485497,-0.008849635837485466,-0.0088496358374855,-0.008849635837485497,-0.008849635837485464,-0.008849635837485496,-0.008849635837485468,-0.008849635837485494,-0.008849635837485518,-0.008849635837485492,-0.008849635837485503,-0.008849635837485492,-0.008849635837485539,-0.00884963583748551,-0.00884963583748548,-0.00884963583748551,-0.008849635837485518,-0.008849635837485503,-0.008849635837485484,-0.008849635837485477,-0.008849635837485487,-0.008849635837485478,-0.008849635837485477,-0.008849635837485473,-0.00884963583748544,-0.008849635837485473,-0.008849635837485433,-0.008849635837485461,-0.008849635837485464,-0.00884963583748548,-0.008849635837485485,-0.008849635837485489,1.0,-0.008845170774625117,-0.008849635837485426,-0.008849635837485367,-0.008849635837485362,-0.008849635837485395,-0.008849635837485385,-0.0088496358374854,-0.008849635837485405,-0.008849635837485412,-0.008849635837485373,-0.008849635837485364,-0.00884963583748535,-0.008849635837485288,-0.008849635837485261,-0.00884963583748531,-0.008849635837485275,-0.00884963583748531,-0.008849635837485275,-0.008849635837485265,-0.0088496358374853,-0.008849635837485333,-0.008849635837485331,-0.008849635837485346,-0.008849635837485294,-0.008849635837485303,-0.008849635837485305,-0.008849635837485277,-0.008849635837485284,-0.00884963583748527,-0.00884963583748526,-0.008849635837485256,-0.008849635837485206,-0.008849635837485175,-0.008849635837485208,-0.008849635837485232,-0.008849635837485216,-0.00884963583748523,-0.008849635837485164,-0.008849635837485178,-0.008849635837485168,-0.008849635837485142,-0.008849635837485187,-0.008849635837485156,-0.008849635837485157,-0.008849635837485171,-0.008849635837485157,-0.008849635837485149,-0.008849635837485157,-0.008849635837485166,-0.015052010483649621,-0.025722721359157274,-0.01915658111893852,0.05277284059034663,-0.009691369852318816,0.04616922025725634,-0.03255185552185111,0.030428261089967854,-0.08271020074427318,-0.015663700234665682,-0.016763710420864133,0.101865913711461,0.07892158737520953,-0.030803658472812412,-0.062096340476220716,-0.026370790675105324,0.11341997772818677,0.005886535925928352,-0.02984655726230652,0.04315585471062158,-0.01021651386925697,-0.003936211310171541,-0.09622345454471304,2.00684263302973e-17,-0.10208001611600326,-0.0008028098301371885,-0.053422948924780375,0.006073457900059587,-0.009553907590028693,-0.027755174212111683,-0.10787313582730591,0.02317867249606925,-0.02324498801380925,-0.021509279934032358,0.0006482782003008077,-0.00028261195285163217,-0.04345666729645621,-0.04345666729645422,-0.013611062675088,-0.07148616439559076,-0.018034021943910225,-0.0042297494979847755,-0.029846557262306832,0.02144017252865306
track_genre_k-pop,-0.008845170774625141,-0.008845170774625093,-0.008845170774625105,-0.008845170774625136,-0.008845170774625145,-0.008845170774625166,-0.008845170774625117,-0.008845170774625117,-0.008845170774625159,-0.008845170774625181,-0.008845170774625143,-0.00884517077462515,-0.008845170774625155,-0.008845170774625157,-0.008845170774625155,-0.008845170774625186,-0.008845170774625186,-0.00884517077462516,-0.008845170774625143,-0.008845170774625164,-0.00884517077462516,-0.008845170774625176,-0.008845170774625172,-0.00884517077462517,-0.008845170774625155,-0.008845170774625152,-0.008845170774625162,-0.008845170774625155,-0.008845170774625138,-0.00884517077462513,-0.008845170774625119,-0.00884517077462517,-0.008845170774625176,-0.00884517077462512,-0.008845170774625174,-0.008845170774625178,-0.008845170774625141,-0.008845170774625169,-0.008845170774625129,-0.008845170774625172,-0.008845170774625192,-0.008845170774625169,-0.008845170774625185,-0.008845170774625176,-0.008845170774625214,-0.008845170774625188,-0.008845170774625152,-0.008845170774625186,-0.008845170774625195,-0.008845170774625178,-0.00884517077462514,-0.008845170774625133,-0.008845170774625138,-0.00884517077462513,-0.008845170774625129,-0.008845170774625127,-0.008845170774625105,-0.00884517077462513,-0.008845170774625087,-0.00884517077462512,-0.008845170774625117,-0.008845170774625134,-0.008845170774625162,-0.00884517077462516,-0.008845170774625117,1.0,-0.008845170774625136,-0.00884517077462507,-0.008845170774625037,-0.008845170774625098,-0.008845170774625079,-0.008845170774625091,-0.00884517077462511,-0.008845170774625103,-0.008845170774625108,-0.008845170774625086,-0.008845170774625082,-0.008845170774625084,-0.008845170774625091,-0.008845170774625061,-0.008845170774625018,-0.008845170774625028,-0.008845170774625006,-0.008845170774624992,-0.008845170774624987,-0.00884517077462504,-0.00884517077462501,-0.008845170774624997,-0.008845170774624964,-0.008845170774624985,-0.008845170774625,-0.008845170774624954,-0.008845170774624994,-0.008845170774624985,-0.008845170774624968,-0.00884517077462498,-0.008845170774624964,-0.00884517077462498,-0.008845170774625028,-0.008845170774625044,-0.008845170774625013,-0.00884517077462503,-0.008845170774625035,-0.008845170774625015,-0.008845170774625032,-0.008845170774625039,-0.008845170774625025,-0.008845170774624985,-0.008845170774624957,-0.00884517077462493,-0.008845170774624904,-0.008845170774624902,-0.008845170774624888,-0.00884517077462488,0.012421991268830349,0.011327903234373334,0.01206301212636671,-0.027914659475667663,-0.0024370927743878447,-0.012306072594377167,0.019662208382581578,0.0003642714371790027,0.09996572612692912,0.002582341398945444,0.00014279126663950054,0.020791988939386687,-0.02816564717033779,0.043928164219485706,0.033486442807041605,0.003023290211869538,-0.006315826486235772,0.02998240827898127,-0.009167508944623957,0.015908282121652382,0.03654254653011544,-0.026981434857232832,0.11754440600354223,1.420422551117607e-17,0.00501340130581061,-0.0008727272097117624,0.03420990956858599,-0.002181101488697192,0.01689265923058779,-0.0122570139994689,0.01284554493571415,-0.023088137833606172,-0.044412279434351186,-0.018350929717645917,-0.004254466162535918,0.0010140869102379063,0.025489503103667543,0.025489503103669764,0.008848884197071548,0.033685155405801734,-0.032301492568104676,-3.2603623046108866e-05,-0.00916750894462377,0.02442672123689655
track_genre_kids,-0.00884963583748543,-0.008849635837485405,-0.008849635837485418,-0.008849635837485426,-0.008849635837485438,-0.008849635837485458,-0.00884963583748542,-0.008849635837485412,-0.008849635837485452,-0.008849635837485471,-0.008849635837485437,-0.008849635837485442,-0.008849635837485449,-0.008849635837485447,-0.008849635837485447,-0.008849635837485477,-0.008849635837485473,-0.00884963583748546,-0.008849635837485435,-0.008849635837485452,-0.00884963583748546,-0.008849635837485466,-0.008849635837485463,-0.008849635837485464,-0.008849635837485447,-0.008849635837485442,-0.00884963583748546,-0.008849635837485449,-0.008849635837485433,-0.008849635837485426,-0.008849635837485431,-0.008849635837485466,-0.00884963583748547,-0.008849635837485435,-0.00884963583748547,-0.00884963583748547,-0.008849635837485437,-0.008849635837485466,-0.008849635837485435,-0.008849635837485464,-0.008849635837485485,-0.008849635837485461,-0.00884963583748548,-0.008849635837485466,-0.008849635837485504,-0.00884963583748548,-0.008849635837485454,-0.008849635837485478,-0.00884963583748549,-0.00884963583748547,-0.008849635837485435,-0.008849635837485435,-0.008849635837485433,-0.00884963583748541,-0.008849635837485418,-0.008849635837485407,-0.008849635837485367,-0.008849635837485426,-0.00884963583748536,-0.008849635837485385,-0.008849635837485405,-0.00884963583748543,-0.00884963583748546,-0.008849635837485452,-0.008849635837485426,-0.008845170774625136,1.0,-0.00884963583748538,-0.008849635837485378,-0.008849635837485402,-0.008849635837485404,-0.008849635837485409,-0.00884963583748542,-0.008849635837485431,-0.008849635837485388,-0.008849635837485376,-0.008849635837485369,-0.00884963583748531,-0.008849635837485286,-0.008849635837485331,-0.008849635837485291,-0.008849635837485319,-0.00884963583748529,-0.008849635837485282,-0.00884963583748532,-0.008849635837485348,-0.008849635837485336,-0.008849635837485367,-0.008849635837485314,-0.008849635837485319,-0.008849635837485317,-0.00884963583748529,-0.008849635837485301,-0.008849635837485288,-0.008849635837485272,-0.008849635837485265,-0.008849635837485223,-0.008849635837485194,-0.008849635837485223,-0.008849635837485244,-0.008849635837485239,-0.008849635837485246,-0.008849635837485176,-0.008849635837485189,-0.008849635837485182,-0.008849635837485154,-0.008849635837485199,-0.008849635837485171,-0.00884963583748517,-0.008849635837485185,-0.008849635837485175,-0.00884963583748516,-0.00884963583748517,-0.00884963583748518,-0.02577440232784889,-0.038131343754672885,-0.016061933859049898,0.06880450413318843,-0.014703062445987852,-0.017022733693628972,-0.056055327977044225,-0.0020297037307461865,-0.07739605184255346,0.009777711751970522,-0.005711988781714872,0.00791624309136583,-0.022841031638737665,0.11497663086746454,0.002614192606434852,0.06067313122193672,-0.021577852618510397,0.07503663196736556,-0.001245767808644656,-0.008259044510693748,0.11580558381777764,-0.027433065787431075,-0.08889028629768726,1.1778059149450927e-17,-0.01829248622017315,-0.0008661947190995777,0.06624291288333654,0.007707329096705048,0.008427078374024738,-0.026073057733782788,-0.010567320196832347,0.018286253343594475,-0.04143035819299768,-0.020516854576202795,-0.00040324943694463244,0.008911267016436833,-0.09242148793849116,-0.09242148793848978,0.005903161721104457,-0.007121834551127567,-0.03202138654053452,0.008349047363426348,-0.0012457678086446782,0.027154643052582614
track_genre_latin,-0.008849635837485374,-0.008849635837485348,-0.00884963583748536,-0.008849635837485369,-0.008849635837485376,-0.008849635837485395,-0.008849635837485355,-0.008849635837485352,-0.0088496358374854,-0.008849635837485407,-0.008849635837485373,-0.00884963583748538,-0.008849635837485397,-0.008849635837485388,-0.008849635837485386,-0.008849635837485412,-0.008849635837485409,-0.008849635837485404,-0.008849635837485373,-0.008849635837485399,-0.008849635837485404,-0.008849635837485409,-0.008849635837485404,-0.008849635837485412,-0.008849635837485386,-0.008849635837485381,-0.008849635837485404,-0.008849635837485386,-0.008849635837485373,-0.008849635837485367,-0.008849635837485373,-0.0088496358374854,-0.008849635837485405,-0.008849635837485376,-0.008849635837485402,-0.008849635837485407,-0.008849635837485376,-0.008849635837485397,-0.008849635837485376,-0.008849635837485404,-0.008849635837485431,-0.0088496358374854,-0.008849635837485421,-0.008849635837485407,-0.00884963583748544,-0.008849635837485418,-0.008849635837485397,-0.008849635837485418,-0.008849635837485431,-0.008849635837485414,-0.00884963583748539,-0.008849635837485376,-0.008849635837485383,-0.008849635837485369,-0.008849635837485369,-0.008849635837485364,-0.008849635837485333,-0.00884963583748537,-0.008849635837485333,-0.00884963583748535,-0.008849635837485355,-0.008849635837485386,-0.008849635837485399,-0.008849635837485399,-0.008849635837485367,-0.00884517077462507,-0.00884963583748538,1.0,-0.008849635837485395,-0.008849635837485431,-0.008849635837485431,-0.008849635837485431,-0.008849635837485447,-0.008849635837485449,-0.00884963583748542,-0.008849635837485399,-0.008849635837485397,-0.008849635837485338,-0.008849635837485301,-0.008849635837485359,-0.008849635837485315,-0.008849635837485338,-0.008849635837485305,-0.008849635837485293,-0.008849635837485327,-0.00884963583748537,-0.008849635837485366,-0.008849635837485381,-0.00884963583748532,-0.008849635837485333,-0.008849635837485338,-0.008849635837485308,-0.008849635837485326,-0.008849635837485317,-0.008849635837485291,-0.008849635837485286,-0.008849635837485244,-0.008849635837485216,-0.008849635837485244,-0.00884963583748526,-0.008849635837485268,-0.008849635837485268,-0.008849635837485203,-0.00884963583748521,-0.00884963583748521,-0.00884963583748518,-0.008849635837485222,-0.0088496358374852,-0.0088496358374852,-0.008849635837485211,-0.008849635837485213,-0.008849635837485185,-0.008849635837485192,-0.008849635837485213,-0.02230539320178462,-0.0025140016934734537,0.034071351751144695,-0.01057178121307609,-0.016373626643877516,-0.018951751235287494,-0.05083233409811246,-0.01721645791291565,-0.10519411169274098,0.012387087340343389,0.0056679756079142645,0.025104309998196014,0.2029222326334242,0.08407628983741197,0.05602736962497706,0.007536644759386499,-0.03721171288300798,0.05699760899748254,-0.0073286348204534835,0.03454642351552153,0.08206928567560967,-0.027395283532225378,-0.10700392442423685,-1.2947477109726996e-17,0.02440760486734622,-0.0008774358537926677,0.06877699527875321,-0.045267802394531244,0.025323004840246934,0.015979854224438948,0.03205079950057813,-0.017134861320321586,-0.04463445529086209,-0.01940099372027245,-0.007213108675115006,-0.003520701024962168,-0.005453754208598506,-0.005453754208597051,0.011816563053283618,0.061628019377705116,-0.032616593544646105,0.00834904736342635,-0.007328634820453615,0.030013307646844244
track_genre_latino,-0.008849635837485355,-0.008849635837485345,-0.008849635837485357,-0.008849635837485362,-0.008849635837485366,-0.00884963583748537,-0.00884963583748535,-0.00884963583748535,-0.008849635837485381,-0.008849635837485381,-0.008849635837485366,-0.00884963583748537,-0.008849635837485376,-0.008849635837485374,-0.008849635837485376,-0.008849635837485386,-0.008849635837485385,-0.008849635837485381,-0.008849635837485362,-0.008849635837485378,-0.008849635837485381,-0.008849635837485383,-0.00884963583748539,-0.008849635837485393,-0.008849635837485376,-0.00884963583748537,-0.008849635837485383,-0.00884963583748538,-0.00884963583748537,-0.008849635837485364,-0.00884963583748537,-0.008849635837485392,-0.008849635837485395,-0.008849635837485374,-0.008849635837485393,-0.008849635837485397,-0.008849635837485374,-0.008849635837485392,-0.008849635837485378,-0.008849635837485395,-0.00884963583748541,-0.008849635837485392,-0.008849635837485405,-0.008849635837485392,-0.008849635837485412,-0.008849635837485409,-0.008849635837485392,-0.008849635837485409,-0.00884963583748542,-0.008849635837485409,-0.008849635837485378,-0.008849635837485367,-0.00884963583748537,-0.008849635837485355,-0.00884963583748536,-0.008849635837485352,-0.008849635837485315,-0.008849635837485357,-0.008849635837485308,-0.008849635837485341,-0.008849635837485348,-0.008849635837485373,-0.008849635837485395,-0.008849635837485392,-0.008849635837485362,-0.008845170774625037,-0.008849635837485378,-0.008849635837485395,1.0,-0.00884963583748544,-0.00884963583748544,-0.008849635837485442,-0.008849635837485458,-0.00884963583748546,-0.00884963583748543,-0.008849635837485405,-0.008849635837485402,-0.00884963583748534,-0.008849635837485308,-0.008849635837485367,-0.008849635837485317,-0.008849635837485345,-0.008849635837485312,-0.008849635837485303,-0.008849635837485336,-0.008849635837485381,-0.008849635837485369,-0.008849635837485386,-0.008849635837485338,-0.008849635837485345,-0.008849635837485357,-0.00884963583748533,-0.00884963583748534,-0.00884963583748533,-0.008849635837485308,-0.008849635837485301,-0.008849635837485255,-0.008849635837485229,-0.008849635837485253,-0.00884963583748527,-0.008849635837485282,-0.00884963583748528,-0.008849635837485216,-0.008849635837485218,-0.008849635837485218,-0.008849635837485194,-0.008849635837485229,-0.008849635837485211,-0.008849635837485213,-0.00884963583748522,-0.008849635837485222,-0.008849635837485194,-0.008849635837485206,-0.008849635837485229,-0.022620757667790356,-0.005271473336921143,0.027056817962063943,-0.0013829008897400746,-0.01637362664387755,-0.02201157216343535,0.0046394629608886165,-0.01930091436929178,-0.03198116662531838,0.01760583851708954,0.007089478487009526,0.030189028304098857,0.16550478941240285,0.10313287339139968,0.057648567145677024,0.02648641171359378,-0.04037253613046362,0.05665355447890774,-0.008668814157121115,0.03457888522290635,0.08941862285965381,-0.02836453674478076,-0.04349863321234326,-1.8704322963014616e-17,0.025713711384296595,-0.0008776718615792148,0.07305000628200649,-0.04555058779395069,0.021261782148366812,0.05500495652166844,0.03381478275618416,-0.021635886940598217,-0.04497179790390133,-0.01994948612576489,-0.00844647651725992,-0.009341555824488505,-0.011172384420775503,-0.011172384420773451,0.009451202520411055,0.0634829902037313,-0.03291419704670194,-0.004229749497984744,-0.008668814157121249,0.032871972241105565
track_genre_malay,-0.0088496358374854,-0.008849635837485373,-0.008849635837485385,-0.008849635837485393,-0.008849635837485397,-0.00884963583748542,-0.008849635837485378,-0.008849635837485378,-0.008849635837485416,-0.00884963583748543,-0.008849635837485395,-0.0088496358374854,-0.008849635837485412,-0.00884963583748541,-0.008849635837485407,-0.008849635837485437,-0.008849635837485437,-0.008849635837485421,-0.008849635837485393,-0.008849635837485421,-0.008849635837485421,-0.008849635837485433,-0.008849635837485426,-0.008849635837485428,-0.008849635837485407,-0.008849635837485402,-0.008849635837485423,-0.008849635837485414,-0.008849635837485399,-0.008849635837485392,-0.008849635837485399,-0.008849635837485423,-0.008849635837485426,-0.0088496358374854,-0.008849635837485428,-0.008849635837485428,-0.0088496358374854,-0.008849635837485425,-0.008849635837485402,-0.008849635837485428,-0.008849635837485449,-0.008849635837485425,-0.00884963583748544,-0.008849635837485428,-0.008849635837485463,-0.00884963583748544,-0.008849635837485414,-0.008849635837485442,-0.008849635837485452,-0.008849635837485438,-0.008849635837485409,-0.008849635837485405,-0.008849635837485407,-0.00884963583748539,-0.008849635837485393,-0.008849635837485385,-0.008849635837485352,-0.008849635837485395,-0.008849635837485346,-0.008849635837485374,-0.008849635837485381,-0.008849635837485405,-0.008849635837485423,-0.008849635837485423,-0.008849635837485395,-0.008845170774625098,-0.008849635837485402,-0.008849635837485431,-0.00884963583748544,1.0,-0.008849635837485393,-0.008849635837485409,-0.008849635837485414,-0.008849635837485421,-0.00884963583748538,-0.008849635837485374,-0.008849635837485359,-0.008849635837485301,-0.008849635837485277,-0.008849635837485322,-0.008849635837485288,-0.008849635837485315,-0.008849635837485282,-0.008849635837485284,-0.008849635837485308,-0.008849635837485343,-0.008849635837485334,-0.008849635837485366,-0.008849635837485303,-0.008849635837485312,-0.008849635837485317,-0.008849635837485284,-0.008849635837485293,-0.00884963583748529,-0.008849635837485265,-0.008849635837485258,-0.008849635837485218,-0.00884963583748519,-0.008849635837485222,-0.008849635837485242,-0.008849635837485227,-0.008849635837485242,-0.008849635837485176,-0.008849635837485183,-0.008849635837485173,-0.008849635837485147,-0.008849635837485199,-0.008849635837485168,-0.008849635837485166,-0.008849635837485178,-0.008849635837485168,-0.008849635837485156,-0.008849635837485166,-0.008849635837485178,0.022476360971046053,0.032643761760484065,-0.008428470617991313,-0.032664195607479546,-0.003009113060760086,-0.011834341685029576,-0.01904411273150919,0.0009480912069339953,-0.01215011254921863,-0.028710578176530128,-0.004372546590239573,-0.021474695372557202,-0.04082224752406038,0.03350899082350952,-0.00214459719461507,-0.0032749141823580352,0.025239930304537344,0.009956226998363764,-0.008889832221915635,-0.006912629540891207,0.018231672991108203,-0.027328066891367367,-0.013833289265935802,1.6406121297571145e-17,-0.03266626412052542,-0.0008636300630721687,0.0017436568131668196,-0.0038554516795552608,0.024578964041734607,-0.016653205455140988,-0.02355717844631869,-0.0157649839576285,-0.04473345885314017,-0.019952154467197107,0.007266824131564728,-0.002526974630149863,0.03092579821542545,0.030925798215427708,-0.004740960676819602,-0.015640306531112445,-0.033211800548757726,-0.0021332833544162413,-0.008889832221915746,0.03573063683536787
track_genre_mandopop,-0.008849635837485395,-0.008849635837485364,-0.008849635837485376,-0.008849635837485393,-0.0088496358374854,-0.00884963583748542,-0.008849635837485383,-0.008849635837485385,-0.008849635837485418,-0.008849635837485431,-0.008849635837485399,-0.008849635837485404,-0.008849635837485414,-0.008849635837485414,-0.00884963583748541,-0.008849635837485437,-0.008849635837485425,-0.008849635837485423,-0.008849635837485397,-0.00884963583748542,-0.008849635837485423,-0.008849635837485428,-0.00884963583748543,-0.00884963583748543,-0.00884963583748541,-0.008849635837485405,-0.008849635837485423,-0.008849635837485414,-0.008849635837485404,-0.008849635837485399,-0.00884963583748539,-0.008849635837485423,-0.008849635837485428,-0.008849635837485393,-0.008849635837485426,-0.008849635837485431,-0.008849635837485409,-0.008849635837485423,-0.008849635837485395,-0.008849635837485428,-0.008849635837485449,-0.008849635837485425,-0.008849635837485438,-0.008849635837485433,-0.008849635837485464,-0.008849635837485442,-0.00884963583748542,-0.008849635837485442,-0.008849635837485454,-0.008849635837485442,-0.0088496358374854,-0.008849635837485395,-0.008849635837485395,-0.008849635837485378,-0.008849635837485386,-0.008849635837485374,-0.008849635837485322,-0.008849635837485383,-0.008849635837485319,-0.00884963583748536,-0.008849635837485373,-0.008849635837485397,-0.00884963583748543,-0.008849635837485426,-0.008849635837485385,-0.008845170774625079,-0.008849635837485404,-0.008849635837485431,-0.00884963583748544,-0.008849635837485393,1.0,-0.008849635837485416,-0.008849635837485437,-0.008849635837485437,-0.008849635837485404,-0.008849635837485381,-0.00884963583748538,-0.008849635837485317,-0.0088496358374853,-0.008849635837485343,-0.0088496358374853,-0.008849635837485322,-0.008849635837485293,-0.008849635837485288,-0.008849635837485327,-0.008849635837485364,-0.00884963583748535,-0.008849635837485374,-0.008849635837485319,-0.008849635837485326,-0.00884963583748532,-0.008849635837485294,-0.008849635837485312,-0.008849635837485301,-0.008849635837485279,-0.00884963583748527,-0.008849635837485232,-0.008849635837485197,-0.008849635837485232,-0.00884963583748525,-0.008849635837485251,-0.008849635837485253,-0.008849635837485187,-0.00884963583748519,-0.008849635837485194,-0.008849635837485161,-0.008849635837485206,-0.008849635837485182,-0.00884963583748518,-0.008849635837485199,-0.00884963583748519,-0.00884963583748517,-0.008849635837485176,-0.00884963583748519,-0.009690814561550333,0.07745267596650882,0.0031248791522590835,-0.05729821519769813,-0.015816771911247536,-0.023142375549924588,0.054438008047944866,0.009285917032438876,0.049709111213895374,0.008907919889179517,-0.0021674965003207806,-0.008475640166141553,-0.04107877846847888,-0.010987088284130508,0.0015368733443551256,-0.04018418630613801,0.04678760737773056,-0.04495773342541057,0.004167972911504294,0.029507639808716103,-0.04317321850023584,-0.02822965155188858,0.0567296804828516,-2.924001832072932e-17,-0.06363825020038508,-0.000854659830815885,-0.05704702051242358,0.013802925484190135,0.03790969501508439,-0.026073057733782757,-0.05346343602567501,0.025918427221454533,-0.04629601096151394,-0.026806678882754117,0.006214053109622325,0.0034489795952883364,0.03724456504382157,0.03724456504382369,0.011225222920065881,-0.012640445543588114,-0.03350940405081347,-0.004229749497984713,0.004167972911504251,0.038589301429629255
track_genre_metal,-0.0088496358374854,-0.008849635837485376,-0.008849635837485388,-0.008849635837485393,-0.0088496358374854,-0.008849635837485433,-0.008849635837485381,-0.008849635837485381,-0.00884963583748542,-0.008849635837485444,-0.008849635837485399,-0.008849635837485402,-0.008849635837485416,-0.008849635837485414,-0.00884963583748541,-0.008849635837485449,-0.008849635837485449,-0.008849635837485426,-0.008849635837485397,-0.008849635837485425,-0.008849635837485426,-0.00884963583748544,-0.008849635837485431,-0.008849635837485431,-0.008849635837485409,-0.008849635837485405,-0.008849635837485426,-0.008849635837485416,-0.0088496358374854,-0.008849635837485395,-0.0088496358374854,-0.008849635837485426,-0.00884963583748543,-0.008849635837485405,-0.00884963583748543,-0.00884963583748543,-0.008849635837485404,-0.008849635837485426,-0.008849635837485405,-0.008849635837485425,-0.00884963583748545,-0.008849635837485423,-0.008849635837485438,-0.008849635837485433,-0.008849635837485475,-0.008849635837485444,-0.008849635837485423,-0.00884963583748544,-0.008849635837485454,-0.00884963583748544,-0.00884963583748542,-0.00884963583748541,-0.00884963583748542,-0.008849635837485414,-0.00884963583748541,-0.008849635837485409,-0.008849635837485383,-0.00884963583748541,-0.008849635837485374,-0.008849635837485397,-0.008849635837485397,-0.008849635837485416,-0.008849635837485426,-0.008849635837485425,-0.0088496358374854,-0.008845170774625091,-0.008849635837485409,-0.008849635837485431,-0.008849635837485442,-0.008849635837485409,-0.008849635837485416,1.0,-0.008849635837485402,-0.008849635837485416,-0.008849635837485378,-0.008849635837485364,-0.008849635837485352,-0.008849635837485291,-0.008849635837485261,-0.008849635837485308,-0.008849635837485279,-0.00884963583748531,-0.008849635837485275,-0.008849635837485267,-0.0088496358374853,-0.008849635837485333,-0.008849635837485331,-0.008849635837485346,-0.0088496358374853,-0.008849635837485305,-0.008849635837485305,-0.008849635837485279,-0.008849635837485288,-0.008849635837485275,-0.008849635837485261,-0.008849635837485256,-0.00884963583748521,-0.008849635837485171,-0.008849635837485208,-0.008849635837485232,-0.008849635837485222,-0.008849635837485232,-0.008849635837485166,-0.008849635837485178,-0.00884963583748517,-0.008849635837485147,-0.008849635837485192,-0.008849635837485161,-0.00884963583748516,-0.008849635837485178,-0.008849635837485163,-0.00884963583748515,-0.008849635837485163,-0.008849635837485168,0.01806125844696448,0.01977556075772929,0.01901073508635337,-0.04595874586251849,-0.00022483939761062786,-0.01822005492638213,-0.020304835391941445,-0.01632311943161109,0.04414190760256919,0.006081096335108802,0.004995607393221124,0.055008696440516015,0.056908025707311044,-0.055569357031509996,0.0530001354189077,-0.01280464908715486,-0.07859778612521982,-0.02036690660122928,0.018074359130873827,-0.0016354368323880071,-0.04079788375055862,-0.027965811474117547,0.04801939799096066,-7.968230556008953e-18,0.08058979077255159,-0.0008838446464710847,0.011399006352693144,0.004565269103156156,-0.012592074183954412,0.019007663885430934,0.07438527562732036,-0.01008977774075789,-0.027790665219233728,-0.004148754094246705,0.0008484171465458126,-0.0021243882670544975,0.0369507258634042,0.03695072586340612,0.011816563053283923,0.05797960926747892,-0.029045351519975983,-0.004229749497984722,0.01807435913087383,0.04144796602389115
track_genre_metalcore,-0.008849635837485414,-0.008849635837485383,-0.008849635837485395,-0.008849635837485412,-0.008849635837485418,-0.008849635837485431,-0.008849635837485402,-0.008849635837485402,-0.008849635837485435,-0.00884963583748544,-0.008849635837485418,-0.008849635837485423,-0.00884963583748543,-0.008849635837485428,-0.00884963583748543,-0.008849635837485445,-0.008849635837485444,-0.00884963583748544,-0.008849635837485414,-0.008849635837485437,-0.00884963583748544,-0.008849635837485447,-0.008849635837485444,-0.008849635837485447,-0.00884963583748543,-0.008849635837485425,-0.00884963583748544,-0.008849635837485435,-0.008849635837485421,-0.008849635837485416,-0.008849635837485409,-0.008849635837485445,-0.008849635837485449,-0.008849635837485412,-0.008849635837485447,-0.008849635837485449,-0.008849635837485425,-0.008849635837485445,-0.008849635837485412,-0.008849635837485447,-0.008849635837485466,-0.008849635837485444,-0.008849635837485456,-0.008849635837485445,-0.008849635837485473,-0.008849635837485461,-0.008849635837485437,-0.008849635837485461,-0.008849635837485473,-0.00884963583748546,-0.008849635837485416,-0.00884963583748541,-0.008849635837485414,-0.008849635837485402,-0.008849635837485404,-0.008849635837485397,-0.008849635837485353,-0.008849635837485402,-0.008849635837485345,-0.008849635837485385,-0.008849635837485388,-0.008849635837485412,-0.008849635837485447,-0.008849635837485442,-0.008849635837485405,-0.00884517077462511,-0.00884963583748542,-0.008849635837485447,-0.008849635837485458,-0.008849635837485414,-0.008849635837485437,-0.008849635837485402,1.0,-0.008849635837485399,-0.00884963583748536,-0.008849635837485348,-0.008849635837485334,-0.008849635837485277,-0.008849635837485244,-0.008849635837485293,-0.008849635837485265,-0.008849635837485293,-0.008849635837485263,-0.008849635837485251,-0.008849635837485286,-0.008849635837485322,-0.008849635837485319,-0.008849635837485334,-0.008849635837485284,-0.008849635837485288,-0.008849635837485291,-0.008849635837485267,-0.008849635837485274,-0.00884963583748526,-0.008849635837485246,-0.008849635837485239,-0.0088496358374852,-0.008849635837485157,-0.008849635837485197,-0.008849635837485218,-0.008849635837485208,-0.00884963583748522,-0.00884963583748515,-0.008849635837485161,-0.008849635837485156,-0.008849635837485135,-0.008849635837485178,-0.008849635837485145,-0.008849635837485144,-0.008849635837485161,-0.008849635837485147,-0.00884963583748514,-0.008849635837485147,-0.008849635837485152,-0.01757492621169623,0.01540956398893698,0.0388164775496401,-0.03501029271130986,-0.011361934050208447,-0.0033200573632260794,0.006260392095729188,-0.021683150319434956,0.0431802997060676,0.0039066166781314355,-0.007456440173379399,-0.007935049563334262,-0.01881670244817493,-0.07751681699264915,0.07110157179090103,0.022783562211984524,-0.08617945057357947,-0.057752737075742515,0.02646147879690923,0.017243175034664507,-0.07185488489586683,-0.028595514149091388,0.04996869459771435,-9.747978291812857e-18,0.11749438990756439,-0.0008873362416845523,-0.004111215295653377,0.0035912305051559487,-0.04018358712879585,0.06913473493963118,0.102140756463751,-0.02261437077109274,-0.03353684325886668,0.022051542186596673,0.011134225045963687,-0.006021491012056406,0.010276235906352857,0.01027623590635491,0.005903161721104329,0.08595630742472161,-0.029938162026143314,-0.004229749497984718,0.02646147879690857,0.04430663061815209
track_genre_minimal-techno,-0.008849635837485416,-0.008849635837485388,-0.0088496358374854,-0.008849635837485418,-0.008849635837485426,-0.008849635837485447,-0.00884963583748541,-0.008849635837485407,-0.008849635837485435,-0.00884963583748546,-0.008849635837485423,-0.008849635837485428,-0.008849635837485433,-0.008849635837485433,-0.008849635837485435,-0.008849635837485464,-0.008849635837485466,-0.008849635837485438,-0.008849635837485423,-0.008849635837485438,-0.008849635837485438,-0.008849635837485456,-0.008849635837485449,-0.008849635837485447,-0.008849635837485435,-0.00884963583748543,-0.00884963583748544,-0.008849635837485431,-0.008849635837485428,-0.008849635837485423,-0.008849635837485414,-0.008849635837485445,-0.00884963583748545,-0.008849635837485418,-0.008849635837485445,-0.008849635837485456,-0.008849635837485431,-0.008849635837485442,-0.008849635837485423,-0.008849635837485447,-0.008849635837485463,-0.008849635837485444,-0.008849635837485456,-0.008849635837485452,-0.00884963583748549,-0.008849635837485468,-0.008849635837485445,-0.008849635837485461,-0.008849635837485475,-0.008849635837485463,-0.008849635837485426,-0.008849635837485416,-0.008849635837485421,-0.008849635837485402,-0.008849635837485412,-0.008849635837485397,-0.008849635837485352,-0.008849635837485409,-0.008849635837485352,-0.008849635837485378,-0.0088496358374854,-0.008849635837485425,-0.008849635837485454,-0.008849635837485447,-0.008849635837485412,-0.008845170774625103,-0.008849635837485431,-0.008849635837485449,-0.00884963583748546,-0.008849635837485421,-0.008849635837485437,-0.008849635837485416,-0.008849635837485399,1.0,-0.008849635837485381,-0.008849635837485376,-0.008849635837485364,-0.008849635837485301,-0.008849635837485279,-0.008849635837485326,-0.008849635837485288,-0.008849635837485317,-0.008849635837485282,-0.008849635837485284,-0.008849635837485312,-0.008849635837485343,-0.008849635837485334,-0.008849635837485364,-0.008849635837485308,-0.008849635837485314,-0.008849635837485317,-0.008849635837485286,-0.008849635837485296,-0.008849635837485291,-0.008849635837485265,-0.008849635837485263,-0.008849635837485222,-0.008849635837485194,-0.008849635837485223,-0.008849635837485244,-0.008849635837485229,-0.008849635837485244,-0.008849635837485176,-0.008849635837485185,-0.008849635837485176,-0.008849635837485152,-0.0088496358374852,-0.00884963583748517,-0.008849635837485168,-0.00884963583748518,-0.008849635837485168,-0.008849635837485157,-0.008849635837485168,-0.008849635837485178,0.09437945922037826,-0.013314098963643444,-0.038343394130247684,-0.05905778802557099,0.1373182795619742,0.021358063600751428,0.03345598091361552,-0.011856427025090955,0.0033030950507026537,0.011082399546156994,0.003971172357448503,-0.032234484065252526,-0.03672176070937358,0.0881380443693426,-0.028295813371257975,-0.01964297168420837,-0.06902199288094811,-0.06910327053730102,0.008159753970891468,-0.1004794458724105,-0.03692804420492493,-0.002997663158376433,0.0052876727918384535,1.4785809976390412e-17,0.006759237365822846,-0.0008778378006131792,-0.02146329726195427,9.282112510005215e-06,-0.0546923826997912,-0.027418750916445803,0.01454448587216797,-0.02124449340839967,0.17883924765312342,-0.03858760396050557,-0.0037505556222466713,0.0005474042502563811,0.1266753799610002,0.12667537996100214,0.010042542653629895,-0.045369607270190675,0.16052807928959156,0.018831378081269057,0.00815975397089107,0.04716529521241376
track_genre_mpb,-0.008849635837485392,-0.008849635837485348,-0.00884963583748536,-0.008849635837485378,-0.008849635837485385,-0.008849635837485407,-0.008849635837485367,-0.008849635837485362,-0.008849635837485407,-0.008849635837485418,-0.008849635837485385,-0.008849635837485388,-0.008849635837485404,-0.008849635837485395,-0.008849635837485397,-0.008849635837485423,-0.008849635837485421,-0.008849635837485409,-0.008849635837485381,-0.008849635837485414,-0.00884963583748541,-0.00884963583748542,-0.00884963583748541,-0.00884963583748542,-0.008849635837485395,-0.00884963583748539,-0.00884963583748541,-0.008849635837485402,-0.008849635837485381,-0.008849635837485376,-0.008849635837485374,-0.008849635837485414,-0.008849635837485418,-0.008849635837485378,-0.00884963583748542,-0.008849635837485416,-0.008849635837485383,-0.008849635837485416,-0.008849635837485378,-0.008849635837485418,-0.008849635837485438,-0.008849635837485416,-0.008849635837485426,-0.008849635837485412,-0.00884963583748545,-0.008849635837485428,-0.008849635837485405,-0.008849635837485431,-0.008849635837485442,-0.008849635837485423,-0.008849635837485386,-0.00884963583748538,-0.008849635837485381,-0.00884963583748537,-0.008849635837485373,-0.008849635837485366,-0.008849635837485324,-0.008849635837485369,-0.008849635837485319,-0.00884963583748535,-0.00884963583748536,-0.008849635837485383,-0.008849635837485405,-0.008849635837485407,-0.008849635837485373,-0.008845170774625108,-0.008849635837485388,-0.00884963583748542,-0.00884963583748543,-0.00884963583748538,-0.008849635837485404,-0.008849635837485378,-0.00884963583748536,-0.008849635837485381,1.0,-0.008849635837485392,-0.00884963583748539,-0.008849635837485333,-0.008849635837485308,-0.008849635837485353,-0.008849635837485308,-0.008849635837485336,-0.008849635837485307,-0.008849635837485293,-0.008849635837485336,-0.008849635837485373,-0.008849635837485364,-0.008849635837485385,-0.008849635837485326,-0.008849635837485336,-0.008849635837485334,-0.008849635837485303,-0.008849635837485322,-0.008849635837485317,-0.008849635837485288,-0.008849635837485282,-0.008849635837485246,-0.008849635837485211,-0.008849635837485242,-0.00884963583748526,-0.00884963583748526,-0.008849635837485263,-0.008849635837485199,-0.008849635837485208,-0.008849635837485204,-0.008849635837485178,-0.008849635837485218,-0.008849635837485196,-0.008849635837485192,-0.00884963583748521,-0.008849635837485206,-0.008849635837485183,-0.008849635837485194,-0.00884963583748521,-0.009375450095544474,0.016328721203419508,0.019835974355657,-0.022693282916199986,-0.011918788782838334,-0.0036526465945466843,0.10774856626049263,-0.0032208217058185785,0.03185610145121258,0.003254272781038228,0.008352154228775797,-0.016403548378858927,-0.022820990158705,0.003950280978099171,-0.01592631926312841,-0.024986559512002317,0.02997440638402851,0.02988718697025192,-0.006234144777927946,-0.028271979922743676,0.019669788350991722,-0.025374828817181883,0.0372491685593575,3.1305348170750823e-17,-0.03137421331700294,-0.000424557084073413,0.009385068520037752,0.0006691147111552832,0.018657639353572848,-0.027082327620780028,-0.02303710142858624,0.013002440658922672,-0.042725406495854906,0.0622167515936571,-0.00788818198653045,-0.006564174199337796,0.009303604029269084,0.009303604029270654,0.004720481454668485,-0.03190156955992602,-0.03261659354464586,-0.004229749497984713,-0.006234144777928164,0.05002395980667653
track_genre_new-age,-0.00884963583748537,-0.008849635837485345,-0.008849635837485357,-0.008849635837485357,-0.008849635837485367,-0.008849635837485395,-0.00884963583748535,-0.008849635837485348,-0.008849635837485383,-0.008849635837485409,-0.008849635837485366,-0.00884963583748537,-0.00884963583748538,-0.008849635837485374,-0.008849635837485378,-0.008849635837485414,-0.00884963583748541,-0.008849635837485388,-0.008849635837485364,-0.008849635837485395,-0.008849635837485388,-0.008849635837485407,-0.008849635837485392,-0.008849635837485395,-0.008849635837485378,-0.008849635837485373,-0.008849635837485388,-0.00884963583748538,-0.008849635837485367,-0.008849635837485362,-0.008849635837485369,-0.008849635837485388,-0.008849635837485393,-0.008849635837485373,-0.008849635837485393,-0.008849635837485397,-0.00884963583748537,-0.00884963583748539,-0.008849635837485374,-0.008849635837485392,-0.008849635837485418,-0.00884963583748539,-0.008849635837485407,-0.008849635837485393,-0.00884963583748544,-0.00884963583748541,-0.008849635837485393,-0.008849635837485407,-0.008849635837485423,-0.008849635837485404,-0.008849635837485374,-0.008849635837485366,-0.008849635837485373,-0.008849635837485362,-0.008849635837485364,-0.008849635837485357,-0.008849635837485301,-0.008849635837485359,-0.008849635837485298,-0.008849635837485341,-0.00884963583748535,-0.00884963583748537,-0.008849635837485393,-0.008849635837485388,-0.008849635837485364,-0.008845170774625086,-0.008849635837485376,-0.008849635837485399,-0.008849635837485405,-0.008849635837485374,-0.008849635837485381,-0.008849635837485364,-0.008849635837485348,-0.008849635837485376,-0.008849635837485392,1.0,-0.008849635837485395,-0.008849635837485338,-0.008849635837485312,-0.00884963583748536,-0.008849635837485314,-0.008849635837485341,-0.008849635837485312,-0.008849635837485298,-0.008849635837485341,-0.008849635837485378,-0.008849635837485369,-0.00884963583748539,-0.00884963583748533,-0.008849635837485341,-0.00884963583748534,-0.008849635837485308,-0.008849635837485327,-0.008849635837485322,-0.008849635837485291,-0.008849635837485286,-0.008849635837485251,-0.008849635837485216,-0.008849635837485246,-0.008849635837485265,-0.008849635837485265,-0.008849635837485268,-0.008849635837485204,-0.008849635837485211,-0.00884963583748521,-0.008849635837485183,-0.008849635837485223,-0.008849635837485199,-0.008849635837485197,-0.008849635837485215,-0.008849635837485211,-0.008849635837485189,-0.008849635837485197,-0.008849635837485216,0.03540630407728603,0.013111670952729913,-0.01936289093626441,-0.03422826034336659,0.05546063386537899,0.11740983360609797,-0.015622151224622691,0.05037948717242602,-0.017603441541221336,-0.03980042442711529,-0.016747827707131156,0.016074863611557674,-0.02894967475269924,-0.11835953952169612,-0.19193912412335426,-0.034693527253725764,0.14403242394645693,-0.10555265732742669,-0.04452541467235771,0.06002673511781454,-0.10030466488851084,0.2775717972543376,-0.021303051741741116,-1.448178741708337e-17,-0.1282539299101174,-0.0005883725204945593,-0.1679609954236383,-0.0022530010828453106,-0.04554688121807387,-0.027082327620779917,-0.15965522053308911,0.002826208821775395,0.16926116925279516,-0.006455090538746409,0.011310444249407588,0.00032689140196785906,0.06402721592818984,0.06402721592818997,-0.024255185073011755,-0.16111756088111198,0.1646945283183728,-0.004229749497984706,-0.04452541467235771,0.0528826244009383
track_genre_opera,-0.008849635837485362,-0.008849635837485324,-0.008849635837485338,-0.008849635837485355,-0.00884963583748536,-0.008849635837485376,-0.008849635837485345,-0.008849635837485343,-0.008849635837485378,-0.008849635837485386,-0.00884963583748536,-0.008849635837485366,-0.008849635837485374,-0.008849635837485373,-0.008849635837485373,-0.008849635837485393,-0.008849635837485392,-0.008849635837485383,-0.008849635837485359,-0.008849635837485383,-0.008849635837485383,-0.008849635837485393,-0.008849635837485388,-0.00884963583748539,-0.008849635837485373,-0.008849635837485367,-0.008849635837485385,-0.00884963583748537,-0.008849635837485362,-0.008849635837485357,-0.00884963583748535,-0.008849635837485386,-0.00884963583748539,-0.008849635837485353,-0.008849635837485386,-0.008849635837485393,-0.008849635837485366,-0.008849635837485383,-0.00884963583748536,-0.008849635837485392,-0.008849635837485414,-0.008849635837485388,-0.008849635837485402,-0.00884963583748539,-0.00884963583748542,-0.008849635837485405,-0.008849635837485383,-0.008849635837485405,-0.008849635837485418,-0.008849635837485399,-0.008849635837485362,-0.008849635837485359,-0.008849635837485353,-0.008849635837485345,-0.008849635837485346,-0.00884963583748534,-0.008849635837485282,-0.00884963583748535,-0.008849635837485279,-0.008849635837485317,-0.008849635837485333,-0.008849635837485357,-0.008849635837485388,-0.008849635837485383,-0.00884963583748535,-0.008845170774625082,-0.008849635837485369,-0.008849635837485397,-0.008849635837485402,-0.008849635837485359,-0.00884963583748538,-0.008849635837485352,-0.008849635837485334,-0.008849635837485364,-0.00884963583748539,-0.008849635837485395,1.0,-0.008849635837485373,-0.00884963583748533,-0.008849635837485392,-0.008849635837485343,-0.008849635837485364,-0.008849635837485334,-0.008849635837485333,-0.008849635837485359,-0.008849635837485397,-0.00884963583748539,-0.008849635837485414,-0.00884963583748535,-0.008849635837485362,-0.00884963583748538,-0.008849635837485352,-0.008849635837485355,-0.008849635837485355,-0.008849635837485333,-0.00884963583748532,-0.008849635837485282,-0.00884963583748525,-0.008849635837485277,-0.008849635837485284,-0.0088496358374853,-0.008849635837485305,-0.00884963583748524,-0.008849635837485244,-0.008849635837485242,-0.00884963583748522,-0.008849635837485256,-0.008849635837485234,-0.008849635837485234,-0.008849635837485244,-0.008849635837485246,-0.00884963583748522,-0.008849635837485229,-0.00884963583748525,-0.00022988058137500065,0.015179774685316241,0.001680710430977851,-0.013895418776835903,-0.001338548862870321,0.06180091412931778,-0.038045004256588695,0.046806133247209815,-0.03634636036601677,-0.05002047881490994,-0.004989325306867542,-0.032546624245953094,-0.018075167686965717,-0.13727328678592457,-0.09944813429726307,-0.03400354700755866,0.13580239106811617,-0.09392040700421088,-0.05197569916262244,0.05744852706939072,-0.09967297797440149,0.04088146421395635,-0.04278070362049319,-4.1947932834072694e-18,-0.10678822702703629,-0.0007617890833326679,-0.14570033700609686,-0.014569876257557447,-0.030790072047574946,-0.028428020803442956,-0.12129998993290263,0.020830311302881908,0.0020860323571444276,0.0031028590573947213,0.01398643304770437,-0.005498883835154182,0.005972994556739722,0.005972994556740574,-0.0278032258723201,-0.09261684947279268,0.0010126021876634176,-0.004229749497984695,-0.051975699162622464,0.05574128899520028
track_genre_pagode,-0.008849635837485305,-0.008849635837485268,-0.00884963583748528,-0.008849635837485293,-0.008849635837485303,-0.008849635837485327,-0.008849635837485284,-0.008849635837485284,-0.008849635837485317,-0.008849635837485341,-0.008849635837485301,-0.008849635837485307,-0.008849635837485314,-0.008849635837485312,-0.008849635837485314,-0.008849635837485346,-0.008849635837485341,-0.008849635837485326,-0.0088496358374853,-0.00884963583748533,-0.008849635837485326,-0.008849635837485341,-0.008849635837485327,-0.00884963583748533,-0.008849635837485314,-0.008849635837485308,-0.008849635837485326,-0.008849635837485315,-0.008849635837485303,-0.008849635837485298,-0.008849635837485293,-0.008849635837485326,-0.008849635837485331,-0.008849635837485296,-0.008849635837485333,-0.008849635837485333,-0.008849635837485308,-0.00884963583748533,-0.0088496358374853,-0.008849635837485327,-0.008849635837485355,-0.008849635837485324,-0.008849635837485343,-0.008849635837485331,-0.008849635837485373,-0.008849635837485345,-0.008849635837485322,-0.008849635837485341,-0.008849635837485359,-0.00884963583748534,-0.008849635837485308,-0.008849635837485305,-0.008849635837485305,-0.008849635837485294,-0.008849635837485298,-0.00884963583748529,-0.008849635837485229,-0.008849635837485294,-0.008849635837485211,-0.008849635837485272,-0.008849635837485284,-0.008849635837485305,-0.00884963583748533,-0.008849635837485324,-0.008849635837485288,-0.008845170774625084,-0.00884963583748531,-0.008849635837485338,-0.00884963583748534,-0.008849635837485301,-0.008849635837485317,-0.008849635837485291,-0.008849635837485277,-0.008849635837485301,-0.008849635837485333,-0.008849635837485338,-0.008849635837485373,1.0,-0.008849635837485312,-0.008849635837485376,-0.00884963583748533,-0.008849635837485348,-0.008849635837485319,-0.008849635837485315,-0.008849635837485343,-0.008849635837485385,-0.008849635837485381,-0.008849635837485399,-0.008849635837485338,-0.008849635837485348,-0.008849635837485364,-0.008849635837485334,-0.008849635837485346,-0.008849635837485338,-0.008849635837485317,-0.008849635837485307,-0.008849635837485267,-0.008849635837485234,-0.008849635837485261,-0.008849635837485268,-0.008849635837485284,-0.00884963583748529,-0.008849635837485229,-0.008849635837485229,-0.008849635837485229,-0.0088496358374852,-0.00884963583748524,-0.00884963583748522,-0.008849635837485218,-0.008849635837485229,-0.008849635837485229,-0.0088496358374852,-0.008849635837485213,-0.008849635837485235,-0.009060085629538734,-0.001824633782611571,0.02458110015415285,-0.014677451144779302,-0.00412282252601984,-0.04555888974092369,0.10540722417683293,-0.0059008371497295264,0.04664293164917229,0.020215214105462342,-0.00310457661056237,-0.013160004762015322,-0.023730873352188903,0.005920717081604945,0.018521205433252693,-0.019454172447281544,0.0632199299417417,0.07761802055210035,0.014785206022332093,-0.034145866475649045,0.053223503143817574,-0.028632079295218223,0.05222198666372428,1.864769610950975e-18,0.017078872414973648,-0.0008787044957560724,0.06462906264878557,-0.0019702156834258758,-0.0280929241529669,-0.023718094664122075,0.0264568426355109,0.011436866530130653,-0.047251359603536554,0.15135907150498787,0.0019508223253139772,-0.002017569049815714,0.006876499450032074,0.006876499450033868,0.012999243319718292,0.005698363300341504,-0.03350940405081326,-0.004229749497984688,0.014785206022332126,0.058599953589461726
track_genre_party,-0.008849635837485261,-0.008849635837485246,-0.008849635837485258,-0.008849635837485275,-0.008849635837485277,-0.008849635837485286,-0.008849635837485263,-0.008849635837485258,-0.008849635837485286,-0.008849635837485298,-0.008849635837485274,-0.00884963583748528,-0.008849635837485282,-0.008849635837485284,-0.008849635837485288,-0.008849635837485305,-0.008849635837485296,-0.00884963583748529,-0.008849635837485274,-0.008849635837485284,-0.008849635837485291,-0.008849635837485298,-0.008849635837485301,-0.008849635837485298,-0.008849635837485286,-0.008849635837485282,-0.008849635837485291,-0.008849635837485296,-0.008849635837485279,-0.008849635837485274,-0.008849635837485272,-0.008849635837485301,-0.008849635837485307,-0.008849635837485275,-0.00884963583748531,-0.008849635837485307,-0.008849635837485282,-0.008849635837485307,-0.008849635837485277,-0.008849635837485314,-0.008849635837485319,-0.00884963583748531,-0.008849635837485312,-0.008849635837485303,-0.008849635837485331,-0.008849635837485319,-0.008849635837485301,-0.008849635837485327,-0.008849635837485331,-0.008849635837485319,-0.00884963583748527,-0.008849635837485261,-0.008849635837485274,-0.008849635837485263,-0.008849635837485267,-0.008849635837485258,-0.008849635837485211,-0.008849635837485258,-0.008849635837485196,-0.00884963583748524,-0.008849635837485253,-0.008849635837485267,-0.008849635837485305,-0.008849635837485303,-0.008849635837485261,-0.008845170774625091,-0.008849635837485286,-0.008849635837485301,-0.008849635837485308,-0.008849635837485277,-0.0088496358374853,-0.008849635837485261,-0.008849635837485244,-0.008849635837485279,-0.008849635837485308,-0.008849635837485312,-0.00884963583748533,-0.008849635837485312,1.0,-0.008849635837485388,-0.008849635837485338,-0.008849635837485366,-0.00884963583748533,-0.008849635837485327,-0.008849635837485359,-0.008849635837485402,-0.008849635837485381,-0.008849635837485407,-0.008849635837485352,-0.00884963583748536,-0.008849635837485378,-0.008849635837485348,-0.008849635837485355,-0.008849635837485352,-0.008849635837485326,-0.008849635837485314,-0.008849635837485284,-0.00884963583748525,-0.008849635837485272,-0.008849635837485284,-0.008849635837485294,-0.008849635837485305,-0.008849635837485239,-0.008849635837485239,-0.008849635837485242,-0.008849635837485223,-0.008849635837485251,-0.008849635837485232,-0.00884963583748523,-0.00884963583748524,-0.008849635837485237,-0.008849635837485216,-0.008849635837485229,-0.008849635837485251,-0.02955877591991885,-0.028709982306225606,0.03345242229916701,0.016212827388988518,-0.014703062445987673,0.0008705669514118327,-0.05578517312123686,-0.00709195512480093,-0.051694128503601916,0.013039431237436592,0.001165226264634595,-0.018645076777946787,0.011870811777868211,0.054418922668525244,0.0719586799328945,0.002398493990057824,-0.06285390441037866,0.07517128566051431,0.028721262360435137,0.03298180616402472,0.08127406973873608,-0.028756836050622327,-0.0636665024722228,-7.482137159654724e-17,0.09522259600434807,-0.0008849347692919051,0.10067375880337939,0.02674821265761234,0.030841307429214985,-0.013625395794148785,0.08596589208583576,0.023765762794366662,-0.04691037219995863,0.03665747492815136,-0.012986175445256999,-0.0036457952474222557,-0.023621700492648143,-0.02362170049264621,0.010042542653628493,0.09138665132298773,-0.03350940405081341,0.03979603951695429,0.028721262360434437,0.06145861818372327
track_genre_piano,-0.00884963583748533,-0.00884963583748529,-0.008849635837485301,-0.008849635837485319,-0.008849635837485324,-0.00884963583748535,-0.008849635837485307,-0.008849635837485305,-0.008849635837485346,-0.00884963583748536,-0.008849635837485324,-0.00884963583748533,-0.008849635837485341,-0.008849635837485338,-0.008849635837485336,-0.008849635837485367,-0.008849635837485362,-0.008849635837485348,-0.008849635837485322,-0.008849635837485352,-0.008849635837485348,-0.008849635837485362,-0.008849635837485353,-0.008849635837485357,-0.008849635837485336,-0.008849635837485331,-0.008849635837485348,-0.008849635837485341,-0.008849635837485324,-0.008849635837485319,-0.008849635837485315,-0.008849635837485352,-0.008849635837485355,-0.008849635837485319,-0.008849635837485355,-0.008849635837485357,-0.008849635837485327,-0.008849635837485352,-0.008849635837485324,-0.008849635837485353,-0.008849635837485374,-0.00884963583748535,-0.008849635837485362,-0.008849635837485355,-0.008849635837485395,-0.008849635837485369,-0.008849635837485346,-0.008849635837485367,-0.008849635837485374,-0.008849635837485364,-0.00884963583748532,-0.00884963583748531,-0.008849635837485317,-0.008849635837485305,-0.00884963583748531,-0.0088496358374853,-0.008849635837485258,-0.008849635837485307,-0.00884963583748525,-0.008849635837485286,-0.008849635837485296,-0.008849635837485315,-0.00884963583748535,-0.008849635837485348,-0.00884963583748531,-0.008845170774625061,-0.008849635837485331,-0.008849635837485359,-0.008849635837485367,-0.008849635837485322,-0.008849635837485343,-0.008849635837485308,-0.008849635837485293,-0.008849635837485326,-0.008849635837485353,-0.00884963583748536,-0.008849635837485392,-0.008849635837485376,-0.008849635837485388,1.0,-0.008849635837485326,-0.008849635837485341,-0.008849635837485315,-0.00884963583748531,-0.00884963583748534,-0.00884963583748538,-0.008849635837485374,-0.008849635837485392,-0.008849635837485334,-0.008849635837485341,-0.008849635837485357,-0.00884963583748533,-0.008849635837485341,-0.008849635837485334,-0.008849635837485312,-0.008849635837485301,-0.008849635837485261,-0.00884963583748523,-0.008849635837485255,-0.008849635837485267,-0.008849635837485279,-0.008849635837485282,-0.008849635837485222,-0.008849635837485223,-0.008849635837485222,-0.008849635837485197,-0.008849635837485235,-0.008849635837485211,-0.008849635837485211,-0.008849635837485222,-0.008849635837485225,-0.008849635837485194,-0.008849635837485206,-0.00884963583748523,-0.015367374949655606,-0.001594844478990871,-0.001207627011584568,0.016799351664945953,-0.013589352980727885,0.06466118151867366,0.029493709695116162,0.03042826108997085,0.05075507068026514,-0.03153740173060086,-0.0058364033726226935,0.025043239093276486,-0.015766389187200705,-0.06055084717191887,-0.16376068623644863,-0.0336324435121668,0.11035417193689633,-0.058346214792026646,-0.012749900547976725,0.0724037814310811,-0.06372993304785687,0.212108378804656,0.055168881720381646,9.107947976406388e-18,-0.09276094947641118,-0.0005946813331422001,-0.10710193629937809,0.008964153094124636,-0.017366335974409952,-0.02472736455111949,-0.12015981907535082,0.016916375980902423,0.10951179467670419,-0.033943256870431766,0.005063975027214716,-0.002771100845956717,-0.02273752930582784,-0.022737529305826485,-0.0059236409432561555,-0.12043838678982406,0.12779169406344723,-0.004229749497984705,-0.012749900547976468,0.06431728277798472
track_genre_pop,-0.00884963583748528,-0.008849635837485255,-0.008849635837485267,-0.008849635837485274,-0.00884963583748528,-0.008849635837485301,-0.008849635837485267,-0.008849635837485265,-0.008849635837485294,-0.008849635837485312,-0.00884963583748528,-0.008849635837485284,-0.00884963583748529,-0.008849635837485293,-0.008849635837485293,-0.008849635837485317,-0.008849635837485314,-0.0088496358374853,-0.008849635837485277,-0.008849635837485303,-0.008849635837485301,-0.008849635837485314,-0.008849635837485308,-0.008849635837485307,-0.008849635837485291,-0.008849635837485286,-0.008849635837485301,-0.008849635837485298,-0.008849635837485284,-0.008849635837485279,-0.00884963583748528,-0.008849635837485308,-0.008849635837485312,-0.008849635837485284,-0.008849635837485308,-0.008849635837485312,-0.008849635837485288,-0.008849635837485307,-0.008849635837485286,-0.008849635837485312,-0.008849635837485333,-0.00884963583748531,-0.008849635837485322,-0.008849635837485312,-0.008849635837485345,-0.008849635837485324,-0.008849635837485305,-0.008849635837485326,-0.008849635837485338,-0.008849635837485322,-0.00884963583748529,-0.00884963583748529,-0.008849635837485291,-0.00884963583748528,-0.008849635837485282,-0.008849635837485277,-0.008849635837485234,-0.008849635837485277,-0.00884963583748522,-0.008849635837485261,-0.00884963583748527,-0.008849635837485286,-0.008849635837485308,-0.008849635837485307,-0.008849635837485275,-0.008845170774625018,-0.008849635837485291,-0.008849635837485315,-0.008849635837485317,-0.008849635837485288,-0.0088496358374853,-0.008849635837485279,-0.008849635837485265,-0.008849635837485288,-0.008849635837485308,-0.008849635837485314,-0.008849635837485343,-0.00884963583748533,-0.008849635837485338,-0.008849635837485326,1.0,-0.008849635837485331,-0.008849635837485314,-0.00884963583748531,-0.008849635837485336,-0.008849635837485378,-0.00884963583748537,-0.008849635837485392,-0.008849635837485333,-0.008849635837485341,-0.008849635837485359,-0.008849635837485331,-0.008849635837485338,-0.008849635837485334,-0.00884963583748531,-0.0088496358374853,-0.008849635837485261,-0.008849635837485227,-0.008849635837485258,-0.008849635837485263,-0.008849635837485277,-0.008849635837485284,-0.008849635837485222,-0.008849635837485223,-0.008849635837485223,-0.008849635837485199,-0.008849635837485237,-0.008849635837485213,-0.00884963583748521,-0.00884963583748522,-0.008849635837485222,-0.008849635837485196,-0.00884963583748521,-0.008849635837485229,-0.007483263299509481,0.0011626271644567731,0.0115835816626212,-0.002164933257683658,-0.01470306244598769,-0.029195499559956945,-0.04497897888896322,-0.00262526271827996,0.060468153950630835,-0.010010053126524403,0.002382900984157596,3.8096356731041275e-05,0.028372966436778623,0.03449773235110091,0.02440935113411904,-0.00416134528391329,0.00814368914726713,0.011668081467602533,-0.0038303536608541872,0.022229593626131215,0.01949028423948444,-0.02763845208258441,0.06369470027780837,-1.6138163679545258e-17,-0.02335438113109529,-0.0008656704315128529,0.008049897385305751,-0.009354056668266103,0.02495098444099098,-0.0038691202198414625,-0.013069995984642872,-0.025158428730378962,-0.04468025192459967,-0.027324930085348535,0.0032075843940525236,-0.013694204289915742,-3.9205951858759505e-05,-3.920595185766424e-05,-0.0053323008100389455,0.016932842175325147,-0.03291419704670162,0.0020596489327208696,-0.0038303536608540537,0.06718166470143441
track_genre_pop-film,-0.0088496358374853,-0.008849635837485284,-0.008849635837485296,-0.0088496358374853,-0.008849635837485307,-0.008849635837485324,-0.008849635837485291,-0.00884963583748529,-0.008849635837485322,-0.008849635837485334,-0.008849635837485307,-0.00884963583748531,-0.008849635837485319,-0.008849635837485315,-0.008849635837485319,-0.00884963583748534,-0.00884963583748534,-0.008849635837485326,-0.008849635837485305,-0.008849635837485322,-0.008849635837485327,-0.008849635837485334,-0.008849635837485331,-0.008849635837485334,-0.008849635837485317,-0.008849635837485312,-0.008849635837485327,-0.008849635837485319,-0.008849635837485308,-0.008849635837485303,-0.00884963583748531,-0.008849635837485333,-0.008849635837485334,-0.008849635837485314,-0.008849635837485336,-0.008849635837485338,-0.008849635837485312,-0.008849635837485333,-0.008849635837485315,-0.008849635837485334,-0.008849635837485352,-0.008849635837485331,-0.008849635837485346,-0.008849635837485334,-0.008849635837485367,-0.00884963583748535,-0.008849635837485333,-0.008849635837485348,-0.00884963583748536,-0.008849635837485345,-0.008849635837485317,-0.0088496358374853,-0.008849635837485301,-0.008849635837485288,-0.008849635837485293,-0.008849635837485282,-0.008849635837485229,-0.008849635837485291,-0.008849635837485218,-0.008849635837485263,-0.00884963583748528,-0.008849635837485314,-0.008849635837485333,-0.00884963583748533,-0.00884963583748531,-0.008845170774625028,-0.008849635837485319,-0.008849635837485338,-0.008849635837485345,-0.008849635837485315,-0.008849635837485322,-0.00884963583748531,-0.008849635837485293,-0.008849635837485317,-0.008849635837485336,-0.008849635837485341,-0.008849635837485364,-0.008849635837485348,-0.008849635837485366,-0.008849635837485341,-0.008849635837485331,1.0,-0.008849635837485319,-0.008849635837485319,-0.008849635837485346,-0.008849635837485393,-0.008849635837485373,-0.008849635837485402,-0.008849635837485343,-0.00884963583748535,-0.008849635837485369,-0.008849635837485343,-0.008849635837485346,-0.008849635837485341,-0.00884963583748532,-0.008849635837485307,-0.008849635837485272,-0.008849635837485239,-0.008849635837485261,-0.008849635837485277,-0.008849635837485288,-0.008849635837485296,-0.008849635837485234,-0.008849635837485232,-0.008849635837485232,-0.008849635837485211,-0.008849635837485244,-0.008849635837485225,-0.008849635837485225,-0.008849635837485235,-0.00884963583748523,-0.00884963583748521,-0.008849635837485222,-0.008849635837485242,0.06536592834784158,0.04183533390530983,-0.01895027130161249,-0.05592965855379696,-0.0063502414565394,-0.0182200549263824,-0.017243080359463054,-0.0011363652494401275,0.10984334537319387,-0.0010946865329166998,-0.0005606952943414938,-0.04006965497790673,-0.03753143650269379,0.016449404960117042,0.007244873517527295,-0.018324135167259933,0.0355865550122015,0.020024738286299984,-0.015345670356100115,-0.004129363475424654,0.01795260183929908,-0.02624341813275933,0.12774933800356694,-2.109521642324411e-17,-0.023937796147792956,-0.0008676494562608037,0.009730326398362585,-0.006431940874265448,0.02240884504607364,-0.028428020803442932,-0.01377128825700292,-0.015764983957627477,-0.0449545403326304,-0.02330205948030861,0.0024749357369245497,-0.002478035207836743,0.06128497100592008,0.06128497100592062,0.007677182120756076,-0.004305288035738835,-0.03350940405081331,0.0020596489327208705,-0.015345670356099845,0.07003175330191386
track_genre_power-pop,-0.00884963583748527,-0.008849635837485248,-0.00884963583748526,-0.00884963583748527,-0.008849635837485279,-0.008849635837485294,-0.008849635837485263,-0.00884963583748526,-0.00884963583748529,-0.008849635837485303,-0.008849635837485277,-0.008849635837485284,-0.008849635837485284,-0.008849635837485288,-0.00884963583748529,-0.008849635837485308,-0.008849635837485305,-0.008849635837485293,-0.008849635837485277,-0.008849635837485293,-0.008849635837485293,-0.008849635837485305,-0.008849635837485303,-0.008849635837485301,-0.00884963583748529,-0.008849635837485286,-0.008849635837485294,-0.008849635837485293,-0.00884963583748528,-0.008849635837485274,-0.008849635837485274,-0.008849635837485305,-0.00884963583748531,-0.008849635837485275,-0.00884963583748531,-0.00884963583748531,-0.008849635837485284,-0.008849635837485305,-0.00884963583748528,-0.008849635837485308,-0.008849635837485322,-0.008849635837485305,-0.008849635837485314,-0.008849635837485305,-0.008849635837485336,-0.008849635837485322,-0.008849635837485303,-0.008849635837485322,-0.008849635837485327,-0.008849635837485317,-0.008849635837485288,-0.008849635837485275,-0.008849635837485277,-0.008849635837485265,-0.00884963583748527,-0.008849635837485261,-0.008849635837485218,-0.00884963583748527,-0.008849635837485213,-0.008849635837485248,-0.008849635837485258,-0.008849635837485282,-0.008849635837485305,-0.0088496358374853,-0.008849635837485275,-0.008845170774625006,-0.00884963583748529,-0.008849635837485305,-0.008849635837485312,-0.008849635837485282,-0.008849635837485293,-0.008849635837485275,-0.008849635837485263,-0.008849635837485282,-0.008849635837485307,-0.008849635837485312,-0.008849635837485334,-0.008849635837485319,-0.00884963583748533,-0.008849635837485315,-0.008849635837485314,-0.008849635837485319,1.0,-0.00884963583748531,-0.00884963583748534,-0.008849635837485386,-0.008849635837485364,-0.008849635837485395,-0.008849635837485334,-0.008849635837485343,-0.008849635837485362,-0.008849635837485333,-0.008849635837485338,-0.008849635837485333,-0.008849635837485312,-0.008849635837485298,-0.008849635837485263,-0.00884963583748523,-0.008849635837485253,-0.00884963583748527,-0.00884963583748528,-0.00884963583748529,-0.008849635837485225,-0.008849635837485223,-0.008849635837485223,-0.008849635837485204,-0.008849635837485237,-0.008849635837485215,-0.008849635837485218,-0.008849635837485229,-0.008849635837485223,-0.008849635837485203,-0.008849635837485213,-0.008849635837485232,-0.022936122133796016,-0.015841781303470175,-0.011316808060554052,0.0433884521750242,-0.014146207713357763,-0.014362019843064901,-0.05209305675854256,-0.027043181207258595,-0.026742934136480434,0.013474327168832,-0.0024401497527356984,-0.008441711885630612,-0.013549801495586022,-0.05062456524714136,0.029609161727608118,-0.02377030806582517,-0.06489769539197791,0.05098155339953917,0.03923773631289052,-0.03098910680664828,0.004845551727641644,-0.02723840120977702,-0.036684406768317024,2.602876983868732e-17,0.06386245698164285,-0.0008819371013167332,0.05225918280569946,0.019395792272707452,0.02519899804049508,-0.017662475342138117,0.059954385365995094,0.0292452722451382,-0.02800838936682506,0.0047892508424976915,0.005462028908414614,0.005534882125298041,-0.04796289354279476,-0.04796289354279363,0.01359058345293554,0.02740757801262909,-0.027557334009696698,-0.004229749497984713,0.03923773631288977,0.07289041789617484
track_genre_progressive-house,-0.008849635837485265,-0.00884963583748525,-0.008849635837485261,-0.008849635837485263,-0.008849635837485263,-0.008849635837485291,-0.008849635837485258,-0.008849635837485255,-0.008849635837485282,-0.008849635837485301,-0.008849635837485261,-0.008849635837485267,-0.008849635837485277,-0.00884963583748527,-0.008849635837485274,-0.008849635837485307,-0.008849635837485305,-0.008849635837485284,-0.00884963583748526,-0.00884963583748529,-0.008849635837485284,-0.008849635837485301,-0.008849635837485288,-0.008849635837485294,-0.008849635837485274,-0.008849635837485268,-0.008849635837485284,-0.008849635837485279,-0.008849635837485275,-0.008849635837485268,-0.008849635837485274,-0.008849635837485291,-0.008849635837485294,-0.008849635837485279,-0.008849635837485291,-0.008849635837485294,-0.008849635837485279,-0.008849635837485288,-0.00884963583748528,-0.008849635837485296,-0.00884963583748531,-0.008849635837485293,-0.008849635837485303,-0.00884963583748529,-0.008849635837485334,-0.008849635837485307,-0.008849635837485296,-0.00884963583748531,-0.008849635837485317,-0.008849635837485312,-0.00884963583748528,-0.008849635837485265,-0.008849635837485265,-0.008849635837485256,-0.008849635837485256,-0.008849635837485253,-0.008849635837485206,-0.008849635837485256,-0.008849635837485196,-0.008849635837485239,-0.008849635837485242,-0.008849635837485279,-0.0088496358374853,-0.008849635837485298,-0.008849635837485265,-0.008845170774624992,-0.008849635837485282,-0.008849635837485293,-0.008849635837485303,-0.008849635837485284,-0.008849635837485288,-0.008849635837485267,-0.008849635837485251,-0.008849635837485284,-0.008849635837485293,-0.008849635837485298,-0.008849635837485333,-0.008849635837485315,-0.008849635837485327,-0.00884963583748531,-0.00884963583748531,-0.008849635837485319,-0.00884963583748531,1.0,-0.008849635837485348,-0.008849635837485397,-0.008849635837485378,-0.008849635837485407,-0.008849635837485348,-0.00884963583748536,-0.008849635837485374,-0.008849635837485343,-0.008849635837485355,-0.00884963583748535,-0.008849635837485326,-0.008849635837485314,-0.008849635837485282,-0.008849635837485244,-0.00884963583748527,-0.008849635837485284,-0.008849635837485293,-0.008849635837485303,-0.008849635837485235,-0.00884963583748524,-0.008849635837485242,-0.00884963583748522,-0.008849635837485248,-0.00884963583748523,-0.008849635837485227,-0.008849635837485239,-0.008849635837485235,-0.00884963583748521,-0.008849635837485223,-0.008849635837485255,-0.014421281551637978,-0.026871667877260846,0.015503468191813167,0.01992748113671966,-0.00802080565442893,-0.030858445716559147,0.03768840698792355,-0.010665309050018357,0.05641506101844615,0.016736046654298373,0.004630304977364208,-0.04168011735949149,-0.009288982840637774,0.030971004073409244,0.05307527243321044,-0.01511001055181404,-0.07172252921089445,-0.03946570602376033,0.009244465897079173,0.0016002884381439361,-0.025248822695466418,-0.025098232301069542,0.06363369834544556,-1.7022815474501513e-17,0.06460303614241553,-0.0008833590052989153,0.010697239905217919,-0.014978344056718707,-0.029239987050673388,-0.011270432724488485,0.06431936969254548,-0.03122502847944729,0.013502527830637994,-0.0020868179594370475,-0.0017408849018483049,-0.0036727693363173062,-0.018949445831493907,-0.018949445831491992,0.00826852225397506,0.057305392248652234,-0.001963432832894938,-3.681721084767316e-05,0.009244465897078873,0.07575194115503009
track_genre_psych-rock,-0.008849635837485296,-0.008849635837485275,-0.008849635837485288,-0.008849635837485303,-0.008849635837485305,-0.008849635837485317,-0.008849635837485294,-0.008849635837485293,-0.008849635837485312,-0.008849635837485326,-0.008849635837485303,-0.008849635837485308,-0.008849635837485308,-0.008849635837485314,-0.008849635837485315,-0.008849635837485333,-0.008849635837485326,-0.008849635837485317,-0.008849635837485301,-0.008849635837485319,-0.008849635837485317,-0.008849635837485327,-0.00884963583748533,-0.008849635837485324,-0.008849635837485315,-0.00884963583748531,-0.008849635837485319,-0.008849635837485322,-0.008849635837485314,-0.008849635837485308,-0.008849635837485301,-0.008849635837485334,-0.00884963583748534,-0.008849635837485305,-0.00884963583748534,-0.008849635837485336,-0.008849635837485317,-0.008849635837485338,-0.00884963583748531,-0.008849635837485338,-0.008849635837485345,-0.008849635837485336,-0.008849635837485336,-0.008849635837485333,-0.008849635837485359,-0.008849635837485348,-0.008849635837485333,-0.008849635837485353,-0.008849635837485353,-0.008849635837485346,-0.008849635837485314,-0.008849635837485301,-0.008849635837485312,-0.008849635837485296,-0.008849635837485303,-0.008849635837485291,-0.008849635837485244,-0.008849635837485298,-0.008849635837485239,-0.00884963583748528,-0.00884963583748529,-0.00884963583748531,-0.00884963583748534,-0.008849635837485331,-0.0088496358374853,-0.008845170774624987,-0.00884963583748532,-0.008849635837485327,-0.008849635837485336,-0.008849635837485308,-0.008849635837485327,-0.0088496358374853,-0.008849635837485286,-0.008849635837485312,-0.008849635837485336,-0.008849635837485341,-0.008849635837485359,-0.008849635837485343,-0.008849635837485359,-0.00884963583748534,-0.008849635837485336,-0.008849635837485346,-0.00884963583748534,-0.008849635837485348,1.0,-0.008849635837485397,-0.008849635837485376,-0.008849635837485407,-0.008849635837485346,-0.008849635837485355,-0.008849635837485374,-0.008849635837485345,-0.00884963583748535,-0.008849635837485345,-0.008849635837485324,-0.00884963583748531,-0.008849635837485275,-0.008849635837485242,-0.008849635837485265,-0.008849635837485282,-0.008849635837485291,-0.0088496358374853,-0.008849635837485237,-0.008849635837485235,-0.008849635837485235,-0.008849635837485216,-0.00884963583748525,-0.008849635837485227,-0.008849635837485229,-0.008849635837485239,-0.008849635837485234,-0.008849635837485213,-0.008849635837485225,-0.008849635837485246,-0.00022988058137496023,-0.012165152445540497,-0.0187439614842866,0.023446626792465276,0.013696528918136892,0.02215627775592073,-0.011119570294508201,-0.0005408062619054062,0.04023221233916086,-0.0013121344986144485,0.002189661300407204,0.11858350846187334,0.0018941630175988758,-0.03482638373391717,-0.03228058156691643,-0.03321996789369742,9.088250078623826e-05,0.03289819014050869,-0.0018034154151639562,-0.03193600433864473,0.005062897253112495,-0.014921948933174941,0.040165533590052385,7.52174331915221e-18,-0.036752691947821284,-0.000860558805874542,0.0006583540970893944,0.0064819256992209116,0.01189926876708349,-0.02371809466412214,-0.029875503544070436,0.0036089958861714984,-0.019519640010977377,-0.005397735539401896,-0.0004353027209144385,0.004444836602078453,-0.007803925546324059,-0.007803925546321785,0.006494501854321772,-0.043557394494516365,-0.023986091985026804,-0.004229749497984719,-0.0018034154151639558,0.07861060574929253
track_genre_punk,-0.00884963583748534,-0.00884963583748531,-0.008849635837485322,-0.008849635837485341,-0.008849635837485346,-0.008849635837485359,-0.008849635837485322,-0.008849635837485326,-0.00884963583748536,-0.008849635837485366,-0.008849635837485345,-0.00884963583748535,-0.008849635837485355,-0.008849635837485355,-0.008849635837485357,-0.008849635837485373,-0.008849635837485374,-0.008849635837485362,-0.008849635837485343,-0.008849635837485362,-0.008849635837485362,-0.008849635837485369,-0.00884963583748537,-0.00884963583748537,-0.008849635837485357,-0.008849635837485352,-0.008849635837485362,-0.00884963583748536,-0.008849635837485345,-0.00884963583748534,-0.008849635837485336,-0.00884963583748537,-0.008849635837485376,-0.00884963583748534,-0.008849635837485376,-0.008849635837485378,-0.00884963583748535,-0.008849635837485373,-0.00884963583748534,-0.008849635837485374,-0.008849635837485388,-0.00884963583748537,-0.00884963583748538,-0.008849635837485373,-0.0088496358374854,-0.00884963583748539,-0.008849635837485362,-0.008849635837485388,-0.008849635837485397,-0.008849635837485385,-0.008849635837485352,-0.00884963583748534,-0.008849635837485341,-0.008849635837485322,-0.00884963583748533,-0.008849635837485319,-0.008849635837485267,-0.00884963583748533,-0.008849635837485251,-0.008849635837485303,-0.008849635837485315,-0.008849635837485348,-0.008849635837485373,-0.008849635837485369,-0.008849635837485333,-0.00884517077462504,-0.008849635837485348,-0.00884963583748537,-0.008849635837485381,-0.008849635837485343,-0.008849635837485364,-0.008849635837485333,-0.008849635837485322,-0.008849635837485343,-0.008849635837485373,-0.008849635837485378,-0.008849635837485397,-0.008849635837485385,-0.008849635837485402,-0.00884963583748538,-0.008849635837485378,-0.008849635837485393,-0.008849635837485386,-0.008849635837485397,-0.008849635837485397,1.0,-0.008849635837485362,-0.008849635837485388,-0.008849635837485333,-0.008849635837485338,-0.008849635837485359,-0.008849635837485324,-0.008849635837485338,-0.008849635837485327,-0.008849635837485307,-0.008849635837485293,-0.008849635837485258,-0.00884963583748523,-0.008849635837485251,-0.008849635837485265,-0.008849635837485277,-0.008849635837485279,-0.00884963583748522,-0.008849635837485216,-0.008849635837485216,-0.008849635837485192,-0.00884963583748523,-0.008849635837485208,-0.008849635837485208,-0.008849635837485218,-0.008849635837485222,-0.008849635837485192,-0.008849635837485204,-0.008849635837485227,-0.014105917085632157,-0.0006756872645083815,0.018804425269027727,-0.003924506085556593,-0.013032498248097968,-0.01748835861747683,0.04849460122019567,-0.022576488800738568,0.02130793763914807,0.009342815820575022,-0.004298427259485997,-0.0012557020734186109,0.022861559427791073,-0.036331178953540884,0.04735073725365448,-0.018213809505719384,-0.06387631028536209,0.02958126800314529,0.03593935738213034,-0.0016591292979061842,-0.0009464382851579832,-0.026955647471806368,0.021969292115692304,-6.939694332420887e-17,0.06666655322967002,-0.0008819320837325884,0.042393388102712475,0.005099419302059441,0.016580525457725266,0.0068964252414631935,0.06294079611464642,0.019069040407990605,-0.03560607224894256,0.0011755753374470773,0.004020125820752414,0.008476215231091848,-0.006693959977870397,-0.006693959977869012,0.012999243319719501,0.05161373079669871,-0.03112857603436659,-0.0042297494979847096,0.03593935738212971,0.08147498767274365
track_genre_punk-rock,-0.008849635837485333,-0.008849635837485305,-0.008849635837485317,-0.008849635837485326,-0.008849635837485334,-0.008849635837485352,-0.008849635837485314,-0.008849635837485315,-0.008849635837485346,-0.008849635837485359,-0.008849635837485334,-0.008849635837485338,-0.008849635837485343,-0.008849635837485343,-0.008849635837485346,-0.008849635837485364,-0.008849635837485357,-0.008849635837485352,-0.008849635837485333,-0.008849635837485355,-0.008849635837485353,-0.008849635837485367,-0.008849635837485359,-0.008849635837485359,-0.008849635837485345,-0.00884963583748534,-0.008849635837485353,-0.008849635837485348,-0.008849635837485334,-0.00884963583748533,-0.008849635837485331,-0.008849635837485364,-0.008849635837485367,-0.008849635837485334,-0.008849635837485367,-0.008849635837485366,-0.008849635837485338,-0.008849635837485364,-0.008849635837485333,-0.00884963583748536,-0.008849635837485381,-0.008849635837485357,-0.008849635837485369,-0.008849635837485362,-0.008849635837485392,-0.00884963583748538,-0.00884963583748535,-0.008849635837485374,-0.008849635837485386,-0.008849635837485369,-0.008849635837485348,-0.00884963583748534,-0.008849635837485346,-0.008849635837485333,-0.008849635837485338,-0.008849635837485327,-0.008849635837485272,-0.008849635837485336,-0.00884963583748526,-0.008849635837485307,-0.008849635837485324,-0.008849635837485346,-0.008849635837485359,-0.008849635837485353,-0.008849635837485331,-0.00884517077462501,-0.008849635837485336,-0.008849635837485366,-0.008849635837485369,-0.008849635837485334,-0.00884963583748535,-0.008849635837485331,-0.008849635837485319,-0.008849635837485334,-0.008849635837485364,-0.008849635837485369,-0.00884963583748539,-0.008849635837485381,-0.008849635837485381,-0.008849635837485374,-0.00884963583748537,-0.008849635837485373,-0.008849635837485364,-0.008849635837485378,-0.008849635837485376,-0.008849635837485362,1.0,-0.00884963583748537,-0.008849635837485317,-0.00884963583748533,-0.008849635837485333,-0.008849635837485301,-0.00884963583748532,-0.008849635837485312,-0.008849635837485282,-0.008849635837485282,-0.008849635837485235,-0.008849635837485206,-0.008849635837485239,-0.008849635837485253,-0.008849635837485263,-0.008849635837485261,-0.0088496358374852,-0.008849635837485203,-0.008849635837485203,-0.008849635837485173,-0.008849635837485215,-0.008849635837485196,-0.008849635837485196,-0.008849635837485204,-0.008849635837485208,-0.008849635837485176,-0.008849635837485187,-0.00884963583748521,-0.01694419727968482,0.001851995075318644,0.02148645289426445,-0.007052635557330524,-0.012475643515468114,-0.015958448153402912,0.044892536476104694,-0.017812016900450693,0.021075970822009505,0.011734743443250192,-0.006593479393891309,0.002044388677609878,0.009433767805894108,-0.032237984175666784,0.04381493937273482,-0.01881250416419231,-0.06572246531177063,0.03370912395569822,0.031604184316093006,-0.007471176183716525,0.0038649990031418367,-0.027770956636544327,0.021493733216134986,4.03649919724095e-17,0.06675608729521393,-0.0008821454518060974,0.04594051380511711,0.004376745503543196,0.01676653565735343,-0.001850580445846867,0.06305561491237195,0.01769916304529803,-0.03764138056644921,0.011421907609346124,0.005545677602396691,0.0068036404419478036,-0.005649037327194903,-0.005649037327193132,0.011225222920065869,0.047033885558800136,-0.032021386540534165,-0.004229749497984705,0.03160418431609234,0.08432507627322319
track_genre_r-n-b,-0.008849635837485346,-0.008849635837485333,-0.008849635837485345,-0.008849635837485352,-0.008849635837485357,-0.008849635837485373,-0.008849635837485341,-0.00884963583748534,-0.008849635837485364,-0.008849635837485383,-0.008849635837485355,-0.00884963583748536,-0.00884963583748536,-0.008849635837485364,-0.008849635837485367,-0.00884963583748539,-0.008849635837485388,-0.008849635837485369,-0.008849635837485353,-0.008849635837485369,-0.008849635837485369,-0.008849635837485385,-0.008849635837485381,-0.008849635837485376,-0.008849635837485367,-0.008849635837485362,-0.008849635837485369,-0.008849635837485367,-0.008849635837485359,-0.008849635837485353,-0.008849635837485357,-0.008849635837485381,-0.008849635837485386,-0.00884963583748536,-0.008849635837485385,-0.008849635837485386,-0.008849635837485364,-0.008849635837485381,-0.008849635837485362,-0.008849635837485383,-0.008849635837485395,-0.00884963583748538,-0.00884963583748539,-0.008849635837485383,-0.008849635837485416,-0.008849635837485399,-0.008849635837485381,-0.008849635837485397,-0.008849635837485405,-0.008849635837485397,-0.008849635837485359,-0.008849635837485352,-0.008849635837485355,-0.008849635837485341,-0.008849635837485345,-0.008849635837485336,-0.008849635837485291,-0.008849635837485346,-0.00884963583748528,-0.00884963583748532,-0.008849635837485331,-0.008849635837485355,-0.008849635837485385,-0.008849635837485381,-0.008849635837485346,-0.008845170774624997,-0.008849635837485367,-0.008849635837485381,-0.008849635837485386,-0.008849635837485366,-0.008849635837485374,-0.008849635837485346,-0.008849635837485334,-0.008849635837485364,-0.008849635837485385,-0.00884963583748539,-0.008849635837485414,-0.008849635837485399,-0.008849635837485407,-0.008849635837485392,-0.008849635837485392,-0.008849635837485402,-0.008849635837485395,-0.008849635837485407,-0.008849635837485407,-0.008849635837485388,-0.00884963583748537,1.0,-0.008849635837485359,-0.008849635837485369,-0.008849635837485386,-0.008849635837485362,-0.008849635837485364,-0.008849635837485359,-0.008849635837485336,-0.008849635837485327,-0.008849635837485291,-0.008849635837485258,-0.00884963583748528,-0.008849635837485294,-0.008849635837485307,-0.008849635837485314,-0.008849635837485251,-0.00884963583748525,-0.008849635837485251,-0.008849635837485227,-0.008849635837485263,-0.00884963583748524,-0.008849635837485239,-0.008849635837485253,-0.008849635837485251,-0.008849635837485225,-0.008849635837485234,-0.00884963583748526,-0.013790552619626254,0.0023115736825599456,0.011377271845295389,-0.0009918847057686238,-0.009134515119688795,-0.02606916078554427,0.06533425389882112,-0.0011363652494413602,0.014542941735689058,-0.005443645846871636,0.01170870106433055,0.02305504185533681,0.010247451895220961,0.025795831176526375,0.013458182737596653,0.004062632033166422,0.015745299009022058,0.05772871577820074,0.005934790041153353,-0.008183850032315605,0.053391945026334243,-0.027946314926103204,0.020402341360885878,4.665432607637833e-18,-0.00839540873842872,-0.000430168863761944,0.042225380389306656,0.00720459949773721,0.005977944078921066,0.0008408059194792126,-0.0012168548283123862,0.016524982448703793,-0.04439782486111888,0.024029425566294473,-0.012037672046073465,-0.0029436630923922514,-0.003778812681693056,-0.0037788126816920287,0.004129141321450932,0.004138924236512211,-0.03321180054875735,-0.0042297494979847,0.005934790041153264,0.08718374086748594
track_genre_reggae,-0.008849635837485293,-0.00884963583748527,-0.008849635837485282,-0.008849635837485294,-0.008849635837485294,-0.008849635837485314,-0.008849635837485284,-0.00884963583748528,-0.008849635837485314,-0.008849635837485319,-0.008849635837485293,-0.008849635837485298,-0.00884963583748531,-0.008849635837485303,-0.008849635837485305,-0.008849635837485326,-0.008849635837485326,-0.008849635837485315,-0.008849635837485291,-0.008849635837485314,-0.008849635837485315,-0.008849635837485324,-0.008849635837485319,-0.008849635837485326,-0.008849635837485305,-0.0088496358374853,-0.008849635837485317,-0.008849635837485314,-0.008849635837485301,-0.008849635837485294,-0.008849635837485296,-0.008849635837485324,-0.008849635837485327,-0.0088496358374853,-0.00884963583748533,-0.008849635837485326,-0.008849635837485305,-0.008849635837485326,-0.008849635837485307,-0.008849635837485331,-0.008849635837485343,-0.008849635837485327,-0.008849635837485333,-0.00884963583748532,-0.008849635837485352,-0.008849635837485338,-0.008849635837485327,-0.008849635837485345,-0.008849635837485345,-0.008849635837485341,-0.008849635837485307,-0.008849635837485296,-0.008849635837485298,-0.008849635837485284,-0.00884963583748529,-0.008849635837485279,-0.00884963583748524,-0.008849635837485286,-0.008849635837485232,-0.008849635837485267,-0.008849635837485277,-0.008849635837485303,-0.008849635837485326,-0.008849635837485326,-0.008849635837485294,-0.008845170774624964,-0.008849635837485314,-0.00884963583748532,-0.008849635837485338,-0.008849635837485303,-0.008849635837485319,-0.0088496358374853,-0.008849635837485284,-0.008849635837485308,-0.008849635837485326,-0.00884963583748533,-0.00884963583748535,-0.008849635837485338,-0.008849635837485352,-0.008849635837485334,-0.008849635837485333,-0.008849635837485343,-0.008849635837485334,-0.008849635837485348,-0.008849635837485346,-0.008849635837485333,-0.008849635837485317,-0.008849635837485359,1.0,-0.008849635837485373,-0.008849635837485388,-0.008849635837485359,-0.008849635837485366,-0.008849635837485362,-0.008849635837485338,-0.008849635837485326,-0.008849635837485294,-0.00884963583748526,-0.008849635837485282,-0.008849635837485296,-0.008849635837485305,-0.008849635837485315,-0.00884963583748525,-0.008849635837485251,-0.008849635837485253,-0.008849635837485234,-0.008849635837485263,-0.008849635837485242,-0.00884963583748524,-0.008849635837485251,-0.008849635837485248,-0.008849635837485227,-0.008849635837485239,-0.008849635837485261,-0.01883638407571981,-0.008028944980368935,0.032833492847189234,-0.007052635557330782,-0.015816771911247526,-0.020614697391888884,-0.014901738275803654,-0.01453644246900241,-0.053178716133288645,0.02021521410546241,0.008595689172680429,0.03270650671800878,0.1828246364566467,0.09677652297882529,0.055488691289178924,0.02736172127668739,-0.03931184816002065,0.06294109456408874,-0.0071550104947631955,0.032689453797073977,0.09290576672206151,-0.028690444573313864,-0.06116418305004831,-1.4683979553949402e-17,0.02282373864349994,-0.0008778354613132417,0.07488280671781841,-0.04536206419433744,0.0234939045439044,0.027418246277074947,0.03156871015117283,-0.017917648384717443,-0.04657076950334738,-0.012464343685082448,-0.008226603092690339,-0.0028265204220845283,-0.004914754349633716,-0.004914754349632702,0.007085841987540776,0.060734322672345964,-0.03350940405081314,-0.004229749497984696,-0.007155010494763327,0.09004526412634231
track_genre_reggaeton,-0.008849635837485298,-0.00884963583748528,-0.008849635837485293,-0.0088496358374853,-0.008849635837485307,-0.00884963583748532,-0.008849635837485293,-0.008849635837485291,-0.008849635837485322,-0.008849635837485331,-0.008849635837485305,-0.008849635837485308,-0.008849635837485319,-0.008849635837485314,-0.008849635837485317,-0.008849635837485336,-0.008849635837485334,-0.008849635837485326,-0.008849635837485303,-0.008849635837485322,-0.008849635837485326,-0.008849635837485334,-0.00884963583748533,-0.008849635837485334,-0.008849635837485317,-0.008849635837485312,-0.008849635837485326,-0.008849635837485322,-0.00884963583748531,-0.008849635837485305,-0.008849635837485305,-0.008849635837485334,-0.008849635837485338,-0.00884963583748531,-0.008849635837485338,-0.008849635837485338,-0.008849635837485314,-0.008849635837485334,-0.00884963583748531,-0.008849635837485336,-0.008849635837485352,-0.008849635837485333,-0.00884963583748534,-0.008849635837485333,-0.008849635837485364,-0.00884963583748535,-0.008849635837485331,-0.00884963583748535,-0.008849635837485357,-0.008849635837485343,-0.008849635837485315,-0.008849635837485305,-0.008849635837485315,-0.008849635837485301,-0.008849635837485305,-0.008849635837485296,-0.008849635837485256,-0.0088496358374853,-0.008849635837485244,-0.00884963583748529,-0.008849635837485291,-0.008849635837485312,-0.008849635837485336,-0.008849635837485327,-0.008849635837485303,-0.008845170774624985,-0.008849635837485319,-0.008849635837485333,-0.008849635837485345,-0.008849635837485312,-0.008849635837485326,-0.008849635837485305,-0.008849635837485288,-0.008849635837485314,-0.008849635837485336,-0.008849635837485341,-0.008849635837485362,-0.008849635837485348,-0.00884963583748536,-0.008849635837485341,-0.008849635837485341,-0.00884963583748535,-0.008849635837485343,-0.00884963583748536,-0.008849635837485355,-0.008849635837485338,-0.00884963583748533,-0.008849635837485369,-0.008849635837485373,1.0,-0.008849635837485399,-0.008849635837485374,-0.008849635837485378,-0.008849635837485373,-0.008849635837485352,-0.008849635837485338,-0.008849635837485305,-0.00884963583748527,-0.008849635837485296,-0.008849635837485308,-0.008849635837485319,-0.008849635837485327,-0.008849635837485263,-0.008849635837485265,-0.008849635837485263,-0.008849635837485248,-0.008849635837485274,-0.008849635837485258,-0.008849635837485255,-0.008849635837485267,-0.008849635837485261,-0.008849635837485239,-0.008849635837485251,-0.008849635837485272,-0.022936122133795867,-0.008948102194851497,0.03407135175114473,-0.005097554637472205,-0.015259917178617619,-0.01748835861747667,-0.007067247457406011,-0.01840757588798677,-0.039564372756502666,0.01934542224267149,0.006332402465740903,0.030051053296687807,0.17872815793796668,0.10392646856486107,0.06119871157625348,0.03229674826755069,-0.04247662079036993,0.06120830364080885,-0.010277979558050005,0.03815399975889565,0.09493730901845032,-0.02871807152625569,-0.05324100850239687,-1.8029533224563415e-17,0.028097765628842135,-0.0008786429925186505,0.07742338131658366,-0.050640724983501126,0.023462902843966373,0.04255729458203464,0.03640718176736513,-0.024767035198181776,-0.046576681130036525,-0.021331291677763792,-0.0038398253176842724,-0.0009963859882307865,-0.007180070298817651,-0.007180070298816271,0.01004254265363044,0.06865427772822075,-0.03350940405081314,-0.004229749497984691,-0.010277979558050139,0.09290392872060486
track_genre_rock,-0.008849635837485315,-0.008849635837485282,-0.008849635837485294,-0.0088496358374853,-0.008849635837485308,-0.008849635837485338,-0.008849635837485291,-0.008849635837485291,-0.008849635837485334,-0.008849635837485348,-0.008849635837485307,-0.008849635837485314,-0.008849635837485331,-0.008849635837485317,-0.008849635837485319,-0.008849635837485355,-0.008849635837485353,-0.008849635837485333,-0.008849635837485307,-0.008849635837485338,-0.008849635837485333,-0.00884963583748535,-0.008849635837485333,-0.008849635837485346,-0.008849635837485319,-0.008849635837485315,-0.008849635837485334,-0.008849635837485319,-0.008849635837485312,-0.008849635837485305,-0.008849635837485308,-0.008849635837485333,-0.008849635837485336,-0.008849635837485312,-0.008849635837485336,-0.00884963583748534,-0.008849635837485315,-0.008849635837485331,-0.008849635837485315,-0.008849635837485334,-0.00884963583748536,-0.00884963583748533,-0.008849635837485346,-0.008849635837485336,-0.008849635837485381,-0.008849635837485352,-0.008849635837485331,-0.008849635837485348,-0.00884963583748536,-0.008849635837485346,-0.00884963583748532,-0.008849635837485303,-0.008849635837485308,-0.008849635837485293,-0.0088496358374853,-0.00884963583748529,-0.00884963583748524,-0.008849635837485298,-0.008849635837485232,-0.008849635837485268,-0.008849635837485288,-0.008849635837485317,-0.008849635837485338,-0.00884963583748533,-0.008849635837485305,-0.008845170774625,-0.008849635837485317,-0.008849635837485338,-0.008849635837485357,-0.008849635837485317,-0.00884963583748532,-0.008849635837485305,-0.008849635837485291,-0.008849635837485317,-0.008849635837485334,-0.00884963583748534,-0.00884963583748538,-0.008849635837485364,-0.008849635837485378,-0.008849635837485357,-0.008849635837485359,-0.008849635837485369,-0.008849635837485362,-0.008849635837485374,-0.008849635837485374,-0.008849635837485359,-0.008849635837485333,-0.008849635837485386,-0.008849635837485388,-0.008849635837485399,1.0,-0.008849635837485428,-0.00884963583748539,-0.008849635837485386,-0.008849635837485364,-0.008849635837485359,-0.008849635837485331,-0.008849635837485288,-0.008849635837485308,-0.008849635837485327,-0.008849635837485334,-0.008849635837485343,-0.008849635837485275,-0.00884963583748528,-0.00884963583748528,-0.008849635837485258,-0.008849635837485288,-0.008849635837485274,-0.008849635837485267,-0.008849635837485286,-0.008849635837485277,-0.008849635837485253,-0.008849635837485268,-0.008849635837485301,-0.015682739415661257,0.011273356523764865,0.021073833259612866,-0.015459483512723207,-0.012475643515468168,-0.027732106942146523,-0.01571220284322406,-0.009176411581176947,-0.06004915149908365,0.002819376849642783,0.0034470428042625107,0.07649660743076409,0.12300081855909006,-0.01257156826502399,0.02982415422011375,-0.030899570109037783,-0.029893408466795696,0.023525988303262586,0.013096723654601879,0.008867975828995654,0.008184485043160938,-0.027580588637642654,-0.034901676779013555,2.3099676485492426e-17,0.008070086292490087,-0.0008723411920513553,0.019724449013481134,0.013111672285609456,0.019215669952457163,-0.014298242385480532,0.014095346151686852,0.016329285682604406,-0.04104808432159792,-0.02028006398096697,-0.0034014180293831845,0.0071952441383341705,-0.0025094494785040814,-0.0025094494785020726,0.013590583452938306,0.024573652565262304,-0.031723783038477976,-0.004229749497984688,0.013096723654601948,0.09576831064405518
track_genre_rock-n-roll,-0.008849635837485286,-0.008849635837485251,-0.008849635837485263,-0.008849635837485267,-0.008849635837485275,-0.00884963583748531,-0.008849635837485261,-0.008849635837485256,-0.008849635837485307,-0.00884963583748532,-0.008849635837485274,-0.008849635837485279,-0.008849635837485301,-0.008849635837485284,-0.008849635837485286,-0.008849635837485326,-0.008849635837485327,-0.008849635837485303,-0.008849635837485274,-0.008849635837485308,-0.008849635837485303,-0.008849635837485322,-0.0088496358374853,-0.008849635837485319,-0.008849635837485286,-0.00884963583748528,-0.008849635837485303,-0.00884963583748529,-0.008849635837485275,-0.00884963583748527,-0.008849635837485277,-0.008849635837485301,-0.008849635837485305,-0.00884963583748528,-0.008849635837485305,-0.008849635837485307,-0.00884963583748528,-0.008849635837485301,-0.008849635837485284,-0.008849635837485303,-0.008849635837485327,-0.0088496358374853,-0.008849635837485314,-0.008849635837485303,-0.008849635837485352,-0.008849635837485319,-0.008849635837485303,-0.008849635837485317,-0.008849635837485331,-0.008849635837485314,-0.008849635837485296,-0.008849635837485282,-0.00884963583748529,-0.008849635837485274,-0.00884963583748528,-0.00884963583748527,-0.008849635837485215,-0.008849635837485279,-0.008849635837485208,-0.00884963583748525,-0.008849635837485267,-0.008849635837485294,-0.008849635837485301,-0.008849635837485298,-0.008849635837485277,-0.008845170774624954,-0.00884963583748529,-0.008849635837485308,-0.00884963583748533,-0.008849635837485284,-0.008849635837485294,-0.008849635837485279,-0.008849635837485267,-0.008849635837485286,-0.008849635837485303,-0.008849635837485308,-0.008849635837485352,-0.008849635837485334,-0.008849635837485348,-0.00884963583748533,-0.008849635837485331,-0.008849635837485343,-0.008849635837485333,-0.008849635837485343,-0.008849635837485345,-0.008849635837485324,-0.008849635837485301,-0.008849635837485362,-0.008849635837485359,-0.008849635837485374,-0.008849635837485428,1.0,-0.0088496358374854,-0.008849635837485399,-0.008849635837485376,-0.00884963583748538,-0.00884963583748535,-0.008849635837485305,-0.008849635837485319,-0.008849635837485341,-0.008849635837485343,-0.008849635837485355,-0.00884963583748529,-0.008849635837485293,-0.008849635837485296,-0.008849635837485277,-0.0088496358374853,-0.00884963583748529,-0.008849635837485282,-0.008849635837485298,-0.008849635837485291,-0.008849635837485263,-0.008849635837485277,-0.008849635837485317,-0.02798195358988936,-0.035373872111225155,-0.022870157830804653,0.07466974689276405,-0.015816771911247446,0.0143736897430226,-0.023276538805815074,-0.005603057655961333,0.005040737389995076,-0.0102275010922221,-0.002379266016759565,0.014249522120070135,-0.015886638067396763,-0.008943472297826003,-0.02099895620457735,-0.02960155311208989,0.06745591383733868,0.07127249701188045,-0.0055156540613293965,-0.008255514538467467,0.04556005051278235,-0.025072048363968417,0.00305708976063208,-1.5354526358132267e-18,-0.051247462755749776,-0.0008578124839499176,0.02457589637655072,0.0005434323114133258,-0.011600019785938056,-0.028091597507777274,-0.04292355659787556,0.03766023318739371,-0.04310154543749512,0.006798314285966667,0.0032914958461382838,0.0017528797565072364,-0.05797865105372145,-0.05797865105372021,0.0129992433197202,-0.03326663527121922,-0.033509404050812944,-0.004229749497984683,-0.005515654061329366,0.09861839924453401
track_genre_rockabilly,-0.008849635837485294,-0.008849635837485258,-0.008849635837485268,-0.008849635837485288,-0.008849635837485293,-0.008849635837485319,-0.008849635837485274,-0.008849635837485274,-0.008849635837485319,-0.008849635837485326,-0.008849635837485291,-0.008849635837485296,-0.008849635837485315,-0.0088496358374853,-0.008849635837485303,-0.008849635837485331,-0.008849635837485327,-0.008849635837485317,-0.00884963583748529,-0.008849635837485319,-0.008849635837485317,-0.008849635837485331,-0.008849635837485317,-0.008849635837485331,-0.008849635837485301,-0.008849635837485298,-0.008849635837485317,-0.008849635837485308,-0.008849635837485294,-0.008849635837485288,-0.008849635837485282,-0.00884963583748532,-0.008849635837485324,-0.008849635837485286,-0.008849635837485324,-0.008849635837485324,-0.008849635837485296,-0.00884963583748532,-0.008849635837485293,-0.008849635837485324,-0.008849635837485345,-0.00884963583748532,-0.008849635837485333,-0.008849635837485319,-0.008849635837485359,-0.008849635837485336,-0.008849635837485315,-0.008849635837485338,-0.008849635837485345,-0.008849635837485334,-0.008849635837485303,-0.00884963583748529,-0.008849635837485294,-0.008849635837485282,-0.008849635837485288,-0.008849635837485279,-0.00884963583748523,-0.008849635837485286,-0.008849635837485218,-0.008849635837485258,-0.008849635837485274,-0.0088496358374853,-0.008849635837485319,-0.008849635837485319,-0.008849635837485284,-0.008845170774624994,-0.008849635837485301,-0.008849635837485326,-0.00884963583748534,-0.008849635837485293,-0.008849635837485312,-0.008849635837485288,-0.008849635837485274,-0.008849635837485296,-0.008849635837485322,-0.008849635837485327,-0.008849635837485355,-0.008849635837485346,-0.008849635837485355,-0.008849635837485341,-0.008849635837485338,-0.008849635837485346,-0.008849635837485338,-0.008849635837485355,-0.00884963583748535,-0.008849635837485338,-0.00884963583748532,-0.008849635837485364,-0.008849635837485366,-0.008849635837485378,-0.00884963583748539,-0.0088496358374854,1.0,-0.008849635837485404,-0.008849635837485381,-0.008849635837485386,-0.008849635837485357,-0.00884963583748531,-0.008849635837485322,-0.008849635837485346,-0.008849635837485346,-0.00884963583748536,-0.008849635837485296,-0.008849635837485301,-0.0088496358374853,-0.00884963583748528,-0.008849635837485305,-0.00884963583748529,-0.008849635837485284,-0.008849635837485301,-0.008849635837485294,-0.00884963583748527,-0.008849635837485284,-0.00884963583748532,-0.027981953589889367,-0.02962913952070918,-0.024726946186737594,0.07173712551297631,-0.016373626643877436,-0.0044508607497148215,-0.026968655168508635,0.0030325476633121288,-0.007333637909723635,0.0006448971926652872,0.006620938431888793,0.06650812164835032,-0.008278892246990608,-0.0030348743533382405,0.0010568344259925268,-0.022322639647336204,0.03736704694510397,0.09175937970883528,0.004747658936200819,-0.023908264964868694,0.06160470852360383,-0.023778118725271236,-0.008480546189414658,2.9008615213323358e-18,0.004824928789235379,-0.0008675823634412882,0.06278721336139007,0.008932732494189194,-0.01299509628314893,-0.027082327620779813,0.006727794164232251,0.025918427221454796,-0.039756211426101244,0.007592590585595938,-0.004003104023134461,-0.008266424585113464,-0.060828875548512136,-0.06082887554851125,0.011816563053283713,-0.007753614706400015,-0.031723783038478136,-0.004229749497984694,0.004747658936200768,0.1014770638387964
track_genre_romance,-0.00884963583748529,-0.008849635837485256,-0.008849635837485268,-0.008849635837485279,-0.008849635837485291,-0.008849635837485314,-0.008849635837485263,-0.00884963583748526,-0.008849635837485307,-0.008849635837485322,-0.00884963583748529,-0.008849635837485294,-0.008849635837485303,-0.008849635837485298,-0.008849635837485301,-0.008849635837485327,-0.008849635837485322,-0.008849635837485312,-0.008849635837485288,-0.008849635837485314,-0.008849635837485312,-0.008849635837485324,-0.008849635837485314,-0.008849635837485319,-0.008849635837485301,-0.008849635837485296,-0.008849635837485312,-0.0088496358374853,-0.00884963583748528,-0.008849635837485275,-0.00884963583748528,-0.008849635837485314,-0.008849635837485319,-0.008849635837485284,-0.008849635837485315,-0.008849635837485322,-0.008849635837485284,-0.008849635837485312,-0.008849635837485288,-0.008849635837485314,-0.008849635837485336,-0.00884963583748531,-0.008849635837485326,-0.008849635837485317,-0.008849635837485355,-0.008849635837485333,-0.008849635837485301,-0.008849635837485327,-0.00884963583748534,-0.008849635837485326,-0.00884963583748529,-0.008849635837485279,-0.008849635837485288,-0.008849635837485275,-0.00884963583748528,-0.00884963583748527,-0.008849635837485234,-0.008849635837485272,-0.008849635837485225,-0.008849635837485256,-0.008849635837485267,-0.008849635837485286,-0.008849635837485307,-0.00884963583748531,-0.00884963583748527,-0.008845170774624985,-0.008849635837485288,-0.008849635837485317,-0.00884963583748533,-0.00884963583748529,-0.008849635837485301,-0.008849635837485275,-0.00884963583748526,-0.008849635837485291,-0.008849635837485317,-0.008849635837485322,-0.008849635837485355,-0.008849635837485338,-0.008849635837485352,-0.008849635837485334,-0.008849635837485334,-0.008849635837485341,-0.008849635837485333,-0.00884963583748535,-0.008849635837485345,-0.008849635837485327,-0.008849635837485312,-0.008849635837485359,-0.008849635837485362,-0.008849635837485373,-0.008849635837485386,-0.008849635837485399,-0.008849635837485404,1.0,-0.008849635837485378,-0.008849635837485378,-0.00884963583748535,-0.008849635837485305,-0.008849635837485319,-0.008849635837485338,-0.008849635837485343,-0.008849635837485353,-0.00884963583748529,-0.008849635837485296,-0.008849635837485296,-0.008849635837485272,-0.0088496358374853,-0.00884963583748529,-0.008849635837485279,-0.008849635837485298,-0.00884963583748529,-0.008849635837485265,-0.008849635837485279,-0.008849635837485312,-0.012529094755602807,-0.019977988768641642,-0.007190611714035589,0.03517711231161768,-0.010248224584948607,0.08155671446975325,-0.06443012850705422,0.0316193790650423,-0.1265013182415404,-0.04567151950095446,-0.0031072237295178494,0.008551832879603701,-0.03466951315402705,-0.07299961255310722,-0.09252825283041971,-0.017649458158016426,0.15689696668464007,-0.02926431900844401,-0.03908310214564416,0.04851306579585352,-0.04708705736575934,-0.005260788373180757,-0.14777170289981803,1.785002446705522e-17,-0.11656528781152256,-0.0007880408194849533,-0.0950178210480105,-0.005332219876523313,-0.00040840610831169305,-0.02741875091644548,-0.1298086238482383,-0.057252698370612864,-0.031081883211214384,-0.0013740249009478861,0.0074420627084155,-0.0066030314575207085,-0.02811307467382996,-0.028113074673827735,-0.03963002853667704,-0.09674052163497499,-0.03231899004258995,-0.004229749497984699,-0.039083102145644116,0.10433858709765267
track_genre_sad,-0.008849635837485267,-0.008849635837485235,-0.008849635837485248,-0.008849635837485255,-0.008849635837485258,-0.008849635837485291,-0.008849635837485246,-0.00884963583748524,-0.008849635837485284,-0.0088496358374853,-0.008849635837485258,-0.008849635837485263,-0.00884963583748528,-0.008849635837485268,-0.00884963583748527,-0.008849635837485307,-0.008849635837485301,-0.008849635837485284,-0.008849635837485256,-0.00884963583748529,-0.008849635837485284,-0.008849635837485303,-0.008849635837485284,-0.008849635837485296,-0.00884963583748527,-0.008849635837485265,-0.008849635837485286,-0.008849635837485275,-0.00884963583748526,-0.008849635837485255,-0.008849635837485261,-0.008849635837485286,-0.00884963583748529,-0.008849635837485263,-0.00884963583748529,-0.008849635837485291,-0.008849635837485263,-0.008849635837485286,-0.008849635837485261,-0.00884963583748529,-0.00884963583748531,-0.008849635837485286,-0.008849635837485294,-0.008849635837485286,-0.008849635837485333,-0.008849635837485303,-0.008849635837485286,-0.008849635837485303,-0.00884963583748531,-0.008849635837485303,-0.008849635837485272,-0.008849635837485263,-0.008849635837485272,-0.00884963583748526,-0.008849635837485265,-0.008849635837485255,-0.008849635837485215,-0.008849635837485258,-0.0088496358374852,-0.008849635837485242,-0.008849635837485253,-0.008849635837485268,-0.008849635837485286,-0.008849635837485288,-0.00884963583748526,-0.008845170774624968,-0.008849635837485272,-0.008849635837485291,-0.008849635837485308,-0.008849635837485265,-0.008849635837485279,-0.008849635837485261,-0.008849635837485246,-0.008849635837485265,-0.008849635837485288,-0.008849635837485291,-0.008849635837485333,-0.008849635837485317,-0.008849635837485326,-0.008849635837485312,-0.00884963583748531,-0.00884963583748532,-0.008849635837485312,-0.008849635837485326,-0.008849635837485324,-0.008849635837485307,-0.008849635837485282,-0.008849635837485336,-0.008849635837485338,-0.008849635837485352,-0.008849635837485364,-0.008849635837485376,-0.008849635837485381,-0.008849635837485378,1.0,-0.008849635837485345,-0.008849635837485314,-0.008849635837485274,-0.008849635837485293,-0.008849635837485312,-0.008849635837485317,-0.008849635837485327,-0.008849635837485258,-0.008849635837485265,-0.008849635837485267,-0.008849635837485244,-0.008849635837485272,-0.008849635837485256,-0.008849635837485253,-0.008849635837485267,-0.008849635837485261,-0.008849635837485235,-0.008849635837485256,-0.008849635837485282,-0.030820233783941983,-0.04180797261260308,-0.03504243705303233,0.09363403181539391,-0.016373626643877374,0.02388574175878739,0.05020558197363969,0.010774814501279744,0.08072518345456678,0.014344119031623276,0.001403466970628212,-0.039682872580082455,-0.03959570894606031,0.06807212050593923,-0.03771006788821772,0.04073043331386521,0.04492659376855404,-0.018874177341616515,-0.009673760377535652,0.008961198545968224,0.004750397035036225,0.007372372293344335,0.09459810631714316,1.8179504631972503e-17,-0.07305271531391926,-0.000847048227657928,-0.03117100564678347,0.0018002563088329376,0.02811315783466934,0.1226260389504888,-0.06691399067593395,-0.005588752120481375,-0.015289284028201454,-0.020725825241321768,-0.003213142778397691,0.004357610817341248,-0.08802448938971992,-0.08802448938971635,0.002355120921796419,-0.04799569740983107,-0.015950797429519013,-0.0042297494979846835,-0.009673760377535796,0.10719725169191467
track_genre_salsa,-0.008849635837485256,-0.00884963583748523,-0.008849635837485242,-0.008849635837485246,-0.008849635837485253,-0.008849635837485279,-0.008849635837485237,-0.008849635837485235,-0.008849635837485277,-0.00884963583748529,-0.008849635837485253,-0.008849635837485258,-0.008849635837485274,-0.008849635837485263,-0.008849635837485265,-0.008849635837485296,-0.008849635837485291,-0.00884963583748528,-0.008849635837485251,-0.008849635837485277,-0.00884963583748528,-0.008849635837485293,-0.008849635837485277,-0.00884963583748529,-0.008849635837485265,-0.00884963583748526,-0.008849635837485282,-0.008849635837485267,-0.008849635837485255,-0.00884963583748525,-0.008849635837485256,-0.00884963583748528,-0.008849635837485284,-0.008849635837485258,-0.008849635837485284,-0.008849635837485286,-0.008849635837485258,-0.00884963583748528,-0.00884963583748526,-0.008849635837485284,-0.008849635837485307,-0.00884963583748528,-0.008849635837485294,-0.00884963583748528,-0.008849635837485322,-0.008849635837485298,-0.008849635837485277,-0.008849635837485298,-0.008849635837485307,-0.008849635837485293,-0.008849635837485268,-0.008849635837485261,-0.008849635837485267,-0.008849635837485251,-0.00884963583748526,-0.008849635837485246,-0.008849635837485199,-0.008849635837485256,-0.008849635837485189,-0.008849635837485225,-0.008849635837485248,-0.008849635837485265,-0.00884963583748528,-0.008849635837485275,-0.008849635837485256,-0.00884517077462498,-0.008849635837485265,-0.008849635837485286,-0.008849635837485301,-0.008849635837485258,-0.00884963583748527,-0.008849635837485256,-0.008849635837485239,-0.008849635837485263,-0.008849635837485282,-0.008849635837485286,-0.00884963583748532,-0.008849635837485307,-0.008849635837485314,-0.008849635837485301,-0.0088496358374853,-0.008849635837485307,-0.008849635837485298,-0.008849635837485314,-0.00884963583748531,-0.008849635837485293,-0.008849635837485282,-0.008849635837485327,-0.008849635837485326,-0.008849635837485338,-0.008849635837485359,-0.00884963583748538,-0.008849635837485386,-0.008849635837485378,-0.008849635837485345,1.0,-0.008849635837485333,-0.008849635837485284,-0.008849635837485305,-0.008849635837485327,-0.00884963583748533,-0.008849635837485341,-0.008849635837485275,-0.008849635837485286,-0.008849635837485286,-0.008849635837485258,-0.008849635837485288,-0.008849635837485277,-0.008849635837485263,-0.008849635837485286,-0.008849635837485272,-0.008849635837485253,-0.008849635837485268,-0.008849635837485301,0.029099014757169292,0.07607394014478558,-0.025758495273367193,-0.05632067473776937,-0.005793386723909416,-0.02354148262750894,-0.047410372591224555,-0.022278709306970863,-0.021816802456156383,0.018258182414182717,-0.005134916849419186,-0.03149258566474719,-0.03388388713674575,0.0550135769754155,0.02500322721181595,-0.025350011388931917,0.043663508129113196,0.12364919142997344,-0.007005994637725245,-0.01870488226979107,0.12285040914000446,-0.02579666969696738,-0.025759767364213714,-2.5821845198214316e-17,0.024173837513877545,-0.0008786961705953804,0.106444135130908,-0.03493042501575482,-0.05388633850140151,-0.02775517421211131,0.03109260484334154,-0.0036317844594914842,-0.043611293745367166,-0.015429661635856058,-0.005787184141366997,-0.006755341057814633,0.058960304493505075,0.05896030449350544,0.014773263719373923,0.019719667453042062,-0.03231899004258984,-0.0021332833544161524,-0.007005994637725392,0.11005591628617616
track_genre_samba,-0.008849635837485216,-0.008849635837485185,-0.008849635837485197,-0.008849635837485206,-0.008849635837485216,-0.008849635837485242,-0.008849635837485196,-0.008849635837485192,-0.00884963583748523,-0.00884963583748525,-0.008849635837485215,-0.00884963583748522,-0.008849635837485227,-0.008849635837485225,-0.008849635837485227,-0.008849635837485256,-0.008849635837485256,-0.008849635837485232,-0.008849635837485215,-0.008849635837485239,-0.008849635837485232,-0.008849635837485253,-0.00884963583748524,-0.008849635837485242,-0.008849635837485227,-0.008849635837485222,-0.008849635837485234,-0.008849635837485229,-0.008849635837485211,-0.008849635837485206,-0.008849635837485211,-0.008849635837485244,-0.008849635837485248,-0.008849635837485215,-0.008849635837485246,-0.008849635837485248,-0.008849635837485215,-0.008849635837485242,-0.00884963583748522,-0.008849635837485242,-0.008849635837485258,-0.008849635837485239,-0.008849635837485251,-0.008849635837485242,-0.008849635837485282,-0.00884963583748526,-0.008849635837485237,-0.008849635837485256,-0.008849635837485265,-0.008849635837485251,-0.008849635837485229,-0.008849635837485222,-0.008849635837485229,-0.008849635837485213,-0.00884963583748522,-0.008849635837485208,-0.008849635837485171,-0.008849635837485213,-0.008849635837485161,-0.008849635837485196,-0.008849635837485208,-0.008849635837485225,-0.008849635837485237,-0.008849635837485235,-0.008849635837485206,-0.008845170774624964,-0.008849635837485223,-0.008849635837485244,-0.008849635837485255,-0.008849635837485218,-0.008849635837485232,-0.00884963583748521,-0.0088496358374852,-0.008849635837485222,-0.008849635837485246,-0.008849635837485251,-0.008849635837485282,-0.008849635837485267,-0.008849635837485284,-0.008849635837485261,-0.008849635837485261,-0.008849635837485272,-0.008849635837485263,-0.008849635837485282,-0.008849635837485275,-0.008849635837485258,-0.008849635837485235,-0.008849635837485291,-0.008849635837485294,-0.008849635837485305,-0.008849635837485331,-0.00884963583748535,-0.008849635837485357,-0.00884963583748535,-0.008849635837485314,-0.008849635837485333,1.0,-0.008849635837485282,-0.0088496358374853,-0.008849635837485319,-0.008849635837485324,-0.008849635837485336,-0.008849635837485268,-0.008849635837485274,-0.008849635837485272,-0.008849635837485251,-0.00884963583748528,-0.008849635837485267,-0.00884963583748526,-0.008849635837485279,-0.00884963583748527,-0.008849635837485246,-0.008849635837485263,-0.008849635837485294,-0.004960347571462555,0.01081377791652364,0.007457385316103274,-0.010962797397047818,-0.006350241456539294,-0.01249952014766973,0.0955915977491851,-0.0032208217058176747,0.023564342133132132,0.0141266710659255,-0.0023422063513827696,-0.010287410345424443,-0.024857204530025653,0.004388818201685516,-0.0043253288566763946,-0.00089766309308189,0.049507695167297465,0.07958869603810691,-0.012631637431667229,-0.05016511648417314,0.0553041570403224,-0.026847031578513817,0.029758049023933874,2.7753685808561534e-18,0.004124795894334823,-0.0008720359130524526,0.05859586739727034,-0.0090712712688467,-0.023225657262696733,-0.02809159750777705,0.01169140704986712,0.003217602353972872,-0.045187922906114175,0.11347287274961494,0.0021956922954187883,0.0005141266433092417,0.002468984853123605,0.0024689848531245237,0.01122522292006721,-0.018461226040713055,-0.03291419704670156,-0.0042297494979847,-0.012631637431666981,0.11291458088043776
track_genre_sertanejo,-0.008849635837485189,-0.008849635837485156,-0.008849635837485168,-0.008849635837485176,-0.008849635837485185,-0.008849635837485206,-0.008849635837485168,-0.008849635837485163,-0.008849635837485206,-0.008849635837485218,-0.008849635837485183,-0.008849635837485189,-0.0088496358374852,-0.008849635837485194,-0.008849635837485196,-0.008849635837485223,-0.008849635837485222,-0.008849635837485208,-0.008849635837485182,-0.008849635837485211,-0.008849635837485208,-0.008849635837485222,-0.00884963583748521,-0.008849635837485218,-0.008849635837485196,-0.008849635837485192,-0.00884963583748521,-0.008849635837485197,-0.008849635837485182,-0.008849635837485176,-0.008849635837485182,-0.00884963583748521,-0.008849635837485213,-0.008849635837485183,-0.008849635837485215,-0.008849635837485216,-0.008849635837485187,-0.008849635837485211,-0.00884963583748519,-0.008849635837485213,-0.008849635837485232,-0.00884963583748521,-0.008849635837485222,-0.008849635837485211,-0.00884963583748525,-0.008849635837485229,-0.008849635837485208,-0.008849635837485229,-0.008849635837485237,-0.00884963583748522,-0.008849635837485187,-0.008849635837485175,-0.008849635837485189,-0.008849635837485175,-0.008849635837485182,-0.00884963583748517,-0.00884963583748513,-0.008849635837485176,-0.008849635837485121,-0.008849635837485154,-0.00884963583748517,-0.008849635837485183,-0.008849635837485208,-0.008849635837485204,-0.008849635837485175,-0.00884517077462498,-0.008849635837485194,-0.008849635837485216,-0.008849635837485229,-0.00884963583748519,-0.008849635837485197,-0.008849635837485171,-0.008849635837485157,-0.008849635837485194,-0.008849635837485211,-0.008849635837485216,-0.00884963583748525,-0.008849635837485234,-0.00884963583748525,-0.00884963583748523,-0.008849635837485227,-0.008849635837485239,-0.00884963583748523,-0.008849635837485244,-0.008849635837485242,-0.00884963583748523,-0.008849635837485206,-0.008849635837485258,-0.00884963583748526,-0.00884963583748527,-0.008849635837485288,-0.008849635837485305,-0.00884963583748531,-0.008849635837485305,-0.008849635837485274,-0.008849635837485284,-0.008849635837485282,1.0,-0.00884963583748529,-0.008849635837485315,-0.008849635837485319,-0.008849635837485331,-0.008849635837485258,-0.00884963583748527,-0.008849635837485263,-0.008849635837485242,-0.008849635837485272,-0.008849635837485258,-0.008849635837485251,-0.008849635837485268,-0.008849635837485261,-0.008849635837485237,-0.008849635837485253,-0.008849635837485286,-0.021043935337760798,-0.019058831554159057,0.01632870746111692,0.019340956860762055,-0.015816771911247435,-0.02819773186599532,0.1103600631999573,-0.007985293606105613,0.06169125171372429,-0.004791301949778356,0.0012816994986759168,-0.011692041158576525,-0.032773589142935065,0.013468544400783305,0.05187773768919845,-0.01760497200416935,0.03443376635763037,0.05270726874476324,0.015390498410737188,0.0321925645634702,0.04128301598364182,-0.028790285641547314,0.07050184735918927,-2.0431523589802488e-17,0.01824737758525486,-0.0008756628845151083,0.04943583364114293,0.006230560899737015,0.008768097073342997,-0.026745904325113947,0.025809070134989596,0.04020429114668047,-0.04737460078752863,0.128806941512894,-0.001403803356526321,0.004790861597528466,-0.0172900730569859,-0.0172900730569852,0.008859862387195988,0.055485981199570364,-0.03350940405081309,-0.004229749497984691,0.015390498410737186,0.11577324547469907
track_genre_show-tunes,-0.00884963583748521,-0.008849635837485189,-0.0088496358374852,-0.008849635837485206,-0.008849635837485216,-0.008849635837485237,-0.008849635837485196,-0.008849635837485194,-0.00884963583748523,-0.008849635837485246,-0.008849635837485215,-0.008849635837485218,-0.008849635837485227,-0.008849635837485223,-0.008849635837485227,-0.008849635837485251,-0.008849635837485246,-0.008849635837485235,-0.008849635837485213,-0.008849635837485232,-0.008849635837485235,-0.00884963583748525,-0.008849635837485239,-0.008849635837485242,-0.008849635837485227,-0.008849635837485222,-0.008849635837485235,-0.00884963583748523,-0.008849635837485215,-0.00884963583748521,-0.008849635837485213,-0.008849635837485239,-0.008849635837485244,-0.008849635837485216,-0.008849635837485246,-0.008849635837485246,-0.008849635837485218,-0.008849635837485244,-0.008849635837485222,-0.008849635837485244,-0.008849635837485261,-0.008849635837485242,-0.008849635837485251,-0.008849635837485242,-0.008849635837485279,-0.008849635837485258,-0.008849635837485235,-0.00884963583748526,-0.008849635837485268,-0.008849635837485251,-0.008849635837485229,-0.008849635837485213,-0.008849635837485225,-0.008849635837485216,-0.008849635837485218,-0.008849635837485211,-0.008849635837485164,-0.008849635837485211,-0.00884963583748516,-0.008849635837485192,-0.008849635837485204,-0.008849635837485225,-0.00884963583748524,-0.008849635837485234,-0.008849635837485208,-0.008845170774625028,-0.008849635837485223,-0.008849635837485244,-0.008849635837485253,-0.008849635837485222,-0.008849635837485232,-0.008849635837485208,-0.008849635837485197,-0.008849635837485223,-0.008849635837485242,-0.008849635837485246,-0.008849635837485277,-0.008849635837485261,-0.008849635837485272,-0.008849635837485255,-0.008849635837485258,-0.008849635837485261,-0.008849635837485253,-0.00884963583748527,-0.008849635837485265,-0.008849635837485251,-0.008849635837485239,-0.00884963583748528,-0.008849635837485282,-0.008849635837485296,-0.008849635837485308,-0.008849635837485319,-0.008849635837485322,-0.008849635837485319,-0.008849635837485293,-0.008849635837485305,-0.0088496358374853,-0.00884963583748529,1.0,-0.00884963583748532,-0.008849635837485326,-0.008849635837485336,-0.008849635837485268,-0.008849635837485274,-0.008849635837485274,-0.008849635837485251,-0.00884963583748528,-0.008849635837485267,-0.00884963583748526,-0.008849635837485277,-0.00884963583748527,-0.008849635837485246,-0.008849635837485261,-0.008849635837485293,-0.005906440969480167,-0.009177891498472101,-0.0067779920793841555,0.0185589244928186,-0.001895403595500106,0.031668329771685884,-0.036243971884543674,0.024770450708377533,-0.008404902847054401,-0.02349182699978476,-0.007739681901616251,-0.04160095137163301,-0.011782142956703498,-0.05586744308744318,-0.045335810821012984,0.020935785325795497,0.09117686641060567,-0.034562584426420864,-0.02439972282749213,0.039244519288929205,-0.043926118758340564,-0.01693366053653472,-0.010008639495425421,1.5287455358736022e-17,-0.08903647699470445,-0.0008214274711097253,-0.07660244460770113,-0.0008390740857482342,0.007032001876813726,-0.022708824777124763,-0.09074855543105978,0.026896911051949593,-0.03591518484391607,0.0010151289554088225,0.005165922462542317,-0.0004532848762481039,-0.029794136260017052,-0.029794136260016764,-0.015385083074739537,-0.05400901144071876,-0.02547410949530569,-0.0042297494979847,-0.02439972282749241,0.11863191006896069
track_genre_singer-songwriter,-0.008849635837485223,-0.008849635837485211,-0.008849635837485223,-0.008849635837485225,-0.008849635837485232,-0.008849635837485242,-0.008849635837485218,-0.008849635837485215,-0.008849635837485248,-0.008849635837485253,-0.00884963583748523,-0.008849635837485235,-0.008849635837485244,-0.008849635837485239,-0.008849635837485242,-0.008849635837485258,-0.00884963583748526,-0.008849635837485251,-0.008849635837485229,-0.008849635837485248,-0.008849635837485251,-0.008849635837485255,-0.008849635837485255,-0.00884963583748526,-0.008849635837485242,-0.008849635837485237,-0.008849635837485251,-0.008849635837485244,-0.008849635837485234,-0.008849635837485229,-0.008849635837485235,-0.008849635837485258,-0.008849635837485261,-0.00884963583748524,-0.00884963583748526,-0.008849635837485263,-0.008849635837485239,-0.008849635837485256,-0.00884963583748524,-0.00884963583748526,-0.008849635837485275,-0.008849635837485256,-0.008849635837485265,-0.008849635837485258,-0.008849635837485286,-0.008849635837485274,-0.008849635837485256,-0.008849635837485274,-0.00884963583748528,-0.008849635837485272,-0.008849635837485246,-0.00884963583748523,-0.008849635837485229,-0.008849635837485216,-0.008849635837485222,-0.008849635837485211,-0.008849635837485173,-0.00884963583748522,-0.00884963583748516,-0.008849635837485199,-0.008849635837485208,-0.008849635837485242,-0.00884963583748526,-0.008849635837485256,-0.008849635837485232,-0.008845170774625044,-0.008849635837485244,-0.00884963583748526,-0.00884963583748527,-0.008849635837485242,-0.00884963583748525,-0.008849635837485232,-0.008849635837485218,-0.008849635837485244,-0.00884963583748526,-0.008849635837485265,-0.008849635837485284,-0.008849635837485268,-0.008849635837485284,-0.008849635837485267,-0.008849635837485263,-0.008849635837485277,-0.00884963583748527,-0.008849635837485284,-0.008849635837485282,-0.008849635837485265,-0.008849635837485253,-0.008849635837485294,-0.008849635837485296,-0.008849635837485308,-0.008849635837485327,-0.008849635837485341,-0.008849635837485346,-0.008849635837485338,-0.008849635837485312,-0.008849635837485327,-0.008849635837485319,-0.008849635837485315,-0.00884963583748532,1.0,-0.008849635837485307,-0.008849635837485319,-0.008849635837485251,-0.008849635837485256,-0.008849635837485256,-0.008849635837485235,-0.008849635837485261,-0.008849635837485248,-0.008849635837485242,-0.008849635837485256,-0.008849635837485251,-0.008849635837485225,-0.00884963583748524,-0.008849635837485268,-0.01379055261962644,0.004379677415145765,0.010139412941339866,-0.0006008685217966784,-0.01191878878283818,0.019695117444149715,-0.005896576415577165,0.011072593995048074,0.019291935119289366,-0.015011356337572612,-0.002072200217923313,0.03773693977509408,0.029659629454876765,-0.002590374324486867,-0.028441729191167203,-0.029509110884395798,0.06728853610465005,-0.021686955471272782,-0.007563833664365497,0.033847850114090514,-0.02187631673777636,-0.020088812573136324,0.02578474039638471,-1.9631404100654633e-17,-0.07841951801195417,-0.0008304685080768984,-0.051618495434788386,0.006796131698575827,0.03784769161520882,-0.012952549202817416,-0.07749141996461514,0.04079138144497727,-0.03894716684787632,-0.03130901091216175,0.003458434299857564,0.0007328384864400126,-0.004156264583488552,-0.004156264583488392,0.004720481454671035,-0.04089461017369941,-0.032914197046701364,-0.004229749497984685,-0.007563833664365568,0.12149057466322251
track_genre_ska,-0.008849635837485235,-0.008849635837485194,-0.008849635837485206,-0.008849635837485225,-0.008849635837485234,-0.008849635837485258,-0.008849635837485213,-0.00884963583748521,-0.00884963583748526,-0.008849635837485268,-0.008849635837485234,-0.008849635837485237,-0.008849635837485256,-0.008849635837485242,-0.008849635837485246,-0.008849635837485274,-0.00884963583748527,-0.008849635837485263,-0.008849635837485232,-0.008849635837485258,-0.008849635837485263,-0.00884963583748527,-0.008849635837485258,-0.008849635837485272,-0.008849635837485246,-0.00884963583748524,-0.008849635837485265,-0.008849635837485246,-0.00884963583748523,-0.008849635837485225,-0.00884963583748522,-0.008849635837485258,-0.008849635837485263,-0.008849635837485223,-0.00884963583748526,-0.008849635837485265,-0.008849635837485234,-0.008849635837485258,-0.008849635837485227,-0.00884963583748526,-0.00884963583748529,-0.008849635837485258,-0.008849635837485277,-0.008849635837485261,-0.008849635837485301,-0.008849635837485277,-0.008849635837485251,-0.008849635837485275,-0.00884963583748529,-0.00884963583748527,-0.008849635837485237,-0.008849635837485225,-0.00884963583748523,-0.008849635837485218,-0.008849635837485223,-0.008849635837485213,-0.008849635837485173,-0.008849635837485218,-0.008849635837485164,-0.008849635837485199,-0.00884963583748521,-0.008849635837485232,-0.008849635837485256,-0.008849635837485253,-0.008849635837485216,-0.008845170774625013,-0.008849635837485239,-0.008849635837485268,-0.008849635837485282,-0.008849635837485227,-0.008849635837485251,-0.008849635837485222,-0.008849635837485208,-0.008849635837485229,-0.00884963583748526,-0.008849635837485265,-0.0088496358374853,-0.008849635837485284,-0.008849635837485294,-0.008849635837485279,-0.008849635837485277,-0.008849635837485288,-0.00884963583748528,-0.008849635837485293,-0.008849635837485291,-0.008849635837485277,-0.008849635837485263,-0.008849635837485307,-0.008849635837485305,-0.008849635837485319,-0.008849635837485334,-0.008849635837485343,-0.008849635837485346,-0.008849635837485343,-0.008849635837485317,-0.00884963583748533,-0.008849635837485324,-0.008849635837485319,-0.008849635837485326,-0.008849635837485307,1.0,-0.008849635837485334,-0.008849635837485267,-0.008849635837485274,-0.008849635837485274,-0.008849635837485253,-0.00884963583748528,-0.00884963583748527,-0.00884963583748526,-0.008849635837485277,-0.00884963583748527,-0.008849635837485246,-0.008849635837485265,-0.008849635837485291,-0.010636907959568113,0.008056306273075901,0.015297158374487474,-0.010180765029104269,-0.013032498248097957,-0.029461570945012724,0.029043451602104534,-0.01453644246900219,0.00795930170744744,0.01325687920313444,0.001578176821690214,-0.0011810598562945781,-0.01974662712169146,0.007521459258675768,0.03565334252265253,-0.011144336853276985,-0.05469484301485825,0.08079005662189626,0.019426462999660554,-0.020400512232531195,0.06085618808546628,-0.027702199008912565,0.007980175204270705,-4.5141067250584274e-17,0.057723883559470245,-0.0008820675273849744,0.0814442335820495,0.005539307701156274,0.021385788948118795,-0.020690285003129937,0.056755167138824086,0.011241169764030704,-0.0382715200753683,0.028588929281573482,-0.006809074858214883,0.002399921942229514,0.0002961409581264326,0.0002961409581267212,0.012407903186504081,0.03349685556012734,-0.03261659354464552,-0.004229749497984684,0.019426462999660575,0.1243492392574846
track_genre_sleep,-0.008849635837485237,-0.008849635837485208,-0.00884963583748522,-0.008849635837485229,-0.008849635837485235,-0.008849635837485265,-0.008849635837485222,-0.008849635837485216,-0.00884963583748526,-0.008849635837485274,-0.008849635837485234,-0.008849635837485239,-0.008849635837485255,-0.008849635837485244,-0.008849635837485246,-0.008849635837485279,-0.008849635837485277,-0.00884963583748526,-0.008849635837485232,-0.00884963583748526,-0.008849635837485261,-0.008849635837485275,-0.00884963583748526,-0.008849635837485272,-0.008849635837485246,-0.00884963583748524,-0.008849635837485261,-0.008849635837485253,-0.008849635837485235,-0.00884963583748523,-0.008849635837485234,-0.008849635837485261,-0.008849635837485267,-0.008849635837485237,-0.008849635837485268,-0.008849635837485267,-0.00884963583748524,-0.008849635837485265,-0.00884963583748524,-0.008849635837485265,-0.00884963583748529,-0.008849635837485261,-0.008849635837485272,-0.008849635837485261,-0.008849635837485307,-0.008849635837485279,-0.00884963583748526,-0.008849635837485279,-0.008849635837485288,-0.008849635837485274,-0.008849635837485248,-0.008849635837485235,-0.008849635837485248,-0.008849635837485235,-0.00884963583748524,-0.00884963583748523,-0.008849635837485183,-0.008849635837485234,-0.00884963583748518,-0.008849635837485215,-0.008849635837485225,-0.008849635837485244,-0.008849635837485263,-0.008849635837485258,-0.00884963583748523,-0.00884517077462503,-0.008849635837485246,-0.008849635837485268,-0.00884963583748528,-0.008849635837485242,-0.008849635837485253,-0.008849635837485232,-0.00884963583748522,-0.008849635837485244,-0.008849635837485263,-0.008849635837485268,-0.008849635837485305,-0.00884963583748529,-0.008849635837485305,-0.008849635837485282,-0.008849635837485284,-0.008849635837485296,-0.00884963583748529,-0.008849635837485303,-0.0088496358374853,-0.008849635837485279,-0.008849635837485261,-0.008849635837485314,-0.008849635837485315,-0.008849635837485327,-0.008849635837485343,-0.008849635837485355,-0.00884963583748536,-0.008849635837485353,-0.008849635837485327,-0.008849635837485341,-0.008849635837485336,-0.008849635837485331,-0.008849635837485336,-0.008849635837485319,-0.008849635837485334,1.0,-0.008849635837485291,-0.008849635837485296,-0.008849635837485296,-0.008849635837485274,-0.008849635837485301,-0.008849635837485288,-0.008849635837485279,-0.008849635837485298,-0.008849635837485293,-0.008849635837485265,-0.008849635837485279,-0.008849635837485315,-0.027351224657877805,-0.03399513628950103,-0.021838608744174946,0.06587188275339997,0.0020025795329091443,0.12499286808020461,-0.007337402313213437,0.08641080591835852,0.007727334890308921,-0.16787727622308818,-0.009852082828093151,-0.028249042047903673,-0.020432045738809225,-0.21622115373950104,-0.2980628339129137,-0.024739038551997283,0.09685208848853986,-0.15090142643826557,-0.11776480832645317,-0.13319753285645403,-0.13045217106143558,0.2033994589561056,0.008996862021400227,5.7920948456710484e-18,-0.07261094226844504,0.08759590297765184,-0.1937637548474729,0.004282483703736675,-0.07633156925653045,-0.02876444409910857,-0.11194329887972998,0.013589530957218201,0.1724576221133725,0.07124577662147567,0.005077992327942665,0.014248130608305107,-0.07696041455988978,-0.07696041455989043,-0.16735949731175034,-0.20987972707229166,0.15814725127314466,-0.004229749497984695,-0.11776480832645257,0.12720790385174668
track_genre_songwriter,-0.008849635837485178,-0.008849635837485144,-0.008849635837485156,-0.008849635837485163,-0.008849635837485171,-0.008849635837485203,-0.00884963583748515,-0.008849635837485147,-0.008849635837485196,-0.008849635837485211,-0.00884963583748517,-0.008849635837485175,-0.00884963583748519,-0.00884963583748518,-0.008849635837485182,-0.008849635837485216,-0.008849635837485216,-0.0088496358374852,-0.008849635837485168,-0.0088496358374852,-0.008849635837485203,-0.008849635837485216,-0.008849635837485196,-0.008849635837485208,-0.008849635837485182,-0.008849635837485176,-0.008849635837485203,-0.008849635837485183,-0.008849635837485166,-0.008849635837485161,-0.008849635837485168,-0.008849635837485197,-0.0088496358374852,-0.008849635837485173,-0.008849635837485199,-0.008849635837485203,-0.00884963583748517,-0.008849635837485196,-0.008849635837485173,-0.008849635837485197,-0.008849635837485225,-0.008849635837485194,-0.008849635837485211,-0.008849635837485197,-0.008849635837485242,-0.008849635837485215,-0.00884963583748519,-0.008849635837485211,-0.008849635837485227,-0.008849635837485206,-0.008849635837485182,-0.008849635837485166,-0.008849635837485175,-0.008849635837485163,-0.008849635837485168,-0.00884963583748516,-0.008849635837485121,-0.008849635837485161,-0.008849635837485112,-0.008849635837485145,-0.008849635837485154,-0.008849635837485178,-0.008849635837485192,-0.00884963583748519,-0.008849635837485164,-0.008845170774625035,-0.008849635837485176,-0.008849635837485203,-0.008849635837485216,-0.008849635837485176,-0.008849635837485187,-0.008849635837485166,-0.00884963583748515,-0.008849635837485176,-0.008849635837485199,-0.008849635837485204,-0.00884963583748524,-0.008849635837485229,-0.008849635837485239,-0.008849635837485222,-0.008849635837485222,-0.008849635837485234,-0.008849635837485225,-0.008849635837485235,-0.008849635837485237,-0.00884963583748522,-0.0088496358374852,-0.008849635837485251,-0.00884963583748525,-0.008849635837485263,-0.008849635837485275,-0.00884963583748529,-0.008849635837485296,-0.00884963583748529,-0.008849635837485258,-0.008849635837485275,-0.008849635837485268,-0.008849635837485258,-0.008849635837485268,-0.008849635837485251,-0.008849635837485267,-0.008849635837485291,1.0,-0.008849635837485284,-0.008849635837485282,-0.008849635837485256,-0.008849635837485286,-0.008849635837485274,-0.008849635837485261,-0.008849635837485282,-0.008849635837485272,-0.00884963583748525,-0.008849635837485265,-0.0088496358374853,-0.013790552619626558,0.004379677415145824,0.010139412941340093,-0.000600868521796547,-0.011918788782838172,0.019695117444149656,-0.005896576415577087,0.011072593995047677,0.019291935119289304,-0.015011356337572562,-0.0020722002179233237,0.03773693977509391,0.029659629454876754,-0.0025903743244868665,-0.028441729191167452,-0.029509110884395808,0.06728853610465006,-0.021686955471272813,-0.00756383366436552,0.03384785011409064,-0.021876316737776347,-0.02008881257313635,0.02578474039638476,-2.892343014839671e-17,-0.07841951801195425,-0.0008304685080768998,-0.0516184954347887,0.006796131698575821,0.037847691615208824,-0.012952549202817224,-0.0774914199646159,0.04079138144497672,-0.038947166847876254,-0.03130901091216197,0.003458434299857541,0.0007328384864400247,-0.004156264583488017,-0.004156264583488397,0.004720481454672097,-0.04089461017369931,-0.03291419704670124,-0.004229749497984705,-0.007563833664365557,0.13006656844600786
track_genre_soul,-0.008849635837485182,-0.008849635837485154,-0.008849635837485166,-0.008849635837485171,-0.008849635837485178,-0.008849635837485203,-0.008849635837485163,-0.00884963583748516,-0.008849635837485196,-0.008849635837485215,-0.008849635837485176,-0.008849635837485182,-0.008849635837485192,-0.008849635837485185,-0.008849635837485189,-0.00884963583748522,-0.008849635837485216,-0.008849635837485199,-0.008849635837485175,-0.008849635837485206,-0.008849635837485199,-0.008849635837485215,-0.0088496358374852,-0.008849635837485208,-0.008849635837485189,-0.008849635837485183,-0.008849635837485199,-0.008849635837485192,-0.008849635837485178,-0.008849635837485173,-0.008849635837485178,-0.008849635837485206,-0.00884963583748521,-0.008849635837485182,-0.00884963583748521,-0.008849635837485208,-0.008849635837485182,-0.008849635837485206,-0.008849635837485183,-0.008849635837485204,-0.008849635837485227,-0.0088496358374852,-0.008849635837485216,-0.008849635837485204,-0.008849635837485246,-0.00884963583748522,-0.0088496358374852,-0.008849635837485218,-0.008849635837485232,-0.008849635837485216,-0.00884963583748519,-0.008849635837485185,-0.008849635837485192,-0.008849635837485175,-0.008849635837485185,-0.00884963583748517,-0.008849635837485128,-0.00884963583748518,-0.008849635837485121,-0.008849635837485156,-0.008849635837485173,-0.008849635837485187,-0.008849635837485203,-0.0088496358374852,-0.008849635837485178,-0.008845170774625015,-0.008849635837485189,-0.00884963583748521,-0.008849635837485218,-0.008849635837485183,-0.00884963583748519,-0.008849635837485178,-0.008849635837485161,-0.008849635837485185,-0.008849635837485208,-0.008849635837485211,-0.008849635837485244,-0.008849635837485229,-0.008849635837485239,-0.008849635837485223,-0.008849635837485223,-0.008849635837485232,-0.008849635837485223,-0.00884963583748524,-0.008849635837485235,-0.008849635837485216,-0.008849635837485203,-0.00884963583748525,-0.008849635837485251,-0.008849635837485265,-0.00884963583748528,-0.008849635837485293,-0.008849635837485301,-0.008849635837485296,-0.008849635837485265,-0.008849635837485286,-0.008849635837485274,-0.00884963583748527,-0.008849635837485274,-0.008849635837485256,-0.008849635837485274,-0.008849635837485296,-0.008849635837485284,1.0,-0.008849635837485296,-0.008849635837485275,-0.008849635837485298,-0.00884963583748529,-0.00884963583748528,-0.008849635837485296,-0.008849635837485293,-0.008849635837485265,-0.00884963583748528,-0.008849635837485319,-0.017890290677702543,-0.012624731052781661,-0.010078949156598295,0.03615465277154737,-0.01358935298072783,-0.0079097887554478,-0.03975598501003207,-0.00024302676813749968,-0.056700394175301386,-0.005226197881173869,-0.015405738396700312,0.038750264419686646,0.06979068907231978,0.018057194088864928,-0.00047802193015154473,-0.02190633821963593,0.02451619694939844,0.017868356090098514,-0.023593395379696746,0.013777211900439859,0.018340039135727227,-0.0261636234265979,-0.06036177819357695,3.6792767697996596e-17,-0.04892247709660625,-0.0008553420843580328,-0.003964609315722367,0.006513346299156398,0.01568147615952246,0.006223578650131762,-0.04020927013985968,0.01006698916743652,-0.04327930013738575,-0.015638533473515237,0.0037526756686844564,0.002990073153486301,-0.02623609171424261,-0.026236091714242588,0.007085841987544327,-0.01397478611663888,-0.03231899004258965,-0.0042297494979847035,-0.023593395379696378,0.13292523304026946
track_genre_spanish,-0.008849635837485178,-0.008849635837485142,-0.008849635837485154,-0.00884963583748517,-0.008849635837485178,-0.008849635837485204,-0.008849635837485161,-0.00884963583748516,-0.008849635837485197,-0.008849635837485213,-0.008849635837485176,-0.008849635837485182,-0.008849635837485192,-0.008849635837485187,-0.008849635837485189,-0.008849635837485218,-0.008849635837485216,-0.0088496358374852,-0.008849635837485175,-0.0088496358374852,-0.008849635837485203,-0.008849635837485216,-0.008849635837485203,-0.00884963583748521,-0.008849635837485189,-0.008849635837485183,-0.008849635837485203,-0.00884963583748519,-0.008849635837485178,-0.008849635837485175,-0.008849635837485166,-0.008849635837485203,-0.008849635837485206,-0.008849635837485171,-0.008849635837485206,-0.00884963583748521,-0.008849635837485182,-0.008849635837485203,-0.008849635837485173,-0.008849635837485206,-0.008849635837485227,-0.008849635837485203,-0.008849635837485218,-0.008849635837485204,-0.008849635837485244,-0.008849635837485222,-0.008849635837485196,-0.00884963583748522,-0.008849635837485234,-0.008849635837485215,-0.008849635837485185,-0.00884963583748518,-0.008849635837485182,-0.008849635837485173,-0.008849635837485175,-0.008849635837485168,-0.008849635837485123,-0.008849635837485173,-0.008849635837485118,-0.008849635837485154,-0.008849635837485161,-0.008849635837485182,-0.008849635837485204,-0.008849635837485199,-0.008849635837485168,-0.008845170774625032,-0.008849635837485182,-0.00884963583748521,-0.008849635837485218,-0.008849635837485173,-0.008849635837485194,-0.00884963583748517,-0.008849635837485156,-0.008849635837485176,-0.008849635837485204,-0.00884963583748521,-0.008849635837485242,-0.008849635837485229,-0.008849635837485242,-0.008849635837485222,-0.008849635837485223,-0.008849635837485232,-0.008849635837485223,-0.008849635837485242,-0.008849635837485235,-0.008849635837485216,-0.008849635837485203,-0.008849635837485251,-0.008849635837485253,-0.008849635837485263,-0.00884963583748528,-0.008849635837485296,-0.0088496358374853,-0.008849635837485296,-0.008849635837485267,-0.008849635837485286,-0.008849635837485272,-0.008849635837485263,-0.008849635837485274,-0.008849635837485256,-0.008849635837485274,-0.008849635837485296,-0.008849635837485282,-0.008849635837485296,1.0,-0.008849635837485268,-0.008849635837485294,-0.008849635837485282,-0.008849635837485274,-0.008849635837485291,-0.008849635837485288,-0.00884963583748526,-0.008849635837485274,-0.00884963583748531,-0.011267636891579762,0.01311167095272994,0.02994515540462703,-0.02914504995173369,-0.009691369852318546,-0.03006023156139,-0.03147123609862281,-0.006496396137265382,0.019751651175072955,0.008907919889179666,-6.038981175486658e-05,-0.038805261057533375,-0.02103329013978964,0.02033281740730152,0.03315148756919256,0.0023683323777495715,-0.013055752707498893,0.02700699128148198,0.0021487448172396394,0.0016265487478677794,0.026145597204152972,-0.026607141391257697,0.018346616206765882,1.3011121123752638e-18,0.01917977421246024,-0.000875522751189266,0.0334366008496768,-0.01315594926046018,0.017386569656113716,-0.015980358863809177,0.02483142734263156,0.0036089958861699836,-0.04216502955900974,0.005011612628508673,-0.004211017576303485,0.0009017104046787616,0.012697508001526737,0.012697508001525972,0.010633882786852263,0.028826836894681643,-0.03142617953642214,-0.004229749497984714,0.002148744817239635,0.13578389763453128
track_genre_study,-0.008849635837485154,-0.008849635837485118,-0.00884963583748513,-0.008849635837485138,-0.008849635837485147,-0.008849635837485178,-0.008849635837485128,-0.008849635837485124,-0.008849635837485171,-0.008849635837485189,-0.008849635837485145,-0.008849635837485152,-0.008849635837485168,-0.008849635837485156,-0.008849635837485157,-0.008849635837485196,-0.008849635837485194,-0.00884963583748517,-0.008849635837485145,-0.008849635837485176,-0.00884963583748517,-0.008849635837485187,-0.008849635837485171,-0.008849635837485183,-0.008849635837485157,-0.008849635837485154,-0.008849635837485171,-0.00884963583748516,-0.008849635837485145,-0.008849635837485138,-0.008849635837485144,-0.008849635837485176,-0.00884963583748518,-0.008849635837485147,-0.008849635837485176,-0.008849635837485178,-0.008849635837485149,-0.008849635837485171,-0.00884963583748515,-0.008849635837485175,-0.008849635837485199,-0.00884963583748517,-0.008849635837485187,-0.008849635837485175,-0.008849635837485222,-0.00884963583748519,-0.008849635837485168,-0.008849635837485189,-0.0088496358374852,-0.008849635837485185,-0.008849635837485164,-0.008849635837485149,-0.008849635837485147,-0.008849635837485131,-0.00884963583748514,-0.008849635837485126,-0.008849635837485078,-0.008849635837485138,-0.008849635837485072,-0.00884963583748511,-0.008849635837485128,-0.008849635837485161,-0.00884963583748517,-0.008849635837485168,-0.008849635837485142,-0.008845170774625039,-0.008849635837485154,-0.00884963583748518,-0.008849635837485194,-0.008849635837485147,-0.008849635837485161,-0.008849635837485147,-0.008849635837485135,-0.008849635837485152,-0.008849635837485178,-0.008849635837485183,-0.00884963583748522,-0.0088496358374852,-0.008849635837485223,-0.008849635837485197,-0.008849635837485199,-0.008849635837485211,-0.008849635837485204,-0.00884963583748522,-0.008849635837485216,-0.008849635837485192,-0.008849635837485173,-0.008849635837485227,-0.008849635837485234,-0.008849635837485248,-0.008849635837485258,-0.008849635837485277,-0.00884963583748528,-0.008849635837485272,-0.008849635837485244,-0.008849635837485258,-0.008849635837485251,-0.008849635837485242,-0.008849635837485251,-0.008849635837485235,-0.008849635837485253,-0.008849635837485274,-0.008849635837485256,-0.008849635837485275,-0.008849635837485268,1.0,-0.00884963583748525,-0.00884963583748523,-0.00884963583748523,-0.008849635837485242,-0.008849635837485239,-0.008849635837485213,-0.008849635837485225,-0.008849635837485246,-0.031135598249948097,-0.04617396938139486,-0.0488651948138679,0.11064323581816399,-0.016373626643877256,0.03871922147567924,-0.009678744396872089,0.03072604058373789,-0.03007482114628909,0.008690471923481886,0.0027084966156822256,0.004516629384172006,-0.04287850337541343,0.06420280196210816,-0.04851696648356626,0.013689346753349695,0.06103212119355727,-0.025894819883376014,-0.03258491309422781,0.012692041468192895,-0.0040593221658913525,0.17662095172085146,-0.035131709273644444,-2.4945189702456115e-18,-0.08939068840543933,-0.0008387963827205556,-0.04574491428518356,-0.017711936251106297,0.029477232631942445,-0.028764444099108433,-0.08629181330700526,-0.026528306093073207,0.19258113049121287,-0.02582453158081027,-0.004643085994659616,0.0016494212606452021,-0.10567967022716998,-0.10567967022716897,0.005311821587891464,-0.061769030795288365,0.18225313493966633,-0.004229749497984706,-0.03258491309422792,0.1386425622287926
track_genre_swedish,-0.00884963583748519,-0.008849635837485164,-0.008849635837485176,-0.008849635837485182,-0.00884963583748519,-0.008849635837485216,-0.008849635837485175,-0.008849635837485171,-0.008849635837485206,-0.008849635837485225,-0.00884963583748519,-0.008849635837485196,-0.008849635837485203,-0.008849635837485199,-0.0088496358374852,-0.00884963583748523,-0.008849635837485227,-0.00884963583748521,-0.008849635837485189,-0.008849635837485213,-0.00884963583748521,-0.008849635837485227,-0.008849635837485215,-0.008849635837485218,-0.0088496358374852,-0.008849635837485196,-0.008849635837485211,-0.008849635837485204,-0.008849635837485192,-0.008849635837485185,-0.00884963583748519,-0.008849635837485216,-0.008849635837485222,-0.008849635837485194,-0.008849635837485222,-0.008849635837485223,-0.008849635837485196,-0.008849635837485218,-0.008849635837485197,-0.00884963583748522,-0.008849635837485239,-0.008849635837485216,-0.008849635837485232,-0.008849635837485218,-0.008849635837485258,-0.008849635837485234,-0.008849635837485213,-0.008849635837485234,-0.008849635837485246,-0.008849635837485227,-0.008849635837485204,-0.008849635837485192,-0.008849635837485196,-0.008849635837485178,-0.008849635837485187,-0.008849635837485175,-0.008849635837485137,-0.008849635837485183,-0.008849635837485131,-0.00884963583748516,-0.008849635837485175,-0.0088496358374852,-0.008849635837485218,-0.00884963583748521,-0.008849635837485187,-0.008845170774625025,-0.008849635837485199,-0.008849635837485222,-0.008849635837485229,-0.008849635837485199,-0.008849635837485206,-0.008849635837485192,-0.008849635837485178,-0.0088496358374852,-0.008849635837485218,-0.008849635837485223,-0.008849635837485256,-0.00884963583748524,-0.008849635837485251,-0.008849635837485235,-0.008849635837485237,-0.008849635837485244,-0.008849635837485237,-0.008849635837485248,-0.00884963583748525,-0.00884963583748523,-0.008849635837485215,-0.008849635837485263,-0.008849635837485263,-0.008849635837485274,-0.008849635837485288,-0.0088496358374853,-0.008849635837485305,-0.0088496358374853,-0.008849635837485272,-0.008849635837485288,-0.00884963583748528,-0.008849635837485272,-0.00884963583748528,-0.008849635837485261,-0.00884963583748528,-0.008849635837485301,-0.008849635837485286,-0.008849635837485298,-0.008849635837485294,-0.00884963583748525,1.0,-0.008849635837485305,-0.008849635837485293,-0.008849635837485314,-0.008849635837485301,-0.008849635837485275,-0.008849635837485286,-0.008849635837485322,-0.017890290677702567,-0.013084309660022882,0.013852989653206232,0.014062238377143698,-0.014146207713357674,-0.022144607855963252,0.031024587211355214,0.002436988675776044,0.016601120040482007,0.009995159717668371,0.006120632949302145,-0.009208491025177321,-0.011850283988814577,0.01279962606468269,0.00902367733210681,-0.01765310602263187,0.0026291391402804933,0.02136271195408403,-0.0033048897389175444,0.003510452919992979,0.017993194365084245,-0.025463034733843648,0.01708879859975456,1.876959887483577e-17,-0.011689379616199954,-0.0008616943237885926,0.013013071207745154,0.010095294691802295,0.014224396262435313,0.0031957689891398307,-0.00724845853841498,0.01632928568260387,-0.04068675815942717,-0.01144311012253125,-0.0056569393464797465,-0.0013864299683981186,-0.013065007883070929,-0.013065007883071172,0.0017637807885834975,-0.0001465202549036078,-0.031128576034366154,-0.004229749497984704,-0.003304889738917505,0.14150122682305405
track_genre_synth-pop,-0.008849635837485168,-0.008849635837485138,-0.00884963583748515,-0.00884963583748516,-0.008849635837485168,-0.008849635837485192,-0.008849635837485147,-0.008849635837485144,-0.008849635837485189,-0.008849635837485203,-0.008849635837485164,-0.00884963583748517,-0.008849635837485185,-0.008849635837485175,-0.008849635837485178,-0.008849635837485208,-0.008849635837485208,-0.008849635837485192,-0.008849635837485164,-0.008849635837485192,-0.008849635837485192,-0.008849635837485206,-0.00884963583748519,-0.0088496358374852,-0.008849635837485178,-0.008849635837485173,-0.008849635837485192,-0.008849635837485176,-0.008849635837485164,-0.00884963583748516,-0.008849635837485163,-0.008849635837485192,-0.008849635837485197,-0.008849635837485166,-0.008849635837485194,-0.008849635837485197,-0.008849635837485168,-0.008849635837485189,-0.008849635837485168,-0.008849635837485192,-0.00884963583748522,-0.00884963583748519,-0.00884963583748521,-0.008849635837485194,-0.008849635837485235,-0.00884963583748521,-0.008849635837485185,-0.008849635837485208,-0.008849635837485222,-0.008849635837485206,-0.00884963583748517,-0.00884963583748516,-0.008849635837485164,-0.008849635837485152,-0.008849635837485156,-0.008849635837485147,-0.008849635837485114,-0.008849635837485152,-0.008849635837485104,-0.008849635837485133,-0.008849635837485144,-0.008849635837485168,-0.008849635837485189,-0.00884963583748519,-0.008849635837485156,-0.008845170774624985,-0.008849635837485171,-0.0088496358374852,-0.008849635837485211,-0.008849635837485168,-0.008849635837485182,-0.008849635837485161,-0.008849635837485145,-0.00884963583748517,-0.008849635837485196,-0.008849635837485199,-0.008849635837485234,-0.00884963583748522,-0.008849635837485232,-0.008849635837485211,-0.008849635837485213,-0.008849635837485225,-0.008849635837485215,-0.00884963583748523,-0.008849635837485227,-0.008849635837485208,-0.008849635837485196,-0.00884963583748524,-0.008849635837485242,-0.008849635837485258,-0.008849635837485274,-0.00884963583748529,-0.00884963583748529,-0.00884963583748529,-0.008849635837485256,-0.008849635837485277,-0.008849635837485267,-0.008849635837485258,-0.008849635837485267,-0.008849635837485248,-0.00884963583748527,-0.008849635837485288,-0.008849635837485274,-0.00884963583748529,-0.008849635837485282,-0.00884963583748523,-0.008849635837485305,1.0,-0.0088496358374853,-0.008849635837485331,-0.008849635837485308,-0.008849635837485284,-0.008849635837485298,-0.008849635837485334,0.0026083996126775805,0.02850755429531324,0.019835974355657347,-0.041266551654857805,-0.009691369852318533,-0.008308895833032627,-0.01247034457354234,-0.010367529556247687,0.014074790522918478,0.01630115072290296,-0.009521192958657547,-0.024673001282053023,-0.015092995458102516,0.02919734054365076,0.0010158335956835078,-0.032310492964449135,-0.04599628302963559,0.04075211806710988,0.0022039585389862695,-0.05833050011851341,0.040380879109466535,-0.022406039225487045,0.015124779972572286,-4.342659542660149e-17,0.02136189442156306,-0.0008778017084022202,0.045105306356600434,0.018955903873610683,0.022904872245081802,-0.01396181908981444,0.02683529586488585,-0.005001661822185502,-0.022405331684218405,-0.014520172282835317,0.0009653625091944893,0.008032311391015677,0.027192880316591964,0.02719288031659111,0.013590583452941575,-0.009599320629503317,-0.025474109495305323,0.00205964893272088,0.002203958538986279,0.14435989141731567
track_genre_tango,-0.008849635837485168,-0.008849635837485135,-0.008849635837485147,-0.008849635837485156,-0.008849635837485164,-0.00884963583748519,-0.008849635837485142,-0.00884963583748514,-0.00884963583748519,-0.008849635837485203,-0.008849635837485163,-0.008849635837485168,-0.008849635837485185,-0.008849635837485173,-0.008849635837485175,-0.008849635837485208,-0.008849635837485204,-0.008849635837485194,-0.008849635837485163,-0.00884963583748519,-0.008849635837485194,-0.008849635837485204,-0.008849635837485189,-0.008849635837485203,-0.008849635837485175,-0.00884963583748517,-0.008849635837485194,-0.008849635837485178,-0.00884963583748516,-0.008849635837485154,-0.008849635837485161,-0.00884963583748519,-0.008849635837485196,-0.008849635837485164,-0.008849635837485192,-0.008849635837485196,-0.008849635837485164,-0.008849635837485189,-0.008849635837485166,-0.008849635837485192,-0.008849635837485222,-0.008849635837485189,-0.008849635837485208,-0.008849635837485192,-0.008849635837485234,-0.008849635837485208,-0.008849635837485183,-0.008849635837485206,-0.008849635837485222,-0.0088496358374852,-0.00884963583748517,-0.008849635837485161,-0.00884963583748517,-0.008849635837485156,-0.008849635837485163,-0.008849635837485152,-0.008849635837485114,-0.008849635837485156,-0.00884963583748511,-0.008849635837485138,-0.008849635837485149,-0.008849635837485166,-0.008849635837485185,-0.008849635837485185,-0.008849635837485157,-0.008845170774624957,-0.00884963583748517,-0.0088496358374852,-0.008849635837485213,-0.008849635837485166,-0.00884963583748518,-0.00884963583748516,-0.008849635837485144,-0.008849635837485168,-0.008849635837485192,-0.008849635837485197,-0.008849635837485234,-0.008849635837485218,-0.00884963583748523,-0.008849635837485211,-0.00884963583748521,-0.008849635837485225,-0.008849635837485218,-0.008849635837485227,-0.008849635837485229,-0.008849635837485208,-0.008849635837485196,-0.008849635837485239,-0.00884963583748524,-0.008849635837485255,-0.008849635837485267,-0.008849635837485282,-0.008849635837485284,-0.008849635837485279,-0.008849635837485253,-0.008849635837485263,-0.00884963583748526,-0.008849635837485251,-0.00884963583748526,-0.008849635837485242,-0.00884963583748526,-0.008849635837485279,-0.008849635837485261,-0.00884963583748528,-0.008849635837485274,-0.00884963583748523,-0.008849635837485293,-0.0088496358374853,1.0,-0.0088496358374853,-0.008849635837485293,-0.008849635837485267,-0.008849635837485279,-0.008849635837485319,-0.02608976679385467,-0.03813134375467248,-0.012142047329857568,0.06469883420148438,-0.013032498248097928,0.027344669764519706,-0.06298930260941761,0.0077970195636025055,-0.05637985820980085,-0.01957776361722526,-0.010585334778762457,-0.017907702148176417,-0.030544976563300765,-0.015686862979424804,-0.03373237009121681,-0.004285283708531018,0.15030914564513875,0.03971886596091546,-0.023828274144062432,0.04414018643097273,0.017382980585227074,0.0285837680507795,-0.0658499159945127,-1.3755103328734306e-17,-0.10198362285087234,-0.0008321588544656369,-0.024797601935581684,0.021281028268836953,0.011899268767083436,-0.028764444099108392,-0.10044036900675812,-0.03083363494725111,-0.004964425057169526,0.008298317480663519,0.013552928892369163,-0.004234716349280047,-0.045979910617887094,-0.045979910617888246,-0.0136110626750841,-0.04811519703085972,-0.014760383421295388,-0.004229749497984698,-0.02382827414406205,0.14721855601157713
track_genre_techno,-0.008849635837485178,-0.008849635837485147,-0.008849635837485161,-0.008849635837485176,-0.00884963583748518,-0.0088496358374852,-0.008849635837485163,-0.008849635837485157,-0.008849635837485197,-0.008849635837485213,-0.00884963583748518,-0.008849635837485183,-0.008849635837485192,-0.008849635837485189,-0.008849635837485192,-0.008849635837485218,-0.008849635837485218,-0.008849635837485203,-0.008849635837485178,-0.0088496358374852,-0.008849635837485203,-0.008849635837485215,-0.008849635837485204,-0.00884963583748521,-0.008849635837485192,-0.008849635837485187,-0.008849635837485203,-0.008849635837485194,-0.008849635837485178,-0.008849635837485173,-0.008849635837485173,-0.00884963583748521,-0.008849635837485213,-0.008849635837485176,-0.00884963583748521,-0.008849635837485211,-0.008849635837485182,-0.008849635837485208,-0.008849635837485178,-0.008849635837485211,-0.008849635837485229,-0.008849635837485208,-0.008849635837485218,-0.008849635837485208,-0.008849635837485246,-0.008849635837485223,-0.008849635837485197,-0.008849635837485225,-0.008849635837485232,-0.008849635837485222,-0.00884963583748519,-0.008849635837485176,-0.008849635837485182,-0.00884963583748517,-0.008849635837485175,-0.008849635837485164,-0.008849635837485128,-0.008849635837485171,-0.00884963583748512,-0.008849635837485147,-0.008849635837485161,-0.008849635837485185,-0.008849635837485204,-0.008849635837485204,-0.008849635837485171,-0.00884517077462493,-0.008849635837485185,-0.008849635837485211,-0.00884963583748522,-0.008849635837485178,-0.008849635837485199,-0.008849635837485178,-0.008849635837485161,-0.00884963583748518,-0.00884963583748521,-0.008849635837485215,-0.008849635837485244,-0.008849635837485229,-0.00884963583748524,-0.008849635837485222,-0.00884963583748522,-0.008849635837485235,-0.008849635837485229,-0.008849635837485239,-0.008849635837485239,-0.008849635837485218,-0.008849635837485204,-0.008849635837485253,-0.008849635837485251,-0.008849635837485267,-0.008849635837485286,-0.008849635837485298,-0.008849635837485301,-0.008849635837485298,-0.008849635837485267,-0.008849635837485286,-0.008849635837485279,-0.008849635837485268,-0.008849635837485277,-0.008849635837485256,-0.008849635837485277,-0.008849635837485298,-0.008849635837485282,-0.008849635837485296,-0.008849635837485291,-0.008849635837485242,-0.008849635837485314,-0.008849635837485331,-0.0088496358374853,1.0,-0.008849635837485286,-0.00884963583748526,-0.008849635837485274,-0.008849635837485307,0.061581554755771324,-0.00894810219485119,-0.010904188425902095,-0.048500351058335125,0.08051909683372446,-0.007510681677863561,0.0325554647275942,-0.014536442468998836,0.02447533908771271,0.013691775134529993,0.005233848099214738,-0.01769282303827392,-0.02654068885277073,0.06371927266243081,0.003386979697774935,-0.018186672951872783,-0.0660568235303374,-0.05522131295758437,0.019166448576801613,-0.0668655109360781,-0.031300567915788946,-0.013666704438339209,0.02222462530738422,-1.739276670474798e-18,0.0365908068334945,-0.0008805495883840216,-0.005269409629246371,0.008367161695350383,-0.047127967914912576,-0.02001743841179837,0.039281391736480445,-0.015960680723728696,0.11669235486055984,-0.026742688102112312,-0.00455979623492234,-0.004484422216322677,0.08341335342227661,0.08341335342227567,0.01240790318650548,-0.006135095005157776,0.09803134385786451,0.010445513506994972,0.019166448576801574,0.150077220605839
track_genre_trance,-0.008849635837485182,-0.008849635837485137,-0.008849635837485149,-0.008849635837485164,-0.008849635837485182,-0.008849635837485203,-0.008849635837485154,-0.00884963583748515,-0.008849635837485199,-0.008849635837485215,-0.008849635837485178,-0.008849635837485183,-0.008849635837485196,-0.008849635837485189,-0.00884963583748519,-0.00884963583748522,-0.008849635837485215,-0.008849635837485204,-0.008849635837485176,-0.008849635837485206,-0.008849635837485206,-0.008849635837485216,-0.008849635837485204,-0.008849635837485211,-0.00884963583748519,-0.008849635837485187,-0.008849635837485206,-0.008849635837485192,-0.008849635837485171,-0.008849635837485164,-0.008849635837485161,-0.008849635837485204,-0.00884963583748521,-0.008849635837485166,-0.008849635837485208,-0.008849635837485211,-0.008849635837485175,-0.008849635837485203,-0.008849635837485164,-0.008849635837485204,-0.008849635837485234,-0.008849635837485203,-0.008849635837485218,-0.008849635837485206,-0.008849635837485248,-0.008849635837485223,-0.008849635837485189,-0.00884963583748522,-0.008849635837485234,-0.008849635837485211,-0.008849635837485176,-0.008849635837485166,-0.008849635837485173,-0.008849635837485156,-0.008849635837485164,-0.008849635837485152,-0.008849635837485109,-0.008849635837485161,-0.008849635837485102,-0.008849635837485135,-0.00884963583748515,-0.008849635837485175,-0.008849635837485196,-0.008849635837485197,-0.008849635837485157,-0.008845170774624904,-0.008849635837485175,-0.008849635837485213,-0.008849635837485222,-0.008849635837485168,-0.00884963583748519,-0.008849635837485163,-0.008849635837485147,-0.008849635837485168,-0.008849635837485206,-0.008849635837485211,-0.008849635837485246,-0.008849635837485229,-0.008849635837485237,-0.008849635837485225,-0.008849635837485222,-0.00884963583748523,-0.008849635837485223,-0.008849635837485235,-0.008849635837485234,-0.008849635837485222,-0.008849635837485208,-0.008849635837485251,-0.008849635837485248,-0.008849635837485261,-0.008849635837485277,-0.008849635837485291,-0.008849635837485294,-0.00884963583748529,-0.008849635837485261,-0.008849635837485272,-0.00884963583748527,-0.008849635837485261,-0.00884963583748527,-0.008849635837485251,-0.00884963583748527,-0.008849635837485293,-0.008849635837485272,-0.008849635837485293,-0.008849635837485288,-0.008849635837485239,-0.008849635837485301,-0.008849635837485308,-0.008849635837485293,-0.008849635837485286,1.0,-0.008849635837485239,-0.008849635837485256,-0.008849635837485288,0.0331987528152449,-0.021356724590365597,-0.00842847061799125,-0.013699910684850065,0.05490377913274895,-0.04682272881994103,0.032015155015980366,-0.014536442468998882,0.01854120614745908,0.011517295477552642,0.010258079876724838,-0.03587838139212496,-0.010888292947245866,0.00900294533044506,0.036085946173832685,-0.00440130359776399,-0.0789413960278322,-0.07154866288330691,0.034923286828462526,-0.045360931034976175,-0.05744405875374124,-0.02369962739714079,0.01956160625168256,1.0378706789784817e-17,0.08155470106348114,-0.0008855800025316536,-0.008873274018776078,0.036677122237226994,-0.06703105927512343,-0.02136313159446148,0.07625491461699223,-0.03005084788285535,0.08127709692243551,0.01027970923520677,-0.01055407599047196,-0.006057888051441511,0.03566469852701568,0.0356646985270149,0.0070858419875438824,0.030578000248498133,0.04208188547136832,-3.681721084763262e-05,0.034923286828462186,0.15293588520010043
track_genre_trip-hop,-0.008849635837485149,-0.008849635837485123,-0.008849635837485135,-0.008849635837485145,-0.008849635837485154,-0.008849635837485176,-0.008849635837485131,-0.00884963583748513,-0.008849635837485173,-0.008849635837485189,-0.008849635837485152,-0.008849635837485157,-0.008849635837485168,-0.008849635837485163,-0.008849635837485164,-0.008849635837485194,-0.00884963583748519,-0.008849635837485175,-0.00884963583748515,-0.008849635837485173,-0.008849635837485176,-0.008849635837485187,-0.008849635837485178,-0.008849635837485183,-0.008849635837485164,-0.00884963583748516,-0.008849635837485176,-0.008849635837485164,-0.008849635837485149,-0.008849635837485144,-0.008849635837485149,-0.008849635837485182,-0.008849635837485187,-0.008849635837485152,-0.008849635837485183,-0.008849635837485185,-0.008849635837485154,-0.008849635837485178,-0.008849635837485154,-0.00884963583748518,-0.008849635837485203,-0.008849635837485176,-0.008849635837485192,-0.00884963583748518,-0.008849635837485222,-0.008849635837485197,-0.008849635837485173,-0.008849635837485194,-0.008849635837485206,-0.008849635837485189,-0.008849635837485166,-0.008849635837485157,-0.008849635837485163,-0.008849635837485147,-0.008849635837485156,-0.008849635837485144,-0.008849635837485098,-0.00884963583748515,-0.00884963583748509,-0.008849635837485128,-0.00884963583748514,-0.008849635837485163,-0.008849635837485175,-0.008849635837485175,-0.008849635837485149,-0.008845170774624902,-0.00884963583748516,-0.008849635837485185,-0.008849635837485194,-0.008849635837485156,-0.00884963583748517,-0.00884963583748515,-0.00884963583748514,-0.008849635837485157,-0.008849635837485183,-0.008849635837485189,-0.00884963583748522,-0.0088496358374852,-0.008849635837485216,-0.008849635837485194,-0.008849635837485196,-0.00884963583748521,-0.008849635837485203,-0.00884963583748521,-0.008849635837485213,-0.008849635837485192,-0.008849635837485176,-0.008849635837485225,-0.008849635837485227,-0.008849635837485239,-0.008849635837485253,-0.008849635837485263,-0.00884963583748527,-0.008849635837485265,-0.008849635837485235,-0.008849635837485253,-0.008849635837485246,-0.008849635837485237,-0.008849635837485246,-0.008849635837485225,-0.008849635837485246,-0.008849635837485265,-0.00884963583748525,-0.008849635837485265,-0.00884963583748526,-0.008849635837485213,-0.008849635837485275,-0.008849635837485284,-0.008849635837485267,-0.00884963583748526,-0.008849635837485239,1.0,-0.00884963583748527,-0.008849635837485307,0.03635239747530343,0.023911768222900392,-0.0020328662808882497,-0.046545270138476355,0.015923947848656517,0.0040634235720879465,0.019137773555855532,0.0009480912069380398,0.005150394430824179,0.008907919889179666,0.003531750610838004,-0.02436086110135263,-0.03316640215157552,0.03680371176906833,-0.01834871640310629,-0.007428497394744735,-0.025261328442147336,0.001452434441127781,-0.010682117641743465,-0.05376430930616811,0.01237181416447273,0.009688835230711781,0.0050171188243175605,3.725100459898111e-17,-0.016490479154441566,-0.0008709127574788335,0.0046306728870736565,-0.0025986276821356818,0.014844430261195656,-0.013625395794148664,-0.00711363060167212,-0.030246544648954158,0.06920037441601772,-0.011469892364312924,-0.006268265024200341,-0.0009036688701389545,0.05114902755335318,0.05114902755335269,0.008859862387197392,-0.03380081455912123,0.04118907496520076,0.0020596489327208865,-0.010682117641743413,0.15579454979436197
track_genre_turkish,-0.008849635837485163,-0.008849635837485133,-0.008849635837485145,-0.008849635837485156,-0.008849635837485164,-0.00884963583748519,-0.008849635837485142,-0.008849635837485142,-0.008849635837485182,-0.008849635837485197,-0.008849635837485163,-0.008849635837485168,-0.008849635837485178,-0.008849635837485171,-0.008849635837485175,-0.008849635837485204,-0.0088496358374852,-0.008849635837485185,-0.008849635837485161,-0.008849635837485185,-0.008849635837485185,-0.008849635837485199,-0.008849635837485189,-0.008849635837485196,-0.008849635837485175,-0.00884963583748517,-0.008849635837485187,-0.008849635837485176,-0.008849635837485163,-0.008849635837485156,-0.008849635837485157,-0.008849635837485192,-0.008849635837485196,-0.008849635837485161,-0.008849635837485194,-0.008849635837485196,-0.008849635837485164,-0.00884963583748519,-0.008849635837485164,-0.00884963583748519,-0.008849635837485211,-0.008849635837485187,-0.0088496358374852,-0.00884963583748519,-0.00884963583748523,-0.008849635837485208,-0.008849635837485183,-0.008849635837485204,-0.008849635837485215,-0.0088496358374852,-0.008849635837485171,-0.00884963583748516,-0.008849635837485166,-0.008849635837485154,-0.00884963583748516,-0.008849635837485149,-0.008849635837485109,-0.008849635837485154,-0.008849635837485102,-0.008849635837485137,-0.008849635837485147,-0.008849635837485168,-0.008849635837485187,-0.008849635837485185,-0.008849635837485157,-0.008845170774624888,-0.00884963583748517,-0.008849635837485192,-0.008849635837485206,-0.008849635837485166,-0.008849635837485176,-0.008849635837485163,-0.008849635837485147,-0.008849635837485168,-0.008849635837485194,-0.008849635837485197,-0.008849635837485229,-0.008849635837485213,-0.008849635837485229,-0.008849635837485206,-0.00884963583748521,-0.008849635837485222,-0.008849635837485213,-0.008849635837485223,-0.008849635837485225,-0.008849635837485204,-0.008849635837485187,-0.008849635837485234,-0.008849635837485239,-0.008849635837485251,-0.008849635837485268,-0.008849635837485277,-0.008849635837485284,-0.008849635837485279,-0.008849635837485256,-0.008849635837485268,-0.008849635837485263,-0.008849635837485253,-0.008849635837485261,-0.00884963583748524,-0.008849635837485265,-0.008849635837485279,-0.008849635837485265,-0.00884963583748528,-0.008849635837485274,-0.008849635837485225,-0.008849635837485286,-0.008849635837485298,-0.008849635837485279,-0.008849635837485274,-0.008849635837485256,-0.00884963583748527,1.0,-0.008849635837485315,-0.015052010483649791,0.014720196078074815,0.012615130749250865,-0.009789748845132654,-0.015259917178617523,-0.018486126311438558,0.10666794683726509,5.475272563407797e-05,0.03145964907282997,0.00434151260952699,0.0031823309087140113,-0.04102190871757994,-0.04005666298681168,0.0267113928213187,0.0006402233432037742,0.018180935762666158,0.0017590914410889787,-0.00426430606256132,-0.005585977420484954,-0.014905954486741887,0.0008519202689124611,-0.022948536162530765,0.03587638082498044,-2.2865499151833992e-17,-0.02199855506489648,-0.0008678430536020289,-0.003292163131802837,-0.0073431382723946805,0.02501298784086727,0.0445758343560298,-0.011810878836688115,-0.059992453095999806,-0.03660373511512509,-0.01620955853998982,0.0027557814973719354,-0.0021849695697167115,-0.0014776408461501507,-0.0014776408461503556,0.005903161721107736,-0.011933196245348351,-0.0305333690302545,-3.681721084764083e-05,-0.005585977420484898,0.15865321438862356
track_genre_world-music,-0.008849635837485187,-0.008849635837485145,-0.008849635837485157,-0.008849635837485168,-0.008849635837485182,-0.00884963583748521,-0.008849635837485156,-0.008849635837485152,-0.008849635837485206,-0.00884963583748522,-0.00884963583748518,-0.008849635837485183,-0.008849635837485203,-0.008849635837485189,-0.008849635837485192,-0.008849635837485223,-0.008849635837485223,-0.008849635837485204,-0.008849635837485176,-0.008849635837485211,-0.008849635837485206,-0.008849635837485222,-0.008849635837485204,-0.008849635837485218,-0.00884963583748519,-0.008849635837485187,-0.008849635837485206,-0.008849635837485192,-0.008849635837485173,-0.008849635837485168,-0.008849635837485171,-0.00884963583748521,-0.008849635837485213,-0.008849635837485175,-0.008849635837485208,-0.008849635837485211,-0.008849635837485176,-0.008849635837485204,-0.008849635837485175,-0.008849635837485204,-0.008849635837485232,-0.008849635837485203,-0.008849635837485222,-0.008849635837485206,-0.008849635837485251,-0.008849635837485223,-0.008849635837485194,-0.00884963583748522,-0.008849635837485234,-0.00884963583748521,-0.00884963583748518,-0.00884963583748517,-0.008849635837485176,-0.008849635837485161,-0.008849635837485168,-0.008849635837485157,-0.008849635837485114,-0.008849635837485163,-0.008849635837485105,-0.008849635837485138,-0.008849635837485154,-0.008849635837485178,-0.008849635837485197,-0.008849635837485196,-0.008849635837485166,-0.00884517077462488,-0.00884963583748518,-0.008849635837485213,-0.008849635837485229,-0.008849635837485178,-0.00884963583748519,-0.008849635837485168,-0.008849635837485152,-0.008849635837485178,-0.00884963583748521,-0.008849635837485216,-0.00884963583748525,-0.008849635837485235,-0.008849635837485251,-0.00884963583748523,-0.008849635837485229,-0.008849635837485242,-0.008849635837485232,-0.008849635837485255,-0.008849635837485246,-0.008849635837485227,-0.00884963583748521,-0.00884963583748526,-0.008849635837485261,-0.008849635837485272,-0.008849635837485301,-0.008849635837485317,-0.00884963583748532,-0.008849635837485312,-0.008849635837485282,-0.008849635837485301,-0.008849635837485294,-0.008849635837485286,-0.008849635837485293,-0.008849635837485268,-0.008849635837485291,-0.008849635837485315,-0.0088496358374853,-0.008849635837485319,-0.00884963583748531,-0.008849635837485246,-0.008849635837485322,-0.008849635837485334,-0.008849635837485319,-0.008849635837485307,-0.008849635837485288,-0.008849635837485307,-0.008849635837485315,1.0,0.05275134970760771,0.02942671150979574,-0.013792525868464718,-0.05553864236982671,0.03095902562966362,-0.009905324143370494,0.06380337638258293,0.029832702102436697,0.036415303802608386,-0.011967084817804034,0.0012446398332991444,-0.004404246504831629,-0.024444350041352262,-0.0825190685368455,-0.021671280038805717,-0.03815517282917617,-0.0043454832857672855,-0.0811952302380335,-0.002366027392686635,0.01102098866990397,-0.08146597243680255,0.0064029860907702345,0.04205635997647019,7.895774293887474e-18,-0.042059947245729694,0.0005351478328191883,-0.08838708340182978,0.01056660369083471,-0.028960971751230996,-0.02876444409910837,-0.04054058396952378,0.04529240706525324,-0.01951838435361573,0.018203299704171515,-0.001646974831548411,0.012577686431138862,0.07037473728410153,0.07037473728410076,0.001172440655364424,-0.024130474984650683,-0.007617899371955541,-0.00422974949798468,-0.002366027392686595,0.16151187898288513
duration_class_long,-0.016313468347672732,0.005762044272736225,-0.0036988897074393744,-0.013790552619626223,0.013330791456876897,-0.010321543493561819,0.05685108776568386,-0.009375450095544227,-0.0011759739793921892,0.028468285825157046,0.055589629901660706,-0.0024374318434157026,-0.018521019609713956,0.10447112213256643,-0.02892804698790714,-0.02861268252190111,0.008915688932794999,-0.014421281551637542,0.007338866602765686,-0.025774402327848705,-0.027351224657878016,-0.028297318055895547,0.011438604660841841,0.0010315772826488049,0.098794561744461,0.007969595534777357,-0.024197579997819647,0.04991306951355527,-0.004644983105456722,-0.010006179027555882,-0.02672049572586651,-0.0276665891238842,-0.0011759739793923323,-0.021043935337761336,0.005446679806730372,-0.027351224657878242,-0.011898365823590903,-0.010006179027555913,-0.015052010483649495,-0.00716789883350368,0.06788884407588847,0.01648443611693533,-0.02230539320178473,0.021845632039034737,-0.005591076503474339,-0.00716789883350362,0.035406304077285754,0.022791725437051692,-0.011898365823591025,0.005446679806730254,0.01774589398095876,-0.01599810388166706,-0.030504869317936778,-0.026405131259860694,0.0357216685432917,0.008915688932794758,-0.01694419727968471,-0.01852101960971432,0.01806125844696451,0.06915030193991167,-0.023251486599801995,-0.005906440969480253,-0.00622180543548611,0.008284960000782963,-0.015052010483649621,0.012421991268830349,-0.02577440232784889,-0.02230539320178462,-0.022620757667790356,0.022476360971046053,-0.009690814561550333,0.01806125844696448,-0.01757492621169623,0.09437945922037826,-0.009375450095544474,0.03540630407728603,-0.00022988058137500065,-0.009060085629538734,-0.02955877591991885,-0.015367374949655606,-0.007483263299509481,0.06536592834784158,-0.022936122133796016,-0.014421281551637978,-0.00022988058137496023,-0.014105917085632157,-0.01694419727968482,-0.013790552619626254,-0.01883638407571981,-0.022936122133795867,-0.015682739415661257,-0.02798195358988936,-0.027981953589889367,-0.012529094755602807,-0.030820233783941983,0.029099014757169292,-0.004960347571462555,-0.021043935337760798,-0.005906440969480167,-0.01379055261962644,-0.010636907959568113,-0.027351224657877805,-0.013790552619626558,-0.017890290677702543,-0.011267636891579762,-0.031135598249948097,-0.017890290677702567,0.0026083996126775805,-0.02608976679385467,0.061581554755771324,0.0331987528152449,0.03635239747530343,-0.015052010483649791,0.05275134970760771,1.0,-0.17215507140838804,-0.21402176597703595,-0.25042948765438383,-0.057607190899200175,0.007714069101766792,-0.009957400902690462,0.006434470841033576,-0.02580780850860681,0.002725380478024548,0.008073106721761317,-0.041240858717269596,-0.05950224017235513,-0.052903707620232616,-0.044271714968079426,-0.024678293143244212,-0.05728879587990395,-0.12165672711914007,0.014900091839903698,-0.11409412745130937,-0.1059780008668856,0.010301623653043096,-0.028557245543543334,-0.0029259296624512413,0.015222194407782334,-0.0022554954210294354,-0.08124715508627489,0.007425052767275159,-0.06414951514085027,-0.04556926585240416,0.01822622341614755,-0.03436276967383095,0.15400596921842277,0.001215082158871741,-0.0035545155627184004,-0.0009634125835857265,0.4630661019878179,0.4630661019878128,0.01154124193929073,-0.060544717756445036,0.11114471223199131,0.01657537109759827,0.014900091839903831,-0.030147609693185373
duration_class_mid_normal,0.008975463487558998,0.011732935131006638,0.01747766772152355,0.006907359754973219,0.0032307308970430113,0.014490406774454845,0.013571249559971717,-0.000675687264508184,0.00369030950428396,0.022073453793936135,0.028507554295313275,-0.0009054765681287942,0.04482259485237734,-0.00021610865726694466,-0.04111860470174159,-0.0346845042003639,-0.018139674339675806,-0.005501262640541683,-0.010556627320195576,-0.016531149214331343,-0.0208971459831235,-0.032156821860536894,0.02207345379393604,-0.03215682186053698,-0.013543888267263958,0.010813777916523682,-0.02870998230622561,0.045282173459618234,0.013571249559971391,0.011043567220144426,-0.029169560913467577,-0.030778086038812668,-0.0027437909970939264,-0.023654617626571093,0.013341460256350983,-0.025263142751915577,-0.018599252946917055,-0.008948102194851256,-0.015841781303469377,-0.020207778072261547,0.045511962763239495,0.0193159821504885,-0.03215682186053678,0.008515884880317482,0.017477667721523364,-0.010556627320195595,-0.0038927375151970533,0.020694717972212343,0.005528623933249127,-0.010326838016575163,0.03310334036772492,-0.011245995231057968,-0.04387607634518957,-0.03307597907501942,0.015409563988937135,0.028507554295313636,-0.002973580300714826,-0.010786416623816587,0.02529050404462469,-0.0004458979608877708,-0.03169724325329544,0.08526551228961086,0.03494165479669038,0.03677996922565542,-0.025722721359157274,0.011327903234373334,-0.038131343754672885,-0.0025140016934734537,-0.005271473336921143,0.032643761760484065,0.07745267596650882,0.01977556075772929,0.01540956398893698,-0.013314098963643444,0.016328721203419508,0.013111670952729913,0.015179774685316241,-0.001824633782611571,-0.028709982306225606,-0.001594844478990871,0.0011626271644567731,0.04183533390530983,-0.015841781303470175,-0.026871667877260846,-0.012165152445540497,-0.0006756872645083815,0.001851995075318644,0.0023115736825599456,-0.008028944980368935,-0.008948102194851497,0.011273356523764865,-0.035373872111225155,-0.02962913952070918,-0.019977988768641642,-0.04180797261260308,0.07607394014478558,0.01081377791652364,-0.019058831554159057,-0.009177891498472101,0.004379677415145765,0.008056306273075901,-0.03399513628950103,0.004379677415145824,-0.012624731052781661,0.01311167095272994,-0.04617396938139486,-0.013084309660022882,0.02850755429531324,-0.03813134375467248,-0.00894810219485119,-0.021356724590365597,0.023911768222900392,0.014720196078074815,0.02942671150979574,-0.17215507140838804,1.0,-0.3363479107055622,-0.39356480667792065,-0.09053312036796249,-0.03478475527739149,0.03402271830718682,-0.008902986181895885,0.03431306761887381,0.015431655215203831,-0.0011533986329751856,-0.02142282015720628,-0.029942920708502078,-0.06501934388989344,0.055269697729077916,-0.06258021012560662,-0.04721552284951791,-0.05496477350353523,0.025708246355561355,-0.019817157173429727,-0.06677301720892038,-0.05381574350779134,0.03642119214617341,0.004851426848462472,0.04581232125865931,-0.004074405812510789,-0.02321067812928793,0.004468310152173744,0.006089259589506475,-0.048010009189158855,0.053155000624449146,0.004335950064555425,-0.04478982548279994,-0.0018360247120232122,0.005193573277303488,-0.0068149056667168445,0.31375316071068665,0.31375316071068615,0.03390588648957217,0.04440869199704451,-0.04503064236445043,-0.0014212448981108542,0.025708246355561588,-0.006094497675749877
duration_class_normal,0.014059299470532994,0.006013216594822787,0.02726312777939016,0.020867523442287608,-0.01874396148428557,-0.004921203723449709,-0.0255521854560402,-0.0003823877422798836,-0.007190611714034799,-0.009047400069967971,-0.016680863311026764,-0.005952752810079511,0.006632146046800517,-0.04081911193815755,-0.03339195851442484,-0.01791872221498177,-0.03854970394757251,0.008488934402733786,-0.025758495273366034,0.03530921065510076,0.008901554037385734,0.0254063394234574,-0.0020328662808870453,-0.007603231348686402,-0.04102542175548301,0.021692762711591575,-0.0263774247253435,-0.013586216051138127,0.024168480519501673,0.026437888510086646,0.012821440566577911,0.01839180563437702,0.007870004950756036,0.0018870202483047209,0.009520483489363052,0.0043627380562154365,0.00704476568145216,-0.0059527528100796,0.0022996398829564575,-0.007190611714035027,-0.03359826833175093,0.002299639882956275,-0.035867676322335854,-0.005333823358101934,0.03427766156847135,-0.012760976781834507,0.0033311889695859776,-0.0028581055501911905,0.004362738056215499,0.010758342393318592,-0.0010013171942578553,0.01034572275866661,-0.037724464678269114,0.008076314768081563,-0.021838608744174634,-0.0012076270115841076,0.008282624585407374,0.011170962027970088,0.01075834239331817,-0.03256671924512172,0.009933103124014245,-0.004095964454147165,0.014471919105183827,0.006013216594822028,-0.01915658111893852,0.01206301212636671,-0.016061933859049898,0.034071351751144695,0.027056817962063943,-0.008428470617991313,0.0031248791522590835,0.01901073508635337,0.0388164775496401,-0.038343394130247684,0.019835974355657,-0.01936289093626441,0.001680710430977851,0.02458110015415285,0.03345242229916701,-0.001207627011584568,0.0115835816626212,-0.01895027130161249,-0.011316808060554052,0.015503468191813167,-0.0187439614842866,0.018804425269027727,0.02148645289426445,0.011377271845295389,0.032833492847189234,0.03407135175114473,0.021073833259612866,-0.022870157830804653,-0.024726946186737594,-0.007190611714035589,-0.03504243705303233,-0.025758495273367193,0.007457385316103274,0.01632870746111692,-0.0067779920793841555,0.010139412941339866,0.015297158374487474,-0.021838608744174946,0.010139412941340093,-0.010078949156598295,0.02994515540462703,-0.0488651948138679,0.013852989653206232,0.019835974355657347,-0.012142047329857568,-0.010904188425902095,-0.00842847061799125,-0.0020328662808882497,0.012615130749250865,-0.013792525868464718,-0.21402176597703595,-0.3363479107055622,1.0,-0.4892765241391076,-0.11255002912227981,-0.06740308922612682,0.02783644954077815,-0.02074886045713975,0.05517581098459474,0.03195910207167216,0.009255435355100051,-0.02641402943254426,0.023784109649118892,0.02855854030248452,0.1198644504565354,-0.026040381057435388,-0.07964985714759985,0.028935179960799313,0.01154404399881231,0.05156420598395056,0.02529232173119182,-0.08479501370637987,0.05997972996039518,-0.004830117261416281,0.08148848317914534,-0.0056209470277871244,0.06622340432750691,-0.01857018245074135,0.0484046794185134,0.0002795486094634088,0.08771147476280923,-0.009454508870183311,-0.13105117499639027,-0.005960274387051148,-0.005343743963356832,-0.0021738648940635348,-0.003403403585419467,-0.003403403585419188,0.029912532641916737,0.12263514760102426,-0.11099264219062674,-0.007209608229507243,0.011544043998812203,0.015462424549160301
duration_class_short,-0.005684078913428645,-0.023475315284142546,-0.03422826034336581,-0.012526862132934038,0.00115870430607684,0.0037003095018931327,-0.04263510829875817,0.007414963249624593,0.007610471341610337,-0.03520580080329543,-0.05690719901372677,0.009174536077497818,-0.027776493307831805,-0.061794901313373535,0.09031039425163387,0.06978204459311746,0.030680426195943324,0.010152076537427215,0.02266459442452297,0.001940736674020649,0.03165796665587274,0.02598823198828274,-0.0260169204799587,0.03204898283984464,-0.05553864236982508,-0.03266419560747863,0.0697820445931179,-0.05553864236982546,-0.02718996903187409,-0.022888791008184913,0.034786096127647076,0.031462458563887144,-0.006661619373357932,0.03654566895551998,-0.028754033767760877,0.039087274151336275,0.02012298922870681,0.021491545872607456,0.02579272389629681,0.02540170771232495,-0.06159939322138735,-0.029927082319676855,0.07994846537638348,-0.017219056340594955,-0.03892045455102722,0.028334329092112757,-0.01800108870853842,-0.02934055804371953,0.003504801409906856,-0.0007963766137822621,-0.03618334126322531,0.014453254561115802,0.09773970174709806,0.04221540362310943,-0.023670823376129586,-0.025625904295987986,0.010738600813384278,0.015235286929059358,-0.042048584022801164,-0.036378849355210956,0.03752320941544824,-0.060035328485501104,-0.03481478461932429,-0.038138422183084095,0.05277284059034663,-0.027914659475667663,0.06880450413318843,-0.01057178121307609,-0.0013829008897400746,-0.032664195607479546,-0.05729821519769813,-0.04595874586251849,-0.03501029271130986,-0.05905778802557099,-0.022693282916199986,-0.03422826034336659,-0.013895418776835903,-0.014677451144779302,0.016212827388988518,0.016799351664945953,-0.002164933257683658,-0.05592965855379696,0.0433884521750242,0.01992748113671966,0.023446626792465276,-0.003924506085556593,-0.007052635557330524,-0.0009918847057686238,-0.007052635557330782,-0.005097554637472205,-0.015459483512723207,0.07466974689276405,0.07173712551297631,0.03517711231161768,0.09363403181539391,-0.05632067473776937,-0.010962797397047818,0.019340956860762055,0.0185589244928186,-0.0006008685217966784,-0.010180765029104269,0.06587188275339997,-0.000600868521796547,0.03615465277154737,-0.02914504995173369,0.11064323581816399,0.014062238377143698,-0.041266551654857805,0.06469883420148438,-0.048500351058335125,-0.013699910684850065,-0.046545270138476355,-0.009789748845132654,-0.05553864236982671,-0.25042948765438383,-0.39356480667792065,-0.4892765241391076,1.0,-0.1316961665086131,0.07353680781270566,-0.04740284403479009,0.018753550072089665,-0.051880716920692294,-0.04108798974400799,-0.012609721703440617,0.07985429822735868,0.05605356142532841,0.07629320484659073,-0.1024918487534458,0.09492814556720296,0.1605026522962532,0.13171613072869962,-0.03972866267714404,0.07715923103273437,0.1292119264861643,0.102447525291875,-0.05470640535086337,0.004365892327687206,-0.11913787473043753,0.008823300392631404,0.03776305431236248,0.0016347327012567559,0.013407264326640267,0.07982510049515486,-0.13282267269837159,0.032189842688456254,0.003911122611526282,-0.0017156145498484078,0.002158465166532484,0.008750912309088027,-0.7143751154881715,-0.714375115488157,-0.06286994430914535,-0.08286492022386731,0.023401268214713958,-0.0047684652716905125,-0.03972866267714313,0.018437173796600537
duration_class_very_long,-0.014703062445988199,0.012025964720246505,-0.011918788782838969,-0.013032498248098717,0.01592394784865555,-0.01414620771335831,0.057131198063268246,-0.0018954035955008157,-0.009134515119689544,0.020935640442324654,0.03986870135174199,-0.0035659677933903996,-0.014703062445988133,0.10223643140629159,-0.01637362664387785,-0.015816771911247897,0.044880393945410754,-0.01303249824809847,0.017594512046545642,-0.015259917178618099,-0.015259917178618068,-0.014703062445988147,0.005900562661317749,0.005343707928687919,0.1272948943746362,-0.005793386723910066,-0.01525991717861804,-0.00300911306076042,-0.012475643515468494,-0.015259917178618122,-0.015816771911248022,-0.015816771911247925,0.0064574173939477755,-0.014703062445988116,0.014253383650766394,-0.013589352980728248,-0.010248224584948886,-0.005793386723909777,-0.01470306244598814,0.008684836324467395,0.03597071822333209,0.0031162889981684945,-0.013589352980728263,0.00422999846342831,-0.014146207713358177,-0.00802080565442929,-0.01080507931757876,0.0008888700676490795,-0.014146207713358096,-0.011361934050208604,-0.005793386723909709,-0.013589352980728237,-0.016373626643877558,-0.0152599171786179,0.02594733303599451,-0.00857766038705908,-0.015816771911247616,-0.014703062445987949,-0.002452258328130156,0.07049571164638678,-0.015816771911247467,-0.014146207713357969,-0.013589352980728086,-0.011361934050208496,-0.009691369852318816,-0.0024370927743878447,-0.014703062445987852,-0.016373626643877516,-0.01637362664387755,-0.003009113060760086,-0.015816771911247536,-0.00022483939761062786,-0.011361934050208447,0.1373182795619742,-0.011918788782838334,0.05546063386537899,-0.001338548862870321,-0.00412282252601984,-0.014703062445987673,-0.013589352980727885,-0.01470306244598769,-0.0063502414565394,-0.014146207713357763,-0.00802080565442893,0.013696528918136892,-0.013032498248097968,-0.012475643515468114,-0.009134515119688795,-0.015816771911247526,-0.015259917178617619,-0.012475643515468168,-0.015816771911247446,-0.016373626643877436,-0.010248224584948607,-0.016373626643877374,-0.005793386723909416,-0.006350241456539294,-0.015816771911247435,-0.001895403595500106,-0.01191878878283818,-0.013032498248097957,0.0020025795329091443,-0.011918788782838172,-0.01358935298072783,-0.009691369852318546,-0.016373626643877256,-0.014146207713357674,-0.009691369852318533,-0.013032498248097928,0.08051909683372446,0.05490377913274895,0.015923947848656517,-0.015259917178617523,0.03095902562966362,-0.057607190899200175,-0.09053312036796249,-0.11255002912227981,-0.1316961665086131,1.0,0.04315192611042931,-0.004984935563745435,0.012802142768375059,-0.038738807200829305,-0.011441094643653386,-0.000525981396032385,-0.03141436660782443,-0.04622278637649823,-0.043406681005830755,-0.08737042918387651,-0.004864394376135406,-0.026589913531044302,-0.10524617586842097,-0.006611159466229742,-0.10946109380329902,-0.08735054964036255,0.04929936638824931,-0.04391076424107608,-0.005988201670026643,-0.018510223888886793,0.0038969529452338694,-0.08659401428281907,0.021528049502125383,-0.0703214239197767,-0.03130799652530061,-0.019427255921516295,-0.015997053958756786,0.17918728582854218,0.023277736187228698,0.0019662214202921867,-0.0008413191460815699,0.46591524779468135,0.465915247794673,-0.004212558424398349,-0.0956973254917119,0.14580006448943758,0.007217526341752409,-0.006611159466229695,-0.02624639228486014
loudness_level,0.012843779278948747,-0.030392820792709333,-0.042565586659038965,-0.03418433802976284,0.09911742588347175,0.018497796211396314,-0.03524862356998909,0.017766099902491193,-0.002056218284208035,-0.02726648201829791,-0.015958448153403065,0.029739312230027046,0.013442439895324584,0.007256280192764198,0.01936252821282895,0.028209401765953393,0.11182233451991232,-0.025936125093015912,0.028675026689801836,-0.03365219525965064,-0.038374962344401464,-0.0319892491030483,-0.024073625397621624,-0.04396246143058498,0.05208930857476106,-0.0033865752094893683,0.08222189293239383,0.014639761128079335,-0.018153537080117386,-0.01848612631143775,-0.03617987341768654,-0.03744371249670419,-0.016091483845930503,-0.016623626616043045,0.008453601425518969,-0.011900859531292668,-0.005515146289940004,-0.02360800047377232,-0.023608000473772293,0.02295449191109081,-0.03165665987172713,-0.024871839552789817,-0.013896394919215438,-0.03943924788462682,-0.026268714324336122,0.07656787599994605,-0.0055151462899402535,-0.017887465695061073,-0.013231216456574692,-0.005448628443675983,-0.017953983541325415,-0.03464996295361228,0.07337501937926928,-0.036179873417687254,0.06898484152583934,0.0015357454140528595,-0.006047289060053506,-0.017155769386156625,-0.02693389278697782,0.058075914738528626,-0.031057999255351527,0.027876812534632214,-0.008175860140504709,0.0024004774154856314,0.04616922025725634,-0.012306072594377167,-0.017022733693628972,-0.018951751235287494,-0.02201157216343535,-0.011834341685029576,-0.023142375549924588,-0.01822005492638213,-0.0033200573632260794,0.021358063600751428,-0.0036526465945466843,0.11740983360609797,0.06180091412931778,-0.04555888974092369,0.0008705669514118327,0.06466118151867366,-0.029195499559956945,-0.0182200549263824,-0.014362019843064901,-0.030858445716559147,0.02215627775592073,-0.01748835861747683,-0.015958448153402912,-0.02606916078554427,-0.020614697391888884,-0.01748835861747667,-0.027732106942146523,0.0143736897430226,-0.0044508607497148215,0.08155671446975325,0.02388574175878739,-0.02354148262750894,-0.01249952014766973,-0.02819773186599532,0.031668329771685884,0.019695117444149715,-0.029461570945012724,0.12499286808020461,0.019695117444149656,-0.0079097887554478,-0.03006023156139,0.03871922147567924,-0.022144607855963252,-0.008308895833032627,0.027344669764519706,-0.007510681677863561,-0.04682272881994103,0.0040634235720879465,-0.018486126311438558,-0.009905324143370494,0.007714069101766792,-0.03478475527739149,-0.06740308922612682,0.07353680781270566,0.04315192611042931,1.0,-0.039869360159098685,0.08728029658233719,-0.05408403532859734,-0.11059728091993694,-0.02899074018447624,0.009722958392323889,-0.03025901886008376,-0.16583939165958045,-0.5033433733433389,0.0048284144719828795,0.3423228675714741,-0.16007835986116795,-0.08412053314143701,0.0671539970901961,-0.15845064126067915,0.34635606139276565,-0.06521623734393343,-0.03071209189898977,-0.3287275118837169,0.006652712516728007,-0.3286679176609421,-0.007279472442038971,-0.037905400729381276,-0.06142476369943985,-0.40291441958562335,0.02190147361201182,0.24560987840378193,-0.037729562690201515,0.024627420488327133,0.009634594583620726,-0.05182651896005654,-0.051826518960056224,-0.07896412737620104,-0.38357497576775873,0.23344890175976196,-0.008567417520028792,-0.08412053314143686,0.007741988206581852
popularity_level,0.021749270495318863,-0.0411067592890682,-0.00391544080632951,-0.0345329911311024,0.04426217514588613,0.055068369378159315,-0.039215675298420766,-0.054254295605000516,-0.023816848517431977,0.10585748226984079,-0.033182216852068645,0.001217501453999593,0.018147205751227257,-0.0555150182654325,0.013644624821113498,0.022469683444136006,-0.05119254057252324,0.029493709695113706,-0.05569512150263652,-0.030480668293999556,-0.011479776768919337,-0.013821118852578201,-0.010759363820101136,0.037238148894910554,-0.0573160506374765,-0.03903557206121478,-0.03984603662863515,-0.022646177475600424,0.050115530355035486,0.07983256449378553,-0.019584422443122685,-0.026518397075498423,0.03444654871824024,0.02706231599285384,0.015895915286172214,0.11468254089286652,-0.00841802173644195,0.03507691004845565,-0.0112096219131122,0.00824152770497885,0.11351186985103733,-0.03282201037765797,-0.06172857994898745,0.004099153249274529,0.0059001856213201235,-0.016972925503657248,-0.05236321161435081,-0.0022945116714869185,-0.03246180390324902,-0.03507330084271482,-0.04759047582843032,-0.022556125856998517,-0.05218310837714653,-0.02363674528022569,-0.04678001126101005,0.07289858986141104,0.026071748188228643,0.008871889035194813,-0.03075082314980583,-0.06443012850705625,-0.03696438483336244,-0.04858104363305544,0.03102458721135382,0.011123179500251778,-0.03255185552185111,0.019662208382581578,-0.056055327977044225,-0.05083233409811246,0.0046394629608886165,-0.01904411273150919,0.054438008047944866,-0.020304835391941445,0.006260392095729188,0.03345598091361552,0.10774856626049263,-0.015622151224622691,-0.038045004256588695,0.10540722417683293,-0.05578517312123686,0.029493709695116162,-0.04497897888896322,-0.017243080359463054,-0.05209305675854256,0.03768840698792355,-0.011119570294508201,0.04849460122019567,0.044892536476104694,0.06533425389882112,-0.014901738275803654,-0.007067247457406011,-0.01571220284322406,-0.023276538805815074,-0.026968655168508635,-0.06443012850705422,0.05020558197363969,-0.047410372591224555,0.0955915977491851,0.1103600631999573,-0.036243971884543674,-0.005896576415577165,0.029043451602104534,-0.007337402313213437,-0.005896576415577087,-0.03975598501003207,-0.03147123609862281,-0.009678744396872089,0.031024587211355214,-0.01247034457354234,-0.06298930260941761,0.0325554647275942,0.032015155015980366,0.019137773555855532,0.10666794683726509,0.06380337638258293,-0.009957400902690462,0.03402271830718682,0.02783644954077815,-0.04740284403479009,-0.004984935563745435,-0.039869360159098685,1.0,-0.007282970800026427,0.47693221045273465,0.02013474171162352,0.0039249665905740075,-0.06015049443206908,-0.22521963947903012,0.03781023308515513,0.03142280849560018,-0.06370078837446738,0.0037670654008417565,-0.035258998877712035,0.016134849795083915,0.01454654000788261,-0.02396535482328927,-0.02616655719191507,0.43362817888287114,-0.0016775406538612828,-0.03281579300555853,-0.0012977361259604468,-0.022704584826793824,0.013787472076125767,-0.007322836533514721,-0.0011946771765039147,-0.014373263754895433,-0.004433417531124105,-0.04773770781874366,0.03211227135335405,0.005724953517557618,0.001945779759239895,0.03852185442593981,0.03852185442593891,0.022604841901384738,0.016627148745443653,-0.035115752153462305,-0.012829987106664628,0.01613484979508381,0.051093646832335284
tempo_class,0.006010342600982538,-0.008878632087418317,-0.005007498668433738,-0.0005408062619121982,0.04323277932198825,0.003925886144607342,-0.011856427025098709,-0.013345324493939376,0.02328155323952797,0.004223665638373668,-0.011558647531331814,0.004819224625910059,0.00898813753866247,-0.01215420651886657,-0.010665309050025527,0.016432624882864805,0.05008170767865227,-0.011260868037561798,0.052761723122564184,0.008094799057360337,-0.020492032344369575,-0.0073897346185756866,-0.013643103987703617,-0.01334532449393453,-0.011856427025093806,-0.005900837149733049,0.03251271754634132,-0.010963088543790977,0.010477035007506234,0.0006503117131614072,-0.015429780950311438,-0.008878632087414124,-0.006794175631037903,-0.0056030576559656965,0.005712563107219415,-0.017514237406687436,-0.000540806261910074,-0.004709719174662099,-0.009771970568718093,0.011965932476347814,0.010179255513739624,-0.005603057655965485,-0.00351860119958841,-0.008580852593644132,-0.015727560444076933,0.017623742857941552,-0.0327009915888547,-0.010367529556253854,-0.0240653862695825,-0.007389734618573517,-0.010665309050021722,-0.00262526271828432,0.006605901588524525,-0.012451986012629366,0.0033303271570754426,0.004223665638379411,0.0033303271570756,0.0018414296882352961,-0.017514237406685926,0.028939363621126958,-0.005007498668428697,-0.02555428373842185,-0.007389734618572133,-0.02108759133190094,0.030428261089967854,0.0003642714371790027,-0.0020297037307461865,-0.01721645791291565,-0.01930091436929178,0.0009480912069339953,0.009285917032438876,-0.01632311943161109,-0.021683150319434956,-0.011856427025090955,-0.0032208217058185785,0.05037948717242602,0.046806133247209815,-0.0059008371497295264,-0.00709195512480093,0.03042826108997085,-0.00262526271827996,-0.0011363652494401275,-0.027043181207258595,-0.010665309050018357,-0.0005408062619054062,-0.022576488800738568,-0.017812016900450693,-0.0011363652494413602,-0.01453644246900241,-0.01840757588798677,-0.009176411581176947,-0.005603057655961333,0.0030325476633121288,0.0316193790650423,0.010774814501279744,-0.022278709306970863,-0.0032208217058176747,-0.007985293606105613,0.024770450708377533,0.011072593995048074,-0.01453644246900219,0.08641080591835852,0.011072593995047677,-0.00024302676813749968,-0.006496396137265382,0.03072604058373789,0.002436988675776044,-0.010367529556247687,0.0077970195636025055,-0.014536442468998836,-0.014536442468998882,0.0009480912069380398,5.475272563407797e-05,0.029832702102436697,0.006434470841033576,-0.008902986181895885,-0.02074886045713975,0.018753550072089665,0.012802142768375059,0.08728029658233719,-0.007282970800026427,1.0,-0.011299641539896025,-0.021588233801436034,-0.009506601473408236,0.007151923245253739,-0.010909111724405928,-0.08190895620626439,-0.19457597433093077,0.0011137506162847005,0.19067939435115064,-0.10656203460510284,-0.560554579581964,0.062089455453213,-0.08646681156647941,0.15982207518226438,-0.011988172328780087,-0.5410503292287908,-0.1928857163453532,0.0004841105891637101,-0.1854640738552908,-0.044034247871449876,-0.013249453515175154,-0.015226924154808088,-0.20971697866622463,0.016855611484319417,0.0783252979471722,0.005313696467056132,0.011481774949078538,-0.0031403901419850473,-0.014579947140038843,-0.01457994714003916,-0.05812790276845211,-0.17807477563847182,0.0851861377520789,-0.005524541855826166,-0.5605545795819572,0.005849781759617252
popularity,0.03898802668360018,-0.0372826627915574,0.0029699063497218817,-0.03754415265815003,0.046191650750376234,0.06551237782877063,-0.045506940853742926,-0.03189681505544944,-0.008649522399673393,0.04821187084872803,-0.055317028429456815,0.04455101271643216,0.006327098830490666,-0.08814665942230203,0.007626113006466613,0.08608994329820796,-0.08512687322100725,0.0004182713611976507,-0.03631683731656252,-0.06837043386661652,-0.044490504436826485,0.0009623389868498322,-0.004512077897620044,0.048793896680821666,-0.09306013836714569,0.0011943058039884324,-0.024052119057673137,-0.027759370553396504,0.028680264845661177,0.03828790865369093,0.007562849329065137,0.011961783697711123,0.04675680626849554,0.06279625727900316,0.020105927768521163,0.0362170776134174,0.0330159355369053,-0.0038667883881254804,0.03245078001878586,-0.027362918175013934,0.0354283904351463,-0.018244513472222296,-0.07850527498632541,0.019342546061210778,0.06897922735036903,-0.015659137855750783,-0.04859842588942612,0.04021955960368081,0.012088311052514109,-0.027902768222173323,-0.02957714688406435,0.01906418588064461,-0.07120886419269479,0.0038682505688221723,-0.07369301792532407,0.06874726053323077,0.023855355049179034,0.031286728354599815,-0.009269506438207243,-0.13086651198223995,-0.027763588131890043,-0.035983648615581884,0.03333647150240585,0.03131625140405366,-0.08271020074427318,0.09996572612692912,-0.07739605184255346,-0.10519411169274098,-0.03198116662531838,-0.01215011254921863,0.049709111213895374,0.04414190760256919,0.0431802997060676,0.0033030950507026537,0.03185610145121258,-0.017603441541221336,-0.03634636036601677,0.04664293164917229,-0.051694128503601916,0.05075507068026514,0.060468153950630835,0.10984334537319387,-0.026742934136480434,0.05641506101844615,0.04023221233916086,0.02130793763914807,0.021075970822009505,0.014542941735689058,-0.053178716133288645,-0.039564372756502666,-0.06004915149908365,0.005040737389995076,-0.007333637909723635,-0.1265013182415404,0.08072518345456678,-0.021816802456156383,0.023564342133132132,0.06169125171372429,-0.008404902847054401,0.019291935119289366,0.00795930170744744,0.007727334890308921,0.019291935119289304,-0.056700394175301386,0.019751651175072955,-0.03007482114628909,0.016601120040482007,0.014074790522918478,-0.05637985820980085,0.02447533908771271,0.01854120614745908,0.005150394430824179,0.03145964907282997,0.036415303802608386,-0.02580780850860681,0.03431306761887381,0.05517581098459474,-0.051880716920692294,-0.038738807200829305,-0.05408403532859734,0.47693221045273465,-0.011299641539896025,1.0,0.031075967793414466,-0.004042388732416453,-0.09537774098683988,-0.47093646656872645,0.03544354596134733,0.05042041812426473,-0.04492998314226836,-0.02545805725512026,-0.04052176220204654,0.013211888443029764,0.04045734024082082,-0.03574803149320529,-0.04129620821316622,0.856059149073352,0.0009773417094182818,-0.017527330018083383,0.0008888639998270483,-0.019263730350222934,0.012465070565828913,0.02135554820643104,0.04407821057291392,0.0010531126538164334,-0.013948367242907052,-0.09514665337271141,-0.005396753083609717,0.01915122528811413,0.00063392861558034,0.019037479670738492,0.019037479670737982,0.028648226089837636,0.04338990059510515,-0.08139712548623859,-0.018150560155149178,0.013211888443029887,0.03269889961357738
time_signature,-0.004138958052685144,0.009125367854877353,0.0076032320949930305,0.008255575992086196,-0.05458688609456151,0.004124064643829167,-0.017403283960247692,0.0015146890554562388,-0.003486614155591974,0.011517295477552734,0.018475630379880387,-0.01261942871489753,0.003906616678131468,0.018258182414182738,-0.007400677538151409,0.00869047192348191,-0.046758759329443414,0.00847302395778407,-0.06589418031084426,-0.0037040621212895667,0.019345422242671242,0.03869829118977184,-0.004138958052685152,0.01738839055139153,0.01760583851708925,0.011517295477552592,-0.021317347342807342,0.022389693762439655,0.016301150722902735,0.014126671065925423,0.016953494619995988,0.012604535306041255,0.013039431237436712,0.012387087340343472,-0.03131995376490254,0.01869307834557803,0.0052113044723178775,0.023259485625230718,0.009560263786272819,-0.005226197881173884,0.004993856506620188,0.00803812802638848,-0.023056931068388773,0.00803812802638849,0.0023844809182472382,-0.02784078631373901,0.01564880682580971,0.011952191408948062,0.012169639374645724,0.013039431237436705,0.009777711751970562,0.012604535306041179,-0.01849052378873653,0.01782328648278735,-0.011314740920710746,-0.007183229572453786,-0.005878541778267221,0.0017321370211539828,0.009995159717668255,-0.03827828866723079,0.03848084322407387,0.016736046654298592,0.005428752438015624,0.009125367854877293,-0.015663700234665682,0.002582341398945444,0.009777711751970522,0.012387087340343389,0.01760583851708954,-0.028710578176530128,0.008907919889179517,0.006081096335108802,0.0039066166781314355,0.011082399546156994,0.003254272781038228,-0.03980042442711529,-0.05002047881490994,0.020215214105462342,0.013039431237436592,-0.03153740173060086,-0.010010053126524403,-0.0010946865329166998,0.013474327168832,0.016736046654298373,-0.0013121344986144485,0.009342815820575022,0.011734743443250192,-0.005443645846871636,0.02021521410546241,0.01934542224267149,0.002819376849642783,-0.0102275010922221,0.0006448971926652872,-0.04567151950095446,0.014344119031623276,0.018258182414182717,0.0141266710659255,-0.004791301949778356,-0.02349182699978476,-0.015011356337572612,0.01325687920313444,-0.16787727622308818,-0.015011356337572562,-0.005226197881173869,0.008907919889179666,0.008690471923481886,0.009995159717668371,0.01630115072290296,-0.01957776361722526,0.013691775134529993,0.011517295477552642,0.008907919889179666,0.00434151260952699,-0.011967084817804034,0.002725380478024548,0.015431655215203831,0.03195910207167216,-0.04108798974400799,-0.011441094643653386,-0.11059728091993694,0.02013474171162352,-0.021588233801436034,0.031075967793414466,1.0,0.01476454139839307,-0.005020026128908103,-0.0008278661240723424,0.20721902810733067,0.1919924222150112,-1.0676654782891355e-05,-0.17614150321971506,0.1336846251321881,0.0666401340775319,-0.04944340274257321,0.15020558910683848,-0.12886371122990614,0.0328682076946906,0.01899855714395155,0.15830989734647574,-0.07334840781593734,0.21654855968795628,-0.005415300936220685,0.030303557516232867,0.03838672182133681,0.18712661152664115,-0.024089879252211312,-0.08257953433813285,-0.023649200691089594,-0.012465100831362189,-0.0011279961322641517,0.052252307715588815,0.05225230771558851,0.18618384274887972,0.1694776252967166,-0.07961647890261547,0.010425678476003172,0.06664013407753128,-0.02099849285999197
key_mode,-0.006519360063137607,0.006067690570192359,0.0113619284811621,0.0067427059038411355,-0.009685314333897422,0.00027579429559169516,0.001363760186295933,0.006785059807128877,0.005705035273291007,0.00315585971915925,0.00863804307596825,-0.00866882065499132,-0.004224307928732449,0.013471682288683255,-0.020069961996264592,0.0011493435509016745,-0.008348519261377717,-0.003411642409398597,-0.006537889895826117,0.00516237588741663,0.003372923473508976,-0.00024039390072783914,-0.000796288881379648,0.0043497103680827974,0.01328903108075489,0.00044520990874273467,-0.022568842290242107,0.0018852426205264673,0.0006993333284692809,-0.00024568813863878983,0.011467813239381472,0.0050035487500875555,0.002126130445475611,0.0003446193884343156,-0.0051349168494192144,-0.0005924607218073077,0.004402652747192498,-0.003109870848473356,0.004895016872912664,-0.0006851098852492754,2.6965113776140026e-05,-0.002940455235322355,-0.0027154501241061606,0.006297989919319546,-0.00137600793263079,-0.006744365174354031,0.01162664037671047,0.004770602282004914,0.004381475795548659,0.008254210827422852,0.003349099402909584,0.005850626815842715,-0.0049681483552237084,0.005953864455106617,-0.0017624873001315865,-0.005280508391970901,-0.0018392537498406498,-0.0004045152759678921,0.004627657858408677,-0.0048490280022269,-0.003356052911333479,-0.006143469171458978,0.0007046275663802475,0.0026952610209047987,-0.016763710420864133,0.00014279126663950054,-0.005711988781714872,0.0056679756079142645,0.007089478487009526,-0.004372546590239573,-0.0021674965003207806,0.004995607393221124,-0.007456440173379399,0.003971172357448503,0.008352154228775797,-0.016747827707131156,-0.004989325306867542,-0.00310457661056237,0.001165226264634595,-0.0058364033726226935,0.002382900984157596,-0.0005606952943414938,-0.0024401497527356984,0.004630304977364208,0.002189661300407204,-0.004298427259485997,-0.006593479393891309,0.01170870106433055,0.008595689172680429,0.006332402465740903,0.0034470428042625107,-0.002379266016759565,0.006620938431888793,-0.0031072237295178494,0.001403466970628212,-0.005134916849419186,-0.0023422063513827696,0.0012816994986759168,-0.007739681901616251,-0.002072200217923313,0.001578176821690214,-0.009852082828093151,-0.0020722002179233237,-0.015405738396700312,-6.038981175486658e-05,0.0027084966156822256,0.006120632949302145,-0.009521192958657547,-0.010585334778762457,0.005233848099214738,0.010258079876724838,0.003531750610838004,0.0031823309087140113,0.0012446398332991444,0.008073106721761317,-0.0011533986329751856,0.009255435355100051,-0.012609721703440617,-0.000525981396032385,-0.02899074018447624,0.0039249665905740075,-0.009506601473408236,-0.004042388732416453,0.01476454139839307,1.0,-0.0024065002043744477,0.00459549214388056,0.03559781015720497,0.03809361845549413,0.019824889385484098,-0.039720924717249806,0.03445589285634452,0.010941207090902417,-0.01957729493506914,0.03743190686021013,-0.02855312398926797,-0.00390765972825313,0.002646056929875378,0.0438520384336121,-0.004225320704953709,0.05182263355100561,-0.006419421618205763,0.015185423841160726,0.003989330253014614,0.04703057101161931,-0.12262252059926376,-0.007508594837646781,-0.0014103692502060307,-0.7426211859286502,-0.30807514215252074,0.014607095684093714,0.0146070956840936,0.012533562402837302,0.03342607418561627,-0.012819767435035628,0.010547303861229327,0.010941207090902355,-0.0054411773254372225
artist_song_count,-0.0307800917740178,-0.01805020092632218,0.027418218729040288,0.028558208954207055,-0.015304272090305465,-0.016767711923009562,-0.030904495469224632,-0.02194516752897526,0.046029011531961386,-0.013512858879328987,-0.015781529902825615,0.06577979456004815,0.04055072517213271,-0.0205880363085386,0.029539867203656194,-0.03524052971851986,-0.02172802653370527,-0.0011403459196815278,-0.027593095291359247,-0.02875344248483256,-0.0027146181353880573,-0.019837090366563538,-0.020723749430582247,-0.04528782452048594,0.0025736698535798884,-0.03571326376030526,-0.003239375540623574,-0.04726697421695674,-0.04051750828065111,-0.045106873691094215,-0.019547569039537055,-0.013144171564443637,-0.03613849820937541,-0.006082565447438279,-0.0034248501407499,-0.02128017323096116,-0.04488520892508947,0.021516959805508957,0.004120799444877951,-0.02399217378646709,-0.029432008095050855,0.029234512679058525,-0.007548267165509888,-0.012384178080999097,0.06181923328174058,-0.021343506021248265,0.02747024209249087,0.04360200853274794,-0.023089681524876678,-0.027889402274487777,0.029191536857078124,0.005378407709149327,0.20383170607359835,-0.027432501430274238,-0.023352060227494535,-0.016127598364036766,0.042961894973775186,0.007004703288305847,0.005140909745572972,-0.013766190040476982,-0.0014999856930971855,0.04154821661915364,0.010940383827572165,0.004098180591204074,0.101865913711461,0.020791988939386687,0.00791624309136583,0.025104309998196014,0.030189028304098857,-0.021474695372557202,-0.008475640166141553,0.055008696440516015,-0.007935049563334262,-0.032234484065252526,-0.016403548378858927,0.016074863611557674,-0.032546624245953094,-0.013160004762015322,-0.018645076777946787,0.025043239093276486,3.8096356731041275e-05,-0.04006965497790673,-0.008441711885630612,-0.04168011735949149,0.11858350846187334,-0.0012557020734186109,0.002044388677609878,0.02305504185533681,0.03270650671800878,0.030051053296687807,0.07649660743076409,0.014249522120070135,0.06650812164835032,0.008551832879603701,-0.039682872580082455,-0.03149258566474719,-0.010287410345424443,-0.011692041158576525,-0.04160095137163301,0.03773693977509408,-0.0011810598562945781,-0.028249042047903673,0.03773693977509391,0.038750264419686646,-0.038805261057533375,0.004516629384172006,-0.009208491025177321,-0.024673001282053023,-0.017907702148176417,-0.01769282303827392,-0.03587838139212496,-0.02436086110135263,-0.04102190871757994,-0.004404246504831629,-0.041240858717269596,-0.02142282015720628,-0.02641402943254426,0.07985429822735868,-0.03141436660782443,0.009722958392323889,-0.06015049443206908,0.007151923245253739,-0.09537774098683988,-0.005020026128908103,-0.0024065002043744477,1.0,0.2695253869011483,-0.032187586312044734,-0.002109696227520276,-0.06103345354621354,0.03729600464157612,0.0793542340163598,-0.013277115181026245,0.014108718572413411,0.041538104165063205,-0.040090042081479614,-0.11141489591003259,-0.009714717828220584,-0.03790616858763429,-0.003355879304734821,0.028626245164511073,0.009887975061339916,0.03791012097770464,-0.05522129154324376,-0.03617477114631157,0.0762220856008429,-0.0795564107968408,0.01652425171245067,-0.0054064855419629215,-0.006888484696438449,-0.07489725890969613,-0.07489725890969218,0.011733742197366443,-0.019423323519988475,-0.06170369601809198,-0.01483552333593778,-0.013277115181026668,0.028766104183717146
album_freq,-0.03207614563779741,-0.03234870976624192,0.07747860081285575,0.09638172477968224,-0.015569982682880332,-0.03214829496591516,-0.03907463046521027,-0.03616861586047132,0.027483124723327458,-0.021117464355927245,-0.03214428666990889,-0.0001300264657020054,-0.0329699956472554,-0.03347103264807246,-0.01063176200282754,-0.03448513153772629,0.10602167667540167,-0.03565555397163492,-0.026516639076731914,0.046662821114602765,0.07173872093149515,-0.0243481509371957,-0.02639639019653608,-0.028308347391654012,-0.03264933196673243,0.00146126704889296,-0.02671304558105235,-0.03939930244173998,-0.021466186108495797,-0.02405153703271199,0.056731660683023225,0.05301997858097048,-0.02645651463663392,-0.011381313356049867,0.010331626111358136,-0.03489798602639983,-0.033430949688007354,0.021322373761280974,-0.028825417576496926,0.07642441896313729,-0.03921091252943315,-0.027654995142588335,-0.027751194246745166,-0.010671844962892994,-0.008403149423193302,-0.03020427140274566,-0.015225269226318344,0.024917815279144148,-0.01927364819292022,-0.023670748912090873,-0.023205786575332624,0.03551975821643302,0.02754324916342545,0.06102053741001747,-0.0333668169519027,-0.02807185792726821,0.03232915459523006,0.020520714559973893,-0.011782142956703543,-0.026837302757254818,-0.03917483786537415,-0.027590862406483674,-0.0020259504767938356,-0.026007585483901773,0.07892158737520953,-0.02816564717033779,-0.022841031638737665,0.2029222326334242,0.16550478941240285,-0.04082224752406038,-0.04107877846847888,0.056908025707311044,-0.01881670244817493,-0.03672176070937358,-0.022820990158705,-0.02894967475269924,-0.018075167686965717,-0.023730873352188903,0.011870811777868211,-0.015766389187200705,0.028372966436778623,-0.03753143650269379,-0.013549801495586022,-0.009288982840637774,0.0018941630175988758,0.022861559427791073,0.009433767805894108,0.010247451895220961,0.1828246364566467,0.17872815793796668,0.12300081855909006,-0.015886638067396763,-0.008278892246990608,-0.03466951315402705,-0.03959570894606031,-0.03388388713674575,-0.024857204530025653,-0.032773589142935065,-0.011782142956703498,0.029659629454876765,-0.01974662712169146,-0.020432045738809225,0.029659629454876754,0.06979068907231978,-0.02103329013978964,-0.04287850337541343,-0.011850283988814577,-0.015092995458102516,-0.030544976563300765,-0.02654068885277073,-0.010888292947245866,-0.03316640215157552,-0.04005666298681168,-0.024444350041352262,-0.05950224017235513,-0.029942920708502078,0.023784109649118892,0.05605356142532841,-0.04622278637649823,-0.03025901886008376,-0.22521963947903012,-0.010909111724405928,-0.47093646656872645,-0.0008278661240723424,0.00459549214388056,0.2695253869011483,1.0,0.05590019306865129,0.05617675111999662,-0.029139281236495562,-0.039093434756132715,0.09285668538177606,-0.020733546079493754,0.07195044447670168,0.09571588205582691,-0.026566611978090744,-0.37975678734771795,-0.0049432298470090215,0.021906199557772073,-0.0038649626888085033,0.08262180869506827,-0.03862288947389269,0.05279158693052619,0.0033563009155197,0.023108363271933087,0.021459714701561917,-0.09612277266218243,-0.025229583937044095,-0.017271023569308142,-0.005108805722158634,-0.08366018726282894,-0.08366018726282841,0.022550511192243897,0.06442953666200056,-0.07000495243624105,-0.00912435720607773,-0.02073354607949386,0.020090881985204943
danceability,-0.009327802200820426,0.055713935557460584,-0.017513107610157,-0.003726017690880909,-0.10783670603380631,-0.015909438237774225,-0.14657103482844044,-0.017405235042179574,0.0009574948082355604,-0.0020884145358082877,0.043037011563900336,-0.035519261705719465,-0.010240653479583913,0.10807603895615009,0.0811301219632582,0.05287672439769454,-0.10021732505144723,0.019814649629765677,0.0056345024288811845,-0.0062374428538919495,0.06562086546878677,0.09072590185438843,-0.10754176400246815,0.07786738333684792,0.08443731059255345,0.05956916019793711,-0.056335740130032855,-0.016974828916682384,0.004618657240994006,-0.026406360626419288,0.04413525187908669,0.04604822822276587,0.04669654777704208,0.017628414182984883,-0.004491967130841295,0.044978717787492635,0.04589568882262092,0.06037793342116438,-0.04474068584084349,-0.023018132052840288,-0.050685277446203124,-0.04766213517680875,-0.15988283496077008,0.009274524006608931,-0.059486378017460054,-0.01450763692727479,-0.0075638959887691015,-0.045832638106841496,-0.011052679142046409,-0.014945848906937401,-0.07496923554680343,0.09180191716813209,0.0023972412431490075,0.05514692698407192,-0.021120875832132995,0.01380788222768695,0.011096974124899562,0.02036534179965645,-0.019723140070677717,-0.14425361766582895,0.06166427313880312,-0.009747366862199867,-0.008197579566485196,-0.03129477679737258,-0.030803658472812412,0.043928164219485706,0.11497663086746454,0.08407628983741197,0.10313287339139968,0.03350899082350952,-0.010987088284130508,-0.055569357031509996,-0.07751681699264915,0.0881380443693426,0.003950280978099171,-0.11835953952169612,-0.13727328678592457,0.005920717081604945,0.054418922668525244,-0.06055084717191887,0.03449773235110091,0.016449404960117042,-0.05062456524714136,0.030971004073409244,-0.03482638373391717,-0.036331178953540884,-0.032237984175666784,0.025795831176526375,0.09677652297882529,0.10392646856486107,-0.01257156826502399,-0.008943472297826003,-0.0030348743533382405,-0.07299961255310722,0.06807212050593923,0.0550135769754155,0.004388818201685516,0.013468544400783305,-0.05586744308744318,-0.002590374324486867,0.007521459258675768,-0.21622115373950104,-0.0025903743244868665,0.018057194088864928,0.02033281740730152,0.06420280196210816,0.01279962606468269,0.02919734054365076,-0.015686862979424804,0.06371927266243081,0.00900294533044506,0.03680371176906833,0.0267113928213187,-0.0825190685368455,-0.052903707620232616,-0.06501934388989344,0.02855854030248452,0.07629320484659073,-0.043406681005830755,-0.16583939165958045,0.03781023308515513,-0.08190895620626439,0.03544354596134733,0.20721902810733067,0.03559781015720497,-0.032187586312044734,0.05590019306865129,1.0,0.259076167060787,0.10862542327184026,-0.171530644614678,0.47734697543319177,-0.05044816605877575,-0.051984724716434165,0.7047164893066732,-0.2538835166164897,0.034987832814768076,-0.08425309301298757,0.05549848915060447,-0.028525780871846002,0.5689450755447301,-0.003498785876384797,0.152313069894841,0.12250645597532824,0.13432482790211647,-0.06922424421606878,-0.18560819740584897,-0.1316196726149346,-0.034736917281301107,0.0029440089807122216,-0.06207109916530036,-0.06207109916530024,0.13488686914729928,0.18386250959911724,-0.15913835538146098,0.06666991778324616,-0.05044816605877478,0.003571834711752722
loudness,-0.022237959397857443,0.008783695282442026,0.03867135528285496,0.04077960600629981,-0.19345237648359928,0.006110111942546522,0.03236719705146608,-0.031122270701169713,-0.004930521313176528,0.012286273512527542,0.04161004116288243,-0.04229170492290905,-0.026345580446376488,-0.01665688971486693,-0.021467847086961804,-0.04118840475147747,-0.22232973637110612,0.02540358385959639,-0.04112284457345129,0.018277763003292622,0.05417688917638978,0.040009325352578146,0.05440546132345926,0.02408141931068012,-0.05287824276010591,0.015654345825298465,-0.1255278795922382,0.07667689911307743,0.04131993036083223,0.05977174426628668,0.055713092275135455,0.039890624956072214,0.020874264034016696,0.028811478602900457,-0.014464486283593527,0.05867212893225077,-0.01106813237619278,0.03282692260225793,0.031898418397631925,-0.05723256086653838,0.019891665668235015,0.020532920898839197,0.037801135105255255,0.03460312645542621,0.048594772026931965,-0.10833736495201933,0.053164250968693746,0.028280618856093943,0.046434297618166476,0.0731910990512344,0.046810225851537955,0.04259692291832667,-0.06551592569349597,0.05602041145486954,-0.0776236092989634,-0.011071237366079343,-0.000504264706120313,0.004907059294820375,0.04179673335599999,-0.09018299411388847,0.041148781821905456,0.08394199560007554,0.03701688199704505,0.04798321995259151,-0.062096340476220716,0.033486442807041605,0.002614192606434852,0.05602736962497706,0.057648567145677024,-0.00214459719461507,0.0015368733443551256,0.0530001354189077,0.07110157179090103,-0.028295813371257975,-0.01592631926312841,-0.19193912412335426,-0.09944813429726307,0.018521205433252693,0.0719586799328945,-0.16376068623644863,0.02440935113411904,0.007244873517527295,0.029609161727608118,0.05307527243321044,-0.03228058156691643,0.04735073725365448,0.04381493937273482,0.013458182737596653,0.055488691289178924,0.06119871157625348,0.02982415422011375,-0.02099895620457735,0.0010568344259925268,-0.09252825283041971,-0.03771006788821772,0.02500322721181595,-0.0043253288566763946,0.05187773768919845,-0.045335810821012984,-0.028441729191167203,0.03565334252265253,-0.2980628339129137,-0.028441729191167452,-0.00047802193015154473,0.03315148756919256,-0.04851696648356626,0.00902367733210681,0.0010158335956835078,-0.03373237009121681,0.003386979697774935,0.036085946173832685,-0.01834871640310629,0.0006402233432037742,-0.021671280038805717,-0.044271714968079426,0.055269697729077916,0.1198644504565354,-0.1024918487534458,-0.08737042918387651,-0.5033433733433389,0.03142280849560018,-0.19457597433093077,0.05042041812426473,0.1919924222150112,0.03809361845549413,-0.002109696227520276,0.05617675111999662,0.259076167060787,1.0,0.06082587874384093,-0.5898037428970268,0.27985128595222486,0.21244735832885392,0.12180762704410496,0.25747198485724077,-0.6282791310805327,0.06385067481356053,0.08121719926748497,0.6858168591466165,-0.011396463879049112,0.5959502345991928,-0.03006877018716599,0.07061897479930074,0.10858718182872773,0.7616898441659353,-0.04176755071619956,-0.43347845859391726,0.07689733278564481,-0.029407522043186845,-0.005883184731131912,0.06120726181599066,0.06120726181599075,0.14701363348841995,0.933584139407861,-0.4211136751677243,0.028863218013830516,0.2124473583288571,-0.02722108478472233
speechiness,-0.03683927239838134,0.0017141189992757493,-0.026319631598181566,-0.01294691580715759,-0.038338455783025145,0.0023761619408266712,0.002227756131593156,-0.040893473543075334,-0.01844771770264692,0.010095933190204182,0.000939615060799406,-0.03082207522903659,-0.040543901346145376,-0.009131783253238181,0.007169900907071792,0.015583300267231977,-0.030091968472099412,0.008604935257868452,0.5969801406229256,-0.03771031129070568,0.0026562467654474495,0.09104872193020698,0.023672662482770924,-0.02201408368425392,-0.010619400237882406,-0.02259961044118811,-0.008697242502460917,0.006213715516284352,0.01124937018714951,0.005096401276263052,-0.012693077813306503,-0.004646066416230004,-0.002566427696190472,0.02162460893196235,-0.023085488213504844,-0.024434664287376378,0.03736327632918537,0.05960804372653086,-0.016654391868766612,0.01143861428561469,-0.03859754314303061,-0.010285220250183533,0.04699443966475371,-0.012390216077916082,-0.020995617678079996,-0.029552529370550674,0.03132588244599352,-0.01619440503798877,0.05756684104341538,0.0336063316644989,-0.008982042859389576,0.04066130183078697,-0.042199942909254495,-0.013580754527169777,-0.008187342207066881,-0.011136240373276918,-0.019571437948822,-0.016718985764152344,0.0019256951469717777,0.005660218790119895,0.12078264435538835,-0.013496141862552683,-0.022496936398108815,-0.01801735865033073,-0.026370790675105324,0.003023290211869538,0.06067313122193672,0.007536644759386499,0.02648641171359378,-0.0032749141823580352,-0.04018418630613801,-0.01280464908715486,0.022783562211984524,-0.01964297168420837,-0.024986559512002317,-0.034693527253725764,-0.03400354700755866,-0.019454172447281544,0.002398493990057824,-0.0336324435121668,-0.00416134528391329,-0.018324135167259933,-0.02377030806582517,-0.01511001055181404,-0.03321996789369742,-0.018213809505719384,-0.01881250416419231,0.004062632033166422,0.02736172127668739,0.03229674826755069,-0.030899570109037783,-0.02960155311208989,-0.022322639647336204,-0.017649458158016426,0.04073043331386521,-0.025350011388931917,-0.00089766309308189,-0.01760497200416935,0.020935785325795497,-0.029509110884395798,-0.011144336853276985,-0.024739038551997283,-0.029509110884395808,-0.02190633821963593,0.0023683323777495715,0.013689346753349695,-0.01765310602263187,-0.032310492964449135,-0.004285283708531018,-0.018186672951872783,-0.00440130359776399,-0.007428497394744735,0.018180935762666158,-0.03815517282917617,-0.024678293143244212,-0.06258021012560662,-0.026040381057435388,0.09492814556720296,-0.004864394376135406,0.0048284144719828795,-0.06370078837446738,0.0011137506162847005,-0.04492998314226836,-1.0676654782891355e-05,0.019824889385484098,-0.06103345354621354,-0.029139281236495562,0.10862542327184026,0.06082587874384093,1.0,-0.002184088188932665,0.036636761753025,0.017274335240411914,-0.10483961535604977,0.06823021498553747,-0.08510793304743455,-0.04929559220289833,0.054649463319950985,0.14048620510187626,-0.00613464654272771,0.11273918254773818,-0.038993068931830834,0.015394411862431182,0.30795114739057633,0.1425084689978597,-0.04653474391760231,-0.08961686470719571,0.20521812166202041,-0.011356714743301176,0.004360756300055584,-0.09765512474130554,-0.0976551247413065,-0.1001200105609129,0.07587901785151928,-0.07453977069110794,0.012611735393221786,0.017274335240412046,-0.08514802702213821
acousticness,0.07126701778277383,-0.012461157377556153,-0.05452879479269531,-0.0472699654235359,0.13067002030325114,-0.013345405976928688,-0.08143515818974406,0.06837326240712058,0.023539870428601662,0.004945130366692789,-0.0802031981517794,0.03197873157278172,0.06262444606288725,-0.07909978035083834,0.05198994127383967,0.06201045542105858,0.1711990085526783,-0.04399643818944913,0.11643590162532047,0.0017879625333798027,-0.05197602000384614,-0.028124699432884363,-0.08719509387440327,-0.060387945015709904,-0.07051913847408935,-0.0420665694914034,0.12108012768566419,-0.08175341315602336,-0.054449990880143066,-0.056939485207631445,-0.05676149401764907,-0.024699722446140587,-0.039007314498517354,-0.03389965421330239,0.04538547103927844,0.02338758287490554,0.009846814346920559,-0.004314259218480322,-0.04170037457308971,0.01893418640440448,0.01753564786040986,-0.04267113852387638,-0.08662854471364273,-0.051846674404063306,-0.07397038064787749,0.12961271578836978,-0.07289475739855791,-0.063518955330755,-0.07072495772037916,-0.07462199103744295,-0.08485480966281013,-0.03415588409294493,0.11234220494235497,-0.05834984472142311,0.017756759866968775,0.04809768314827802,0.01852462421217949,0.016252956853402705,-0.07869887914398227,0.027165415057434087,-0.02388801885030076,-0.046226683764092974,-0.009284687297471655,-0.04139241587716939,0.11341997772818677,-0.006315826486235772,-0.021577852618510397,-0.03721171288300798,-0.04037253613046362,0.025239930304537344,0.04678760737773056,-0.07859778612521982,-0.08617945057357947,-0.06902199288094811,0.02997440638402851,0.14403242394645693,0.13580239106811617,0.0632199299417417,-0.06285390441037866,0.11035417193689633,0.00814368914726713,0.0355865550122015,-0.06489769539197791,-0.07172252921089445,9.088250078623826e-05,-0.06387631028536209,-0.06572246531177063,0.015745299009022058,-0.03931184816002065,-0.04247662079036993,-0.029893408466795696,0.06745591383733868,0.03736704694510397,0.15689696668464007,0.04492659376855404,0.043663508129113196,0.049507695167297465,0.03443376635763037,0.09117686641060567,0.06728853610465005,-0.05469484301485825,0.09685208848853986,0.06728853610465006,0.02451619694939844,-0.013055752707498893,0.06103212119355727,0.0026291391402804933,-0.04599628302963559,0.15030914564513875,-0.0660568235303374,-0.0789413960278322,-0.025261328442147336,0.0017590914410889787,-0.0043454832857672855,-0.05728879587990395,-0.04721552284951791,-0.07964985714759985,0.1605026522962532,-0.026589913531044302,0.3423228675714741,0.0037670654008417565,0.19067939435115064,-0.02545805725512026,-0.17614150321971506,-0.039720924717249806,0.03729600464157612,-0.039093434756132715,-0.171530644614678,-0.5898037428970268,-0.002184088188932665,1.0,-0.10708117009580681,-0.2082309388837047,0.22165027402758172,-0.12067710157535014,0.47461965830267927,-0.0278526631187196,-0.07933670513637091,-0.6943519906732633,-0.002440627410991015,-0.452628809332141,0.008017030865373925,0.0027697942554126644,-0.09440023866348105,-0.7339082934928824,0.0955676306498632,0.10403267169571546,-0.020693307609652475,0.03605296878374727,-0.01065386047331789,-0.15640694095514193,-0.15640694095514038,-0.11132542516249726,-0.5753572571491694,0.15054850888310814,-0.029078211175899447,-0.20823093888370786,0.07721403724868758
valence,-0.01815809255738572,0.08147918163948455,0.016035926513791043,0.00780278388843163,-0.11123815643262266,-0.014369900636511753,-0.10244332176470423,0.05842858116042646,0.047158128728449385,-0.0015516745761518728,0.00024613909520707024,-0.01246457446372496,-0.029208730364438548,0.04081166177782332,0.0799073873307288,-0.025507078205935806,-0.03375085234088623,-0.03840868723230276,-0.006974143602764173,0.01720466686849393,0.02847482902034594,0.05622096452210058,-0.08216917811461816,-0.009718524477884098,-0.0017547618088520414,0.07136821688321544,-0.03828379420836951,-0.055368049560950726,-0.03169040772611384,-0.07342528760869915,-0.003217628500569132,-0.0026570250084808496,-0.029836098285357753,-0.011949000676082185,0.006000398305098202,0.10400281483597934,-0.01601128960532117,0.045569099037251586,0.015953523243206435,-0.03446639284988165,-0.055670194886427334,-0.01107416894829916,-0.09348193887486475,-0.017269291098570234,-0.026739498763137894,-0.01515993428267609,-0.05319327086180482,0.014622189733290016,0.008058121543695358,-0.05884614973791616,-0.031155457740103584,0.028005446057650315,0.05716887427144184,0.007477815288098719,-0.062235496766555355,-0.004006573596263262,-0.0022165974882887934,-0.004880534483670204,-0.01784937964407282,-0.11630419775031785,0.032765169273065685,0.037542200440955346,0.02448989974451369,0.02310747693253509,0.005886535925928352,0.02998240827898127,0.07503663196736556,0.05699760899748254,0.05665355447890774,0.009956226998363764,-0.04495773342541057,-0.02036690660122928,-0.057752737075742515,-0.06910327053730102,0.02988718697025192,-0.10555265732742669,-0.09392040700421088,0.07761802055210035,0.07517128566051431,-0.058346214792026646,0.011668081467602533,0.020024738286299984,0.05098155339953917,-0.03946570602376033,0.03289819014050869,0.02958126800314529,0.03370912395569822,0.05772871577820074,0.06294109456408874,0.06120830364080885,0.023525988303262586,0.07127249701188045,0.09175937970883528,-0.02926431900844401,-0.018874177341616515,0.12364919142997344,0.07958869603810691,0.05270726874476324,-0.034562584426420864,-0.021686955471272782,0.08079005662189626,-0.15090142643826557,-0.021686955471272813,0.017868356090098514,0.02700699128148198,-0.025894819883376014,0.02136271195408403,0.04075211806710988,0.03971886596091546,-0.05522131295758437,-0.07154866288330691,0.001452434441127781,-0.00426430606256132,-0.0811952302380335,-0.12165672711914007,-0.05496477350353523,0.028935179960799313,0.13171613072869962,-0.10524617586842097,-0.16007835986116795,-0.035258998877712035,-0.10656203460510284,-0.04052176220204654,0.1336846251321881,0.03445589285634452,0.0793542340163598,0.09285668538177606,0.47734697543319177,0.27985128595222486,0.036636761753025,-0.10708117009580681,1.0,0.07826874819588485,-0.07535481547596765,0.9269668869500971,-0.2532560539927593,-0.04891513276519355,0.05940369414813501,0.2070940065736648,-0.01605605880086373,0.8706435691980873,-0.0019437466581387558,0.19725583817954825,-0.003377887240314635,0.25893723933429136,0.02196445439054061,-0.3243097806369805,0.01909279804029591,-0.044206755836522074,-0.004064423940881087,-0.16467311886216238,-0.16467311886215788,0.08826162500737221,0.2384353032813605,-0.26470372134595116,0.022801669924362496,0.07826874819588493,0.053308825450853525
tempo,-0.009844237254353393,-0.009208116812385559,0.007803379914404823,0.00026578902081920573,-0.03462685114611066,0.004336516758904769,0.02025231216174925,0.013904977855745163,-0.01750817170377675,-0.0006654227966468583,0.034149720463646456,-0.010415381548410853,0.006682884977755178,0.005569965257035911,0.00374526393805265,-0.020925416253521914,-0.044553509497637596,0.0036201410777398834,-0.06637606540109894,0.005697454195563996,-0.0063369122785520765,-0.028988257682680377,0.005119142630096071,-0.003994061796677053,0.013947118524647585,-0.0005438678818654579,-0.031652857145409656,0.10385017657968748,0.02291691790054828,0.03603723582458535,-0.00034642587228450757,-0.0041190967920163215,0.0025108803055604737,0.015203615888151549,-0.011542221591361455,0.05715774117559858,-0.013580186891227284,-0.013781846419536746,0.015378002756290388,-0.01457379225398971,0.010912303134069285,0.006652333071252012,-0.009156094471998215,0.004994233156147523,0.022598598791695818,-0.03184306912288421,0.09652992597414774,0.010148725133920991,0.010130891682333278,0.07747731649861822,0.014015129152178868,-0.016876704967370298,-0.017544174376672637,-0.0032658902428183904,0.0036077427023707017,-0.01884308541810353,-0.009584320110572224,-0.006177804501699697,0.014697017831241187,-0.023153458595367635,-0.022693642360781897,0.043820487770001075,0.007736574292224635,0.020004178338522763,-0.02984655726230652,-0.009167508944623957,-0.001245767808644656,-0.0073286348204534835,-0.008668814157121115,-0.008889832221915635,0.004167972911504294,0.018074359130873827,0.02646147879690923,0.008159753970891468,-0.006234144777927946,-0.04452541467235771,-0.05197569916262244,0.014785206022332093,0.028721262360435137,-0.012749900547976725,-0.0038303536608541872,-0.015345670356100115,0.03923773631289052,0.009244465897079173,-0.0018034154151639562,0.03593935738213034,0.031604184316093006,0.005934790041153353,-0.0071550104947631955,-0.010277979558050005,0.013096723654601879,-0.0055156540613293965,0.004747658936200819,-0.03908310214564416,-0.009673760377535652,-0.007005994637725245,-0.012631637431667229,0.015390498410737188,-0.02439972282749213,-0.007563833664365497,0.019426462999660554,-0.11776480832645317,-0.00756383366436552,-0.023593395379696746,0.0021487448172396394,-0.03258491309422781,-0.0033048897389175444,0.0022039585389862695,-0.023828274144062432,0.019166448576801613,0.034923286828462526,-0.010682117641743465,-0.005585977420484954,-0.002366027392686635,0.014900091839903698,0.025708246355561355,0.01154404399881231,-0.03972866267714404,-0.006611159466229742,-0.08412053314143701,0.016134849795083915,-0.560554579581964,0.013211888443029764,0.0666401340775319,0.010941207090902417,-0.013277115181026245,-0.020733546079493754,-0.05044816605877575,0.21244735832885392,0.017274335240411914,-0.2082309388837047,0.07826874819588485,1.0,-0.03653491513379333,0.005432563744494668,-0.1364917411558855,0.015163035534898292,0.9565002878105492,0.2435014934661618,-0.03344244771088325,0.1596613418920934,0.17568958638456722,-0.005578002457847368,-0.002814933098690548,0.2478519907462943,0.0005718670406740019,-0.050328184188697354,0.0006032361179090804,-0.019212215961162443,-0.0010106806769393164,0.04474899209872102,0.04474899209872031,0.09067561360107071,0.21590128702815503,-0.06291557452323535,0.003863379262169019,1.0,-0.02591968021413835
loudness_intensity,0.04486887212804663,-0.041887266110044306,-0.003277732319600192,0.014200396793136762,0.06283823483495937,0.020404539024812395,-0.05566198783522987,-0.021510527081538253,-0.0024460348130759704,-0.0033120769862934793,-0.030406268461452956,0.0018921048948914439,0.011206743874892953,-0.10313377109595896,0.023268632365882256,0.021805220516533295,0.07763809458174648,-0.010979635662165694,-0.12383081864741897,0.022460056625394714,0.0338396829939566,0.017019213929928795,-0.02715593730425958,-0.03127252672129608,-0.15373059046370685,-0.03248283552668869,0.05293458407099793,0.04101712119229512,0.019660186293733364,0.037923552960887716,0.023389572126084716,0.02833845571106574,-0.00920042898878985,0.014278768045415176,1.1720238790037772e-06,0.022863970632934997,-0.010348589059655649,0.024553185277545894,-0.006977163995742265,0.019554225446879653,0.025493208585590517,-0.029373257255676744,-0.06471319336518093,-0.012774717764817976,0.0016201523960886976,0.04598515202981954,-0.02135063644983682,-0.03459577006980489,-0.012240212648217378,0.02462356640939304,-0.024311430145955437,0.021840550954300774,0.01695542287615737,0.023110908822396456,-0.07062588983942503,-0.0021036034548114046,0.011463145344878028,0.015119832766630464,-0.031885635586416924,-0.020150070744230336,0.015485589611496512,0.06367918155030675,0.0387344856527411,0.024893873139071432,0.04315585471062158,0.015908282121652382,-0.008259044510693748,0.03454642351552153,0.03457888522290635,-0.006912629540891207,0.029507639808716103,-0.0016354368323880071,0.017243175034664507,-0.1004794458724105,-0.028271979922743676,0.06002673511781454,0.05744852706939072,-0.034145866475649045,0.03298180616402472,0.0724037814310811,0.022229593626131215,-0.004129363475424654,-0.03098910680664828,0.0016002884381439361,-0.03193600433864473,-0.0016591292979061842,-0.007471176183716525,-0.008183850032315605,0.032689453797073977,0.03815399975889565,0.008867975828995654,-0.008255514538467467,-0.023908264964868694,0.04851306579585352,0.008961198545968224,-0.01870488226979107,-0.05016511648417314,0.0321925645634702,0.039244519288929205,0.033847850114090514,-0.020400512232531195,-0.13319753285645403,0.03384785011409064,0.013777211900439859,0.0016265487478677794,0.012692041468192895,0.003510452919992979,-0.05833050011851341,0.04414018643097273,-0.0668655109360781,-0.045360931034976175,-0.05376430930616811,-0.014905954486741887,0.01102098866990397,-0.11409412745130937,-0.019817157173429727,0.05156420598395056,0.07715923103273437,-0.10946109380329902,0.0671539970901961,0.01454654000788261,0.062089455453213,0.04045734024082082,-0.04944340274257321,-0.01957729493506914,0.014108718572413411,0.07195044447670168,-0.051984724716434165,0.12180762704410496,-0.10483961535604977,0.22165027402758172,-0.07535481547596765,-0.03653491513379333,1.0,-0.06873382094949511,0.11998629263128714,0.05090154980972751,-0.038925812938109774,-0.23608462594960314,0.021264772350645146,-0.20329176164701593,-0.04118035976650115,0.042311940635451566,0.006633705398189874,-0.30218952925338033,0.04510537699137093,-0.15451478296803847,-0.14915153902295394,0.015879737800862315,-0.01856861533236143,-0.12565684718512563,-0.12565684718512526,-0.01673104521899344,0.27008751441853457,-0.10102266598063446,-0.012050669132657083,-0.03653491513379304,-0.005389691310099829
happy_dance,-0.023270803919581143,0.08809899641028267,0.001133857336291184,0.0008862686672621778,-0.10402969480348492,-0.01952584014267722,-0.10760061775515696,0.025956139256335126,0.03460636794358781,-0.0028493252246376095,0.012546921928640518,-0.018848772873712758,-0.032347003083399925,0.07624605019421803,0.10761447117741951,-0.004530520761275699,-0.058298365822569,-0.026506896426806374,-0.008361214935071545,0.006790581185943076,0.046560773989955555,0.08365885182084115,-0.09234234823204814,0.01644916965129676,0.025413414364924017,0.08445731530791112,-0.04352442157820016,-0.050509577068320224,-0.019607315897468666,-0.06706046605252625,0.00936488312822729,0.01106814401173595,-0.011687578379656538,-0.008760520080837513,-0.001597835179643681,0.1007393354331996,0.0025345256506535876,0.0606074466785537,-0.014739428590141967,-0.025246313184287446,-0.060464175318572025,-0.02902031972663401,-0.10781790310599249,-0.009934162549312843,-0.04749608920923622,-0.018710598130541975,-0.04823245592815635,-0.012710179282594554,-0.0005256456095667677,-0.05419079733173098,-0.05675601335024307,0.0580211372042903,0.037930515789782036,0.02304420955615839,-0.04968325068782758,-0.0011079692953942,-0.0016487402441036384,0.000620852039666159,-0.026963598660799483,-0.11053480341536072,0.047830199533008655,0.017537669804842594,0.009526724459926745,-0.002370126545729297,-0.01021651386925697,0.03654254653011544,0.11580558381777764,0.08206928567560967,0.08941862285965381,0.018231672991108203,-0.04317321850023584,-0.04079788375055862,-0.07185488489586683,-0.03692804420492493,0.019669788350991722,-0.10030466488851084,-0.09967297797440149,0.053223503143817574,0.08127406973873608,-0.06372993304785687,0.01949028423948444,0.01795260183929908,0.004845551727641644,-0.025248822695466418,0.005062897253112495,-0.0009464382851579832,0.0038649990031418367,0.053391945026334243,0.09290576672206151,0.09493730901845032,0.008184485043160938,0.04556005051278235,0.06160470852360383,-0.04708705736575934,0.004750397035036225,0.12285040914000446,0.0553041570403224,0.04128301598364182,-0.043926118758340564,-0.02187631673777636,0.06085618808546628,-0.13045217106143558,-0.021876316737776347,0.018340039135727227,0.026145597204152972,-0.0040593221658913525,0.017993194365084245,0.040380879109466535,0.017382980585227074,-0.031300567915788946,-0.05744405875374124,0.01237181416447273,0.0008519202689124611,-0.08146597243680255,-0.1059780008668856,-0.06677301720892038,0.02529232173119182,0.1292119264861643,-0.08735054964036255,-0.15845064126067915,-0.02396535482328927,-0.08646681156647941,-0.03574803149320529,0.15020558910683848,0.03743190686021013,0.041538104165063205,0.09571588205582691,0.7047164893066732,0.25747198485724077,0.06823021498553747,-0.12067710157535014,0.9269668869500971,0.005432563744494668,-0.06873382094949511,1.0,-0.23878341575798448,-0.04479468026370271,-0.007485937459717714,0.15369338678506497,-0.013304755044123503,0.8447292785042547,-0.003922211572556807,0.1622875211398761,0.03917302787932963,0.21341254529027343,-0.01286316881080918,-0.28192124804687635,-0.04258407104095808,-0.04579966453697234,-0.0002321948218273784,-0.1472615168731377,-0.14726151687313535,0.08997481063022462,0.21278444908809607,-0.2293454192253166,0.0473143370605728,0.00543256374449479,0.03625242429755777
acoustics_instrumental,-0.014220584145506535,0.00021201778590221988,-0.025482610534558015,-0.026986954583182145,0.240197043788828,0.039622851846354036,-0.02054218301004074,0.009085204618310434,-0.023212624185908772,-0.02752272847016245,-0.02432846524493779,0.021915157107435003,-0.026174880495997192,-0.020493713522860894,-0.007394387104631147,0.029679035849849194,0.2573778915789651,-0.010442653215207988,-0.028728822712023476,-0.027777424234664658,-0.028674818400841847,-0.027863667611636177,-0.02814365901574319,-0.020545188755156825,-0.006286291384795006,-0.025824626502601818,0.1325753755358603,-0.026432910600152754,-0.023771784677638495,-0.024432050693668758,-0.027706549123430794,-0.023616196166631822,-0.004696919403961242,-0.024090470383298576,-0.017135646949615734,-0.02855639289236446,0.006613557326225673,-0.02829739740094193,-0.007220060630971062,0.06337354958013827,-0.028181120501577044,-0.021526424294872386,-0.027340146934836784,-0.026510116654086417,-0.02799963680599349,0.1797965479773467,-0.02331347476719179,-0.027431699341306622,-0.027274889777000978,-0.026689052994189756,-0.02825386396376408,-0.027834433679734708,-0.009841175887880431,-0.02777084153822793,0.10288587570659286,-0.017568980455182123,-0.018933946870039322,-0.01978603010392378,-0.023950307204644198,0.11071448397911078,-0.026548090091222137,-0.028223041196325495,-0.02701066703035883,-0.025994784017666743,-0.003936211310171541,-0.026981434857232832,-0.027433065787431075,-0.027395283532225378,-0.02836453674478076,-0.027328066891367367,-0.02822965155188858,-0.027965811474117547,-0.028595514149091388,-0.002997663158376433,-0.025374828817181883,0.2775717972543376,0.04088146421395635,-0.028632079295218223,-0.028756836050622327,0.212108378804656,-0.02763845208258441,-0.02624341813275933,-0.02723840120977702,-0.025098232301069542,-0.014921948933174941,-0.026955647471806368,-0.027770956636544327,-0.027946314926103204,-0.028690444573313864,-0.02871807152625569,-0.027580588637642654,-0.025072048363968417,-0.023778118725271236,-0.005260788373180757,0.007372372293344335,-0.02579666969696738,-0.026847031578513817,-0.028790285641547314,-0.01693366053653472,-0.020088812573136324,-0.027702199008912565,0.2033994589561056,-0.02008881257313635,-0.0261636234265979,-0.026607141391257697,0.17662095172085146,-0.025463034733843648,-0.022406039225487045,0.0285837680507795,-0.013666704438339209,-0.02369962739714079,0.009688835230711781,-0.022948536162530765,0.0064029860907702345,0.010301623653043096,-0.05381574350779134,-0.08479501370637987,0.102447525291875,0.04929936638824931,0.34635606139276565,-0.02616655719191507,0.15982207518226438,-0.04129620821316622,-0.12886371122990614,-0.02855312398926797,-0.040090042081479614,-0.026566611978090744,-0.2538835166164897,-0.6282791310805327,-0.08510793304743455,0.47461965830267927,-0.2532560539927593,-0.1364917411558855,0.11998629263128714,-0.23878341575798448,1.0,-0.04731809725315419,-0.04323791859045318,-0.37798003572397015,0.00428716506114404,-0.4365326692877122,0.005116063541579094,-0.08427874707737044,-0.08823917908350784,-0.46563091752172286,-0.0004155122498750897,0.6648918794659407,-0.08544049518869254,0.0230635732149393,-0.0023385122824175412,-0.08457717953830508,-0.08457717953830403,-0.10064218228883179,-0.5048054761093497,0.6435809549855641,-0.011504207910831076,-0.1364917411558814,-0.020550241281871173
artists_avg_popularity,0.04271120028530881,-0.04249152469860071,0.011424619499176666,-0.02104611746508411,0.053472057979146316,0.07716936353667103,-0.051606312096624175,-0.037631161461638835,-0.014727083970512103,0.052384749371960415,-0.062437087641905684,0.04439916116672422,0.008215210454386156,-0.1024649376221695,0.008297063880554716,0.1001094480015563,-0.09673698512331541,0.0009565589316868814,-0.042431960837650454,-0.07856771297578936,-0.04685089151617914,-0.004959361065989669,-0.006319290958117423,0.055889841882375314,-0.10812700541089111,-0.004492676566473784,-0.027093571112163845,-0.03248033000566317,0.031757206688310856,0.04539141520127258,0.00889521143088312,0.01672596103558367,0.05282569143497179,0.07144607416594115,0.029324036774519686,0.04345170552729663,0.037195697432069644,-0.0033382916659767314,0.03616494373756238,-0.03299720760614244,0.04338363422718066,-0.02336416501767944,-0.09136229088669717,0.02081820412592793,0.07564373611454882,-0.018634927160303207,-0.05347793795216926,0.0432160460913419,0.009169553586138015,-0.032205150509944776,-0.032606653587611875,0.029211684806722284,-0.0831550805666142,0.00865826932507351,-0.0854492138750468,0.07646652679273275,0.031308429031587676,0.03722862272286994,-0.019314190863770887,-0.15272923225232507,-0.03139191461231646,-0.04031932403470553,0.03511212121163209,0.03594256964495524,-0.09622345454471304,0.11754440600354223,-0.08889028629768726,-0.10700392442423685,-0.04349863321234326,-0.013833289265935802,0.0567296804828516,0.04801939799096066,0.04996869459771435,0.0052876727918384535,0.0372491685593575,-0.021303051741741116,-0.04278070362049319,0.05222198666372428,-0.0636665024722228,0.055168881720381646,0.06369470027780837,0.12774933800356694,-0.036684406768317024,0.06363369834544556,0.040165533590052385,0.021969292115692304,0.021493733216134986,0.020402341360885878,-0.06116418305004831,-0.05324100850239687,-0.034901676779013555,0.00305708976063208,-0.008480546189414658,-0.14777170289981803,0.09459810631714316,-0.025759767364213714,0.029758049023933874,0.07050184735918927,-0.010008639495425421,0.02578474039638471,0.007980175204270705,0.008996862021400227,0.02578474039638476,-0.06036177819357695,0.018346616206765882,-0.035131709273644444,0.01708879859975456,0.015124779972572286,-0.0658499159945127,0.02222462530738422,0.01956160625168256,0.0050171188243175605,0.03587638082498044,0.04205635997647019,-0.028557245543543334,0.03642119214617341,0.05997972996039518,-0.05470640535086337,-0.04391076424107608,-0.06521623734393343,0.43362817888287114,-0.011988172328780087,0.856059149073352,0.0328682076946906,-0.00390765972825313,-0.11141489591003259,-0.37975678734771795,0.034987832814768076,0.06385067481356053,-0.04929559220289833,-0.0278526631187196,-0.04891513276519355,0.015163035534898292,0.05090154980972751,-0.04479468026370271,-0.04731809725315419,1.0,0.0010292011759503845,-0.01613501483238746,0.0010574171053222203,-0.023216732849613345,0.013276833807417772,0.02378351128920698,0.04532059530611509,0.00449281361781579,-0.01274702163374687,-0.10697668062258252,-0.0020702725459700025,0.01803196187878835,0.004142240787743525,0.01959792722091759,0.019597927220917966,0.03192357749129044,0.0557223954267852,-0.09216914174364284,-0.021438653633498922,0.015163035534898141,0.03453216024813786
tempo_vs_genre,2.3835499201496286e-17,1.3014711298902754e-17,3.6743810764130656e-17,1.611988642423531e-18,3.573856172208476e-20,3.597812431846839e-17,-1.697141069394233e-17,-6.30548989214444e-18,-1.8537216628752403e-17,1.2390510392112923e-17,8.258626768723306e-17,1.921119041830587e-17,-2.4887257330714776e-17,-4.5918503360374154e-17,9.435469863969047e-18,-6.910271215167491e-18,-6.406504365687687e-18,5.878259049274961e-18,2.7512164934823138e-18,-3.987705453154627e-18,1.949742529164167e-17,2.3337933563639583e-17,7.43019385282304e-18,-4.1660718822059526e-18,3.2036601572927294e-17,-3.965201582554284e-17,-1.793439358308401e-17,-2.189207211680093e-17,-1.4744359772383952e-17,-5.637064555095777e-18,-1.706442886828753e-17,4.2271701356705624e-17,-3.4318810639974667e-18,-6.494953226205378e-18,-7.18035030032756e-18,-2.9500306019116214e-17,3.517865758843884e-17,-2.4058090060806577e-17,4.0492280000460815e-18,2.098277866513221e-17,2.362890094058248e-17,-1.7201018713773322e-17,2.7004971099972837e-17,9.017704028313642e-18,-1.71037576051598e-17,-2.682660467092155e-17,-1.0509748182765812e-17,-2.3049740412949268e-17,6.184892645054886e-18,4.795707008654919e-17,-3.877128058529604e-17,-1.274348988528591e-18,1.4851901837109393e-17,1.538977535051574e-17,-3.567687598541399e-17,-9.717951372375158e-18,4.2687182535447374e-18,-2.9882822862388274e-17,8.644162622917072e-18,1.0156279120254238e-17,1.7880704145611168e-17,4.762269422824529e-17,-2.5982260751514845e-17,5.004589926482621e-17,2.00684263302973e-17,1.420422551117607e-17,1.1778059149450927e-17,-1.2947477109726996e-17,-1.8704322963014616e-17,1.6406121297571145e-17,-2.924001832072932e-17,-7.968230556008953e-18,-9.747978291812857e-18,1.4785809976390412e-17,3.1305348170750823e-17,-1.448178741708337e-17,-4.1947932834072694e-18,1.864769610950975e-18,-7.482137159654724e-17,9.107947976406388e-18,-1.6138163679545258e-17,-2.109521642324411e-17,2.602876983868732e-17,-1.7022815474501513e-17,7.52174331915221e-18,-6.939694332420887e-17,4.03649919724095e-17,4.665432607637833e-18,-1.4683979553949402e-17,-1.8029533224563415e-17,2.3099676485492426e-17,-1.5354526358132267e-18,2.9008615213323358e-18,1.785002446705522e-17,1.8179504631972503e-17,-2.5821845198214316e-17,2.7753685808561534e-18,-2.0431523589802488e-17,1.5287455358736022e-17,-1.9631404100654633e-17,-4.5141067250584274e-17,5.7920948456710484e-18,-2.892343014839671e-17,3.6792767697996596e-17,1.3011121123752638e-18,-2.4945189702456115e-18,1.876959887483577e-17,-4.342659542660149e-17,-1.3755103328734306e-17,-1.739276670474798e-18,1.0378706789784817e-17,3.725100459898111e-17,-2.2865499151833992e-17,7.895774293887474e-18,-0.0029259296624512413,0.004851426848462472,-0.004830117261416281,0.004365892327687206,-0.005988201670026643,-0.03071209189898977,-0.0016775406538612828,-0.5410503292287908,0.0009773417094182818,0.01899855714395155,0.002646056929875378,-0.009714717828220584,-0.0049432298470090215,-0.08425309301298757,0.08121719926748497,0.054649463319950985,-0.07933670513637091,0.05940369414813501,0.9565002878105492,-0.038925812938109774,-0.007485937459717714,-0.04323791859045318,0.0010292011759503845,1.0,0.11648362437648599,-0.024016276413928683,0.07849463952487055,0.1877644924128142,0.005050294935815499,0.00671390752912173,0.11700920797629796,0.0067343182146227245,-0.01697503275383352,-0.0025360163512608068,-0.012190038675969336,-0.0005159269514658876,0.001980728393386692,0.001980728393386807,0.04696540889955363,0.08862207018516292,-0.019476421956766573,0.0003633331669544661,0.9565002878105513,8.853101166569842e-06
energy_rank_pct,-0.07399564872365395,0.016874838741232707,0.04025033488701972,0.026121055507150003,-0.12296243690707222,0.017390190602200387,0.1001420356736615,-0.048391943235635615,-0.027734055105696754,-0.017350803445912538,0.08598454624539856,-0.05066027010527372,-0.07546298001940115,0.029362712660375725,-0.05582280472474663,-0.08348783904526501,-0.13395818979143045,0.027765388169532952,0.016607602953186605,-0.023151929689890695,0.01589953888543559,0.005388217865239315,0.1268560753455084,0.03159211975406838,0.022023755012369303,0.03394919171692856,-0.10816256964473517,0.09726569843277522,0.02168689670482049,0.04072796472350169,0.036760720312914455,-1.3561176429351774e-05,0.014169894302867851,0.005465369924943789,-0.040571170767526456,0.053494357306611805,-0.02501279952215799,-0.014451180087151159,0.03750598042360353,-0.03376280558169609,-0.03525502809661637,0.03634367411737959,0.12304406552712395,0.04628337468536987,0.06280430216838072,-0.10321149247117553,0.11569016028393404,0.060016822935232056,0.08212944738972254,0.10953385356539087,0.09749291245636187,0.0051382365588390905,-0.10047389715650955,0.03587400118110617,-0.03193620030281645,-0.03362064763400939,-0.03949876728564929,-0.03874470698911722,0.09146419485420981,-0.021683453526698777,0.014252856457659217,0.0947788876898089,0.01437584752339893,0.046112899491960097,-0.10208001611600326,0.00501340130581061,-0.01829248622017315,0.02440760486734622,0.025713711384296595,-0.03266626412052542,-0.06363825020038508,0.08058979077255159,0.11749438990756439,0.006759237365822846,-0.03137421331700294,-0.1282539299101174,-0.10678822702703629,0.017078872414973648,0.09522259600434807,-0.09276094947641118,-0.02335438113109529,-0.023937796147792956,0.06386245698164285,0.06460303614241553,-0.036752691947821284,0.06666655322967002,0.06675608729521393,-0.00839540873842872,0.02282373864349994,0.028097765628842135,0.008070086292490087,-0.051247462755749776,0.004824928789235379,-0.11656528781152256,-0.07305271531391926,0.024173837513877545,0.004124795894334823,0.01824737758525486,-0.08903647699470445,-0.07841951801195417,0.057723883559470245,-0.07261094226844504,-0.07841951801195425,-0.04892247709660625,0.01917977421246024,-0.08939068840543933,-0.011689379616199954,0.02136189442156306,-0.10198362285087234,0.0365908068334945,0.08155470106348114,-0.016490479154441566,-0.02199855506489648,-0.042059947245729694,0.015222194407782334,0.04581232125865931,0.08148848317914534,-0.11913787473043753,-0.018510223888886793,-0.3287275118837169,-0.03281579300555853,-0.1928857163453532,-0.017527330018083383,0.15830989734647574,0.0438520384336121,-0.03790616858763429,0.021906199557772073,0.05549848915060447,0.6858168591466165,0.14048620510187626,-0.6943519906732633,0.2070940065736648,0.2435014934661618,-0.23608462594960314,0.15369338678506497,-0.37798003572397015,-0.01613501483238746,0.11648362437648599,1.0,-0.016203493494609682,0.61200503457823,-0.016988722282227964,-0.0647177131242843,0.08505668507268542,0.9776624650999949,-0.07341781084778096,-0.11747329708800115,0.19060659212206219,-0.03706257596659771,0.006525669983208026,0.09020359484683903,0.09020359484684229,0.09812095601960735,0.7328647917056255,-0.15256820039151606,0.0684404756943185,0.24350149346615585,-0.06398462907176561
loud_energy_ratio,-0.0008235711914109417,-0.0008767308685577346,-0.0008787550601718611,-0.0008756193082700305,-0.0005529190268585717,-0.0008545092096596843,-0.0008854665550885444,-0.0008510236927159957,-0.000858372964148343,-0.000869031855265409,-0.0008857319462451771,-0.0008325533439354629,-0.0008513608833712367,-0.000881261709863383,-0.0008355055753839212,-0.0008399207960697202,-0.0005868220324963292,-0.0008744436636357706,-0.0008794257826271086,-0.0008609863128310641,-0.0008762878134779689,-0.0008755669617129362,-0.0008887225158649862,-0.0008802183228256436,-0.0008802251599236337,-0.0008785761578759586,-0.0006816750310709075,-0.000885397345245905,-0.0008765701079422595,-0.0008790142863433075,-0.0008798546656061353,-0.000871930438588403,-0.0008744579900009501,0.0006256014270998686,-0.0008533777761486742,-0.0008815332899134193,-0.0008546576435612844,-0.000870387654698408,-0.0008776144916484847,-0.0007837960143629064,-0.0008633653617934795,0.0005641735935822479,-0.0008891254707891802,-0.0008786831628198246,-0.0008818599505849032,0.0006076434175407605,-0.0008880332058267863,-0.0008819685717835535,-0.0008844445693175541,-0.000886886610928686,-0.0008862087569292544,-0.0008747212083922969,-0.0008323588052397303,-0.0008798952616357785,-0.0008214945943475815,-0.0008596703062748621,-0.0008584041759449114,-0.00085979915628656,-0.0008851784348751428,0.001365800556193979,-0.0008764463084550374,-0.0008839091463171037,-0.0008637605020366375,-0.0008776728391388471,-0.0008028098301371885,-0.0008727272097117624,-0.0008661947190995777,-0.0008774358537926677,-0.0008776718615792148,-0.0008636300630721687,-0.000854659830815885,-0.0008838446464710847,-0.0008873362416845523,-0.0008778378006131792,-0.000424557084073413,-0.0005883725204945593,-0.0007617890833326679,-0.0008787044957560724,-0.0008849347692919051,-0.0005946813331422001,-0.0008656704315128529,-0.0008676494562608037,-0.0008819371013167332,-0.0008833590052989153,-0.000860558805874542,-0.0008819320837325884,-0.0008821454518060974,-0.000430168863761944,-0.0008778354613132417,-0.0008786429925186505,-0.0008723411920513553,-0.0008578124839499176,-0.0008675823634412882,-0.0007880408194849533,-0.000847048227657928,-0.0008786961705953804,-0.0008720359130524526,-0.0008756628845151083,-0.0008214274711097253,-0.0008304685080768984,-0.0008820675273849744,0.08759590297765184,-0.0008304685080768998,-0.0008553420843580328,-0.000875522751189266,-0.0008387963827205556,-0.0008616943237885926,-0.0008778017084022202,-0.0008321588544656369,-0.0008805495883840216,-0.0008855800025316536,-0.0008709127574788335,-0.0008678430536020289,0.0005351478328191883,-0.0022554954210294354,-0.004074405812510789,-0.0056209470277871244,0.008823300392631404,0.0038969529452338694,0.006652712516728007,-0.0012977361259604468,0.0004841105891637101,0.0008888639998270483,-0.07334840781593734,-0.004225320704953709,-0.003355879304734821,-0.0038649626888085033,-0.028525780871846002,-0.011396463879049112,-0.00613464654272771,-0.002440627410991015,-0.01605605880086373,-0.03344244771088325,0.021264772350645146,-0.013304755044123503,0.00428716506114404,0.0010574171053222203,-0.024016276413928683,-0.016203493494609682,1.0,-0.02731859597550513,0.004593514122181895,-0.012201029343296359,-0.0028485536239740115,-0.023759441814231005,-0.0034783477493595324,0.006311788491777549,0.0056926426141617826,0.0003148289516458298,0.005846830612498925,-0.012126050489738327,-0.012126050489738254,-0.04975878919214585,-0.009882693647282939,0.005391709982695781,-0.0004254280646431619,-0.03344244771088297,0.011200762560980898
mood_pca,-0.05038803019785978,0.07506214088405566,0.027240109768691362,0.018407787865677462,-0.16563277809172058,-0.0066483682081278275,-0.05372256762966353,0.0151822953659329,0.02050724009926153,-0.005098297434947704,0.0461615759957275,-0.03890305236724631,-0.05312012301327351,0.06386421867990266,0.04183681674772657,-0.044804003658819376,-0.12179218063729154,-0.007069886311515112,0.006936656265270883,0.0021441986860481145,0.04323728524138642,0.06209665134960276,-0.02286030879081797,0.026470983770519402,0.02737203415163488,0.07536205639498897,-0.09626951329705619,0.002334601290443914,-0.00681404384697605,-0.03227233021586884,0.02681159398165436,0.01130454318990361,-0.0010933054829639014,0.0006402349424481863,-0.013949989945088481,0.10321340877451743,-0.009949722361880433,0.03997791010064471,0.020209292269989878,-0.046549900113172143,-0.057832533371746486,0.0013245187323951272,-0.04162139064921717,0.012227742070951533,-0.0001181099800423942,-0.0690731857947242,0.01168256283817274,0.02815435587566189,0.03897198552914836,0.0048267569281476436,0.006607776487122044,0.04331590735115745,-0.0109294649443568,0.035740403362023214,-0.060176093206170796,-0.01320218731415623,-0.01449542699499292,-0.013581594481033863,0.023755907896080564,-0.12096982219393838,0.04443089362715773,0.06322565081166746,0.02129117066026219,0.030390596069034805,-0.053422948924780375,0.03420990956858599,0.06624291288333654,0.06877699527875321,0.07305000628200649,0.0017436568131668196,-0.05704702051242358,0.011399006352693144,-0.004111215295653377,-0.02146329726195427,0.009385068520037752,-0.1679609954236383,-0.14570033700609686,0.06462906264878557,0.10067375880337939,-0.10710193629937809,0.008049897385305751,0.009730326398362585,0.05225918280569946,0.010697239905217919,0.0006583540970893944,0.042393388102712475,0.04594051380511711,0.042225380389306656,0.07488280671781841,0.07742338131658366,0.019724449013481134,0.02457589637655072,0.06278721336139007,-0.0950178210480105,-0.03117100564678347,0.106444135130908,0.05859586739727034,0.04943583364114293,-0.07660244460770113,-0.051618495434788386,0.0814442335820495,-0.1937637548474729,-0.0516184954347887,-0.003964609315722367,0.0334366008496768,-0.04574491428518356,0.013013071207745154,0.045105306356600434,-0.024797601935581684,-0.005269409629246371,-0.008873274018776078,0.0046306728870736565,-0.003292163131802837,-0.08838708340182978,-0.08124715508627489,-0.02321067812928793,0.06622340432750691,0.03776305431236248,-0.08659401428281907,-0.3286679176609421,-0.022704584826793824,-0.1854640738552908,-0.019263730350222934,0.21654855968795628,0.05182263355100561,0.028626245164511073,0.08262180869506827,0.5689450755447301,0.5959502345991928,0.11273918254773818,-0.452628809332141,0.8706435691980873,0.1596613418920934,-0.20329176164701593,0.8447292785042547,-0.4365326692877122,-0.023216732849613345,0.07849463952487055,0.61200503457823,-0.02731859597550513,1.0,-0.009615923075468753,0.14223934878467712,0.06747410964828988,0.6717689903747592,-0.03620536979583912,-0.3348932221022775,0.0752484187563378,-0.054222942734513314,0.0007838105197828274,-0.06852815474126529,-0.06852815474126421,0.14049183227314135,0.5567266992674984,-0.30464648750578066,0.05513227258197681,0.15966134189209205,0.00889480978912342
mood_cluster,0.0017374151089619486,0.004251063103801199,0.0033084451057365624,0.0008890589107037141,0.0058535137005110705,-0.002127318683103515,0.01260894268664129,0.016567938278513026,0.003434127505478572,0.011446380489028182,-0.012558957861686069,0.0073302818974791415,0.02143813126851403,0.004188221903930243,0.01009529469180226,0.007550226097027591,0.0005434323114134038,0.004062539504188296,-0.012747481461299089,0.0058849343004465805,0.006450505099285383,-0.013218790460331585,0.012074792487737995,0.008178638095737416,0.02071545746999779,0.018390333074771493,-0.0028814130815551417,-0.09142466369976772,-0.003038516081232648,-0.005740687675684626,-0.004389601878458654,-0.006243417274652506,0.0055078871012207145,0.005476466501285198,-0.0006505504861352994,0.0015803121092844783,0.013394457685028725,-0.007028932273039849,0.004722372102833511,-0.002661468882006793,0.024988659061224893,0.005979196100253027,0.008587105894898731,0.004785213302704515,0.009184097293673069,-0.002755730681813241,-0.014852661656977,0.0056964107008336635,-0.013972884858783268,-0.023210541239816827,0.009718247492576396,-0.01937722804768752,0.008052955695995448,-0.0050494344771039226,0.008115796895866422,-0.0018131126837484441,-0.0006819710860707931,-0.00017924148710293878,0.003591230505155949,0.006104878499994993,-0.017397730251751627,0.006858972898446802,-0.003478404480329421,0.0003549087118003934,0.006073457900059587,-0.002181101488697192,0.007707329096705048,-0.045267802394531244,-0.04555058779395069,-0.0038554516795552608,0.013802925484190135,0.004565269103156156,0.0035912305051559487,9.282112510005215e-06,0.0006691147111552832,-0.0022530010828453106,-0.014569876257557447,-0.0019702156834258758,0.02674821265761234,0.008964153094124636,-0.009354056668266103,-0.006431940874265448,0.019395792272707452,-0.014978344056718707,0.0064819256992209116,0.005099419302059441,0.004376745503543196,0.00720459949773721,-0.04536206419433744,-0.050640724983501126,0.013111672285609456,0.0005434323114133258,0.008932732494189194,-0.005332219876523313,0.0018002563088329376,-0.03493042501575482,-0.0090712712688467,0.006230560899737015,-0.0008390740857482342,0.006796131698575827,0.005539307701156274,0.004282483703736675,0.006796131698575821,0.006513346299156398,-0.01315594926046018,-0.017711936251106297,0.010095294691802295,0.018955903873610683,0.021281028268836953,0.008367161695350383,0.036677122237226994,-0.0025986276821356818,-0.0073431382723946805,0.01056660369083471,0.007425052767275159,0.004468310152173744,-0.01857018245074135,0.0016347327012567559,0.021528049502125383,-0.007279472442038971,0.013787472076125767,-0.044034247871449876,0.012465070565828913,-0.005415300936220685,-0.006419421618205763,0.009887975061339916,-0.03862288947389269,-0.003498785876384797,-0.03006877018716599,-0.038993068931830834,0.008017030865373925,-0.0019437466581387558,0.17568958638456722,-0.04118035976650115,-0.003922211572556807,0.005116063541579094,0.013276833807417772,0.1877644924128142,-0.016988722282227964,0.004593514122181895,-0.009615923075468753,1.0,0.005589347572091749,-0.019419749520041638,-0.01610615812658215,0.01577078785680394,0.007466545306893559,0.004833583571108042,-0.0036226556706587644,-0.004142888003595926,0.01104326571034952,0.011043265710349215,-0.00981915239991053,-0.04414951434088866,0.004984455812573781,-0.005695111055948527,0.17568958638456553,-0.007407868184015713
acoustic_valence_mood_cluster,0.02147879404793296,0.00870609367346692,0.011713258567455531,0.01744857305599004,-0.04238470782439574,0.00365281658356953,-0.09874579831171852,-0.012995096283148683,0.002815770685242794,0.019401680152085418,-0.0041906135007503025,-0.0005324129080637723,0.04398602820293646,0.01902965975282932,-0.011600019785938323,0.02194381954700326,-0.008902871891330282,-0.025891803457366965,0.02268786034551563,0.027400118736094145,0.02336989774415157,0.022749863745391705,-0.07481248595956753,0.0019787247869160734,-0.006298729096536223,0.03009726663070208,-0.0063607324964122785,-0.049825115809521654,-0.020063483869017674,-0.03776545453363029,0.010814209269252565,0.021540797447809325,-0.00955390759002876,0.01025617867036827,0.017603581555680453,-0.03085207544745129,0.012147282366588127,0.014813428561258248,0.01766558495555646,0.006163954278549068,0.026315059238263442,-0.008499849792135994,-0.08578708773762801,0.0036838182835074564,-0.0068567596954207805,-0.012127048684884395,-0.04049360412817614,0.013108335064666929,0.0027537672853666837,-0.04656993731602882,-0.014545181280049823,0.01980470225127988,0.0022577400863582633,0.016611527157663484,-0.01494820337924408,0.022377843346135778,0.02705910003677622,0.029291222432313968,-0.008809866791516142,-0.052274250104625414,0.021137775348614902,0.017944600254998423,0.019959710750969886,0.023276892644338038,-0.009553907590028693,0.01689265923058779,0.008427078374024738,0.025323004840246934,0.021261782148366812,0.024578964041734607,0.03790969501508439,-0.012592074183954412,-0.04018358712879585,-0.0546923826997912,0.018657639353572848,-0.04554688121807387,-0.030790072047574946,-0.0280929241529669,0.030841307429214985,-0.017366335974409952,0.02495098444099098,0.02240884504607364,0.02519899804049508,-0.029239987050673388,0.01189926876708349,0.016580525457725266,0.01676653565735343,0.005977944078921066,0.0234939045439044,0.023462902843966373,0.019215669952457163,-0.011600019785938056,-0.01299509628314893,-0.00040840610831169305,0.02811315783466934,-0.05388633850140151,-0.023225657262696733,0.008768097073342997,0.007032001876813726,0.03784769161520882,0.021385788948118795,-0.07633156925653045,0.037847691615208824,0.01568147615952246,0.017386569656113716,0.029477232631942445,0.014224396262435313,0.022904872245081802,0.011899268767083436,-0.047127967914912576,-0.06703105927512343,0.014844430261195656,0.02501298784086727,-0.028960971751230996,-0.06414951514085027,0.006089259589506475,0.0484046794185134,0.013407264326640267,-0.0703214239197767,-0.037905400729381276,-0.007322836533514721,-0.013249453515175154,0.02135554820643104,0.030303557516232867,0.015185423841160726,0.03791012097770464,0.05279158693052619,0.152313069894841,0.07061897479930074,0.015394411862431182,0.0027697942554126644,0.19725583817954825,-0.005578002457847368,0.042311940635451566,0.1622875211398761,-0.08427874707737044,0.02378351128920698,0.005050294935815499,-0.0647177131242843,-0.012201029343296359,0.14223934878467712,0.005589347572091749,1.0,0.021174723888586898,-0.034318217166813075,0.009771920935568053,-0.17755904610281256,-0.02354888155940319,-0.015650882145113416,-0.0017722285882134535,-0.05317012855195837,-0.05317012855195904,0.03134970480674232,0.04074417916179411,-0.1392584765973038,0.008080047457823258,-0.005578002457847032,0.014887313892130176
explicit,-0.011270432724488267,-0.02270882477712443,-0.00992473954182511,0.02640897639007813,-0.02708232762077939,-0.010261162837490935,0.015307007633107389,-0.02708232762077945,-0.024054517959787632,0.00016795932814791823,-0.01261612590715132,-0.01564393556814337,-0.02809159750777687,-0.022708824777124544,-0.028764444099108385,0.028763939459738177,-0.028764444099108347,-0.00016846396751782708,0.19192923785763844,-0.01867174522913535,0.029773209346735628,0.07283539119195366,0.05567780311299955,-0.02035386170746424,-0.026409481029448054,-0.026745904325113944,-0.028428020803442814,-0.0200174384117988,-0.003869120219841403,0.0031957689891397092,0.0068964252414633765,0.022708320137754538,0.01160635138078406,0.127672388385475,-0.02674590432511416,-0.022708824777125016,0.04491225765169522,0.07350823778328562,0.0031957689891396594,0.013961314450444363,-0.02876444409910907,-0.006560506585167543,0.02270832013775437,0.003868615580471189,-0.004541966811173052,-0.0280915975077776,0.013624891154778522,-0.012279702611485808,0.0805731269922673,0.00353219228480525,-0.0008413105588497113,0.07855458721827245,-0.028764444099109138,0.007232848537128772,-0.02405451795978846,-0.020690285003130693,-0.0005048872631840712,0.007232848537128733,0.05063145367801341,-0.0018505804458471815,0.10277706450620838,-0.0284280208034435,-0.02472736455111987,-0.023045248072790982,-0.027755174212111683,-0.0122570139994689,-0.026073057733782788,0.015979854224438948,0.05500495652166844,-0.016653205455140988,-0.026073057733782757,0.019007663885430934,0.06913473493963118,-0.027418750916445803,-0.027082327620780028,-0.027082327620779917,-0.028428020803442956,-0.023718094664122075,-0.013625395794148785,-0.02472736455111949,-0.0038691202198414625,-0.028428020803442932,-0.017662475342138117,-0.011270432724488485,-0.02371809466412214,0.0068964252414631935,-0.001850580445846867,0.0008408059194792126,0.027418246277074947,0.04255729458203464,-0.014298242385480532,-0.028091597507777274,-0.027082327620779813,-0.02741875091644548,0.1226260389504888,-0.02775517421211131,-0.02809159750777705,-0.026745904325113947,-0.022708824777124763,-0.012952549202817416,-0.020690285003129937,-0.02876444409910857,-0.012952549202817224,0.006223578650131762,-0.015980358863809177,-0.028764444099108433,0.0031957689891398307,-0.01396181908981444,-0.028764444099108392,-0.02001743841179837,-0.02136313159446148,-0.013625395794148664,0.0445758343560298,-0.02876444409910837,-0.04556926585240416,-0.048010009189158855,0.0002795486094634088,0.07982510049515486,-0.03130799652530061,-0.06142476369943985,-0.0011946771765039147,-0.015226924154808088,0.04407821057291392,0.03838672182133681,0.003989330253014614,-0.05522129154324376,0.0033563009155197,0.12250645597532824,0.10858718182872773,0.30795114739057633,-0.09440023866348105,-0.003377887240314635,-0.002814933098690548,0.006633705398189874,0.03917302787932963,-0.08823917908350784,0.04532059530611509,0.00671390752912173,0.08505668507268542,-0.0028485536239740115,0.06747410964828988,-0.019419749520041638,0.021174723888586898,1.0,0.0969544877438025,-0.03721614780141939,-0.10340510846669157,0.03254729460949768,0.00047931840108998675,0.00975957363964911,-0.07623474911555643,-0.07623474911555647,-0.03761440410830491,0.11155262214302224,-0.08827496787697918,-0.002562370301851812,-0.0028149330986902534,-0.054835686318270085
energy,-0.07705020909922171,0.022974504441309097,0.042183651900477744,0.02941408118148107,-0.15117988406909277,0.012239246056080903,0.08733485379695162,-0.041553061476103124,-0.02225531280136075,-0.0077277428683340445,0.07924805741241214,-0.050212205257137224,-0.06720343128687913,0.034345305442090135,-0.05488042715048726,-0.08028353636337196,-0.16888309660149445,0.030051306808724945,0.021898124962959863,-0.016672314212427257,0.025132873436984022,0.01641075883845001,0.10849319059848528,0.03757668789272727,0.02585447405043902,0.03597221674536197,-0.12673617006178756,0.08798475811228483,0.027464405635742293,0.04397736836266092,0.04294025915714955,0.008832718188586466,0.01996015569855341,0.010690359287097714,-0.03574577352887755,0.05540576576360185,-0.017351128928620528,-0.003135738964523383,0.038509824375869105,-0.04101521581932174,-0.024357618807529867,0.037245665747688575,0.10577456571032479,0.04571752765274444,0.06055353752871477,-0.11832846976110942,0.10082651133278464,0.057467642088875046,0.07520060129194746,0.09718933606282361,0.08700038327315474,0.015388983739473956,-0.10263617566254177,0.04252399426506954,-0.032158359304642885,-0.027774282145441042,-0.03186179394419882,-0.030011378688090482,0.08241597162209245,-0.03573122385539143,0.023327039290611393,0.08500855763457234,0.01429472693692066,0.04461878281900854,-0.10787313582730591,0.01284554493571415,-0.010567320196832347,0.03205079950057813,0.03381478275618416,-0.02355717844631869,-0.05346343602567501,0.07438527562732036,0.102140756463751,0.01454448587216797,-0.02303710142858624,-0.15965522053308911,-0.12129998993290263,0.0264568426355109,0.08596589208583576,-0.12015981907535082,-0.013069995984642872,-0.01377128825700292,0.059954385365995094,0.06431936969254548,-0.029875503544070436,0.06294079611464642,0.06305561491237195,-0.0012168548283123862,0.03156871015117283,0.03640718176736513,0.014095346151686852,-0.04292355659787556,0.006727794164232251,-0.1298086238482383,-0.06691399067593395,0.03109260484334154,0.01169140704986712,0.025809070134989596,-0.09074855543105978,-0.07749141996461514,0.056755167138824086,-0.11194329887972998,-0.0774914199646159,-0.04020927013985968,0.02483142734263156,-0.08629181330700526,-0.00724845853841498,0.02683529586488585,-0.10044036900675812,0.039281391736480445,0.07625491461699223,-0.00711363060167212,-0.011810878836688115,-0.04054058396952378,0.01822622341614755,0.053155000624449146,0.08771147476280923,-0.13282267269837159,-0.019427255921516295,-0.40291441958562335,-0.014373263754895433,-0.20971697866622463,0.0010531126538164334,0.18712661152664115,0.04703057101161931,-0.03617477114631157,0.023108363271933087,0.13432482790211647,0.7616898441659353,0.1425084689978597,-0.7339082934928824,0.25893723933429136,0.2478519907462943,-0.30218952925338033,0.21341254529027343,-0.46563091752172286,0.00449281361781579,0.11700920797629796,0.9776624650999949,-0.023759441814231005,0.6717689903747592,-0.01610615812658215,-0.034318217166813075,0.0969544877438025,1.0,-0.07836515946353902,-0.18188044702933642,0.18479451208517084,-0.038991881956885494,0.006055524832860934,0.10786274631724482,0.10786274631724214,0.11911620044379362,0.7666724141130765,-0.2111088537127209,0.05750067537670091,0.24785199074628797,-0.0561642481933092
mode,0.03492047846200787,-0.02476703519818118,0.0006735443946863201,-0.006175842418778083,-0.0034360876933924992,-0.02437564166598355,-0.010481171272955609,0.04196556204157105,0.014959408319912305,0.010458382699635737,-0.008915597144163276,0.003217602353973588,0.026505517519752032,-0.027311093157468137,0.0449010135330559,-0.004805965056085418,0.021026008068980466,0.004391782950566833,0.015937892150406932,0.04920634238723382,-0.020461706344003665,-0.029268060818458518,-0.005784448886580532,-0.03435617673703227,-0.027115396391369718,-0.0020662103306991445,0.03041945284173165,-0.03259490584214064,-0.010676868039054073,-0.008132810079767322,-0.022810067537191055,-0.013416622764439775,-0.024571338432081938,-0.0016748167985012683,0.023765762794366117,0.005370266781061952,-0.030442241415052727,-0.014395106594935548,0.007914324740348545,-0.01517789365933115,0.03746453642129471,-0.01556928719152915,-0.0008920297341053484,-0.02144019017449838,0.004196086184468211,0.010458382699636136,-0.013025229232241909,0.002630512055676427,-0.010481171272955557,-0.03337769290653708,-0.010481171272955876,-0.031029331713349935,0.06349220631245853,-0.02535412549647868,-0.012633835700045113,0.011045472997932008,0.02278727896387123,0.021221704835079187,-0.00010924266970949311,-0.01772195161861782,-0.0208530998762017,0.017699163045297915,0.015155105086011051,0.011632563296229085,0.02317867249606925,-0.023088137833606172,0.018286253343594475,-0.017134861320321586,-0.021635886940598217,-0.0157649839576285,0.025918427221454533,-0.01008977774075789,-0.02261437077109274,-0.02124449340839967,0.013002440658922672,0.002826208821775395,0.020830311302881908,0.011436866530130653,0.023765762794366662,0.016916375980902423,-0.025158428730378962,-0.015764983957627477,0.0292452722451382,-0.03122502847944729,0.0036089958861714984,0.019069040407990605,0.01769916304529803,0.016524982448703793,-0.017917648384717443,-0.024767035198181776,0.016329285682604406,0.03766023318739371,0.025918427221454796,-0.057252698370612864,-0.005588752120481375,-0.0036317844594914842,0.003217602353972872,0.04020429114668047,0.026896911051949593,0.04079138144497727,0.011241169764030704,0.013589530957218201,0.04079138144497672,0.01006698916743652,0.0036089958861699836,-0.026528306093073207,0.01632928568260387,-0.005001661822185502,-0.03083363494725111,-0.015960680723728696,-0.03005084788285535,-0.030246544648954158,-0.059992453095999806,0.04529240706525324,-0.03436276967383095,0.004335950064555425,-0.009454508870183311,0.032189842688456254,-0.015997053958756786,0.02190147361201182,-0.004433417531124105,0.016855611484319417,-0.013948367242907052,-0.024089879252211312,-0.12262252059926376,0.0762220856008429,0.021459714701561917,-0.06922424421606878,-0.04176755071619956,-0.04653474391760231,0.0955676306498632,0.02196445439054061,0.0005718670406740019,0.04510537699137093,-0.01286316881080918,-0.0004155122498750897,-0.01274702163374687,0.0067343182146227245,-0.07341781084778096,-0.0034783477493595324,-0.03620536979583912,0.01577078785680394,0.009771920935568053,-0.03721614780141939,-0.07836515946353902,1.0,-0.04996076118178213,0.014003846849007786,0.01557217693819261,0.03164639568027578,-0.047677674527275046,-0.047677674527274956,0.0013131178329946153,-0.04521489766768405,-0.029308942907215443,-0.0006662891850439617,0.0005718670406740201,0.00525593543498667
instrumentalness,-0.03577319048077475,0.02960921758049617,-0.03098356048626394,-0.03582705071667003,0.15807786039126895,0.03249268964308656,0.08654844675388136,-0.005847914968300214,-0.03706287921209625,-0.04344843100211103,0.07287631187652727,0.011435056659368371,-0.04358848959383348,0.09929936986583361,-0.029020239754758634,0.006676943875534305,0.14075165307390888,0.058278592407753814,-0.04726383643169653,-0.04572616712923983,-0.04488291696341923,-0.04525530715764142,0.03637026875914755,0.02478687962717865,0.1651669095663292,-0.022822296043340913,0.06913720361204186,0.06545527921323993,-0.020520382098271495,-0.01913700477029456,-0.03525139784097587,-0.03595932278985201,0.028154891354008362,-0.03822097210353508,-0.03597413440235885,-0.047041444961208996,0.0008474106526992844,-0.045053465778339574,0.01027741621799993,0.04037274305180014,-0.04641841596849416,-0.011133769255049159,0.11621142389612261,-0.0031937730602629023,-0.03618416415760187,0.10943415448706799,0.032696260381296444,-0.032344849669969124,-0.026486071931731376,-0.004061090374074499,-0.022334726550271286,-0.04410885212758565,-0.03007243626693787,-0.035877786757825963,0.15768581451246136,-0.03544729538664993,-0.031375725808513125,-0.03468014856384743,0.010934069505284163,0.13182948403464417,-0.0381027548344724,-0.03610732351938301,-0.043904554280782146,-0.0402951997334754,-0.02324498801380925,-0.044412279434351186,-0.04143035819299768,-0.04463445529086209,-0.04497179790390133,-0.04473345885314017,-0.04629601096151394,-0.027790665219233728,-0.03353684325886668,0.17883924765312342,-0.042725406495854906,0.16926116925279516,0.0020860323571444276,-0.047251359603536554,-0.04691037219995863,0.10951179467670419,-0.04468025192459967,-0.0449545403326304,-0.02800838936682506,0.013502527830637994,-0.019519640010977377,-0.03560607224894256,-0.03764138056644921,-0.04439782486111888,-0.04657076950334738,-0.046576681130036525,-0.04104808432159792,-0.04310154543749512,-0.039756211426101244,-0.031081883211214384,-0.015289284028201454,-0.043611293745367166,-0.045187922906114175,-0.04737460078752863,-0.03591518484391607,-0.03894716684787632,-0.0382715200753683,0.1724576221133725,-0.038947166847876254,-0.04327930013738575,-0.04216502955900974,0.19258113049121287,-0.04068675815942717,-0.022405331684218405,-0.004964425057169526,0.11669235486055984,0.08127709692243551,0.06920037441601772,-0.03660373511512509,-0.01951838435361573,0.15400596921842277,-0.04478982548279994,-0.13105117499639027,0.003911122611526282,0.17918728582854218,0.24560987840378193,-0.04773770781874366,0.0783252979471722,-0.09514665337271141,-0.08257953433813285,-0.007508594837646781,-0.0795564107968408,-0.09612277266218243,-0.18560819740584897,-0.43347845859391726,-0.08961686470719571,0.10403267169571546,-0.3243097806369805,-0.050328184188697354,-0.15451478296803847,-0.28192124804687635,0.6648918794659407,-0.10697668062258252,-0.01697503275383352,-0.11747329708800115,0.006311788491777549,-0.3348932221022775,0.007466545306893559,-0.17755904610281256,-0.10340510846669157,-0.18188044702933642,-0.04996076118178213,1.0,-0.07989599669207154,0.007220052537647923,0.006224686941922565,0.07851015809365039,0.07851015809364863,-0.06808573891432655,-0.36648783580623284,0.849714926640308,0.02782239263081912,-0.05032818418869667,-0.07066702669825724
liveness,-0.029801249761822628,-0.014309254716747115,-0.0016333481571682476,-0.006017482543879676,-0.041641421902113326,-0.00809350159180312,0.013769751587233337,0.006977093161918151,-0.010734616058573466,0.041709114689599994,0.0033415273743779127,-0.019397683000348675,-0.01067764202762454,-0.03754704962943805,-0.015912285538960392,-0.022411129924361537,-0.02308434258494062,-0.007009611419327118,0.22142882806544084,-0.017945018159207324,-0.02241686191706736,-0.02805941577140704,0.014669723855812817,-0.021122617495026405,-0.029176314315672306,-0.009007556773495977,-0.02224791637342988,0.003459873258265897,-0.011861199693962578,-0.006882123995347775,-0.010172732532189983,-0.014101124085040467,-0.011255337947679224,-0.014733422176993449,-0.018504183930428006,0.040231199432315255,-0.019307354701497574,-0.016305124694245013,-0.0004286414142927492,-0.008485451299942938,0.042058272107367345,0.008303061198763997,0.03344353179375237,0.008677666687596366,0.004235767650252381,-0.03156536934456787,0.03488053248241245,0.0038077953327779928,0.010683024101299038,0.021505125157774113,0.032611157508120756,-0.010332141225893404,-0.011433326203947256,-0.012634672813166176,-0.022352969963886433,-0.02007776416942781,-0.02628486989158289,-0.02279710057114455,0.009602494062478938,-0.010625559955967112,-0.014677881144220955,0.007794445673563044,-0.007424390270831053,0.004976973603620583,-0.021509279934032358,-0.018350929717645917,-0.020516854576202795,-0.01940099372027245,-0.01994948612576489,-0.019952154467197107,-0.026806678882754117,-0.004148754094246705,0.022051542186596673,-0.03858760396050557,0.0622167515936571,-0.006455090538746409,0.0031028590573947213,0.15135907150498787,0.03665747492815136,-0.033943256870431766,-0.027324930085348535,-0.02330205948030861,0.0047892508424976915,-0.0020868179594370475,-0.005397735539401896,0.0011755753374470773,0.011421907609346124,0.024029425566294473,-0.012464343685082448,-0.021331291677763792,-0.02028006398096697,0.006798314285966667,0.007592590585595938,-0.0013740249009478861,-0.020725825241321768,-0.015429661635856058,0.11347287274961494,0.128806941512894,0.0010151289554088225,-0.03130901091216175,0.028588929281573482,0.07124577662147567,-0.03130901091216197,-0.015638533473515237,0.005011612628508673,-0.02582453158081027,-0.01144311012253125,-0.014520172282835317,0.008298317480663519,-0.026742688102112312,0.01027970923520677,-0.011469892364312924,-0.01620955853998982,0.018203299704171515,0.001215082158871741,-0.0018360247120232122,-0.005960274387051148,-0.0017156145498484078,0.023277736187228698,-0.037729562690201515,0.03211227135335405,0.005313696467056132,-0.005396753083609717,-0.023649200691089594,-0.0014103692502060307,0.01652425171245067,-0.025229583937044095,-0.1316196726149346,0.07689733278564481,0.20521812166202041,-0.020693307609652475,0.01909279804029591,0.0006032361179090804,-0.14915153902295394,-0.04258407104095808,-0.08544049518869254,-0.0020702725459700025,-0.0025360163512608068,0.19060659212206219,0.0056926426141617826,0.0752484187563378,0.004833583571108042,-0.02354888155940319,0.03254729460949768,0.18479451208517084,0.014003846849007786,-0.07989599669207154,1.0,0.011024787600925437,-0.002804062147196469,0.002803717424565795,0.002803717424566059,-0.02444445588157508,0.08269898718139614,-0.07851150015147294,-0.008206657133461203,0.0006032361179090699,0.03359682687372812
key_sin,0.00262419714164683,-0.003952130305470554,-0.0054680424031457635,-0.004056756862474065,0.012318939357875947,0.0038092703878038277,-0.0011558953305007284,-0.0021004762233114613,-0.010034699129864566,-0.0014284409678167068,-0.01023823506627494,0.0021773935540733585,-0.001258823392421497,-0.011690495706396183,0.010387559088107784,0.0014681391235390011,0.01023633643019917,0.0038429259907153007,0.016483164586636474,-0.007515650167073323,-0.0015943026188018426,0.007068287504261349,0.0015177732803648113,-0.0019461193333412537,-0.008903900415395764,-0.0053020845760197,0.0056806589482871995,-0.003030225770763955,0.0018982462887086253,0.005509080119705565,-0.008850606510300901,-0.004302248524927486,-0.0014550398322937222,0.0017403258266102002,0.005513720494567871,-0.00017105720672979988,-0.004041400000908172,0.0006538992017563809,-0.003109593024128408,-0.002943635197002315,0.00350271021333167,0.004046102992880947,0.007039990144701728,-0.0001833760123750838,0.0028194329549257853,0.007093546807900384,-0.012543749474442104,-0.0019691546256902096,-0.00122784691118606,-0.01121941344177696,0.004964969471666833,-0.0005025177505963017,0.006405891932736015,-0.008473793250226336,-0.0012074907405131118,0.0053757972688977355,0.0011163224089994783,-0.0010822452547329454,-0.0053097630068027,0.0038589045446296957,0.0009634012560081492,0.00976293397814855,0.00028306587738188426,0.0012338894639966741,0.0006482782003008077,-0.004254466162535918,-0.00040324943694463244,-0.007213108675115006,-0.00844647651725992,0.007266824131564728,0.006214053109622325,0.0008484171465458126,0.011134225045963687,-0.0037505556222466713,-0.00788818198653045,0.011310444249407588,0.01398643304770437,0.0019508223253139772,-0.012986175445256999,0.005063975027214716,0.0032075843940525236,0.0024749357369245497,0.005462028908414614,-0.0017408849018483049,-0.0004353027209144385,0.004020125820752414,0.005545677602396691,-0.012037672046073465,-0.008226603092690339,-0.0038398253176842724,-0.0034014180293831845,0.0032914958461382838,-0.004003104023134461,0.0074420627084155,-0.003213142778397691,-0.005787184141366997,0.0021956922954187883,-0.001403803356526321,0.005165922462542317,0.003458434299857564,-0.006809074858214883,0.005077992327942665,0.003458434299857541,0.0037526756686844564,-0.004211017576303485,-0.004643085994659616,-0.0056569393464797465,0.0009653625091944893,0.013552928892369163,-0.00455979623492234,-0.01055407599047196,-0.006268265024200341,0.0027557814973719354,-0.001646974831548411,-0.0035545155627184004,0.005193573277303488,-0.005343743963356832,0.002158465166532484,0.0019662214202921867,0.024627420488327133,0.005724953517557618,0.011481774949078538,0.01915122528811413,-0.012465100831362189,-0.7426211859286502,-0.0054064855419629215,-0.017271023569308142,-0.034736917281301107,-0.029407522043186845,-0.011356714743301176,0.03605296878374727,-0.044206755836522074,-0.019212215961162443,0.015879737800862315,-0.04579966453697234,0.0230635732149393,0.01803196187878835,-0.012190038675969336,-0.03706257596659771,0.0003148289516458298,-0.054222942734513314,-0.0036226556706587644,-0.015650882145113416,0.00047931840108998675,-0.038991881956885494,0.01557217693819261,0.007220052537647923,0.011024787600925437,1.0,0.06301341193945365,-0.002439115952355563,-0.0024391159523555208,-0.01083775196462677,-0.02654015073287321,0.012575540694832148,-0.008518745996879145,-0.01921221596116217,-0.0007286512790464255
key_cos,0.004197020058074811,-0.008471122646978475,-0.0024817255360334864,0.004663548445209098,-0.0012710883032482061,-0.001319456829802519,-0.0005212468353039536,-0.007655449831956374,-0.0003495850914473197,-0.006700339406388317,0.00573679036154507,-9.012666709457784e-05,0.001825673835277433,0.009688323862214892,0.0062003759520040305,0.002785375091621221,-0.0009268643129560741,0.0006890607906612809,-0.007685213746469288,-0.003314772853698198,-0.0015764550353574414,-0.00665845103364868,0.003293220955736422,0.0003121300891807474,0.007438711140500724,-0.0012778097460017163,0.004044710457780839,0.0033128143882378814,0.004590424759618832,0.006624927648517492,-0.007456661028147237,-0.0006194552867503464,0.0011433764016876731,0.006111260844227752,0.0016222058828112645,0.0014019343234615198,-0.0015819463687119987,0.000976964702246741,0.008049114997899285,0.0010751731536930817,-0.006842896449372103,0.0006095452691375908,-0.00017465094409521652,0.0008316178336450838,-0.0013365900435061797,-0.0007295469074845191,-0.012118607842819271,0.0001077616341357655,0.005730969421370659,-0.0009575287300478522,0.00460968858530042,0.003765899889865382,-0.011571816402639813,-0.005057769820695899,0.004396468075524174,0.005867134628421055,-0.0001464467458012505,-0.00013177375089543216,0.002600270462257665,0.0046580571118546715,0.00447844381584568,-0.009405497848527561,-0.0023217056725259983,-0.0028127479297575596,-0.00028261195285163217,0.0010140869102379063,0.008911267016436833,-0.003520701024962168,-0.009341555824488505,-0.002526974630149863,0.0034489795952883364,-0.0021243882670544975,-0.006021491012056406,0.0005474042502563811,-0.006564174199337796,0.00032689140196785906,-0.005498883835154182,-0.002017569049815714,-0.0036457952474222557,-0.002771100845956717,-0.013694204289915742,-0.002478035207836743,0.005534882125298041,-0.0036727693363173062,0.004444836602078453,0.008476215231091848,0.0068036404419478036,-0.0029436630923922514,-0.0028265204220845283,-0.0009963859882307865,0.0071952441383341705,0.0017528797565072364,-0.008266424585113464,-0.0066030314575207085,0.004357610817341248,-0.006755341057814633,0.0005141266433092417,0.004790861597528466,-0.0004532848762481039,0.0007328384864400126,0.002399921942229514,0.014248130608305107,0.0007328384864400247,0.002990073153486301,0.0009017104046787616,0.0016494212606452021,-0.0013864299683981186,0.008032311391015677,-0.004234716349280047,-0.004484422216322677,-0.006057888051441511,-0.0009036688701389545,-0.0021849695697167115,0.012577686431138862,-0.0009634125835857265,-0.0068149056667168445,-0.0021738648940635348,0.008750912309088027,-0.0008413191460815699,0.009634594583620726,0.001945779759239895,-0.0031403901419850473,0.00063392861558034,-0.0011279961322641517,-0.30807514215252074,-0.006888484696438449,-0.005108805722158634,0.0029440089807122216,-0.005883184731131912,0.004360756300055584,-0.01065386047331789,-0.004064423940881087,-0.0010106806769393164,-0.01856861533236143,-0.0002321948218273784,-0.0023385122824175412,0.004142240787743525,-0.0005159269514658876,0.006525669983208026,0.005846830612498925,0.0007838105197828274,-0.004142888003595926,-0.0017722285882134535,0.00975957363964911,0.006055524832860934,0.03164639568027578,0.006224686941922565,-0.002804062147196469,0.06301341193945365,1.0,-0.011886149467003476,-0.011886149467003646,-0.00013588086541568118,-0.005976930546065231,0.002782273010179864,0.0026584546992559108,-0.0010106806769392088,0.0005192611537430991
duration_log,-0.007382737258292416,0.023549942795884515,0.016917900744156337,0.0015106314054364343,0.0038357461175605916,-0.01827330945433665,0.07629156861023773,-0.004980838634731184,-0.0007310886528119155,0.048636987177073404,0.07991785078621282,-0.009678440045711053,0.009548916265048403,0.12337235069200887,-0.12017501040182903,-0.06687606893830994,-0.03973543346952293,-0.020757279636603402,-0.017402423637060974,-0.015417965557514998,-0.025406444531403217,-0.02765110559385234,0.022375810862990272,-0.007136737662631384,0.12481145703290718,0.02499816850116904,-0.09565679830126114,0.05759685694415771,0.011133741409881402,0.006387444473623067,-0.031036784851667342,-0.029435434896770717,0.009234263688601528,-0.04069991387694084,0.0327479536358827,-0.0363615631952837,-0.018193868763100755,-0.012884010673148776,-0.027882173977081978,-0.018407143478067118,0.08787963054347832,0.030352708664240384,-0.139639872154914,0.02932530063416048,0.01817683726851089,-0.025196143468773996,0.019094754162426703,0.030249824352438868,-0.017818621942005435,0.003347049599005338,0.03237755369956214,-0.017404717023818385,-0.07297432055082421,-0.03401141998395178,0.0327580438541279,0.021824497518537954,-0.01451414776560418,-0.01833043843854175,0.03468798119317712,0.07187420067527829,-0.031624466656201895,0.04138509948756542,0.018332252781331746,0.025996548279183743,-0.04345666729645621,0.025489503103667543,-0.09242148793849116,-0.005453754208598506,-0.011172384420775503,0.03092579821542545,0.03724456504382157,0.0369507258634042,0.010276235906352857,0.1266753799610002,0.009303604029269084,0.06402721592818984,0.005972994556739722,0.006876499450032074,-0.023621700492648143,-0.02273752930582784,-3.9205951858759505e-05,0.06128497100592008,-0.04796289354279476,-0.018949445831493907,-0.007803925546324059,-0.006693959977870397,-0.005649037327194903,-0.003778812681693056,-0.004914754349633716,-0.007180070298817651,-0.0025094494785040814,-0.05797865105372145,-0.060828875548512136,-0.02811307467382996,-0.08802448938971992,0.058960304493505075,0.002468984853123605,-0.0172900730569859,-0.029794136260017052,-0.004156264583488552,0.0002961409581264326,-0.07696041455988978,-0.004156264583488017,-0.02623609171424261,0.012697508001526737,-0.10567967022716998,-0.013065007883070929,0.027192880316591964,-0.045979910617887094,0.08341335342227661,0.03566469852701568,0.05114902755335318,-0.0014776408461501507,0.07037473728410153,0.4630661019878179,0.31375316071068665,-0.003403403585419467,-0.7143751154881715,0.46591524779468135,-0.05182651896005654,0.03852185442593981,-0.014579947140038843,0.019037479670738492,0.052252307715588815,0.014607095684093714,-0.07489725890969613,-0.08366018726282894,-0.06207109916530036,0.06120726181599066,-0.09765512474130554,-0.15640694095514193,-0.16467311886216238,0.04474899209872102,-0.12565684718512563,-0.1472615168731377,-0.08457717953830508,0.01959792722091759,0.001980728393386692,0.09020359484683903,-0.012126050489738327,-0.06852815474126529,0.01104326571034952,-0.05317012855195837,-0.07623474911555643,0.10786274631724482,-0.047677674527275046,0.07851015809365039,0.002803717424565795,-0.002439115952355563,-0.011886149467003476,1.0,1.0,0.07398777966654473,0.030342109348868017,0.04299366567589955,0.015805603835537696,0.044748992098720665,-0.022148105952545852
duration_log_z,-0.007382737258292216,0.023549942795884685,0.016917900744156347,0.0015106314054353543,0.0038357461175589384,-0.01827330945433793,0.07629156861023456,-0.004980838634733612,-0.0007310886528149376,0.04863698717707037,0.0799178507862097,-0.009678440045712963,0.009548916265046304,0.12337235069200461,-0.12017501040183139,-0.06687606893831272,-0.0397354334695236,-0.020757279636605726,-0.017402423637062823,-0.015417965557517023,-0.02540644453140576,-0.02765110559385515,0.022375810862987303,-0.0071367376626344636,0.12481145703290376,0.02499816850116521,-0.09565679830126392,0.0575968569441532,0.011133741409878623,0.006387444473619959,-0.031036784851670086,-0.029435434896772635,0.009234263688599401,-0.040699913876942585,0.032747953635880414,-0.036361563195285114,-0.018193868763101362,-0.012884010673148661,-0.02788217397708146,-0.018407143478066462,0.08787963054347883,0.030352708664240755,-0.13963987215491186,0.029325300634160664,0.018176837268511298,-0.025196143468771817,0.019094754162428673,0.030249824352440554,-0.01781862194200315,0.003347049599007193,0.03237755369956397,-0.0174047170238156,-0.07297432055082308,-0.034011419983948646,0.032758043854130406,0.021824497518540455,-0.014514147765602914,-0.018330438438539425,0.03468798119317877,0.07187420067527837,-0.03162446665619966,0.041385099487567086,0.018332252781333536,0.025996548279185665,-0.04345666729645422,0.025489503103669764,-0.09242148793848978,-0.005453754208597051,-0.011172384420773451,0.030925798215427708,0.03724456504382369,0.03695072586340612,0.01027623590635491,0.12667537996100214,0.009303604029270654,0.06402721592818997,0.005972994556740574,0.006876499450033868,-0.02362170049264621,-0.022737529305826485,-3.920595185766424e-05,0.06128497100592062,-0.04796289354279363,-0.018949445831491992,-0.007803925546321785,-0.006693959977869012,-0.005649037327193132,-0.0037788126816920287,-0.004914754349632702,-0.007180070298816271,-0.0025094494785020726,-0.05797865105372021,-0.06082887554851125,-0.028113074673827735,-0.08802448938971635,0.05896030449350544,0.0024689848531245237,-0.0172900730569852,-0.029794136260016764,-0.004156264583488392,0.0002961409581267212,-0.07696041455989043,-0.004156264583488397,-0.026236091714242588,0.012697508001525972,-0.10567967022716897,-0.013065007883071172,0.02719288031659111,-0.045979910617888246,0.08341335342227567,0.0356646985270149,0.05114902755335269,-0.0014776408461503556,0.07037473728410076,0.4630661019878128,0.31375316071068615,-0.003403403585419188,-0.714375115488157,0.465915247794673,-0.051826518960056224,0.03852185442593891,-0.01457994714003916,0.019037479670737982,0.05225230771558851,0.0146070956840936,-0.07489725890969218,-0.08366018726282841,-0.06207109916530024,0.06120726181599075,-0.0976551247413065,-0.15640694095514038,-0.16467311886215788,0.04474899209872031,-0.12565684718512526,-0.14726151687313535,-0.08457717953830403,0.019597927220917966,0.001980728393386807,0.09020359484684229,-0.012126050489738254,-0.06852815474126421,0.011043265710349215,-0.05317012855195904,-0.07623474911555647,0.10786274631724214,-0.047677674527274956,0.07851015809364863,0.002803717424566059,-0.0024391159523555208,-0.011886149467003646,1.0,1.0,0.07398777966654503,0.030342109348868593,0.04299366567589653,0.01580560383553699,0.044748992098720033,-0.02214810595253513
time_signature_class_boolean,0.0023551209217951316,0.004720481454667133,0.01299924331971873,0.007085841987539459,-0.036673327870587656,0.007085841987539005,-0.004149620543603373,0.008859862387190548,0.010042542653626134,0.004129141321446864,0.011225222920061732,0.0011724406553573154,0.012407903186498703,0.015364603852588943,0.005903161721101669,0.004720481454666926,-0.03371662720449839,0.002355120921795489,-0.06919703519757618,0.011225222920063147,0.011816563053281999,-0.05027415093460071,0.0005811005221425049,0.01418192358615597,0.005311821587886642,0.012407903186502232,-0.016567763341178352,0.0035378011882323417,0.008268522253976503,0.007085841987540208,0.014773263719372957,0.012999243319719318,0.011816563053283253,0.006494501854322429,-0.0076976613429079474,0.012999243319719345,0.007085841987540144,-0.036673327870586934,0.010633882786848379,-0.005923640943254154,0.00885986238719448,0.011225222920066386,-0.025437865339447144,0.010042542653629463,0.008268522253974552,-0.010063021875781534,0.010633882786846632,0.010042542653628925,0.005903161721102462,0.011816563053281446,0.010633882786845525,-0.001784260010731022,0.00826852225397474,0.015364603852590602,-0.027803225872319835,-0.0035582804103837296,0.0017637807885773514,0.0005811005221411999,0.008859862387193468,-0.0425867292027672,-0.08279785826158795,0.014181923586155115,0.00885986238719386,0.01004254265363015,-0.013611062675088,0.008848884197071548,0.005903161721104457,0.011816563053283618,0.009451202520411055,-0.004740960676819602,0.011225222920065881,0.011816563053283923,0.005903161721104329,0.010042542653629895,0.004720481454668485,-0.024255185073011755,-0.0278032258723201,0.012999243319718292,0.010042542653628493,-0.0059236409432561555,-0.0053323008100389455,0.007677182120756076,0.01359058345293554,0.00826852225397506,0.006494501854321772,0.012999243319719501,0.011225222920065869,0.004129141321450932,0.007085841987540776,0.01004254265363044,0.013590583452938306,0.0129992433197202,0.011816563053283713,-0.03963002853667704,0.002355120921796419,0.014773263719373923,0.01122522292006721,0.008859862387195988,-0.015385083074739537,0.004720481454671035,0.012407903186504081,-0.16735949731175034,0.004720481454672097,0.007085841987544327,0.010633882786852263,0.005311821587891464,0.0017637807885834975,0.013590583452941575,-0.0136110626750841,0.01240790318650548,0.0070858419875438824,0.008859862387197392,0.005903161721107736,0.001172440655364424,0.01154124193929073,0.03390588648957217,0.029912532641916737,-0.06286994430914535,-0.004212558424398349,-0.07896412737620104,0.022604841901384738,-0.05812790276845211,0.028648226089837636,0.18618384274887972,0.012533562402837302,0.011733742197366443,0.022550511192243897,0.13488686914729928,0.14701363348841995,-0.1001200105609129,-0.11132542516249726,0.08826162500737221,0.09067561360107071,-0.01673104521899344,0.08997481063022462,-0.10064218228883179,0.03192357749129044,0.04696540889955363,0.09812095601960735,-0.04975878919214585,0.14049183227314135,-0.00981915239991053,0.03134970480674232,-0.03761440410830491,0.11911620044379362,0.0013131178329946153,-0.06808573891432655,-0.02444445588157508,-0.01083775196462677,-0.00013588086541568118,0.07398777966654473,0.07398777966654503,1.0,0.11812368836172542,-0.06881463967325135,0.00488592769278991,0.09067561360107078,-0.0031354013009707807
loudness_yeo,-0.033720439700854504,-0.0039043550085507647,0.035048014247132206,0.03886340598522981,-0.15341714261309386,0.018950288697129062,0.028294059591905802,-0.04551536972563274,-0.014921068798898414,0.0005416391446493709,0.04753805489418841,-0.046455053106165246,-0.04192931120094225,-0.029956073690470132,-0.029059136393357474,-0.051558574507038914,-0.17205908761839658,0.025798988060406817,-0.047420474527235676,0.01001625547355168,0.056448037295366175,0.0381629965538097,0.06038655248404118,0.01429520752948519,-0.06468582081942048,0.011725651299979644,-0.11195840566873022,0.11006679317892028,0.04723792432310557,0.07509086060121728,0.060063628243771816,0.037906808160039177,0.01715572935213201,0.025484776142705414,-0.026450145705469226,0.06809052825004579,-0.019116319135699868,0.035580168115710846,0.03043481852151435,-0.043110610101551816,0.010326556110879171,0.013717265630440307,0.03872233172583228,0.028960027862074883,0.050143235608067056,-0.0995929606381684,0.06769193478682047,0.02427966112376629,0.054897637361738805,0.09355677930077377,0.049862206090922984,0.03999846888742092,-0.07957554953102321,0.05971626111637206,-0.07356110188321624,-0.02163012079418361,-0.011809438405383413,-0.006202568203890489,0.043288205023882004,-0.06518824222498162,0.04108684992371272,0.11802166283491586,0.04335098586550312,0.061389265835228204,-0.07148616439559076,0.033685155405801734,-0.007121834551127567,0.061628019377705116,0.0634829902037313,-0.015640306531112445,-0.012640445543588114,0.05797960926747892,0.08595630742472161,-0.045369607270190675,-0.03190156955992602,-0.16111756088111198,-0.09261684947279268,0.005698363300341504,0.09138665132298773,-0.12043838678982406,0.016932842175325147,-0.004305288035738835,0.02740757801262909,0.057305392248652234,-0.043557394494516365,0.05161373079669871,0.047033885558800136,0.004138924236512211,0.060734322672345964,0.06865427772822075,0.024573652565262304,-0.03326663527121922,-0.007753614706400015,-0.09674052163497499,-0.04799569740983107,0.019719667453042062,-0.018461226040713055,0.055485981199570364,-0.05400901144071876,-0.04089461017369941,0.03349685556012734,-0.20987972707229166,-0.04089461017369931,-0.01397478611663888,0.028826836894681643,-0.061769030795288365,-0.0001465202549036078,-0.009599320629503317,-0.04811519703085972,-0.006135095005157776,0.030578000248498133,-0.03380081455912123,-0.011933196245348351,-0.024130474984650683,-0.060544717756445036,0.04440869199704451,0.12263514760102426,-0.08286492022386731,-0.0956973254917119,-0.38357497576775873,0.016627148745443653,-0.17807477563847182,0.04338990059510515,0.1694776252967166,0.03342607418561627,-0.019423323519988475,0.06442953666200056,0.18386250959911724,0.933584139407861,0.07587901785151928,-0.5753572571491694,0.2384353032813605,0.21590128702815503,0.27008751441853457,0.21278444908809607,-0.5048054761093497,0.0557223954267852,0.08862207018516292,0.7328647917056255,-0.009882693647282939,0.5567266992674984,-0.04414951434088866,0.04074417916179411,0.11155262214302224,0.7666724141130765,-0.04521489766768405,-0.36648783580623284,0.08269898718139614,-0.02654015073287321,-0.005976930546065231,0.030342109348868017,0.030342109348868593,0.11812368836172542,1.0,-0.3519573030865261,0.039354704770971236,0.2159012870281498,-0.03949737803933303
is_instrumental,-0.02547410949530539,0.01827360530690164,-0.030830972532311516,-0.031723783038478955,0.15725444076697673,0.03672502243436357,0.04862916251659593,-0.007022692367844106,-0.031723783038478885,-0.03202138654053476,0.03345138391174854,0.009345500245226573,-0.03350940405081428,0.06916380415844817,-0.02071245346241268,0.003393430204109683,0.1393982306436239,0.037022625936419064,-0.033509404050814484,-0.033211800548758795,-0.032318990042591006,-0.03350940405081442,0.006369465224668219,0.005774258220556637,0.15874245827725542,-0.023390884980915044,0.06856859715433657,0.029880141887078368,-0.023390884980915294,-0.023986091985026936,-0.029045351519976538,-0.029045351519976618,0.010535914253449399,-0.029342955022032102,-0.03053336903025564,-0.033509404050814644,-0.004641864351398222,-0.03350940405081485,-0.0031538468411190378,0.04118907496520007,-0.03350940405081469,-0.02071245346241326,0.0813655477427365,-0.014462779919240014,-0.031128576034367406,0.1111258979483207,0.004583844212333084,-0.03083097253231142,-0.025176505993250557,-0.01714121143774275,-0.02220047097269241,-0.03291419704670257,-0.021902867470636658,-0.029045351519976514,0.14475509368063025,-0.027557334009697346,-0.02755733400969733,-0.02904535151997648,-0.01148674489868173,0.11142350145037679,-0.028152541013809023,-0.029045351519976465,-0.03291419704670219,-0.031128576034367174,-0.018034021943910225,-0.032301492568104676,-0.03202138654053452,-0.032616593544646105,-0.03291419704670194,-0.033211800548757726,-0.03350940405081347,-0.029045351519975983,-0.029938162026143314,0.16052807928959156,-0.03261659354464586,0.1646945283183728,0.0010126021876634176,-0.03350940405081326,-0.03350940405081341,0.12779169406344723,-0.03291419704670162,-0.03350940405081331,-0.027557334009696698,-0.001963432832894938,-0.023986091985026804,-0.03112857603436659,-0.032021386540534165,-0.03321180054875735,-0.03350940405081314,-0.03350940405081314,-0.031723783038477976,-0.033509404050812944,-0.031723783038478136,-0.03231899004258995,-0.015950797429519013,-0.03231899004258984,-0.03291419704670156,-0.03350940405081309,-0.02547410949530569,-0.032914197046701364,-0.03261659354464552,0.15814725127314466,-0.03291419704670124,-0.03231899004258965,-0.03142617953642214,0.18225313493966633,-0.031128576034366154,-0.025474109495305323,-0.014760383421295388,0.09803134385786451,0.04208188547136832,0.04118907496520076,-0.0305333690302545,-0.007617899371955541,0.11114471223199131,-0.04503064236445043,-0.11099264219062674,0.023401268214713958,0.14580006448943758,0.23344890175976196,-0.035115752153462305,0.0851861377520789,-0.08139712548623859,-0.07961647890261547,-0.012819767435035628,-0.06170369601809198,-0.07000495243624105,-0.15913835538146098,-0.4211136751677243,-0.07453977069110794,0.15054850888310814,-0.26470372134595116,-0.06291557452323535,-0.10102266598063446,-0.2293454192253166,0.6435809549855641,-0.09216914174364284,-0.019476421956766573,-0.15256820039151606,0.005391709982695781,-0.30464648750578066,0.004984455812573781,-0.1392584765973038,-0.08827496787697918,-0.2111088537127209,-0.029308942907215443,0.849714926640308,-0.07851150015147294,0.012575540694832148,0.002782273010179864,0.04299366567589955,0.04299366567589653,-0.06881463967325135,-0.3519573030865261,1.0,0.022945818686236838,-0.06291557452323422,-0.04567839426843637
is_dance_hit,-0.004229749497984711,0.006252581219857922,-0.004229749497984724,-0.0042297494979847226,-0.004229749497984719,-0.0021332833544161706,-0.004229749497984724,-0.004229749497984722,-0.004229749497984738,-0.004229749497984728,0.01673491193770064,-0.004229749497984736,-0.004229749497984742,0.046085437947660575,0.002059648932720894,-0.004229749497984735,-0.004229749497984742,0.00415611507628935,-0.0021332833544161892,-0.004229749497984741,-0.0042297494979847625,0.002059648932720849,-0.004229749497984782,0.02092784422483751,0.02512077651197453,0.016734911937700634,-0.004229749497984821,-3.681721084773923e-05,-0.002133283354416312,-0.0021332833544163024,-0.00422974949798485,0.02721724265554291,0.002059648932720836,-0.0042297494979848405,-0.0042297494979848405,-3.681721084771937e-05,-3.681721084771772e-05,0.012541979650563665,-0.0021332833544162695,-0.0042297494979848076,-0.004229749497984788,-0.004229749497984793,-0.004229749497984794,0.014638445794132097,-0.004229749497984803,-0.0042297494979848,0.004156115076289304,-0.002133283354416244,-3.6817210847724734e-05,-0.004229749497984795,-0.004229749497984814,-3.681721084770687e-05,-0.004229749497984794,-0.004229749497984782,0.0020596489327208843,-0.002133283354416222,-0.0021332833544162226,-0.0021332833544162187,0.00415611507628933,-0.004229749497984774,0.010445513506995054,-0.0042297494979847885,-0.00422974949798479,-0.004229749497984766,-0.0042297494979847755,-3.2603623046108866e-05,0.008349047363426348,0.00834904736342635,-0.004229749497984744,-0.0021332833544162413,-0.004229749497984713,-0.004229749497984722,-0.004229749497984718,0.018831378081269057,-0.004229749497984713,-0.004229749497984706,-0.004229749497984695,-0.004229749497984688,0.03979603951695429,-0.004229749497984705,0.0020596489327208696,0.0020596489327208705,-0.004229749497984713,-3.681721084767316e-05,-0.004229749497984719,-0.0042297494979847096,-0.004229749497984705,-0.0042297494979847,-0.004229749497984696,-0.004229749497984691,-0.004229749497984688,-0.004229749497984683,-0.004229749497984694,-0.004229749497984699,-0.0042297494979846835,-0.0021332833544161524,-0.0042297494979847,-0.004229749497984691,-0.0042297494979847,-0.004229749497984685,-0.004229749497984684,-0.004229749497984695,-0.004229749497984705,-0.0042297494979847035,-0.004229749497984714,-0.004229749497984706,-0.004229749497984704,0.00205964893272088,-0.004229749497984698,0.010445513506994972,-3.681721084763262e-05,0.0020596489327208865,-3.681721084764083e-05,-0.00422974949798468,0.01657537109759827,-0.0014212448981108542,-0.007209608229507243,-0.0047684652716905125,0.007217526341752409,-0.008567417520028792,-0.012829987106664628,-0.005524541855826166,-0.018150560155149178,0.010425678476003172,0.010547303861229327,-0.01483552333593778,-0.00912435720607773,0.06666991778324616,0.028863218013830516,0.012611735393221786,-0.029078211175899447,0.022801669924362496,0.003863379262169019,-0.012050669132657083,0.0473143370605728,-0.011504207910831076,-0.021438653633498922,0.0003633331669544661,0.0684404756943185,-0.0004254280646431619,0.05513227258197681,-0.005695111055948527,0.008080047457823258,-0.002562370301851812,0.05750067537670091,-0.0006662891850439617,0.02782239263081912,-0.008206657133461203,-0.008518745996879145,0.0026584546992559108,0.015805603835537696,0.01580560383553699,0.00488592769278991,0.039354704770971236,0.022945818686236838,1.0,0.0038633792621689572,-0.015035371495706246
temp_zscore,-0.009844237254353344,-0.00920811681238532,0.007803379914404821,0.0002657890208192154,-0.03462685114611092,0.004336516758904679,0.0202523121617493,0.013904977855745529,-0.017508171703775974,-0.000665422796646899,0.03414972046364557,-0.010415381548410638,0.006682884977755171,0.00556996525703607,0.003745263938052676,-0.020925416253521123,-0.04455350949763809,0.0036201410777398557,-0.06637606540109894,0.005697454195564039,-0.006336912278552214,-0.028988257682680332,0.005119142630096092,-0.003994061796676802,0.013947118524647738,-0.0005438678818655246,-0.031652857145409705,0.10385017657968422,0.0229169179005484,0.03603723582458478,-0.00034642587228455874,-0.004119096792016123,0.0025108803055604693,0.015203615888151556,-0.011542221591361502,0.05715774117559848,-0.013580186891227027,-0.01378184641953647,0.015378002756290317,-0.014573792253989372,0.01091230313406902,0.0066523330712518584,-0.009156094471998093,0.004994233156147509,0.022598598791695918,-0.03184306912288439,0.09652992597414572,0.010148725133920749,0.010130891682333026,0.07747731649861761,0.01401512915217891,-0.016876704967369913,-0.017544174376672297,-0.0032658902428183614,0.0036077427023706566,-0.01884308541810319,-0.009584320110572461,-0.006177804501699719,0.014697017831241284,-0.023153458595367542,-0.022693642360781818,0.04382048776999995,0.007736574292224322,0.020004178338522617,-0.029846557262306832,-0.00916750894462377,-0.0012457678086446782,-0.007328634820453615,-0.008668814157121249,-0.008889832221915746,0.004167972911504251,0.01807435913087383,0.02646147879690857,0.00815975397089107,-0.006234144777928164,-0.04452541467235771,-0.051975699162622464,0.014785206022332126,0.028721262360434437,-0.012749900547976468,-0.0038303536608540537,-0.015345670356099845,0.03923773631288977,0.009244465897078873,-0.0018034154151639558,0.03593935738212971,0.03160418431609234,0.005934790041153264,-0.007155010494763327,-0.010277979558050139,0.013096723654601948,-0.005515654061329366,0.004747658936200768,-0.039083102145644116,-0.009673760377535796,-0.007005994637725392,-0.012631637431666981,0.015390498410737186,-0.02439972282749241,-0.007563833664365568,0.019426462999660575,-0.11776480832645257,-0.007563833664365557,-0.023593395379696378,0.002148744817239635,-0.03258491309422792,-0.003304889738917505,0.002203958538986279,-0.02382827414406205,0.019166448576801574,0.034923286828462186,-0.010682117641743413,-0.005585977420484898,-0.002366027392686595,0.014900091839903831,0.025708246355561588,0.011544043998812203,-0.03972866267714313,-0.006611159466229695,-0.08412053314143686,0.01613484979508381,-0.5605545795819572,0.013211888443029887,0.06664013407753128,0.010941207090902355,-0.013277115181026668,-0.02073354607949386,-0.05044816605877478,0.2124473583288571,0.017274335240412046,-0.20823093888370786,0.07826874819588493,1.0,-0.03653491513379304,0.00543256374449479,-0.1364917411558814,0.015163035534898141,0.9565002878105513,0.24350149346615585,-0.03344244771088297,0.15966134189209205,0.17568958638456553,-0.005578002457847032,-0.0028149330986902534,0.24785199074628797,0.0005718670406740201,-0.05032818418869667,0.0006032361179090699,-0.01921221596116217,-0.0010106806769392088,0.044748992098720665,0.044748992098720033,0.09067561360107078,0.2159012870281498,-0.06291557452323422,0.0038633792621689572,1.0,-0.025919680214138083
track_genre_le,-0.16151436150409984,-0.158655696909838,-0.155797032315576,-0.15293836772131464,-0.1500797031270534,-0.14722103853279195,-0.14436237393852933,-0.14150370934426768,-0.13864504475000639,-0.13578638015574526,-0.13292771556148275,-0.13006905096722057,-0.12721038637295892,-0.12435172177869712,-0.12149305718443458,-0.11863439259017304,-0.11577572799591106,-0.11291706340164936,-0.11005839880738695,-0.10719973421312695,-0.10434106961886624,-0.1014824050246055,-0.09862374043034333,-0.09576507583608208,-0.09290641124182032,-0.0900477466475585,-0.08718908205329692,-0.08433041745903441,-0.0814717528647722,-0.07861308827051054,-0.07575442367624889,-0.07289575908198746,-0.07003709448772616,-0.06717842989346343,-0.0643197652992018,-0.06146110070493987,-0.05860243611067775,-0.05574377151641584,-0.05288510692215331,-0.05002644232789166,-0.04716777773363025,-0.044309113139368764,-0.041450448545107425,-0.0385917839508459,-0.03573311935658495,-0.03287445476232267,-0.03001579016806032,-0.027157125573798936,-0.024298460979537122,-0.021439796385274712,-0.01858113179101248,-0.01572246719675048,-0.012863802602488419,-0.010005138008226425,-0.007146473413964573,-0.004287808819702798,-0.0014291442254411855,0.0014295203688204617,0.004288184963082302,0.0071468495573438606,0.010005514151605253,0.012864178745867478,0.015722843340129217,0.018581507934390968,0.02144017252865306,0.02442672123689655,0.027154643052582614,0.030013307646844244,0.032871972241105565,0.03573063683536787,0.038589301429629255,0.04144796602389115,0.04430663061815209,0.04716529521241376,0.05002395980667653,0.0528826244009383,0.05574128899520028,0.058599953589461726,0.06145861818372327,0.06431728277798472,0.06718166470143441,0.07003175330191386,0.07289041789617484,0.07575194115503009,0.07861060574929253,0.08147498767274365,0.08432507627322319,0.08718374086748594,0.09004526412634231,0.09290392872060486,0.09576831064405518,0.09861839924453401,0.1014770638387964,0.10433858709765267,0.10719725169191467,0.11005591628617616,0.11291458088043776,0.11577324547469907,0.11863191006896069,0.12149057466322251,0.1243492392574846,0.12720790385174668,0.13006656844600786,0.13292523304026946,0.13578389763453128,0.1386425622287926,0.14150122682305405,0.14435989141731567,0.14721855601157713,0.150077220605839,0.15293588520010043,0.15579454979436197,0.15865321438862356,0.16151187898288513,-0.030147609693185373,-0.006094497675749877,0.015462424549160301,0.018437173796600537,-0.02624639228486014,0.007741988206581852,0.051093646832335284,0.005849781759617252,0.03269889961357738,-0.02099849285999197,-0.0054411773254372225,0.028766104183717146,0.020090881985204943,0.003571834711752722,-0.02722108478472233,-0.08514802702213821,0.07721403724868758,0.053308825450853525,-0.02591968021413835,-0.005389691310099829,0.03625242429755777,-0.020550241281871173,0.03453216024813786,8.853101166569842e-06,-0.06398462907176561,0.011200762560980898,0.00889480978912342,-0.007407868184015713,0.014887313892130176,-0.054835686318270085,-0.0561642481933092,0.00525593543498667,-0.07066702669825724,0.03359682687372812,-0.0007286512790464255,0.0005192611537430991,-0.022148105952545852,-0.02214810595253513,-0.0031354013009707807,-0.03949737803933303,-0.04567839426843637,-0.015035371495706246,-0.025919680214138083,1.0
