danceability,energy,loudness,speechiness,acousticness,instrumentalness,liveness,valence,tempo,duration_log_z
-0.4210577904749926,-0.055909844122575186,0.4614846603983363,0.6298758765618236,1.2854117962702505,-0.5058431199974579,-0.0800713861459096,-1.1135333785209034,1.3297900068765676,-0.7986914978121049
-2.234135314360067,-1.1520604360702968,-0.38767821467389746,-0.47694216942662543,2.0217539730387366,2.2837890574887685,-0.400814860018361,-1.592755045688232,-0.7000552605267679,1.5458370452975092
-1.82417192520134,1.1911600322237457,0.9789184870778658,0.8764677291385132,-0.9441120958538234,-0.5058117769015146,0.4509956771511,-0.6936365801186622,-0.04846785519834135,-0.5245200438667504
-2.1532974629766555,-2.4972278472757075,-3.6023945849531978,-0.3745117075870774,2.03077040785631,2.4029765754645083,-0.5059766547306401,-1.2714762109474345,1.7487868040343946,-0.5241410991422659
-0.49612150961673135,0.7185443784491845,0.6527447098304936,0.16514507747498547,-0.9471596508221634,-0.5058354855537389,0.4772861258291698,0.8626781589134979,1.0999357588020922,-1.1248905934284388
0.41041725232580595,-1.0964585944497602,-1.5304768502851278,-0.3877897304181298,1.4477076229865702,2.50283638782256,-0.53226710340871,-1.1713173416037805,-0.20440701043237486,-0.5494907764556382
-0.6289265511751921,1.2547049940757875,0.8565041193396489,-0.03402526499080205,-0.9342841819026686,-0.5054726723064522,-0.6726580993496027,-0.30841015956614704,1.258644644377325,-0.009202026540706848
-0.4730249806500425,0.8813783431950418,-0.36049706656994973,7.2404343860215405,1.8263978853246488,-0.505791901577571,2.4227793280063343,1.7486989261842827,1.9594197909458466,-0.7251339783921701
-1.6855927514012068,-1.851055016442757,-1.344573669457398,-0.44848926336008427,1.4356857098964722,-0.43561912291986005,-0.5375251931443239,-1.6790457638919953,-1.2205977134468808,-0.6709813116682883
1.3804714689267377,0.7820893403012263,0.3106987293107433,-0.34985252232940844,-0.9363579619107104,2.287010341758383,-0.8582686670167754,1.6023128863743268,0.015436164119692598,1.2602271284966293
0.9243150218346325,-0.2306584892156904,0.03075274409417276,-0.3289870578806116,-0.7057175592771856,-0.5058431199974579,-0.016974309318542196,0.9782460850792525,-1.0055598541855686,-0.6210667881959558
-0.06306159149131511,-0.7668191048422932,-0.17161784762864915,-0.5044466452909485,1.7091842326961952,0.38323133841616625,-0.4586538471101146,-0.5241369550755555,-1.3809751112758482,0.9013059116320281
-0.3690906002999427,1.2586765541915401,0.6352852862308777,0.3737997219629537,-0.5058532541543109,0.354239779989635,-0.5990448430510072,-0.6242958244192095,1.459133076786072,0.19311697438806552
1.0051528732180437,-0.42923649500332084,-0.6543312296498512,-0.3555431035427167,-0.35858481880061366,0.1835117137000622,-0.6900097954771286,1.2864272215212647,-0.4055294774975407,-0.15640207725437913
1.0455717989097493,0.7940040206484842,0.632110845576402,0.8764677291385132,-0.9342841819026686,-0.5058388356893794,-0.9040140477166168,0.9358711788184758,0.030285923177930506,-1.2842798564109132
-0.6289265511751921,-0.6595869817169727,-0.856106613749959,-0.4987560640776403,1.336504926903166,2.187150529400331,-0.4639119368457285,-1.3177033814137364,0.13073036085275214,-1.0229356450932372
0.46238444250085586,0.055293839118498125,0.5194182023425168,-0.46271571639335485,0.24251083570427262,-0.5058431199974579,-0.6064061686808667,0.801041931625096,0.798735926757927,0.13380224627358406
-1.004245146883886,1.024354507362136,0.8255533229585112,-0.33657449949835594,-0.945221117336385,-0.5058431199974579,0.5246089334496955,0.2540204144405247,1.7949378529726923,-0.07339939728113794
1.363149072201721,0.17046908247532405,-0.08551114487599719,-0.22465973563662753,-0.47880394970159096,-0.505733596332291,-0.4533957573745006,-0.712897901146288,0.16233198293848466,0.34864923903894324
-0.484573245133387,-0.9415677499354081,-0.6390542340001873,0.4307055340960359,1.2463405787274329,-0.5057777279267848,-0.6595128750105678,-0.6281480886247347,-0.14657637571793428,-0.3124820795818418
-0.14967357511639834,-1.0766007938709972,-0.31883253297995684,-0.12697142480816972,1.5138281449821072,-0.5058431199974579,2.4332955074775624,0.19623645135764733,-0.259134212354869,-1.5293499447636805
1.0975389890847989,-0.10754012562735922,0.44124760122605416,0.5160642522956594,-0.7829583508810635,-0.5058262082550424,0.5088346642428536,-0.7514205432015394,-0.7374966755005717,0.25846302385872694
-0.31712341012489265,-0.4570374158135892,0.5606859308507,-0.5641977480306848,-0.7300619332846334,-0.5058431199974579,-0.766252096643531,-0.8669884693672938,-1.2384841648069156,0.13338072861999953
-2.3207472979851493,-0.8224209464628298,0.020435811967127,-0.5291058305486175,0.0020725739023181133,0.04499649010663532,-0.0012000401117003097,-1.1096811143153784,-1.4734440603778185,-0.2430232041771788
-0.3055751456415482,-0.8859659083148718,-0.15614244943808062,-0.2151754336144472,0.11928622653077088,-0.5058431199974579,-0.8035845337663902,-1.259919418330859,-0.14791118552092222,0.4636862223304761
-0.06306159149131511,0.952866425278589,1.1987485024003037,-0.024540962968621724,-0.9440820410710983,-0.5058431199974579,-0.7483745915424436,-0.5279892192810807,-0.5727811458118947,-0.022243599553120223
0.306482871975706,0.6510278564813904,0.5412424818420367,-0.40675833446249066,-0.9307076627583646,-0.5055483724867882,0.3773824208525045,0.4312245678946812,-0.0025170277304912766,-0.13667775165466037
0.6702532032010557,-0.03208048342805948,3.5025394015367375e-07,3.9304129802805923,0.23048892261417497,-0.5058431199974579,-0.3797825010759053,-0.3931599720877004,-1.558271223357684,-1.138744231232568
-1.4488533294926462,0.5557104137033276,0.1894747768179549,0.2694723997189697,-0.541918993424604,-0.5057448708272347,0.6455449973688165,-0.6974888443241875,0.11741563306795022,1.2099473132490266
0.6818014676844001,1.131586630487457,0.750755565037429,-0.19525839936786837,-0.9471295960394381,2.022865031649988,1.3290966629986312,-0.9902609239440987,1.596852078209324,0.9842247823563518
-1.3564672136258906,1.004496706783373,0.42914504623086575,-0.3574399639471528,-0.8854451599741466,-0.5058431199974579,-0.4586538471101146,0.7008830622814419,1.731801349291376,-0.7004582860920295
-0.19586663304977614,-0.06782452446983304,-0.4372788499000794,-0.5205699587286551,1.1862310132769442,-0.5058335849960198,-0.3534920523978355,1.5946083579632764,0.6169682018360823,-0.5961992745306801
-0.3055751456415482,1.187188472107993,0.3585137416687828,-0.3839960096092578,-0.8565925685579121,2.409419144003737,-0.5427832828799379,-1.7040854812279087,0.3794054271493533,0.002014202821508546
-0.29402688115820375,-1.1044017146812655,-0.6604817084178979,-0.46271571639335485,1.426669275078899,-0.5055908934391471,0.5508993821277652,0.5968719287322628,0.17384471748925326,-0.39765519276218153
-0.09193225269967618,0.04337915877124027,0.23391694598061386,-0.5518681554018503,-0.09710820909098819,-0.4994971899863172,-0.7373326030976542,-1.2791807393584849,0.2611079083595713,1.2531574192068833
0.44506204577583924,-0.8859659083148718,0.013293320494556858,-0.5338479815597077,0.26054370533941934,-0.5058259183394582,-0.6169223481520947,-0.8823975261893945,0.5926746634217065,0.023803236844220543
0.9647339475263382,1.1276150703717043,1.1755354051144506,2.185301408199404,-0.05803699154817049,-0.5058431199974579,-0.4586538471101146,1.1477457101223592,1.9304544182210148,0.21401731203844362
-0.3055751456415482,-0.6595869817169727,0.6079057355860252,-0.5660946084351208,0.8796722294794522,-0.5058431199974579,0.5246089334496955,-1.1944309268369315,-0.993212863507933,0.5943570116927438
0.6067377485426614,1.3976811582428819,1.366001844382989,0.5255485543178398,-0.6020285588750927,-0.5058431199974579,0.19334928010601615,0.5429402298549106,0.5614067437867211,-0.08295273563623809
-0.7906022539420141,-0.3895208938457947,-0.20713190245059548,0.10065182372415908,0.7895078813037192,-0.5058431199974579,0.10396175460057894,1.2710181646991638,-0.7369293813343022,-0.07316921444500628
-1.4950463874260242,-2.2529769001569218,-3.499820471305453,-0.35649153374493464,1.8354143201422217,-0.34864444764026636,-0.5638156418223937,-1.6108606874542002,-1.6861126322388276,1.495371756631953
1.9694329575773033,-0.29420345106773227,0.014682138280889892,0.6014229704952826,-0.10011368736351263,-0.5058431199974579,-0.4954604752594123,0.9589847640516266,-0.8058055671684656,-1.3442622033892242
-0.6866678735919143,0.6113122553238642,0.23748819171689892,-0.24742206048986035,-0.9437514384611206,-0.5058285597925593,-0.08532947588152355,-1.3138511172082112,0.93034817333251,1.7750099587432455
-0.05728745924964285,-0.42923649500332084,0.28748563202489025,-0.5632493178284668,-0.7997890292072002,-0.5058431199974579,-0.04326475799661201,-0.9286246966556962,0.729359187247643,0.2796187481307657
0.11016237575885068,0.28564432583214955,0.3527600679825456,-0.47883902983106147,-0.876128177329321,-0.5058431199974579,-0.4639119368457285,0.16541833771344613,0.6627855483236333,-0.07453774937056044
0.9012184928679438,-0.2743456504889692,-0.4664440234130744,-0.5528165856040683,0.005078052174842558,-0.5029053087435694,-0.3219435139841517,1.1978251447941861,-0.06178258298314326,0.9133730367654894
0.6818014676844001,1.036269187709394,1.0888334947390848,-0.3953771720358742,-0.8995709078550114,-0.5058269813632672,-0.3482339626622215,-0.007933551535185606,-0.5725809243414465,-0.6522050700902413
0.7048979966510883,-1.438012764404485,-0.6981781911897961,-0.3574399639471528,1.811370493962026,-0.5027764573727849,-0.24833025768555622,-0.870840733572819,-0.6710898878019358,0.3866283487258424
1.3169560142683432,-0.3021465712992375,0.7557156285600473,0.0968581029152868,-0.5539409065147017,-0.5058431199974579,-0.6994743570012338,0.29254305649577617,-1.1416770838452355,-0.5871481928703624
0.16790369817557282,-1.295036600237391,-0.18034755942845732,-0.39632560223809227,1.9406060596805763,-0.5058431199974579,0.23541399799092783,0.6392468349930395,-0.07349553900435994,-0.5956040569550259
-1.622077296742813,1.0124398270148782,-0.3809325282831367,-0.3451103713183183,-0.9475789150411805,0.15129887100391637,0.5088346642428536,-0.2698875175108955,-0.776639972973185,-1.979527328070438
-0.15544770735807062,0.7781177801854737,0.5676300197823655,3.588978107482099,0.1012533568956242,-0.5058431199974579,-0.7357551761769701,0.5467924940604358,1.7375744016892976,0.970278126640524
1.5825660973852647,-0.15917040713214325,0.19264921747243052,1.3127456221588103,-0.35557934052808926,-0.5058323286951547,-0.5427832828799379,-0.43168261414295195,-0.8084084462842912,0.969777299580143
0.012002127650422936,-0.4768952163923523,-0.3803373206604225,-0.006520789126478965,0.5971572718621556,-0.49073529677296557,-0.6153449212314105,-1.2753284751529599,-0.23634233496885448,0.9688794086299825
0.21987088835062277,-0.5722126591704151,0.31546039029245687,-0.49970449427985825,1.2373241439098595,-0.5057158792688081,-0.5848480007648496,0.9474279714350512,0.12936218080468947,-0.9472258928475645
-2.026266553659867,-0.6516438614854675,-0.07360699242171381,-0.5053950754931665,0.03212735662756247,-0.5058431199974579,3.5743009801057903,-1.1982831910424567,-1.7270245527003993,0.7087677284008512
-0.08038398821633175,-0.6556154216012201,-0.1196363819116105,-0.1867225275479061,0.9968858821079051,-0.5058431199974579,0.356350061910049,0.3233611701399774,-0.29157009056746896,-0.680362159744814
-0.8079246506670308,1.1911600322237457,0.8517424583579354,-0.4835811808421516,-0.9474571931711432,2.3610998799595184,-0.7152486262080757,0.43507683210020637,0.5946101376360384,-0.5309392776482571
-1.113953659475658,1.0958425894456831,1.2005341252684465,-0.3100184538362508,-0.9451700242057521,-0.5058389645407502,-0.5532994623511658,0.8896440083521739,0.6023186642482928,-1.3547786783609173
-1.6393996934678292,-0.5324970580128889,-0.4888635105353085,0.07030205725318181,0.5099984019589472,-0.5022997073008819,-0.5532994623511658,-0.25447846068879526,1.5431927241292203,0.22031799123637213
-0.2709303521915149,-1.1044017146812655,-1.0713733706315887,-0.4636641465955728,1.5198391015271562,1.037152045147926,-0.6674000096139887,-1.6728821411631551,0.5957113557235036,-0.18913638240847508
-2.563260852135383,-2.5108502984727386,-3.81190766814859,-0.4333143801245957,2.027764929583786,2.473844829396029,-0.47442811631695647,-1.657087857920502,-1.7246886355451714,-0.042678323111341815
-0.21318902977479276,1.0084682668991256,0.46386549088919304,1.170481091826105,-0.8532865424581353,-0.5058350345739412,3.8003988387371916,0.5968719287322628,0.6351883556468635,-0.33935512200841367
-1.1485984529256912,-2.2593313963421258,-3.423633895598037,-0.29389514039854425,2.036781364401359,2.5962536316413827,-0.3587501421334494,0.2077932439742228,-1.6071920026371822,-3.1188659485282693
-0.08038398821633175,1.270591234538798,0.9717759956052955,-0.364078975362679,-0.947499870962613,-0.019429195285656342,-0.3587501421334494,-0.15046732713961603,0.9300812113719121,1.4937566247750718
0.7279945256177772,-0.5166108175498785,0.33748307233288155,-0.2644938041297851,1.3755761444459835,-0.5058285597925593,-0.748900400516005,0.677769477048291,-0.23877836285930712,-0.7653642787918843
1.957884693093959,0.9806673460888573,0.19661726829052503,0.6393601785840041,-0.4006615146159557,-0.5058431199974579,3.7898826592659636,1.0861094828339566,-0.5388102363258587,0.5487898482397865
0.22564502059229496,-1.0011411516716975,-2.1115978925950745,8.094021568017775,1.5498938842524004,-0.5058431199974579,2.9591044810389575,1.0899617470394818,-1.4644340942076517,-0.9161111585767056
1.0859907246014546,0.019549798076724557,0.37498115256387504,0.098754963319723,-0.9145982992176335,-0.5057606551201559,-0.6158707302049719,0.5699060792935867,0.6322517740802909,-0.9067677100776864
-0.3633164680582704,-1.3228375210476593,0.04047446859850459,-0.10136380934828282,1.991699190313492,-0.5057229660942013,0.2669625364046116,0.41581551107258063,-2.071939405792411,-0.6141037410055176
-0.9407296922254914,1.024354507362136,0.026983095816982914,0.15566077545280524,-0.8968659774097395,-0.5058393833077052,0.5088346642428536,0.6122809855543634,2.4425208288921563,-0.8026707822399851
-0.6404748156585366,-1.2195769580380913,-1.635828599505538,0.5350328563400198,0.7384147506708041,1.9326690721007793,-0.49020238552379836,-0.6242958244192095,-2.039136454883989,-2.975893863260149
1.2072475016765711,-0.6278145007909518,-1.2721567420271729,-0.13361043622369606,-0.7943791683166564,0.7182449024560825,-0.4481376676388866,-1.4548439871304317,-0.07012514425181617,3.245627399989869
-0.6289265511751921,-0.6834163424114884,0.21923515795366402,-0.4029646136536185,0.8045352726663413,-0.5058431199974579,0.214381639048472,-0.6589662022689359,0.7652322007029361,1.1433224846233871
-2.159071595218328,1.3341361963908398,0.6924252180114392,0.5255485543178398,-0.9476531804092946,2.3224444687241435,0.7664810612879374,-1.6882911979852557,-0.561068189790678,-2.565313724330027
0.035098656617111826,0.7622315397224633,0.7664293657689026,0.5255485543178398,0.9908749255628562,-0.5058358398950086,0.8348362278509189,0.4774517383609831,0.6568122744552636,0.23125802101165746
0.41041725232580595,-1.2592925591956174,-2.2959138530955667,-0.5347964117619256,1.9526279727706741,-0.10318258629563541,0.829578138115305,1.428960997125695,-0.9407214680054431,-2.9640456855201394
0.5258998971592502,-0.6516438614854675,-0.1263820683023714,0.6488444806061845,0.7624585768509993,-0.5058431199974579,0.23015590825531387,-0.06956977882358785,0.5479919052666946,-0.4500470314517249
-0.03996506252462623,0.6867718975231636,0.3422447333145951,0.3737997219629537,1.3485268399932637,-0.5058102628979079,-0.3324596934553796,0.8472691020913974,-1.057483955521789,-1.1812593325048768
-2.1302009340099666,-1.3903540430154537,-1.7739167679752288,-0.4039130438558365,1.8023540591444531,2.3900914383860496,-0.5848480007648496,-1.2098399836590321,-1.1608316045181084,1.6464459281910047
-1.0273416758505747,1.1593875512977252,1.0017347792819093,-0.16965078390798147,-0.9475963468151613,-0.5057793385689197,0.8453524073221469,0.7201443833090677,0.729359187247643,-0.37375631082380345
-0.49612150961673135,0.9608095455100942,0.538068041187561,-0.19715525977230455,-0.9456178404683584,1.291633502447478,-0.3587501421334494,-0.054160722001487235,0.460495122680854,0.4821213386823979
0.9878304764930269,0.45642141080951215,-0.002975687859630889,0.21256658758588737,-0.9215409540271651,-0.4891568674808544,-0.08532947588152355,0.10378211042504369,0.2622758669371864,0.2323934197853615
-0.08038398821633175,0.0076351177294667035,-0.28550090610796275,-0.47220001841553527,0.7384147506708041,-0.47730254136867273,-0.7231357608114967,-0.6474094096523604,-1.3727326607423993,1.3938168620309508
-0.9638262211921804,1.2626481143072927,0.9936002751048156,0.1746293794971659,-0.9470965357784403,-0.5058295583906829,0.093445575129351,-0.5202846908700304,0.8984795892861801,0.17840743716122465
0.21987088835062277,1.0481838680566518,1.0301063426312855,-0.289152989387454,-0.9442623697674497,-0.39374242741487053,0.38789860032373247,-0.7822386568457405,1.7654051860815907,0.15811470272397485
-0.7617315927336531,0.2657865252533865,0.04841057023469354,-0.44659240295564817,1.002896838652954,-0.4990784230312673,2.7750713402924694,0.9820983492847776,-0.8805549161357745,0.565289401515313
0.7048979966510883,0.2777012056006443,0.43430351229438874,-0.5025497848865124,-0.727657550666614,-0.5058431199974579,-0.4376214881676587,1.6947672273069305,0.19580233874840028,-0.07254268344176389
-1.2005656431007412,0.1585544021280662,0.48509456276599894,-0.45987042578670073,0.6392339676774977,-0.5058431199974579,2.3754565203858085,-0.5780686539529076,0.5527304800673006,1.6307451208768122
-0.34599407133325377,1.4095958385901397,-2.0145790500926632,-0.34036822030722813,1.8444307549597951,2.3224444687241435,3.805656928472805,-1.7684182934601786,-1.590707101570285,-1.4674122098208204
0.31803113645905046,-0.2108006886369273,-0.345616876002095,-0.11748712278598938,1.050984491013345,-0.5058431199974579,0.6981258947249559,1.7217330767456063,-1.3485392330632484,-1.7951781050945566
0.9416374185596491,0.5993975749766064,0.1886811666543359,-0.37546013778929543,1.4086364054437523,-0.5056617616930786,-0.7899135004537938,1.733289869362182,1.686918369665916,0.9433383534645823
-0.5711852287584699,1.2110178328025087,0.3235948944695508,-0.07006561267508747,-0.9476089698239057,-0.455913213818432,-0.6021996968923756,-0.43168261414295195,-1.3406972254706957,0.9755654447374414
-0.02264266579961021,-0.9018521487778822,-0.5253695780617783,-0.5461775741885421,-0.864707359893728,-0.5058431199974579,-0.30616924477730983,-1.0827152648767022,0.332687084044785,0.7990400343552083
-0.8367953118753918,-0.8978805886621296,-0.0007932599096786514,-0.39822246264252836,0.9247544035673188,-0.5058431199974579,-0.5964157981832002,-1.3292601740303118,-0.5552951373927563,0.5463011472077874
1.455535188068476,-0.1671135273636485,0.2952233311201748,-0.43236594992237765,0.0952424003505754,2.148495118164956,-0.6847517057415147,0.05755493995874186,0.19516830409198144,0.36820304785578606
1.7153711389437256,-0.07179608458558566,-0.21427439392316563,-0.4058099042602727,-0.8033956031342296,-0.5057854590090318,-0.8340814542329511,1.4867449602085723,-0.47140234127498193,-2.6253105241087953
-1.137050188442347,-1.811339415285231,-1.2041046704968514,-0.5366932721663618,1.4687459708942407,-0.5058387712636939,0.3931566900593464,-0.6320003528302598,-1.259574159694121,-0.7743475454065744
0.9243150218346325,0.11089568073903477,-0.5398529635478235,-0.25500950210760476,-0.8920572121737003,2.319223184454529,-0.0800713861459096,-1.259919418330859,0.02457961127015806,1.885102235680545
1.7673383291187754,0.06720851946575598,0.046624947366550956,0.2220508896080677,-0.9218715566371426,-0.48619328595280903,-0.5958899892096389,0.03444135472559099,-0.6041491761821046,-0.3372975051529567
0.9993787409763715,0.003663557613714085,0.471999995066287,0.24101949365242856,0.5220203150490448,-0.5058336494217053,-0.7473229735953208,1.737142133567707,1.5296110343838203,-0.08800903267564655
0.8088323770011882,-0.13931260655338018,-0.19165650426002645,0.041849151186640746,0.9007105773871232,-0.5058431199974579,-0.6500483134864626,1.7101762841290309,-1.075403777126898,-1.3227370331077783
0.8723478316595826,0.6708856570601535,0.7555172260191425,-0.1506821798636207,-0.7285591941483712,-0.5058431199974579,-0.8424943978099335,1.586903829552226,1.0895576125838637,-1.3009254739943623
0.6356084097510224,-1.0249705123662132,-0.6997654115170338,0.1347953110040084,1.4477076229865702,2.290231626027998,-0.5375251931443239,1.8912327017887127,1.1628386707678864,0.873693418519945
0.8954443606262715,0.6629425368286482,0.5622731511779377,-0.4873749016510238,0.23048892261417497,-0.5058431199974579,-0.7163002441551984,1.7101762841290309,-0.9847034510138866,0.8599062594535898
-0.703990270316931,-1.4419843245202377,-0.7174232376575546,-0.5053950754931665,1.7993485808719283,-0.4872563097617818,-0.5901060905004635,-0.8169090346954668,-0.7701661454286948,0.47659787306247564
-0.3690906002999427,-1.1282310753757812,-0.2170520294958317,-0.544280713784106,1.2373241439098595,-0.5058431199974579,-0.4481376676388866,-0.13891053452304064,0.46710243120564215,0.3656593194557204
0.7799617157928271,0.7304590587964424,0.8886453309662147,-0.23224717725437186,-0.9211201870690117,-0.5058431199974579,-0.7667779056170924,1.6986194915124555,-0.6393881549809788,-0.15887884646106729
1.2245698984015878,0.20621312351709717,0.44303322409419654,0.037107000175550485,-0.6976027679413697,-0.5058431199974579,-0.6616161109048133,-0.01949034415176109,0.9304149138226596,-0.9821007084989516
-1.8645908508930455,1.2825059148860558,0.7148447051336733,0.3263782118520518,-0.9475362372497106,0.8986368215544989,0.16180074169233236,-0.9941131881496238,1.8507996432277258,0.008788908287484994
0.5605446906092836,0.7423737391437002,0.43906517327610217,-0.41908792709132514,-0.9224425975089222,-0.5058431199974579,0.42470522847303016,1.332654391987566,-0.6057509479456898,-0.3246473869886257
-0.3864129970249593,1.0600985484039096,0.7862696198593753,-0.4058099042602727,-0.8977676208914968,-0.5058431199974579,-0.4481376676388866,1.039882312367655,0.5571687226622349,0.025270011675766937
-1.2236621720674299,-1.0289420724819658,-0.19661656778264475,-0.4437471123489941,1.4086364054437523,-0.5058431199974579,-0.47442811631695647,-0.820761298900992,-0.8724125763375498,0.5861916267858399
-0.40950952599164814,0.6430847362498852,1.0366536264811415,-0.4247785083046333,0.5430586629567159,-0.5057377840018416,1.5814849703081009,0.9012008009687493,1.193272334276004,-0.18398255110652675
0.6818014676844001,-0.8978805886621296,0.025991083112459432,-0.5338479815597077,1.1982529263670418,-0.5058431199974579,-0.527009013673096,-0.30070563115509674,0.4584929079763723,1.1258355222415426
-0.01109440131626576,0.8019471408799895,0.6198098880403089,-0.29768886120741644,1.7632828416016353,-0.5058431199974579,3.5269781724852654,0.33106569855102774,0.7924289504388096,0.12247564057835038
0.676027335442728,-2.1918148743743315,-2.1322317568491664,-0.22465973563662753,2.0007156251310656,2.5575982204060077,0.2511882671977697,-0.9671473387109479,-0.31579688849169496,-1.0651975154052318
1.8712727094688755,0.4246489298834912,0.8773363861346453,0.123414148577392,-0.38863960152585797,-0.5058364841518626,-0.42184721896081684,-0.281444310127471,-0.9369506303120031,0.054635448033694474
-1.17169498189238,0.921093944352568,0.4706111772799537,-0.3707179867782052,-0.4247053407961512,-0.5058431199974579,3.816173107944033,-0.920920168244646,-0.8005998089368136,1.067650135570351
1.340052543235032,-0.3696630932670316,-0.3424424353476197,-0.19620682957008645,-0.9301366218865849,2.0486353058069042,-0.7536326812780575,-0.5934777107750082,0.18562441400061958,1.7141078531108442
-0.19586663304977614,0.9766957859731047,0.3396655002828336,-0.16490863289689128,-0.5329025586070307,-0.5058431199974579,-0.02749048878977012,1.8873804375831875,-0.5476199810255771,-0.40177404981754783
0.035098656617111826,1.405624278474387,0.9723712032280096,-0.21327857321001112,-0.5990230806025683,2.625245190067914,-0.19574936032941676,1.7217330767456063,-0.7997655528099461,-1.299647800603724
-1.1543725851673634,-0.028108923312306862,0.35533930101430716,-0.5461775741885421,-0.9451820461188423,-0.2613476439337113,-0.5112347444662542,-1.4548439871304317,-1.0730678599716699,0.3117915252904991
0.46815857474252803,0.5676250940505855,0.6491734640942086,2.763843831552407,0.0681930958978556,-0.5058431199974579,-0.6269127186497612,0.9281666504074254,-0.34286015724727004,-0.22651320516536982
-0.7790539894586697,0.7781177801854737,0.66266483687573,-0.05583915964181688,-0.8042972466159869,1.021045623799853,-0.4376214881676587,-0.5511028045142315,0.6607165931290031,-0.2733402575579603
0.3122570042173783,-1.4618421250990008,-0.06765491619457172,-0.49401391306655007,1.489784318801912,-0.5058109071547617,-0.6789678070323394,-1.2637716825363845,0.16373353323162182,0.2904070795889292
1.0975389890847989,0.9806673460888573,0.5217990328333735,0.6772973866727255,-0.5509354282421773,-0.5058431199974579,-0.39029868054713307,0.26557720705710014,0.9324171285271411,0.1687290343581666
0.04087278885878401,-1.1798613568805654,-0.1446351020656061,-0.47504530902218933,0.31764779251738345,-0.5058431199974579,-0.698422739054111,-1.4459837794577237,0.860504250391181,-0.2064646999206407
0.6125118807843336,0.6152838154396169,-1.2533085006412237,0.14617647343062493,-0.758914524700868,2.489951250744102,-0.6510999314335855,1.2556091078770635,0.06262169065530637,1.320625197190317
-2.4535523395436107,1.4095958385901397,1.0816910032665148,0.7436875008279882,-0.9476534509023392,-0.5038104896233312,-0.6295417635175682,-1.6409083482572964,1.8384860227951654,-1.3191747659477453
-0.40950952599164814,0.7066296981019267,-0.3874798121329926,-0.38209914920482174,-0.920428927066331,2.3385508900722165,-0.41133103948958893,-1.6486128766683463,-0.11540856681817253,0.3875011621327958
-1.2929517589674964,1.2626481143072927,1.0211782282905728,0.051333453208821066,-0.9424891375866602,-0.5058431199974579,-0.6642451557726202,-0.9440337534777967,0.5419185206631011,0.647329097455646
1.068668327876438,-0.33391905222525803,-0.15673765706079443,-0.4646125767977909,0.053165704535233484,0.5990573844803432,-0.4586538471101146,-0.027194872562811143,-0.23791073648736533,1.2697695285013157
0.4508361780175114,-1.2592925591956174,-1.0624452562908757,-0.28535926857858196,1.3184720572680193,-0.5035012463334481,-0.5795899110292356,0.07296399678084246,1.3314585191303023,0.08068468953203767
-0.9060848987754585,0.9012361437738049,0.3718067119093994,-0.4522829841689564,-0.8493794207038534,-0.2568378459562509,2.028422597835287,-1.0942720574932776,1.6174081491753336,-0.7124277283792669
-2.5690349843770552,-1.326809081163412,-0.9902267314015549,-0.4892717620554599,1.2794008397252015,-0.23944291090033218,-0.49020238552379836,-1.6751934996864701,-1.2170270972238886,-0.8028761873839324
-1.0273416758505747,-0.40143557419305254,0.47358721539352483,-0.5319511211552715,1.4837733622568632,-0.5058431199974579,-0.4271053086964308,-0.042603929384911754,1.2593787897689688,0.3533192789148623
-0.6462489479002088,0.35713240791569667,0.8356718525446524,-0.3024310122185066,0.7624585768509993,-0.5056537084824047,-0.42184721896081684,-0.870840733572819,0.999457950882196,0.39626180875735934
-0.8714401053254253,-0.3100896915307428,-0.09086801348042504,-0.5196215285264371,-0.3255245578028449,-0.5058431199974579,0.6823516255181143,1.6408355284295784,-1.487559674044413,-1.3201475973832257
-0.10925464942469282,1.1951315923394983,0.6366741040172106,-0.15826962148136497,-0.9394836593141358,1.0307094766086968,-0.3797825010759053,-0.4894665772258292,-0.07286150434794111,0.10475386128029655
0.4161913845674781,-0.36569153315127895,0.05436264646183543,-0.38494443981147586,0.9037160556596476,-0.32512907247208,-0.16945891165134694,-0.15046732713961603,-0.73826419113729,-0.05956460061295651
0.2140967561089506,-2.061547702577646,-0.6233804332687137,-0.16111491208801912,1.808365015689502,-0.5058431199974579,-0.521750923937482,-1.3061465887971608,0.6111284089480108,-0.6778316911562245
0.6529308064760391,-0.758875984610788,0.1037648791471125,-0.3232964766673034,-0.5539409065147017,1.8553582496300294,-0.4533957573745006,-1.4063054581408148,-0.07079254915330986,-1.2628899759267562
-0.17854423632475952,-0.7509328643792827,0.38728211009996827,-0.39822246264252836,1.3304939703581173,-0.5058431199974579,0.7612229715523234,-0.5279892192810807,0.026348234259117115,-1.4209787141197336
-2.118652669526622,0.0711800795815086,-0.01607025555934262,-0.47220001841553527,-0.9474247340057999,1.291633502447478,-0.6684516275611114,-1.5499949130069028,0.5511620785487902,1.831456126652729
-1.7029151481262235,0.42067736976773856,0.6757594045754419,-0.42193321769797926,-0.9464774072543004,-0.5057133022413924,-0.27987879609924,-0.8438748841341429,2.6909623034732344,0.5396915024166492
-0.11502878166636508,1.3341361963908398,1.0806989905619913,0.074095778062054,-0.945151991336117,-0.5058302992860649,0.8032876894372352,-0.33922827321034826,-0.8057054564332417,-0.3705906338386967
-1.7086892803678957,-0.3577484129197737,-0.03848974268157712,-0.544280713784106,-0.8553903772489023,-0.5039715538368119,-0.5007185649950263,-1.0557494154380263,0.7261890139655474,1.5702912802354978
-0.5076697741000759,1.2864774750018084,0.8489648227852692,0.2884410037633304,-0.937770536698797,-0.5058387068380086,-0.5585575520867798,-1.456770119233194,0.8630403890168573,0.5001985493159973
0.9705080797680105,0.8218049414587526,0.5914383246909328,-0.5101372265042567,-0.9382814680051262,-0.5058060752283574,0.5246089334496955,1.5021540170306729,-0.1608588406099027,0.17745627679161927
-0.3864129970249593,-0.6834163424114884,0.12638276881025157,-0.541435423177452,1.8504417115048437,1.021045623799853,-0.7862328376388641,-1.1058288501098534,-0.7390984472641571,0.027096392819453783
-0.4326060549583369,-1.9702018199153355,-1.23763469990975,-0.4020161834514004,1.673118493425902,-0.505811937965728,-0.5585575520867798,-0.9864086597385735,-1.0698309461994246,-0.8636573905538133
0.1505813014505562,0.4524498506937595,0.3289517630739785,-0.48642647144880574,-0.9295355262320801,-0.505683344297685,-0.6495225045129012,-0.7552728074070645,0.2630767528189781,0.17329186284910783
0.6644790709593835,1.3063352755805715,0.5821134052684106,-0.3669242659693331,-0.9298961836247829,0.04499649010663532,-0.8856107336419679,1.8681191165555617,0.5278029069965066,0.7767050162908603
1.3169560142683432,-0.3021465712992375,0.7557156285600473,0.0968581029152868,-0.5539409065147017,-0.5058431199974579,-0.6994743570012338,0.29254305649577617,-1.1416770838452355,-0.5871481928703624
-0.8483435763587363,0.19827000328559194,-0.3059363678211496,-0.4892717620554599,-0.9277021844858402,0.47986986650460356,-0.5585575520867798,-1.449836043663249,-0.7380973399119162,0.11732475998804459
1.7038228744603812,-0.9574539903984186,0.15475433215962756,-0.1165386925837713,-0.930377060148387,-0.5058189925782786,-0.47442811631695647,0.4774517383609831,0.027482822591656332,-0.3815783602399809
1.6576298165270034,0.13075348131779788,0.36347380519140093,0.5540014603843807,-0.7778490378177719,-0.5058241788459525,-0.7042066377632865,0.677769477048291,-0.30388371100003014,-0.01690530730996413
0.24874154955898384,-0.3021465712992375,-0.22300410572297366,-0.5139309473131288,-0.10913012218108578,-0.5043420015278176,0.6770935357825003,-0.49331884143135435,0.4285264278992995,2.3239220655898003
0.6818014676844001,-0.4808667765081049,-0.6735762761176097,-0.466509437202227,0.6181956197698267,-0.5058393510948624,-0.5585575520867798,1.4867449602085723,1.5530703166713284,0.6471942003880151
1.039797666668077,0.6271984957868747,0.4563261943348134,0.2694723997189697,0.912732490477221,-0.5058431199974579,2.66990954558019,1.6023128863743268,-0.8396429956742028,-0.8447968338466616
0.08706584679216178,-1.5333302071825479,-0.3944239010646581,-0.5120340869086928,1.372570666173459,-0.5058431199974579,-0.6537289763013924,-0.7283069579683886,0.5922074799906605,-0.44880626851161043
-0.14389944287472617,-0.4768952163923523,-0.6299277171185699,-0.5016013546842943,-0.6879852374692914,1.1692247002021239,-0.5795899110292356,-1.681742348835863,-0.836506192637182,2.247227156699407
0.05242105334212845,-0.5682410990546625,-0.49779162487602124,-0.288204559185236,0.5310367498666181,-0.5058145794188291,3.9949481589549074,1.2093819374107615,1.6701665066384217,-0.1679755827032289
1.0744424601181102,0.06323695935000335,1.0326855756630469,-0.37546013778929543,-0.42771081906867564,-0.5058431199974579,-0.53226710340871,-0.15046732713961603,-0.5047058458595237,-0.40798271084527116
0.46815857474252803,0.5993975749766064,1.4130232465774095,-0.24742206048986035,-0.9176037774901581,1.0403733294175406,0.9031913944139004,-0.8823975261893945,1.664627045956022,0.8281800027065271
1.2245698984015878,0.027492918308229794,0.2809383481750343,0.03331327936667841,-0.8920572121737003,-0.5058431199974579,-0.731548704388479,0.9474279714350512,-1.0626897137534406,-0.9123087611312206
0.6875755999260723,-0.1472557267848854,-1.185256429110902,-0.45133455396673844,-0.5870011675124706,1.091913877731374,-0.6442644147772872,0.30409984911235166,1.0123388654810266,0.3949558283013938
-0.5480886997917813,-0.6397291811382096,-0.7196056656075068,-0.5101372265042567,-0.9470454426478074,-0.4969845882560178,-0.6405837519623575,-1.3408169666468872,0.029551777786287176,0.7918830814461234
1.0224752699430604,-0.5046961372026206,0.42914504623086575,-0.09472479793275647,0.11928622653077088,-0.5058431199974579,-0.15368464244450505,-0.09653562826226393,0.46303126130653033,0.16319312176978595
-0.2074148975331206,-1.1679466765333075,0.24244825523951724,-0.47504530902218933,1.7722992764192087,-0.5058431199974579,-0.6295417635175682,-0.712897901146288,-0.2568316654447152,0.1142135790493778
-0.703990270316931,-2.5109694452762117,-5.2713567590437655,-0.062478171057343226,2.042792320946407,2.435189418160654,-0.6442644147772872,-0.9941131881496238,-0.8417453211139083,2.3370489505151304
-0.10348051718302065,-0.985254911208687,-0.08432072963056912,-0.45512827477561046,0.822568142301488,-0.5058431199974579,-0.40607294975397495,-0.47020525619820347,0.2463916302816323,0.3939173883535181
-1.0504382048172634,-1.1878044771120704,0.10257446390168423,-0.5319511211552715,0.30262040115476124,-0.5058431199974579,-0.4954604752594123,-1.3215556456192616,0.35794835956632665,1.0074941595488607
0.24296741731731167,-0.8224209464628298,-0.24046352932258958,-0.467457867404445,1.1892364915494686,-0.5058393510948624,-0.34297587292660753,1.167007031149985,1.0020608299980223,-1.0864213368310225
-0.23628555874148166,0.7979755807642368,0.6755610020345374,-0.1516306100658387,-0.9016747426457786,-0.432075710223284,0.20912354931285804,-1.0750107364656518,0.9348197861725192,-0.4395787424129535
-2.5055195297186605,-0.6715016620642306,-0.875153257676813,-0.38020228880038565,1.3485268399932637,2.3997552911948934,-0.5532994623511658,-1.6979218584990685,-1.3334558822894877,0.6669573426818322
-0.06306159149131511,-0.17108508747940113,-0.5640580735382003,-0.5072919358976026,-0.9109917252906045,2.409419144003737,0.29325298508268144,-1.2791807393584849,-0.1384340359197096,2.3890687171994833
-0.8483435763587363,-0.8025631458840667,-0.29046096963058105,-0.5101372265042567,0.43486144514583636,-0.5004957881098977,-0.53226710340871,-0.5780686539529076,0.5871018324942329,0.7644902106148921
-0.8483435763587363,-1.1044017146812655,-0.8160293004872041,-0.4816843204377156,1.748255450239013,-0.5042099288727633,-0.5480413726155519,0.16927060191897125,0.22626937250159398,0.7537314354601226
0.387320723359117,-0.0360520435438121,0.7432162684830494,-0.5053950754931665,-0.9088878904998372,-0.5043838782233225,-0.5112347444662542,-0.09653562826226393,0.1981382559036284,-0.06907963751511287
1.4208903946184424,0.09898100039177693,-0.48132421398092884,2.2896287304433884,0.38677379278544544,-0.5058431199974579,-0.6347998532531821,1.193972880588661,-0.8364394521470323,-0.7238828647986806
-0.32867167460823715,1.1037857096771884,0.7892456579729461,-0.12222927379707954,-0.9469552782996316,-0.5057635542759985,-0.5532994623511658,-0.43553487834847715,0.4330981514745323,0.08354521762727438
0.035098656617111826,1.171302231644983,1.0580811008988522,0.13764060161066238,-0.9419481514976059,-0.43561912291986005,-0.9029624297694939,0.6700649486372408,1.5988876631588795,1.3227585634579817
-0.3921871292666315,-1.3029797204688962,-0.2823264654534871,-0.5291058305486175,1.5018062318920093,-0.5058431199974579,-0.5795899110292356,-0.9286246966556962,0.12859466516797166,-0.0633496139330729
-1.4834981229426796,-0.4252649348875682,0.024999070407935652,-0.3631305451604609,0.8886886642970255,-0.5057854590090318,1.43425845771091,-0.820761298900992,-0.9825343850840317,-0.47330462056383893
-0.3344458068499093,0.9131508241210627,0.47834887637523815,-0.3100184538362508,-0.9225027070743729,-0.5058431199974579,-0.4691700265813425,-0.47405752040372867,-1.4058693141015686,0.11958677470061946
-0.15544770735807062,-0.1472557267848854,0.8799156191664067,-0.5604040272218127,0.07720953071542894,-0.5058431199974579,-0.521750923937482,-0.3276714805937729,-0.8730799812390434,-0.3590959380211905
0.8723478316595826,-1.017027392134708,-0.6227852256459995,2.9724984760403754,1.9466170162256253,-0.5053405996513981,0.5614155615989932,-0.031047136768336373,-0.3262417752000735,-1.8016312765292806
1.8828209739522197,1.2626481143072927,0.056545074411787466,0.8005933129610704,-0.9192567905400465,1.6491960563746964,-0.6768645711380937,-0.09268336405673881,0.12946229153991357,1.627818134829637
-0.7444091960086364,0.7384021790279476,-0.052179518004003174,-0.3669242659693331,-0.8920572121737003,2.332108321532987,-0.47442811631695647,-1.682512801676968,0.06155384281291639,1.67420030493453
1.6229850230769702,-1.3903540430154537,-1.0814919002177295,3.1432159124396217,-0.006943860915255123,-0.5058363875133344,-0.3850405908115191,0.5968719287322628,1.3298233771216423,-0.8457726127166101
-1.801075396234651,0.9449233050470838,-0.10178015323018504,0.4401898361182163,-0.9476320518970386,2.2709039204103103,-0.2693626166280121,-0.4278303499374268,-0.2370764803604978,0.2620270106626237
-1.4950463874260242,-2.2891180972102707,-3.2405083503429744,-0.3792538585981676,2.0397868426738834,2.6220239057982995,-0.18523318085818882,1.1361889175057835,1.9280851308207116,-2.9941305570642838
-0.3575423358165982,-0.5086676973183732,-0.27419196127639317,-0.5082403660998206,0.7263928375807064,2.373985017037977,-0.03800666826099804,-0.635852617035785,0.2580712160577751,-0.32261227099152834
0.46238444250085586,0.9330086246998259,0.5166405667698506,0.9523421453159563,1.7001677978786223,-0.5057274758921787,0.24593017746215576,1.8295964745003104,0.9940186009350218,-0.7302667476844478
-0.7097644025586031,-1.719993532622921,-1.5671813203525025,-0.48642647144880574,1.4867788405293876,2.4029765754645083,-0.663719346799059,-1.467941685429217,-0.0655867909216583,0.8399754302190948
-0.11502878166636508,-1.8550265765585097,-1.3453672796210172,-0.4684062976066631,1.4867788405293876,0.6441553642549471,-0.5690737315580077,-0.8785452619838693,0.43366544564080184,-0.6720308202973423
-0.6462489479002088,-0.0360520435438121,-0.060710827262906254,-0.34700723172275433,-0.812412037951803,0.6667043541422492,-0.4796862060525704,-0.3199669521827226,0.24689218395775317,1.4569726813668513
1.9405622963689417,-1.759709133780447,-1.6068618285334477,-0.2151754336144472,1.9676553641332963,2.4706235451264145,-0.5480413726155519,-0.7899431852567907,-0.2753521514611692,-0.8364101312120269
-2.795958381474773,-2.49285913114838,-4.528140840814656,-0.30907002363403285,2.0337758861288346,2.5898110631021534,-0.7741392312469519,-1.592755045688232,-1.3496070809056384,-0.989214925809618
-2.1706198597016724,-1.5492164476455583,-1.1467663361753848,-0.4522829841689564,1.6881458847885245,2.383648869846821,-0.4481376676388866,-1.681742348835863,-0.46679724745467427,-1.2693780413131173
0.7568651868261382,-0.5245539377813837,-0.4777529682446436,-0.45892199558448266,0.6662832721302178,-0.5017198761323513,0.8506104970577608,0.5660538150880615,0.5789594926960082,-1.5770981150753756
1.565243700660248,-0.5841273395176729,-0.39462230360556305,-0.41055205527136274,0.5400531846841915,-0.5035849997244581,0.4509956771511,0.9820983492847776,-0.07206061846614854,0.7069936435020697
1.4670834525518206,0.7622315397224633,0.3105003267698388,-0.47694216942662543,-0.9449927009876731,1.5461149597470298,-0.8041103427399516,1.8257442102947852,0.07680404481205018,1.0008697995998648
0.11016237575885068,-0.33789061234101064,-0.5507651032975834,2.469830468864815,-0.6140504719651905,-0.5058431199974579,-0.4849442957881844,0.18467965874107187,-1.3744679134862836,-0.3128110490051296
1.7326935356687423,0.34918928768419144,0.3273645427467406,-0.44848926336008427,-0.19929447035681885,-0.5058431199974579,-0.6994743570012338,1.2286432584383873,-0.0670217114598697,-2.2539634764576313
0.035098656617111826,1.0283260674778887,0.6767514172799656,-0.45323141437117453,-0.9326912784182307,-0.47582075060465007,-0.6206030109670244,-0.22751261125011907,-1.0060937781067638,-0.019510469522899622
-0.5307663030667646,-2.0297752216516245,-1.8754988689184495,-0.3185543256562133,1.805359537416977,2.5737046417540808,-0.5901060905004635,-1.3562260234689878,-0.3302462046090366,-0.9222724292092409
-0.14389944287472617,0.4047911293047281,0.24463068318946907,-0.4276237989112875,-0.8848440643196418,-0.5057993105313912,-0.5958899892096389,-0.8246135631065171,0.9327508309778877,0.12457731042493528
0.8723478316595826,-0.7271035036847671,-0.46942006152664506,-0.4892717620554599,1.1110940564638334,-0.49869186891891354,-0.5007185649950263,0.3580315479897034,-0.07272802336764225,0.8605793704177676
-0.19586663304977614,-1.2910650401216384,-0.6287373018731415,-0.5518681554018503,1.1321324043715042,-0.5058431199974579,-0.39555677028274705,-0.30841015956614704,-1.3816758864224168,-1.5233083735007142
1.1437320470181769,-1.1758897967648128,-0.11745395396165866,-0.4579735653822647,0.02311092180998913,-0.5058178973416269,0.5666736513346071,1.0283255197510797,0.7308608482760038,-1.180078107467912
-0.5134439063417481,0.09103788016027169,-1.0221695404872158,1.578306078779861,-0.5238861237894574,-0.5056865655819546,1.1187730735740726,-0.8669884693672938,-1.1815878969545666,-2.889773983310499
0.8954443606262715,0.023521358192477176,0.4156536734493443,0.7816247089167097,-0.875527081674816,0.9244070957114155,1.3080643040561752,-1.4332713075794907,-0.0037183565531802233,-0.3777768631211752
0.7799617157928271,-1.0726292337552445,0.3396655002828336,-0.1165386925837713,1.8294033635971727,-0.5041777160300672,-0.3797825010759053,1.6215742074019526,-0.2037062352858063,-0.1696978677329859
0.6933497321677445,0.5993975749766064,1.0945871684253217,-0.37356327738485945,-0.37361221016323587,-0.5058431199974579,-0.24307216794994227,0.7586670253643192,-0.7383643018725141,-0.014779845727545102
-0.17854423632475952,-0.7191603834532618,-0.1660625764833167,-0.4835811808421516,1.8684745811399905,2.2966741945672267,-0.6489966955393398,-0.6551139380634107,-0.006321235669006208,-0.1917823635727871
1.039797666668077,0.7622315397224633,1.0711756685985643,-0.37546013778929543,0.17639031370873515,-0.5058431199974579,-0.8130490952904954,0.8203032526527216,0.19590244948362487,0.003652851665180543
0.4046431200841338,-0.7191603834532618,0.6398485446716863,-0.5082403660998206,0.31464231424485906,-0.5058200233892448,0.08292939565812309,1.1978251447941861,1.00232779195862,-1.7308883464793747
0.7626393190678105,0.786060900416979,0.5779469519094114,-0.34605880152053636,-0.8024939596524723,1.6040980766000923,-0.6495225045129012,-0.8092045062844165,0.19650311389496933,0.2561392254232558
0.8377030382095494,0.16649752235957144,0.2581220559709907,0.07599263846649008,0.02311092180998913,-0.5058210864130538,-0.22203980900748643,0.20008871556317245,-1.2748243616932546,-0.6710573522853698
0.9647339475263382,0.46833609115677,0.5354888081557997,-0.1677539235035453,-0.5719737761498483,-0.5038942430143412,-0.5953641802360774,1.733289869362182,1.6295549183825215,-0.2312624497169409
1.2245698984015878,0.0711800795815086,0.3638706102732104,1.4170729444027945,-0.20530542690186762,-0.5058431199974579,-0.708938918525339,-0.8169090346954668,0.4287266493697477,-0.4970382299075583
-1.0908571305089692,-1.2156053979223387,0.003968401072034577,-0.5291058305486175,1.426669275078899,-0.5058431199974579,-0.41133103948958893,-0.01563807994623596,0.2158912262833647,-0.22146344256989584
0.41041725232580595,1.1355581906032095,0.3162540004560759,-0.21327857321001112,-0.9464774072543004,-0.1879023625864989,1.2502253169644215,-1.6782753110508903,0.2350791172013119,2.7186790427223904
-0.8714401053254253,-0.5364686181286416,0.07559171833864127,0.14617647343062493,-0.8262372380054154,-0.4407731777512434,-0.5427832828799379,-1.5900584607443644,1.664860637671545,-0.12047347890511362
-2.4189075460935774,-1.2553209990798648,-0.6229836281869044,-0.48642647144880574,-0.15421229626895225,0.9533986541379468,-0.7552101081987418,-1.6790457638919953,-0.5995774526068719,-0.5916336090073171
0.5836412195759725,-0.008251122733543769,0.10178085373806522,-0.5139309473131288,-0.8067016292340065,-0.5024285586716665,-0.5480413726155519,-0.00022902312413535192,0.7277574154840578,0.5376889974864809
0.029324524375439653,0.46833609115677,0.7844839969912327,-0.32234804646508536,-0.5659628196047994,-0.5058431199974579,0.05663894698005327,0.17312286612449648,-1.3744345432412086,-0.7173566357394888
-0.40373539374997586,1.3539939969696029,1.0824846134301334,0.4307055340960359,-0.8752265338475635,-0.5058431199974579,0.7086420741961839,0.6662126844317156,0.5958782069488769,0.07880082431106775
2.0502708089607142,-0.4768952163923523,1.3173932218613311,-0.2540610719053868,0.9548091862925633,-0.5058431199974579,0.829578138115305,-0.5665118613363322,0.268783064726751,-0.7085204170447219
-1.0157934113672304,-0.36171997303552633,0.17499139133190975,-0.4314175197201596,0.7384147506708041,-0.5058086522557731,-0.6400579429887961,0.7047353264869671,-1.31156500152049,0.622899516324622
0.3353535331840671,-1.4141834037099694,-1.1017289593900121,-0.30527630282516066,1.748255450239013,2.42552556535181,-0.5532994623511658,-1.1597605489872054,0.6498378932346528,-0.9667063567780272
-0.865665973083753,-0.5682410990546625,0.43430351229438874,-0.0008302079131707109,1.5709322321600712,-0.5058431199974579,-0.7278680415735491,-0.4008645004987507,1.9242475526371219,-0.3025045574540307
-1.3160482879341853,-0.5920704597491782,-0.47517373521288214,-0.27208124574752945,1.5438829277073516,-0.493698878301011,-0.3482339626622215,-1.4332713075794907,0.9920163862305403,1.68564527556077
-0.6404748156585366,-1.26326411931137,0.29800096669284076,-0.5006529244820762,1.63104179761056,-0.4764327946158768,-0.3534920523978355,-0.4278303499374268,-0.1746741220708245,1.0209283012570414
0.8492513026928938,-2.3105645218353343,-2.9034224333458423,-0.4333143801245957,1.9105512769553323,2.560819504675622,-0.7252389967057422,-1.5707971397167386,-0.17170417025917709,-1.2538559557626288
-1.9858476279681623,1.0680416686354148,0.2319329205715665,-0.043509567012982475,-0.912795012254119,-0.5041744947457976,-0.006458129847314272,-0.42397808573190165,1.6555837095407808,0.07429494822922647
0.8492513026928938,1.0680416686354148,-0.2515740716132544,-0.3517493827338445,-0.9194070644536728,1.4108210204232172,-0.17471700138696092,-1.1982831910424567,0.028483929943897087,1.9534930628166893
-0.3344458068499093,-1.0845439141025024,-0.26685106726291846,-0.25880322291647695,0.005078052174842558,-0.5058377404527277,0.356350061910049,-1.2098399836590321,-0.08627634286796672,-0.599221588406527
-0.24205969098315383,-0.8144778262313246,-1.5876167820656895,-0.5053950754931665,1.937600581408052,2.4158617125429664,-0.22729789874310038,-1.0750107364656518,0.22910584333294212,-2.266042178528566
-2.4997453974769885,1.4016527183586345,0.8938037970297376,0.6488444806061845,-0.9476520082727682,2.2580187833318517,1.045159817275477,-1.5623221584645832,1.8982521317239374,-0.03746019543884673
0.7799617157928271,1.3023637154648189,1.3110443405523797,-0.34226508071166406,-0.7156356375765163,-0.5036268764199631,0.3405757927032071,1.898937230199763,0.4297277567219875,-0.6387395551232817
-0.23051142649980938,-1.8391403360954992,-0.7944034235285888,-0.49401391306655007,2.024759451311261,-0.498337527649256,-0.4533957573745006,-0.8130567704899417,-0.4002236085306645,-0.32609194790256624
-1.7202375448512401,-0.7151888233375091,0.26982780588436955,-0.4959107734709861,-0.8036961509614821,-0.5058431199974579,3.9633996205412236,-1.5368972147081172,1.586206970030497,1.248349047243321
0.9820563442513546,0.3452177275684388,0.211894263940189,-0.4257269385068514,-0.5118642106993597,-0.5013655348626936,-0.5958899892096389,0.6700649486372408,-0.13279446450208687,-0.5817200328635819
-0.7848281217003419,-1.1480888759545442,-0.6759571066084665,-0.5053950754931665,1.5048117101645337,-0.5058431199974579,-0.7741392312469519,0.8434168378858722,-1.5258687153901587,-1.4861235647314415
-0.49612150961673135,0.2935874460636548,0.7017501374339613,-0.4816843204377156,-0.9349754419053491,-0.5058431199974579,0.1565426519567184,1.3249498635765158,0.45599013959576995,0.239209653638629
0.6298342775093502,0.5279094928930592,0.8487664202443646,-0.4816843204377156,-0.5359080368795551,-0.5058431199974579,-0.5638156418223937,-0.3161146879771974,-1.1727447820097732,0.24107796448559873
0.9416374185596491,0.6510278564813904,0.3930357837862053,-0.12507456440373363,-0.4848149062466398,-0.5054791148749914,-0.5901060905004635,-0.9632950745054227,-0.07649886106108232,0.2332008471132254
-0.6693454768668976,0.1386966015493031,-0.5551299591974875,7.913819829596348,1.6941568413335732,-0.5058431199974579,3.8582378258289443,-0.8592839409562435,-2.2341187968554115,0.20005845925480695
0.4219655168091504,-0.42923649500332084,-0.13590539026579831,-0.40675833446249066,-0.687083593987534,0.2672651047100413,-0.22729789874310038,-1.1482037563706298,-0.6377196427272444,-0.194125751493851
-1.2236621720674299,-2.3391597546687533,-1.6975317897269084,-0.47030315801109907,1.426669275078899,0.3220269372934892,-0.7331261313091632,-1.6740378204248128,-0.4278875416975841,-2.9707349029011043
-0.16699597184141504,0.9727242258573521,0.48807060087956977,0.21256658758588737,-0.9445328628119769,-0.5049218326963482,1.6498401368710824,0.8280077810637716,1.0625610843184383,-0.7743475454065744
0.4508361780175114,0.17841220270682928,0.7184159508699585,-0.5366932721663618,-0.8562920207306597,-0.5058377726655704,-0.36926632160467737,1.7987783608561094,-0.3451960744024981,-0.22270515882066122
1.039797666668077,0.9369801848155785,0.8896373436707383,-0.17249607451463556,-0.8349531249957363,-0.503159790200869,0.10396175460057894,1.070700426011856,-0.4720697461764756,-0.6804841569487678
0.6298342775093502,-1.2036907175750808,0.060711527770786665,-0.5328995513574896,0.17037935716368624,-0.5058251774440762,1.339612842469859,-0.5896254465694831,-1.0047255980587018,-0.6397039418006708
1.7731124613604476,-0.5046961372026206,-0.32974467272971714,2.005099669777977,-0.756810689910101,-0.5058431199974579,-0.630593381464691,-0.06571751461806272,0.7310944399915268,0.022087064307252657
-1.6105290322594683,0.35713240791569667,-0.32458620666619387,-0.3432135109138822,-0.9393033306177844,2.264461351871081,1.187128240137054,-1.01337450917725,0.08170947083803007,2.6654569354234776
0.6933497321677445,0.8734352229635366,0.46763513916638294,2.2232386162881257,0.3446970969701033,-0.5058263693192558,0.7244163434030257,1.5291198664693488,-0.9521674620660624,-1.6539954249051902
-0.05728745924964285,0.6073406952081116,0.5094980752972803,1.094606675648662,-0.4096779494335291,-0.5058431199974579,-0.5638156418223937,-0.16202411975619152,-1.026850070543222,0.622899516324622
1.2534405596099492,-0.7151888233375091,-0.2539549021041109,-0.5044466452909485,1.0419680561957716,-0.5056530642255507,-0.5585575520867798,0.9975074061068783,-0.6664847939816282,-0.0947194224059584
0.8723478316595826,0.10692412062328216,0.3535536781461646,-0.4314175197201596,0.13731909616591745,-0.5058431199974579,-0.5743318212936217,0.8973485367632242,0.2629432718386796,0.5329726292736021
-1.1543725851673634,1.3261930761593346,0.7747622724869012,1.3886200383362535,-0.9476525192040745,-0.24073142460817798,-0.6453160327244101,-0.612739031802634,-0.22095865198942172,-2.5910922816547735
0.07551758230881735,1.3341361963908398,0.3614897797823537,0.08263164988201632,-0.942068370628507,-0.5058365163647052,1.4552908166533658,-0.09268336405673881,-0.3226044184869323,0.5991270236351551
2.2754619663859303,0.1903268830540867,-0.19522774999631173,1.6731490990016646,-0.6080395154201416,-0.5050120286558973,-0.31142733451292376,1.5406766590859244,-0.07262791263241815,-0.1968153277785748
0.12171064024219505,-0.9296530695881505,-0.26089899103577635,-0.47220001841553527,0.5610915325918625,-0.4904775940313964,-0.5164928342018681,0.13845248827477002,-1.4128103250771042,1.0499219423375665
0.6471566742343668,0.1823837628225819,0.5444169224965123,-0.5234152493353093,-0.7135318027857491,-0.5058431199974579,2.5805220200747527,-0.19284223340039275,0.1943340479651139,0.4852658688966324
-1.77220473502629,-1.974173380031088,-0.9263411132302328,-0.4257269385068514,1.7362335371489153,-0.5058431199974579,0.4352214079442581,-0.8978065830114951,1.545828973490121,-0.04706664509304951
-0.5711852287584699,-1.5651026881085688,-1.2396187253187971,1.3127456221588103,1.721206145786293,-0.5057538904231896,0.3773824208525045,-0.41242129311532627,-1.0678954719850928,0.5871843205587898
0.12171064024219505,0.952866425278589,1.1301012232472682,-0.5139309473131288,-0.9333524836381861,-0.5058212474772672,-0.7257648056793037,1.5907560937577514,0.4554562156745751,-0.3138255689878219
0.2371932850756394,1.238818753612777,0.6672280953165388,-0.4446955425512122,-0.9463601936016717,-0.3296388704495404,-0.6284901455704454,-0.3738986510600747,-0.23283845923601212,0.15933420551052838
-0.7386350637669642,-1.5968751690345897,-0.28113605020805865,-0.4883233318532418,1.7362335371489153,-0.5058431199974579,-0.602725505865937,-0.20825129022249333,-1.4635998380807844,0.004490638385524351
-0.5365404353084369,0.9052077038895575,0.5823118078093152,-0.4541798445733925,-0.9446230271601527,2.344993458611446,-0.5532994623511658,-1.0750107364656518,-1.1725779307844002,1.3496026929272982
-0.299801013399876,0.19827000328559194,0.8408303186081754,-0.4759937392244073,0.9277598818398431,-0.5058431199974579,-0.4849442957881844,0.03829361893111612,1.5812014332692932,0.13890454313095046
-0.3864129970249593,1.199103152455251,1.0043140123136707,-0.3545946733404986,-0.8598985946576889,-0.5058431199974579,-0.9376658220245462,0.34262249116760274,1.396897569721772,0.4238616298370041
0.4161913845674781,0.05926539923425074,-0.23054340227735337,-0.47694216942662543,0.11928622653077088,-0.5058431199974579,0.7349325228742536,0.30409984911235166,-0.9005103226904401,0.40312959518587954
1.455535188068476,0.46039297092526477,0.41585207599024904,-0.4257269385068514,0.7895078813037192,-0.505834519168458,-0.7951715901894079,0.41581551107258063,-0.737797007706244,0.39367169015121967
0.5316740294009225,0.28167276571639693,0.5319175624195146,-0.4684062976066631,0.8075407509388658,-0.5058431199974579,-0.06429711693906771,1.5753470369356506,0.7226183977425554,1.30852540646945
-0.6751196091085698,-1.1282310753757812,-1.2997346952129296,-0.3451103713183183,1.093061186828687,-0.4794608018293145,2.5962962892815944,0.7509624969532689,0.788291040049548,-0.8953713908546578
0.06974345006714518,-1.6763063713496422,-1.51797749020813,-0.23983461887211613,2.0007156251310656,2.3127806159152997,-0.527009013673096,-0.49331884143135435,-0.3977542103951374,-0.5865248551109692
0.5663188228509557,0.384933328725965,0.46327028326647884,-0.442798682146776,-0.9103906296360994,-0.4865798400651627,-0.6358514712003049,-1.6763491789481277,0.09675945136671617,-0.01752181045238518
1.039797666668077,1.417538958821645,0.4626750756437647,-0.312863744442905,-0.8854451599741466,1.765162290080821,-0.8162039491318637,0.9628370282571518,0.12852792467782242,-0.3018622773298078
-0.3690906002999427,-0.23463004933144302,0.782103166500376,-0.5623008876262487,0.4709271844161294,-0.5058431199974579,-0.5795899110292356,-0.5703641255418573,-1.4955351626172644,0.32917737983375916
-1.1485984529256912,-1.2870934800058857,-0.7781344151744013,-0.5120340869086928,1.2463405787274329,-0.5058305247759638,3.1168471731073764,-1.458311024915404,-1.3517427765904189,-0.042500878441368774
-2.511293661960333,1.4215105189373975,-3.4422837344430826,-0.36218211495824293,1.7422444936939645,2.5286066619794765,3.7215274927029816,-1.826163733901001,-0.7273854912429404,3.0095081204622836
0.8319289059678772,-1.1441173158387916,-0.8543209908818165,-0.5404869929752338,1.6400582324281336,2.2741252046799247,-0.5743318212936217,-0.4509439351705778,-0.07059232768286168,-0.014893002971785916
0.46815857474252803,0.031464478423982416,-0.19721177540535897,-0.4978076338754222,-0.6080395154201416,0.7730067350395304,-0.6716064814024797,0.18467965874107187,0.0969263025920895,-0.018415306514576835
1.4439869235851315,-0.6238429406751992,-0.6731794710358006,0.5540014603843807,-0.7928764291803941,-0.5051569864480301,-0.9155818451349674,0.7586670253643192,-0.7060952748852874,0.15661962570431007
0.4739327069842003,0.46039297092526477,0.14979426863700937,-0.2502673510965145,1.5078171884370586,-0.5058431199974579,0.6665773563112725,1.6909149631014053,0.6669234587128949,0.5082889769501794
-2.124426801768294,-2.1846660661659767,-2.4476917968876837,-0.4456439727534302,1.5288555363447291,1.1176841518882905,-0.5743318212936217,-1.6959957263963061,-1.8863007324419019,-0.16654319168280735
0.2545156818006561,0.5437957333560697,0.6870683494070116,-0.49306548286433205,-0.6633403156345911,-0.505826884724739,-0.39029868054713307,-0.7283069579683886,-1.071632939433458,-1.1737381448702255
1.0224752699430604,0.7106012582176793,0.30256422513364967,-0.5376417023685797,0.08021500898795338,-0.505809296512627,-0.6942162672656199,1.8218919460892602,0.07513553255831572,-0.19575514578634892
1.3573749399600488,0.4524498506937595,1.017408580013383,-0.2673390947364392,-0.883040777356127,-0.5058431199974579,0.42996331820864414,0.40811098266153034,0.26327697428942626,1.3741557602549173
0.7106721288927605,-0.13136948632187492,0.05158501088916916,-0.5072919358976026,-0.931759580153748,-0.4906064454021809,-0.1063618348239794,-0.5549550687197568,-0.6391545632654563,-0.9031219942308016
-0.3344458068499093,0.5914544547451012,0.23034570024432868,-0.5243636795375273,-0.29246429680507624,-0.10318258629563541,-0.3640082318690634,0.5814628719101622,0.8321061718326186,1.1136477253878914
-0.218963162016465,-0.6913594626429934,0.7148447051336733,-0.5528165856040683,-0.25639855753478297,-0.5058431199974579,-0.6363772801738663,-0.9016588472170203,0.33211978987851537,-0.3140038262965326
-0.01109440131626576,0.1545828420123136,0.20574378517214253,-0.514879377515347,-0.9061829600545654,-0.5054179104738689,-0.42184721896081684,1.436665525536745,-0.8736139051602387,-0.4229519059746565
0.306482871975706,-0.055909844122575186,0.41247923279486853,-0.5110856567064747,0.5460641412292404,-0.5058431199974579,-0.42184721896081684,0.31950890593445225,-1.3391288239521855,0.14073183176651985
0.7915099802761716,-0.004279562617791151,0.35831533912787805,0.8005933129610704,-0.7883682117716075,-0.5058431199974579,-0.5164928342018681,0.44663362471678186,-0.9025459076399965,-0.1033644543301803
0.3469017976674116,1.0481838680566518,-0.3283558549433837,-0.45133455396673844,-0.8481772293948436,-0.4417395630321278,0.21963972878408594,0.6546558918151401,-0.2966757380638969,0.3169685287006077
1.2707629563349656,-1.3824109227839485,-0.7430171654342643,1.4455258504693351,0.08923144380552653,-0.4230561142683632,-0.5164928342018681,-1.47449053457861,-1.4065033487579872,0.5677538233775796
-0.19009250080810386,0.11089568073903477,-0.2515740716132544,-0.38304757940703965,0.02311092180998913,-0.3963194548305622,0.05138085724443931,-0.33922827321034826,-1.1736124083817154,1.2762173710305076
-1.7144634126095681,1.2269040732655192,0.5981840110816935,0.2979253057855108,-0.9437814932438459,-0.41983482999874866,0.2564463569333837,-0.3276714805937729,0.9336851978399787,0.47121843215626447
1.6114367585936258,0.4524498506937595,0.6991709044022,-0.2863076987807999,-0.611044993692666,-0.5058431199974579,-0.7241873787586194,-0.10809242087883943,-0.3359858867618834,-0.7997174611902874
-0.6404748156585366,-0.8740512279676139,-0.24701081317244547,-0.33941979010501,0.7324037941257553,-0.5054694510221827,-0.5638156418223937,-0.6782275232965617,-0.20987973062462437,1.0887404568592822
0.8781219639012549,0.1148672408547874,0.39422619903163375,-0.48263275063993355,-0.8358547684774935,-0.5058160289967505,-0.49020238552379836,1.1978251447941861,0.2632436040443523,0.2668157566511803
1.4613093203101482,-0.37363465338278423,-0.1811411695920761,-0.4816843204377156,-0.8508821598401156,-0.4876428638741356,-0.7641488607492855,1.6639491136627294,-0.1886562547571206,-2.5258966880310547
1.2361181628849323,-0.3259759319937528,0.1946332428814778,0.47812704420693786,-0.36459577534566256,-0.5058431199974579,2.6015543790172084,-0.9555905460943721,-1.6715965756313367,0.2455461265047932
-1.1774691141340523,1.1435013108347147,1.2457699045947241,-0.34416194111610016,-0.9091884383270897,-0.4996904670424941,-0.5743318212936217,0.6122809855543634,-0.4120700455321802,-0.8503993214282305
0.4566103102591837,-1.0011411516716975,0.27240703891613105,-0.492117052662114,0.774480489941097,-0.5058431199974579,-0.4849442957881844,-0.5973299749805334,-0.07419631415092852,0.06447920732873855
1.2592146918516212,1.1832169119922404,1.471551996144304,-0.33847135990279203,-0.9370492219133912,0.3026992316758017,1.5341621626875752,-0.7051933727352377,-1.1725779307844002,0.3880493550375253
0.6702532032010557,-0.5166108175498785,0.529338329387753,-0.5376417023685797,0.27256561842951704,-0.5052085269963439,-0.5375251931443239,0.4774517383609831,-0.4053292560270925,-0.9131080588864515
-0.05728745924964285,1.1276150703717043,0.7620645098689985,0.0010666524912651733,-0.9082867948453323,1.6105406451393214,0.8032876894372352,-1.6062379704075698,0.9286462908337011,1.2390355559505657
-0.31712341012489265,0.6152838154396169,0.8315053991856531,-0.19051624835677822,-0.9432405071547914,-0.5051698715851085,-0.627964336596884,-0.5010233698424048,1.6310232091658083,-0.17848042338993655
-0.05728745924964285,1.1236435102559517,0.7787303233049956,-0.19525839936786837,-0.8662100990299902,-0.5058324253336828,1.7024210342272221,0.3541792837841782,0.9961209263747272,-0.37860109674047493
1.2476664273682767,0.9250655044683206,1.4150072719864568,1.3127456221588103,-0.4968368193367376,-0.5058381592196828,-0.13791037323766317,0.7586670253643192,0.6407611865743371,0.10953547475014704
0.6298342775093502,0.08706632004451907,0.06844922686607104,-0.08049834489948587,0.6873216200378888,-0.5058431199974579,2.2545204564666874,1.67935817048483,-0.8106776229493706,-2.1084627350665643
-0.32867167460823715,1.3142783958120767,0.6178258626312616,-0.19051624835677822,-0.9471596508221634,0.07398804853316647,-0.8556396221489684,0.3618838121952285,-0.9046148628346273,0.35045920596247115
0.520125764917578,0.13075348131779788,0.0007939604175589587,1.530884568668959,-0.7574117855646059,-0.5058350667867839,0.5614155615989932,1.0552913691897556,-1.343300104586522,-0.4619353209312061
0.8377030382095494,1.1196719501401988,0.5416392869238463,-0.11274497177489923,-0.9103906296360994,0.03533263729779157,-0.5795899110292356,-0.8130567704899417,0.19503482311168246,-0.38868945641788094
0.2140967561089506,-0.15519884701639064,0.33252300881026353,-0.4541798445733925,1.3545377965383123,-0.5058250485927054,-0.27987879609924,-0.12350147770094004,0.43052864260378015,0.24792367439647453
-1.8414943219263564,-0.8780227880833665,-0.6906388946354163,-0.5423838533796699,0.8165571857564391,-0.4906064454021809,-0.5532994623511658,-0.9864086597385735,-1.2722214825774285,-0.6790966933528463
0.5778670873343001,1.2983921553490663,0.5404488716784179,0.003911943097919351,-0.7381767246204495,-0.5058431199974579,0.3773824208525045,1.8758236449666121,0.32995072394866054,-0.09666298783293013
-1.7317858093345844,0.9608095455100942,0.5164421642289457,0.25998809769678927,-0.7102257766859722,0.48309115077421816,-0.8240910837352846,-0.9440337534777967,1.0874886573892326,1.018329520573102
-0.5769593610001421,1.3698802374326133,0.735478569387765,0.48761134622911817,-0.947618887902205,-0.45945662651500796,-0.521750923937482,-1.0596016796435512,-0.7383976721175884,-0.1465519376792588
0.6818014676844001,-0.024137363196554244,0.44462044442143445,-0.4816843204377156,0.8285790988465369,-0.505829332900784,-0.5743318212936217,1.3288021277820408,0.8601038074502847,1.022166457566866
-1.7664306027846177,1.3539939969696029,1.3231468955475685,-0.1544759006724928,-0.9476457869327443,2.6510154642248307,-0.3640082318690634,-0.01949034415176109,-0.8529243532139298,-2.943203075916902
0.9416374185596491,0.5874828946293486,0.8499568354897927,-0.4797874600332795,-0.8668111946844952,-0.5058431199974579,-0.4428795779032727,-1.4178622507573901,-0.47240344862722267,-0.40577108964011943
0.44506204577583924,0.7820893403012263,0.5708044604368412,-0.1867225275479061,-0.80099122051621,-0.5058340037629749,-0.032748578525384084,0.6585081560206653,-0.13773326077314102,0.315757829079516
1.068668327876438,1.0521554281724044,0.7618661073280937,0.2694723997189697,-0.6290778633278127,-0.45526895696450903,-0.24307216794994227,0.21549777238527307,-0.4874867994009831,-1.016911470860604
-0.9696003534338525,-1.108373274797018,-0.02063351400015137,-0.48263275063993355,0.9668310993826608,-0.5058158357196942,-0.6137674943107263,-0.6281480886247347,0.11988503120347735,0.02443725844851528
1.1610544437431936,-0.22668692909993776,-0.30137310938034095,-0.15542433087471086,-0.2443766444446852,-0.5058302348603795,0.587706010277063,1.683210434690355,-0.27932321062505744,0.09676568523540326
-0.17277010408308724,0.9727242258573521,0.9824897328141508,-0.4797874600332795,-0.9405656314922448,-0.5058431199974579,-0.29039497557046795,0.26557720705710014,-0.7396991116755015,-0.1221592268941657
-0.4787991128917148,0.7900324605327316,0.638658129426258,-0.518673098324219,-0.7970840987619284,-0.5058431199974579,0.16705883142794634,0.288690792290251,0.38975020312250774,1.6504433808071268
0.04087278885878401,1.1911600322237457,-0.16685618664693552,-0.39632560223809227,-0.9351858253844259,2.489951250744102,2.065229225984585,0.40811098266153034,0.330084204928959,1.4843266997640605
-0.6924420058335865,-0.8025631458840667,-0.2515740716132544,-0.027386253575275903,1.0479790127408204,-0.5058431199974579,-0.7583649620401101,-1.490284817821263,-1.6565799653477256,-0.21435555088876126
-1.0735347337839525,0.5755682142820907,0.5329095751240382,-0.44943769356230234,-0.947565390388954,1.9648819147969252,2.1020358541338826,-0.7822386568457405,-0.9747591179816284,0.08003646244072139
-0.7386350637669642,-1.2473778788483596,-0.8612650798134819,-0.3877897304181298,1.9947046685860166,2.4706235451264145,-0.5585575520867798,0.1191911672471443,-0.9819003504276127,-1.8759042056935604
0.5258998971592502,0.015578237960971941,0.35752172896425904,0.5160642522956594,-0.8806363947381075,-0.5058431199974579,-0.4428795779032727,0.7586670253643192,1.5326477266856176,0.02668647307789761
-0.299801013399876,1.3937095981271292,0.3860916948545398,-0.043509567012982475,-0.9443525341156256,-0.5058210219873683,0.8874171252070585,-1.3947486655242392,-0.00401868875885241,0.24792367439647453
0.2718380785256727,0.5954260148608538,-0.10078814052566125,-0.3669242659693331,-0.5839956892399462,-0.5057857811374588,2.5542315713966826,1.29798401413784,1.4121144014758318,0.5312559857996273
0.8434771704512216,0.21018468363284978,-0.05039389513586049,-0.01221137033978722,0.9277598818398431,2.2354697934445498,-0.5901060905004635,-1.6867502923030455,0.25800447556762535,-1.202715063984646
0.4739327069842003,0.6748572171759061,0.5172357743925647,-0.5110856567064747,0.383768314512921,-0.5058431199974579,0.3248015234963652,0.9666892924626769,0.5327750735126356,-0.3161985173128887
-2.488197132993644,1.3579655570853555,0.8078954968179906,-0.24931892089429655,-0.9475867292846891,1.8263666912034981,0.004058049623913653,-0.16587638396171664,1.6196439555953381,-0.7555938001422176
-0.5365404353084369,1.0084682668991256,0.7584932641327136,-0.20663956179448487,-0.9468951687341811,-0.5052729526817361,-0.6584612570634449,-0.28914883853852136,-1.0725005658053999,-0.005852136111438386
-0.842569444117064,-2.121121104313935,-1.3739372455112981,-0.48452961104436965,1.9015348421377591,-0.5058431199974579,-0.6579354480898835,-1.3716350802910884,-0.5979756808432867,0.017157648335653353
1.640307419801987,0.003663557613714085,-0.09106641602132971,-0.3792538585981676,-0.9382514132224008,-0.3035464678656623,-0.5690737315580077,0.8357123094748219,0.09539127131865349,2.3308133822329706
-1.2583069655174632,1.3778233576641188,1.2171999387044434,1.2748084140700888,-0.9476391748805447,0.43155060246038485,0.345833882438821,-0.2005467618114431,1.9298203835645955,0.022124381488615247
1.4093421301350986,-0.4888098967396101,0.07797254882949799,0.8100776149832508,-0.8677128381662524,-0.5058230513964582,-0.5427832828799379,0.26172494285157494,0.4321637846124402,0.8886933458879256
0.13903303696721175,-1.851055016442757,-0.9311027742119461,-0.44185025194455807,1.8384197984147461,-0.5058431199974579,-0.42184721896081684,-0.47020525619820347,0.5928081444020049,-0.27075285069943905
0.11593650800052285,1.2785343547703032,1.7126110833435482,-0.2787202571630557,-0.7504991855377997,-0.5058431199974579,0.29851107481829536,0.06525946836979223,0.19036298880122562,-0.5373558525620727
-0.5192180385834203,1.3460508767380976,0.8059114714089433,0.039003860579986664,-0.945151991336117,-0.4748221524810695,0.7559648818167095,-1.0596016796435512,0.45932716410323887,0.14127261967541696
-0.8310211796337196,0.1386966015493031,0.4894594186659028,-0.36028525455380683,0.03212735662756247,-0.5058431199974579,-0.5638156418223937,-0.7321592221739138,-0.20680966807775278,2.8677062888433538
-1.9685252312431454,1.3778233576641188,0.30732588611536316,1.094606675648662,-0.9375300984369951,2.383648869846821,1.7444857521121337,-1.5484540073246926,1.262148520110168,2.2426110157994508
0.6009636163009892,1.107757269792941,0.46088945277562227,-0.4902201922576779,0.27256561842951704,-0.5058369029188176,-0.721032524917251,1.737142133567707,0.4075031735022431,0.22219656214579794
1.039797666668077,0.8615205426162788,0.036704820321314745,-0.2863076987807999,-0.04000412191302392,-0.5055696329629676,-0.5164928342018681,0.23861135761842403,-0.5153843242834253,4.038858145571099
-0.6520230801418809,-0.0797392048170909,0.29442972095655573,-0.028334683777493794,0.5250257933215693,-0.5058060752283574,-0.43236339843204474,1.5522334517024998,2.464645301376677,-0.36280734676650467
0.7626393190678105,-1.3585815620894328,-0.8596778594862443,-0.42003635729354316,1.664102058608329,-0.5058431199974579,-0.7404874569390226,-0.05801298620701236,-0.10573119574651223,-0.03389311061789152
1.6691780810103478,0.16252596224381882,0.023808655162507197,0.686781688694906,0.3507080535151522,-0.4936344526156187,0.05663894698005327,1.1284843890947334,0.19503482311168246,0.9341841505485132
-0.3055751456415482,1.2825059148860558,0.2948265260383652,0.13858903181288046,-0.9474091055187827,0.1255285968469998,-0.400814860018361,-0.2698875175108955,-0.8224239492156618,-0.1249360234185576
1.3458266754767043,0.9766957859731047,0.9937986776457202,-0.466509437202227,-0.08809177427341486,-0.5058431199974579,-0.09058756561713752,-0.4894665772258292,-0.47220322715677454,-0.594354434342371
0.11016237575885068,0.5954260148608538,0.6267539769719742,-0.3451103713183183,-0.9040791252637981,-0.5058060752283574,-0.18523318085818882,-0.20825129022249333,0.20004035987288646,0.35226822343557834
0.7164462611344328,-1.2275200782695965,-0.7944034235285888,-0.34985252232940844,0.08923144380552653,2.096954569851123,-0.4639119368457285,-0.38160317947112504,-0.898474737740884,-0.5700030176895327
0.24296741731731167,-0.6754732221799832,0.15019107371881874,-0.5537650158062865,-0.16623420935905003,0.23505226201389554,-0.4849442957881844,-0.5549550687197568,-0.4285549465990778,0.28777074350254056
1.120635518051488,0.9568379853943416,1.0098692834590033,-0.30907002363403285,0.6031682284072045,-0.5058431199974579,-0.39555677028274705,1.9413121364605392,1.261214153248076,-1.9902569352550157
-0.03419093028295405,-1.211633837806586,-0.8136484699963477,-0.4816843204377156,0.7113654462180843,-0.5058431199974579,-0.5848480007648496,-0.05801298620701236,-0.9777290697932763,0.6737911377627602
-1.5239170486343852,1.3103068356963241,0.8809076318709301,0.005808803502355336,-0.9476508962458075,1.4075997361536026,0.7401906126098676,-1.2868852677695353,1.9299538645448948,0.45705871560345035
1.7788865936021199,0.055293839118498125,-0.4600951421041231,-0.39063502102478403,-0.5148696889718841,-0.3167537333710821,0.16180074169233236,1.8950849659942377,0.12862803541304654,1.7245331330957683
0.42773964905082257,0.436563610230749,0.2632805220345135,-0.41813949688910707,-0.8911555686919431,1.1595608473932801,0.4772861258291698,-0.042603929384911754,0.5934421790584242,0.9011805924430457
-0.9291814277421471,0.682800337407411,-0.46942006152664506,-0.35933682435158887,-0.741182202892974,0.09331575415085397,-0.2010074500650307,1.3172453351654654,0.2776261796715438,-0.07030600145520788
-0.02264266579961021,0.9449233050470838,0.7005597221885329,0.057972464624347415,-0.943901712374747,-0.5057864253943127,-0.24833025768555622,0.4928607951830837,-0.5047058458595237,-0.23057976143444875
-0.8483435763587363,-1.191776037227823,0.03789523556674321,-0.49401391306655007,1.8835019725026123,-0.501880940345832,-0.5690737315580077,-1.0827152648767022,-0.4763745077911109,0.3512168475193738
-0.9638262211921804,-2.527093979346167,-4.896574359274735,-0.439953391540122,2.036781364401359,2.457738408047956,-0.5795899110292356,-1.3562260234689878,-1.6059573035694186,-1.036452549251569
0.18522609490058942,-0.22271536898418515,0.3491888222462605,-0.30812159343181483,0.9848639690178075,-0.5057567895790323,-0.27987879609924,1.428960997125695,-1.4393062996664092,-0.14629069696177519
0.08129171455048961,0.16252596224381882,0.47180159252538223,-0.5253121097397453,-0.756209594255596,1.9262265035615502,0.1302522032786486,0.011327769492440031,-0.73933203897968,-0.22087611968208076
0.5836412195759725,1.1395297507189621,1.1465686341423604,1.5688217767576804,-0.9230436931634272,-0.5058375793885141,0.345833882438821,1.2055296732052363,0.12889499737364396,1.5924518127637186
0.387320723359117,1.3976811582428819,0.40751916927225046,0.10160025392637706,-0.9434809454165933,-0.5036172125671543,-0.7452197377010752,0.7162921191035425,0.841516580943681,-0.027489212686695564
1.4959541137601815,1.1554159911819726,0.8350766449219381,-0.14594002885253043,-0.9378005914815222,1.6202044979481651,-0.9602756078876862,-0.11964921349541481,0.028417189453747858,1.3322573408665381
0.37577245887577265,-1.624676089844858,-0.8055139658192537,-0.5006529244820762,0.3386861404250544,-0.5058271746403233,0.009316139359527614,0.7663715537753696,-0.10015836481903874,-0.5406930954055718
-0.01109440131626576,-0.5444117383601468,0.12300992561487119,-0.568939899041775,-0.6765644200336985,-0.5058431199974579,-0.5995706520245686,-0.743716014790489,-0.5737155126739862,0.5829581111307256
1.7038228744603812,0.21812780386435504,0.7434146710239541,-0.2919982799941082,0.03212735662756247,-0.4907997224583578,-0.9013850028488097,0.17312286612449648,0.5966790928306696,-0.7854288384427663
0.9820563442513546,-0.13534104643762757,0.9259450086563036,-0.010314509935351135,-0.36459577534566256,-0.1515018503398541,-0.4271053086964308,0.2077932439742228,1.929453310868774,-1.397618812648164
0.16212956593390054,-0.020165803080801625,0.45335015622124253,-0.5063435056953846,-0.9473745425186488,-0.33543718213484663,-0.09058756561713752,-1.259919418330859,-0.3380214717114398,0.08896637263255158
1.7904348580854643,0.07912319981301383,0.39918626255425194,0.14427961302618872,-0.12415751354370791,-0.5058431199974579,-0.6721322903760413,-0.15431959134514125,-1.0725005658053999,-0.2150616837746183
0.006227995408750759,-0.9256815094723979,-1.378103698870297,-0.47504530902218933,-0.2894588185325518,-0.48947899590781585,-0.41133103948958893,-0.17358091237276702,-0.23700973987034857,-1.965641842863322
0.15635543369222837,-0.6595869817169727,-0.5598916201792008,2.1473642001106827,1.625030841065511,-0.5058431199974579,1.050417907011091,-0.07727430723463821,0.20501252638901546,-0.08500516031321768
1.4035679978934263,-0.3220043718780002,0.05852909982083473,0.5824543664509217,-0.3796231667082847,-0.5058431199974579,-0.5112347444662542,-0.2467739322777449,-1.1560930297175025,-0.7897548606408991
0.08706584679216178,0.6907434576389162,0.4924354567794739,-0.08334363550613996,-0.9376803723506213,-0.5053953614839815,1.0188693685974073,-0.004081287329660479,0.09772718847388215,-0.730607140989631
-0.6116041544501754,-0.9375961898196555,-0.6265548739231893,-0.5281574003463994,-0.16022325281400113,-0.5058431199974579,2.065229225984585,-1.2907375319750602,0.5919738882751384,1.6676763087075688
-0.5365404353084369,0.7463452992594528,-0.6729810684948956,-0.43521124052903176,-0.9435711097647692,-0.5058057530999304,0.692867804989342,0.8203032526527216,-0.7125023619396279,-0.39016110000603305
1.8654985772272032,0.12281036108629263,0.5424328970874651,-0.21327857321001112,1.177214578459371,-0.5038974642986107,-0.1904912705938028,0.4774517383609831,0.1300963261963329,-0.7161853822097256
-0.01109440131626576,0.1386966015493031,0.15554794232324637,-0.4380565311356859,0.059176661080282376,-0.5058431199974579,-0.4639119368457285,1.8835281733776623,-0.6201335235728818,-0.6562459128232622
0.24874154955898384,-2.025803661535872,-4.639841471344019,7.809492507352364,1.7091842326961952,-0.5057954449902676,-0.53226710340871,-1.1404992279595796,0.2691835076676473,-2.8030421738687807
0.012002127650422936,0.519966372661554,0.6301268201673548,-0.5158278077175649,-0.80099122051621,-0.5058431199974579,-0.2588464371567842,-0.30070563115509674,-0.07339542826913595,0.569813238739957
-1.7029151481262235,1.1196719501401988,0.7535332006100952,0.06935362705096383,-0.9474689145364061,-0.4830364273685867,0.6139964589551328,-1.1173856427264288,-1.0714660882080846,-0.36270999291165373
0.8838960961429271,-0.44512273546633135,-0.13134213182498958,-0.4171910666868891,0.7324037941257553,-0.505775473027796,-0.2641045268923981,-0.797647713667841,0.39475573988371165,0.3204725926671869
0.520125764917578,0.6986865778704214,0.7640485352780458,-0.2768233967586196,-0.16022325281400113,-0.483970599806775,0.18283310063478822,0.6816217412538161,-0.4720363759314007,-0.4175639856950912
-0.299801013399876,0.3055021264109126,0.6390549345080674,0.3074096078076912,1.1020776216462604,-0.5058431199974579,-0.36926632160467737,0.1885319229465971,-0.3610469408129769,0.2746859157019999
1.4324386591017868,-1.5651026881085688,-1.3844525801792484,2.2042700122437644,0.452894314780983,-0.5054146891895992,0.9557722917700401,0.20394097976869768,0.1306636203626025,1.3755002384246573
-0.2767044844331872,0.4524498506937595,0.8638450133531238,-0.4873749016510238,0.6752997069477911,-0.5058431199974579,0.19334928010601615,0.04599814734216638,0.8610381743123757,0.7779241206764197
1.1610544437431936,0.46833609115677,0.7527395904464762,-0.47220001841553527,-0.5449244716971285,-0.5055351652212827,-0.841968588836372,1.871971380761087,0.06886192648427367,-0.12961232015904503
0.9589598152846659,-0.9931980314401923,-0.7610717966565947,-0.47030315801109907,1.1020776216462604,-0.5058431199974579,-0.4639119368457285,1.509858545441723,-0.6905781109255558,-1.1040673619253005
-0.09770638494134846,0.734430618912195,0.3604977670778301,-0.3545946733404986,0.2695601401569926,-0.5058431199974579,0.7927715099660072,1.6485400568406285,1.1965092480482498,-0.24993474034429622
-0.0457391947662985,0.8297480616902578,0.8120619501769898,-0.43710810093346786,-0.924967199257843,-0.5058431199974579,2.0179064183640594,-0.42012582152637656,0.16136424583131878,-0.5647197265304507
0.7048979966510883,0.2538718449061286,1.0003459614955765,0.16514507747498547,-0.17825612244914782,-0.5058397054361321,-0.5532994623511658,-0.06956977882358785,-1.102166713676801,-0.07987638711670783
-0.7963763861836863,1.1236435102559517,0.4235897750855333,-0.4171910666868891,-0.9460295909916941,0.6312702271764888,-0.5743318212936217,0.03829361893111612,1.066732364952775,-0.250957856048306
-0.46147671616669805,0.1863553229383341,0.04305370163026609,-0.3526978129360626,-0.34355742743799145,-0.5058431199974579,0.6297707281619747,-0.5164324266645052,0.9252758960811573,0.09157623120471735
-1.6682703546761901,1.405624278474387,0.7668261708507119,1.246355508003548,-0.9370492219133912,-0.5058431199974579,-0.4796862060525704,-0.793795449462316,-0.4144393329324832,-0.15430673086464683
0.07551758230881735,0.24195716455887073,0.5358856132376091,-0.48263275063993355,-0.8076032727157637,-0.5058328118877952,1.697162944491608,-0.6743752590910365,-0.5693440105692016,-0.08243982026953038
1.3169560142683432,0.04337915877124027,0.04444251941659912,-0.39063502102478403,-0.9465194839501154,2.332108321532987,-0.6589870660370063,-1.360078287674513,0.09535790107357912,2.000216882839894
-1.194791510859069,-1.5651026881085688,-0.22796416924559157,-0.4266753687090694,1.5709322321600712,-0.4912184894134078,-0.5743318212936217,-0.7514205432015394,-1.4987387061444348,-0.4751289161148389
0.5605446906092836,-0.24257316956294825,0.06666360399792855,-0.4816843204377156,0.43486144514583636,-0.4927969187055189,-0.53226710340871,1.0976662754505322,-0.9723230900911762,0.23435899969691623
-0.4557025839250259,-1.851055016442757,-0.24482838522249353,-0.33657449949835594,1.913556755227857,-0.5058398665003456,-0.5690737315580077,-1.051897151232501,-0.16172646698184448,-0.17890233818064058
-0.6982161380752587,0.4762792113882752,0.8184108314859411,-0.4987560640776403,-0.9459484430783359,-0.5058431199974579,-0.164200821915733,-0.5318414834866058,0.4282594659387017,0.32389332326216885
-0.4557025839250259,0.3611039680314493,0.5460041428237502,-0.5016013546842943,0.16436840061863736,-0.505725543121617,-0.6442644147772872,-0.3700463868545495,0.53010545390666,-0.2473648282098337
1.340052543235032,0.9131508241210627,0.640046947212591,2.450861864820455,-0.7135318027857491,-0.5058431199974579,-0.8409169708892492,0.3849973974283794,-0.8373404487640489,0.13181464038802496
0.49125510370921693,-0.758875984610788,0.04682334990745593,-0.45987042578670073,1.5078171884370586,-0.5058431199974579,-0.4849442957881844,-0.18128544078381725,1.029190839243747,-0.32744075091319425
0.3930948556007893,-0.06782452446983304,0.28827924218850925,-0.5291058305486175,1.1561762305516998,-0.5058431199974579,-0.2693626166280121,-0.41242129311532627,-0.23617548374348116,0.07444197186762244
-0.42683192271666476,0.3889048888417176,1.1080785412068432,0.4022526280294948,-0.7012093418683989,-0.05808460652103125,1.3606452014123145,-1.2560671541253337,-0.2557638176023252,0.6009469442674557
1.9116916351605813,-0.8184493863470772,-0.11269229297994501,-0.33847135990279203,0.7203818810356575,-0.5058431199974579,-0.39029868054713307,1.3942906192759685,-0.23704311011542295,-0.8637538828511853
0.12171064024219505,-1.1242595152600285,-0.6023497639328126,-0.48263275063993355,1.5679267538875472,-0.5058431199974579,-0.5638156418223937,-0.4162735573208514,0.3935877813060966,0.3159063339779105
0.7684134513094827,0.6430847362498852,0.4854913678478084,1.5972746828242215,0.2785765749745658,-0.5044160910660187,-0.7205067159436896,-0.5087278982534549,0.8327068362439629,-0.5205286407654669
-0.3690906002999427,-1.140145755723039,0.05753708711631105,-0.5385901325707979,1.6490746672457066,-0.43239783865024545,-0.6721322903760413,-0.8669884693672938,-0.9260051899275041,-0.4649854377755998
-0.5018956418584036,-1.6643916910023842,-1.2425947634323684,-0.2863076987807999,2.03077040785631,-0.5031952243278348,1.7287114829052919,-0.3584895942379741,-0.00935792797080294,-0.8317862062990732
-0.5307663030667646,0.30153056629516,0.30831789881988675,0.16514507747498547,-0.36459577534566256,-0.5058431199974579,-0.5901060905004635,0.6623604202261903,-1.2770267978681844,-0.20299737500060902
-1.4719498584593351,-1.5849604886873319,-1.1672017978885716,-0.492117052662114,1.372570666173459,-0.4912184894134078,-0.15368464244450505,-1.3908964013187142,-0.25589729858262406,0.4127726682427253
1.5305989072102146,-0.000308002502038533,-0.6120714884371444,-0.42193321769797926,-0.9398142619241134,2.209699519287633,-0.6721322903760413,-0.7783863926402154,-0.037355563588469136,1.7904488202054198
-0.25938208770817056,-1.346666881742175,-0.2991906814303888,-0.5034982150887304,0.8345900553915857,-0.5006246394806823,-0.5164928342018681,-1.1058288501098534,-0.022272212814708568,0.1680852254107306
1.6518556842853311,-1.700135732044158,-0.7207960808529348,0.19359798354152663,-0.5238861237894574,1.3560591878397694,-0.6768645711380937,-1.28303300356401,-1.571285618936814,-0.6357426371194761
-0.4730249806500425,0.8416627420375157,1.0066948428045275,-0.4010677532491824,-0.9305273340620133,-0.5008501293795553,-0.678441998058778,-0.6551139380634107,0.26417797090644346,-0.4620784585682676
-0.8887625020504418,-0.778733785189551,0.19979170894500065,-0.5651461782329028,0.36874092315029877,-0.5058431199974579,-0.5375251931443239,-1.3754873444966134,-0.8868285222098166,0.08327638011847481
-1.3795637425925795,-2.203332398710014,-3.926187531709713,-0.39917089284474633,1.8504417115048437,2.2064782350180185,3.900302543713856,-1.566559649090661,-0.06822304028255866,1.2243641082572136
0.2891604752506894,-1.8153109754009835,-0.9781241764063665,-0.3877897304181298,1.6761239716984269,0.4154441811123119,-0.8235652747617233,-0.9748518671219981,0.6617177004812438,-0.40477139528330536
0.0004538631670784859,-1.0924870343340076,-2.969887284548926,8.25525470239484,0.8616393598443056,-0.5058431199974579,2.454327866420018,-0.9093633756280706,-0.7861838630645468,0.9448616942691492
-0.894536634292114,-0.15917040713214325,-0.4418421083408881,-0.29389514039854425,-0.9450558160313963,-0.35927468572999455,0.5666736513346071,0.06140720416426699,-0.25342790044709657,-0.42020739863827977
0.4508361780175114,0.8059187009957421,0.2839143862886052,-0.36597583576711507,-0.9121939165996141,2.3063380473760704,-0.721032524917251,-0.18898996919486763,0.19546863629765363,1.098058526937022
-0.49612150961673135,0.9091792640053101,-1.9366068515171055,7.638775070953117,1.1321324043715042,-0.5058431199974579,3.569042890370177,-1.6794309903125477,0.33342122943642793,2.538277376381518
1.2880853530599823,0.48025077150402784,-0.13094532674318002,-0.14973374966140263,-0.8989698122005065,0.6731469226814784,0.582447920541449,0.5467924940604358,0.10159813690254632,1.1269282374086258
1.3516008077183765,-0.07179608458558566,0.0803533793203548,0.12910472979070017,-0.6260723850552883,-0.49318347281787267,-0.6726580993496027,1.2594613720825885,-0.5724808136062224,0.07137768368817982
-0.8598918408420807,0.8098902611114948,-0.7769439999289729,-0.40865519486692664,0.7714750116685726,-0.04197818517295843,-0.5164928342018681,-1.0480448870269758,-0.27842221400804074,-1.7328328087347977
0.046646921100456276,0.9012361437738049,0.6471894386851613,-0.49970449427985825,-0.9470364262129898,-0.49637254424479105,-0.814100713237618,1.2710181646991638,0.19793803443318023,-0.24002892253171051
-0.1612218395997428,0.48025077150402784,0.3454191739690707,-0.5291058305486175,-0.9450528105531237,0.959841222677176,-0.42184721896081684,0.801041931625096,-0.7379972291766922,0.23982864372416116
2.2754619663859303,0.5239379327773066,0.6610776165484922,2.185301408199404,-0.4367272538862489,-0.5058431199974579,0.6192545486907468,1.332654391987566,0.09589182499477386,-0.19356954922932407
-0.7213126670419475,1.0283260674778887,0.6416341675398288,-0.3005341518140705,-0.9148988470448861,-0.5058431199974579,0.9557722917700401,0.5198266446217598,0.8837299409631661,-0.6061396968850001
0.5894153518176447,-0.5880988996334255,-0.127969288629609,-0.4778905996288434,0.702349011400511,-0.5057993105313912,-0.5375251931443239,-0.5588073329252818,0.26144161081031886,2.9054987419763965
-0.03996506252462623,0.8138618212272474,0.28768403456579505,-0.4115004854735808,-0.945714015773079,-0.5058431199974579,-0.7168260531287599,0.011327769492440031,0.26187542399629005,0.20178279385837045
-1.1774691141340523,-1.9304862187578093,-0.8396392028548666,-0.45892199558448266,1.6851404065159996,-0.47601402766082695,-0.6994743570012338,-0.011785815740710734,2.6006624203011195,-0.8681632437812784
-0.218963162016465,-1.1044017146812655,-0.9900283288606502,0.4591584401625771,1.9466170162256253,-0.5058343903170873,1.4973555345382776,1.6100174147853772,0.00459083447041821,-0.25748061904141767
1.068668327876438,0.31344524664241785,0.9568958050374411,-0.11084811137046303,0.059176661080282376,2.0937332855815085,-0.521750923937482,-1.0480448870269758,1.863947519787155,0.1365468724233927
-0.2016407652914483,-1.1878044771120704,0.02241983737617416,0.0731473478598359,0.6001627501346801,0.22860969347466636,-0.4533957573745006,-0.9055111114225455,2.5897169799166204,-2.637742811055761
0.9647339475263382,-0.4371796152348261,0.5166405667698506,-0.4978076338754222,-0.35858481880061366,-0.5058431199974579,-0.4954604752594123,-1.0596016796435512,0.26321023379927744,0.721922502403038
-0.8079246506670308,-0.4967530169711154,0.7815079588776619,-0.4257269385068514,-0.9226229262052738,0.6570405013334054,-0.4428795779032727,-1.6875207451441507,-0.06752226513599018,3.09104785288771
0.803058244759516,-0.6635585418327253,-0.05634597136300258,-0.23509246786102594,-0.22033281826448983,-0.5058431199974579,-0.706309873657532,0.27328173546815043,-0.7462063094650666,-0.6950327259622089
-1.0562123370589358,0.027492918308229794,0.30395304291998265,-0.4560767049778286,-0.8532865424581353,-0.5058431199974579,-0.6568838301427607,-0.820761298900992,0.8014055463639018,0.7956920317541983
-1.7029151481262235,-1.0766007938709972,0.17975305231362318,-0.45133455396673844,1.8835019725026123,-0.505791901577571,-0.4954604752594123,-0.4008645004987507,-1.6640215299993817,1.0973027142804082
0.21987088835062277,0.37699020849445974,0.5075140498882331,-0.49401391306655007,-0.9442323149847247,2.3224444687241435,-0.2010074500650307,-1.3138511172082112,-0.6044495083877769,1.1470857534519194
0.722220393376105,1.199103152455251,0.6600856038439686,-0.08429206570835804,-0.90798624701808,2.3643211642291333,-0.4796862060525704,-1.6844389337797305,0.5306727480729295,-0.6560490579780799
0.8088323770011882,-0.7866769054210563,-0.8007523048375401,-0.3858928700136939,0.20043413988893058,2.5092789563617894,0.692867804989342,1.0899617470394818,-0.1411036555256849,1.6725126526049479
0.7453169223427939,-0.37363465338278423,0.6305236252491642,-0.42193321769797926,1.1411488391890776,-0.5058431199974579,-0.6032513148394983,-0.19669449760591787,-1.0714327179630099,0.20662049818471667
0.3930948556007893,1.2745627946545506,1.1045072954705584,-0.29958572161185254,-0.8100076553337834,-0.4871274583909972,2.454327866420018,-0.6281480886247347,0.32968376198806265,-0.24786251505270077
-0.1612218395997428,-0.6794447822957358,-0.3466088887066188,2.887139757840752,1.6610965803358044,-0.5058431199974579,-0.8088426235020041,1.2748704289046893,1.833680707504409,-0.9086897721370151
-1.2121139075840857,0.6113122553238642,0.46763513916638294,-0.48263275063993355,-0.907385151363575,-0.5054243530424081,-0.5375251931443239,-0.22366034704459395,-0.8331357978846377,1.270982123839858
0.4219655168091504,0.4643645310410174,0.1896731793588597,-0.16206334229023703,0.5460641412292404,-0.5058431199974579,-0.8551138131754069,1.4443700539477955,-0.5058738044371384,-0.08073492499435111
-0.7386350637669642,-0.7271035036847671,-0.315261287243672,-0.2768233967586196,-0.4006615146159557,-0.505784170495324,0.9557722917700401,-1.569641460455081,-1.5421867652316827,-0.08865122515754893
-0.9291814277421471,0.10295256050752954,0.5817166001866013,-0.4778905996288434,-0.9179944896655863,-0.5046641299547789,-0.6400579429887961,-0.9902609239440987,-0.4103347927882965,0.7454310025196904
-1.2121139075840857,1.3817949177798714,1.1197842911202223,-0.03876741600189231,-0.9470183933433545,-0.5058277866843346,-0.9003333849016869,-0.10038789246778906,-0.6713568497625332,0.49947294492765465
1.2592146918516212,0.921093944352568,0.6991709044022,0.44967413814039675,-0.8529859946308826,-0.5058431199974579,0.7769972407591653,0.28483852808472593,-0.8053717539824945,1.4344003222219643
0.5894153518176447,1.1196719501401988,0.8239661026312733,-0.4873749016510238,-0.9170026818356534,-0.5058350989996266,-0.7746650402205133,1.898937230199763,0.19556874703287772,-0.11364814458320621
0.6818014676844001,-0.17108508747940113,-0.05832999677204984,-0.49401391306655007,-0.8845435164923892,1.8843498080565606,-0.5795899110292356,1.5175630738527734,0.12902847835394282,2.2903658895924197
-0.26515621994984273,0.9965535865518678,0.8406319160672706,-0.3915834512270021,-0.7856632813263354,-0.5058431199974579,-0.5059766547306401,-0.4047167647042759,-0.8391424419980824,-0.31906743788545083
-0.5538628320334535,-1.9980027407256038,-3.0468674704199605,-0.46935472780888104,1.6881458847885245,2.3224444687241435,-0.5795899110292356,-1.6362856312106662,0.4603950119456294,-0.3492875979449065
0.02355039213376738,1.187188472107993,0.9184057121019237,0.0352101397711145,-0.9133961079086239,-0.4646106813463913,1.8864541749737103,0.311804377523402,0.928412699118178,0.4383013531421598
-1.0331158080922471,-2.3959530643240154,-1.5687685406797398,-0.37546013778929543,1.9947046685860166,-0.505166650300839,-0.6232320558348314,-1.0364880944104007,1.4931373565171828,-0.33583444419141883
-0.2478338232248261,-0.10754012562735922,0.042855299089361115,-0.4579735653822647,-0.340551949165467,-0.5058431199974579,-0.6994743570012338,1.066848161806331,-1.3317539997906784,-0.972128885276149
-0.29402688115820375,-1.5293586470667953,-1.0898248069357281,-0.4978076338754222,1.4447021447140451,-0.5056849549398199,-0.4428795779032727,-0.1042401566733142,-0.1635618304609523,-0.6280889825698784
-0.732860931525292,1.1037857096771884,0.7662309632279978,-0.33752292970057396,-0.883040777356127,-0.5049379391176962,-0.016974309318542196,0.18467965874107187,-0.47447240382185346,0.3662560259667681
0.9878304764930269,-0.7390181840320249,-0.09305044143037688,-0.4684062976066631,1.1411488391890776,-0.5058431199974579,-0.5585575520867798,-0.12735374190646517,-0.7405667380474439,-0.5543831916041287
-0.2767044844331872,0.0950094402760243,-0.01011817933220093,-0.3185543256562133,0.49497101059632487,-0.5043999846446706,-0.6006222699716914,1.509858545441723,-0.0457314951022168,-0.2975880132107894
-2.672969364727155,-1.1758897967648128,-1.3050915638173572,-0.43710810093346786,1.4957952753469606,2.464180976587185,-0.31142733451292376,-1.6802014431536527,-1.032022458529799,2.6956557951052154
-1.4084344038009406,0.9925820264361152,0.24760672130304012,0.3263782118520518,-0.9438716575920215,-0.4456051041556653,0.1565426519567184,-0.920920168244646,-0.8263950083795499,2.2302207421325635
-1.3449189491425462,-2.268465984608357,-2.275279988841475,-0.2711328155453114,2.015743016493688,2.241912361983779,-0.5532994623511658,0.4658949457444076,0.3985599478222257,-0.7950951451074391
0.5258998971592502,0.38096176861021236,0.006547634103795968,-0.48073589023549756,-0.9428497949793634,-0.5058343258914019,-0.3324596934553796,-0.06956977882358785,0.2710522413918295,1.6433612308860988
-0.35176820357492594,-1.2831219198901331,-0.9932027695151258,1.113575279693023,2.00372110340359,1.935890356370394,-0.24307216794994227,1.3172453351654654,1.520200625272758,-0.4562718411390428
0.5894153518176447,1.107757269792941,0.46684152900276393,-0.36976955657598715,-0.7667287682094316,-0.20336452708064887,0.3826405105881185,-1.2984420603861107,0.13036328815693024,-0.590325997917084
-0.3979612615083037,-0.830364066694335,-1.2142232000829918,-0.47504530902218933,1.1201104912814064,-0.5058431199974579,-0.40607294975397495,-0.42012582152637656,0.4297277567219875,0.35497997160310585
0.3930948556007893,0.682800337407411,0.6285395998401169,-0.2540610719053868,-0.8914561165191954,-0.5058431199974579,-0.2641045268923981,0.6430990991985647,0.03095332807942421,0.04447927338157359
0.24874154955898384,0.7384021790279476,0.6283411972992121,-0.3451103713183183,-0.7946797161439089,-0.5058431199974579,-0.8424943978099335,0.7933374032140457,-0.17210461320007336,0.5904138778525376
-0.6116041544501754,-0.635757621022457,0.37240191953211366,-0.492117052662114,1.4236637968063748,-0.5058398665003456,-0.4533957573745006,-0.8169090346954668,2.5918526756014004,1.1976821824396267
1.2592146918516212,0.2340140443273655,0.487276990715951,-0.4171910666868891,-0.8938604991372151,-0.49775769648072526,-0.6884323685564446,-0.685932051707612,-0.003551505327806397,0.7221458932770155
-0.7848281217003419,-0.7985915857683141,-0.401169587455419,-0.4883233318532418,-0.7928764291803941,2.290231626027998,0.10921984433619289,-1.6782753110508903,-1.513321503242075,0.8852085560382259
-0.16699597184141504,1.290449035117561,0.7932137087910408,-0.1933615389634324,-0.9476504454240666,2.4448532709694977,-0.4639119368457285,-1.236805833097708,-0.0714265838097292,1.9327197350503558
-1.1485984529256912,-1.3784393626681959,-1.0580804003909716,-0.5158278077175649,0.2515272705218461,-0.4749510038518541,-0.27987879609924,-1.3408169666468872,1.9309883421422096,-0.005062186785499115
1.3977938656517543,0.4325920501149964,0.4557309867120991,-0.3024310122185066,1.0630064041034428,-0.4333642239311299,-0.6242836737819543,-0.08883109985121358,-0.47030112318751705,-0.14083529006410941
0.7395427901011217,0.9647811056258468,1.1880347651914485,-0.08808578651723022,-0.7790512291267818,-0.5058431199974579,-0.0012000401117003097,1.6947672273069305,-0.6381534559132154,-0.1491523614596367
0.26606394628400043,0.31344524664241785,0.06130673539350089,-0.39917089284474633,-0.90798624701808,-0.5058431199974579,-0.5743318212936217,0.3349179627565529,-0.16005795472811005,0.5867619326028819
-1.3218224201758573,-0.5761842192861677,-0.8632491052225295,-0.07575619388839572,2.03077040785631,-0.5058431199974579,2.2387461872598458,-0.6551139380634107,-0.2159864854732926,-0.20649128292414498
-0.17277010408308724,-0.05193828400682257,0.5801293798593635,-0.5272089701441813,-0.5028477758817865,-0.5058431199974579,-0.9345109681831777,0.15386154509687064,-0.8098099965774282,1.235703828891377
-0.08038398821633175,1.3738517975483662,0.9245561908699703,0.35483111791859295,-0.7132312549584967,-0.5056234284102702,-0.8072651965813199,-1.367782816085563,-0.8229245028917821,1.0988323803012638
-0.3979612615083037,-0.07576764470133827,0.17261056084105303,-0.4959107734709861,0.2575382270668949,-0.5057087924434149,1.7550019315833616,-0.04645619359043698,0.8568668936780394,0.23640528816130735
-0.6289265511751921,-1.3824109227839485,-1.0049085194285046,-0.5224668191330911,0.24551631397679707,-0.5058431199974579,-0.4428795779032727,0.40040645425048,-1.1898303474880154,-0.9883310983174306
0.41041725232580595,0.6589709767128956,0.3801396186273981,-0.3413166505094461,-0.878833107774593,-0.5058431199974579,0.5508993821277652,1.8873804375831875,1.2606468590818065,-0.14107003416505967
-0.565411096516798,-0.0797392048170909,0.29819936923374557,-0.5623008876262487,-0.3315355143478938,-0.503343403404237,-0.41133103948958893,-0.3045578953606219,1.794270448071199,1.6064108993910036
-0.6058300222085031,0.11089568073903477,0.8086891069816095,-0.18198037653681584,0.6031682284072045,-0.5058431199974579,-0.4954604752594123,0.3272134343455026,1.7919345309159709,-0.8195230115524315
1.5710178329019202,1.056126988288157,0.7949993316591832,-0.3726148471826413,-0.6441052546904347,-0.5058431199974579,0.6245126384263607,1.0129164629289789,-0.03635445623622828,-0.2834239104119228
0.5951894840593169,0.1863553229383341,0.2120926664810938,-0.1165386925837713,-0.18426707899419661,-0.5045642701424209,-0.6300675724911295,0.16541833771344613,0.3961239199317739,-0.7457421344428636
-0.6116041544501754,-0.8661081077361087,-0.17756992385579082,-0.4522829841689564,0.5130038802314715,-0.5020420045593128,-0.400814860018361,0.27713399967367564,0.7983354838170307,-0.3613195235433781
-0.8310211796337196,0.17444064259107667,-0.2747871688991074,-0.062478171057343226,-0.947469816179888,-0.4851624749865323,-0.42184721896081684,-0.562659597130807,1.3562526112207982,-0.656442778906104
-1.0908571305089692,1.1633591114134778,0.9055095469431166,0.21256658758588737,-0.9437514384611206,-0.4578459843802007,0.5719317410702212,0.4928607951830837,1.2577770180053836,-0.3099884155703291
0.2371932850756394,0.8098902611114948,1.1852571296187824,-0.23604089806324394,-0.5389135151520796,-0.5058431199974579,-0.5375251931443239,-0.5857731823639579,-0.7729025055248198,0.034528600512492645
-1.3795637425925795,0.8098902611114948,0.32934856815578784,-0.41624263648467097,-0.9469763166475393,-0.5058431199974579,-0.39555677028274705,-0.7398637505849641,0.9222058335342853,1.6419072809584359
-1.1312760562006747,0.8456343021532683,0.5686220324868891,-0.4238300781024153,-0.7468926116107704,-0.5043516653806264,-0.04852284773222597,-1.6805866695742053,-1.5729541311905486,0.4027731636530718
1.4151162623767706,0.8496058622690209,0.9009462885023077,-0.2768233967586196,-0.7105263245132247,-0.5053051655244323,-0.5532994623511658,0.38114513322285426,-1.0710990155122628,-0.3005370985528421
-0.3690906002999427,-0.23463004933144302,0.782103166500376,-0.5623008876262487,0.4709271844161294,-0.5058431199974579,-0.5795899110292356,-0.5703641255418573,-1.4955351626172644,0.32917737983375916
0.3469017976674116,-0.055909844122575186,0.47715846112980986,-0.47883902983106147,0.1553519658010641,-0.5058431199974579,0.42470522847303016,0.311804377523402,-1.0703982403656942,0.2393614916794355
0.48548097146754476,-0.6437007412539623,0.41148722009034494,-0.3783054283959496,0.33267518388000555,-0.5058431199974579,-0.32720160371976564,0.3888496616339046,0.7955991237209062,-0.08090153173237356
0.7684134513094827,-0.08371076493284352,0.6336980659036398,-0.39442874183365617,1.3425158834482147,-0.5058431199974579,-0.6137674943107263,-0.5241369550755555,0.05811670757022338,0.14047943505118965
1.646081552043659,0.5239379327773066,1.0604619313897092,-0.06627189186621539,-0.3856341232533335,-0.5057448708272347,-0.28513688583485397,1.6678013778682543,-0.6708562960864127,-0.25490507960733083
1.8193055192938254,0.35713240791569667,0.029363926307839728,-0.12697142480816972,-0.3195136012577961,-0.5058431199974579,-0.6631935378254975,1.8835281733776623,0.1626990556343066,0.041957192835710644
0.439287913534167,0.41273424953623333,0.538068041187561,-0.2151754336144472,-0.8127125857790554,-0.5058431199974579,-0.6395321340152347,-0.05030845779596211,0.09445690445656237,-0.43797214651789257
0.9416374185596491,1.342079316622345,1.0759373295802777,-0.26544223433200315,-0.4247053407961512,-0.504915390127809,-0.04852284773222597,1.1901206163831357,0.39392148375684416,0.2031994099117979
-1.27562936224248,-2.4392430695857192,-2.3947183184661207,-0.3858928700136939,1.991699190313492,-0.5058165121893908,-0.6163965391785333,-1.0480448870269758,-1.2130560380600004,-3.069733830297878
0.029324524375439653,0.8813783431950418,0.5954063755090274,-0.3612336847560249,-0.9330218810282084,-0.5050603479199416,0.18283310063478822,1.29798401413784,0.6627855483236333,-0.3911004770934112
0.1505813014505562,-0.28626033083622704,-1.258665369245651,0.20308228556370705,0.04414926971766015,-0.5056791566281346,-0.4691700265813425,0.8819394799411236,-1.5139221676534194,-0.1969876381412729
-1.8414943219263564,-2.519309721519292,-5.611021909072658,-0.40675833446249066,1.913556755227857,0.36712491706809336,-0.30616924477730983,-1.1135333785209034,1.8052826289458468,-1.430575662655732
1.0802165923597826,0.8496058622690209,0.4305338640171989,-0.06437503146177931,0.1012533568956242,-0.4910252123572309,-0.7141970082609529,1.8257442102947852,-0.34009042690607066,-0.46823900401288954
-0.0457391947662985,-2.0774339430406563,-1.6019017650108298,-0.4029646136536185,1.9947046685860166,2.5060576720921746,-0.5480413726155519,-0.712897901146288,-0.8355050852849412,-0.30162999269769836
0.42773964905082257,-1.26326411931137,-1.2612446022774124,-0.32803862767839354,-0.5870011675124706,2.3482147428810602,-0.42184721896081684,-0.7360114863794389,-1.4059026843466425,-1.486817104199174
-1.7144634126095681,-2.4551293100487297,-4.223592940525899,-0.4579735653822647,2.0397868426738834,2.4287468496214246,-0.6910614134242515,-0.9093633756280706,-1.1092412056326353,-1.4765630942284524
1.4439869235851315,0.31344524664241785,0.02618948565336401,-0.03497369519302014,-0.4307162973412001,-0.5035044676177177,-0.5480413726155519,-0.3469328016213986,-0.07169354577032652,-0.467235374273221
0.6471566742343668,0.22607092409586027,0.616833849926738,-0.2436283396809883,0.3296697056074812,-0.5058431199974579,3.274589865175795,0.8357123094748219,0.0508086238988657,-1.2308640378021645
-0.21318902977479276,0.9091792640053101,0.37160830936849487,-0.2161238638166652,0.452894314780983,-0.5058431199974579,1.891712264709324,0.9435757072295261,-0.8956716371546098,1.542292791686773
0.8896702283845993,0.08309475992876646,0.44839009269862423,-0.32234804646508536,0.9097270122046965,-0.5058431199974579,0.4772861258291698,1.5753470369356506,1.6631921254178108,-1.123208309566332
0.2140967561089506,0.3968480090732229,0.5346951979921808,-0.3517493827338445,-0.41268342770605343,-0.5057306971764484,1.0293855480686351,-0.004081287329660479,1.0614932364760479,-0.8838184894233642
0.7915099802761716,0.3611039680314493,1.0699852533531355,1.0282165614933994,1.072022838921016,-0.5058431199974579,-0.39029868054713307,1.8950849659942377,2.5295504280469516,-0.9904159601080369
-0.0457391947662985,-0.6715016620642306,0.28808083964760445,-0.518673098324219,0.8045352726663413,-0.5058431199974579,-0.3534920523978355,-0.6512616738578856,0.26054061419330177,0.572645579187776
0.11016237575885068,0.8813783431950418,0.4222009572992003,-0.01790195155309548,0.3056258794272857,-0.505829429539312,0.7033839844605698,1.783369304034009,-1.079207985065413,0.5614618085728696
-0.21318902977479276,0.7900324605327316,0.5557258673280819,-0.4228816479001972,-0.9245464322996894,2.412640428273352,-0.6510999314335855,-1.6728821411631551,0.5949772103318608,1.7770295980985877
-0.8310211796337196,-1.831197215863994,-1.9810490206797642,-0.28441083837636383,1.9706608424058207,-0.49221708753698823,3.011685378395097,-0.770681864229165,-1.2801969711502799,-1.784806661752128
1.38624560116841,-0.13931260655338018,-0.12003318699342003,0.024777407546716083,-0.6633403156345911,-0.5058431199974579,-0.4954604752594123,-0.6551139380634107,-0.9727235330320726,0.14768350381201129
0.8838960961429271,-1.1480888759545442,-0.7590877712475474,-0.48642647144880574,1.7422444936939645,-0.367327896404031,-0.661090301931252,0.9743938208737272,-1.4057692033663445,-0.8868933221089355
-0.4730249806500425,-2.4297113253079132,-4.361879511536494,-0.5082403660998206,2.03077040785631,2.3997552911948934,-0.6142933032842877,-1.6632514806493421,-1.4056690926311202,0.7309177662072839
-0.26515621994984273,-0.8343356268100877,-0.052179518004003174,-0.41055205527136274,1.670113015153378,-0.5058431199974579,-0.3797825010759053,0.2193500365907983,0.2437887511658072,0.18141375627508566
-1.5989807677761239,0.28167276571639693,0.5368776259421328,-0.3489040921271903,0.29360396633718794,-0.5058431199974579,-0.53226710340871,-0.7206024295573383,1.5734261661668907,0.8198991324883227
-0.17854423632475952,-1.8987137378317882,-0.4563254938269332,-0.47125158821331714,1.1411488391890776,-0.5050732330570201,-0.4586538471101146,-0.9286246966556962,-1.849293130654069,-0.13585726275435372
-1.6336255612261572,0.6351416160183799,-0.34026000739766743,-0.19620682957008645,-0.945593796642178,-0.49534173327851433,3.5480105314277215,0.18082739453554675,0.49406558922599364,1.5960237251305758
0.16212956593390054,0.6470562963656378,0.07043325227511839,-0.49306548286433205,-0.9088878904998372,-0.5057796606973465,0.4509956771511,0.4312245678946812,-1.077572843056753,1.2995020665429506
1.4208903946184424,-0.8978805886621296,0.46426229597100255,-0.47125158821331714,1.3875980575360813,-0.5058431199974579,-0.43236339843204474,0.7432579685422186,-1.0083295845267677,-0.616932187110656
1.3804714689267377,0.28961588594790216,0.29006486505665174,2.2611758243768474,-0.5178751672444086,-0.505837386111458,-0.22203980900748643,-0.011785815740710734,0.3634544500036505,-0.7756327815985192
-0.22473729425813718,-0.5444117383601468,-0.11011305994818353,0.051333453208821066,0.7324037941257553,-0.37248195123541433,-0.6290159545440068,0.91660985779085,0.6417622939265778,0.2678236765902527
0.6875755999260723,0.7225159385649371,0.7160351203791017,1.8154136293343701,0.22447796606912607,-0.5057245767363361,-0.3640082318690634,0.09222531780846821,-1.078006656242724,0.4153706826988087
0.5663188228509557,0.4921654518512857,0.4424380164714825,-0.5025497848865124,-0.5569463847872261,-0.5058431199974579,-0.6842258967679533,1.039882312367655,1.0627279355438117,-0.04332480591734191
-1.3968861393175962,-2.2541683681916473,-3.5313664753093055,-0.32234804646508536,2.03077040785631,2.486729966474487,-0.698422739054111,-1.0056699807661993,1.7239259714537492,0.9363509327353922
-0.49612150961673135,0.3650755281472019,0.12558915864663256,0.7626561048723489,0.7804914464861459,-0.5058051088430765,-0.5532994623511658,1.5406766590859244,0.02574756984777264,-1.0967296846169674
0.04087278885878401,-0.24654472967870086,-1.2414043481869397,8.160411682173036,1.6941568413335732,-0.5058431199974579,2.622586737959664,-0.2621829890998453,0.1720093540101454,0.6864950209034809
-0.5769593610001421,1.1911600322237457,0.252765187366563,-0.4617672861911367,-0.9393634401832348,2.3482147428810602,1.2607414964356496,-1.1636128131927304,0.4281593552034771,0.2227599339279867
0.11593650800052285,-0.1671135273636485,-0.9963772101696015,-0.5224668191330911,-0.830745455414202,-0.505683666426112,-0.5585575520867798,1.5137108096472482,0.05297768982872054,0.5691127509142525
1.0975389890847989,-0.4967530169711154,-0.3991855620463717,-0.3953771720358742,1.1832255350044198,-0.5057448708272347,1.0293855480686351,-0.40856902890980107,-0.8718119119262053,-0.24309037034547812
0.16212956593390054,0.4524498506937595,0.31982524619236086,-0.47220001841553527,-0.9436612741129448,1.9584393462576961,-0.6174481571256561,-1.4294190433739655,0.9296807684310169,1.6924956031033915
0.12748477248386728,-0.830364066694335,-1.1552976454342883,-0.45987042578670073,-0.920038214890903,0.12230731257738522,-0.6221804378877086,0.5044175877996591,0.06495760781053503,0.8330308412008536
-0.09770638494134846,-1.3824109227839485,-0.7703967160791168,-0.568939899041775,1.3845925792635567,-0.5057809492110543,-0.03800666826099804,0.17312286612449648,-1.030654278481737,-0.8386605573847596
-2.2687801078101004,0.09103788016027169,-0.8370599698231052,-0.053942299237380885,-0.9438115480265711,0.3445759271807913,-0.8356588811536352,-1.683283254518073,0.19423393722988988,5.9321612696239665
-0.680893741350242,-0.9137668291251401,-0.18312519500112337,-0.4902201922576779,1.282406317997726,-0.1804934087663853,-0.53226710340871,-1.4063054581408148,0.9268109273545929,-0.032717540161805794
1.3227301465100154,1.187188472107993,0.2793511278477966,-0.039715846204110304,-0.4367272538862489,-0.5053019442401627,0.18809119037040217,0.866530423119023,-0.17117024633798225,0.6600789642417945
1.1610544437431936,0.4325920501149964,1.0441929230355211,-0.5224668191330911,-0.5839956892399462,-0.5058431199974579,-0.5112347444662542,0.13845248827477002,-0.33852202538756027,0.3271854214102965
1.9174657674022533,-0.05988140423832781,0.8011498104272299,1.9671624616892553,-0.7192422115035455,-0.5058431199974579,-0.7893876914802326,1.5368243948803992,-1.1389407237491105,0.22829485986526896
-1.7433340738179288,0.702658137986174,0.9350715255379208,-0.42952065931572353,-0.7150345419220114,-0.428532297526708,0.5771898308058351,-0.8592839409562435,0.9408598005310378,1.0040057932595656
-0.26515621994984273,0.7701746599539685,0.9025335088295455,-0.11179654157268112,-0.8698166729570197,-0.5054887787278003,-0.642686987856603,0.030589090520065768,1.2645178075104713,-0.8280437749359653
0.5894153518176447,-0.9058237088936348,-0.34819610903385684,-0.15637276107692896,1.5288555363447291,-0.5058304925631211,-0.6043029327866212,-1.3177033814137364,-0.46783172505198994,-0.9976811201119448
-1.3564672136258906,-1.0209989522504606,-1.4409973043370956,-0.4437471123489941,1.9315896248630033,2.4061978597341227,-0.5585575520867798,-0.6088867675971089,1.0118383118049068,0.37030639664901577
-0.07460985597465958,0.9369801848155785,0.3474031993781181,-0.3574399639471528,-0.9115928209451092,-0.5057162013972352,1.5026136242738914,0.09607758201399344,0.16339983078087517,0.5925230664112814
0.173677830417245,0.9409517449313312,1.1108561767795093,1.6921177030460253,-0.17525064417662337,-0.5058431199974579,-0.30616924477730983,0.893496272557699,-0.5279649066765839,-0.4104495664522087
-0.17277010408308724,-0.4768952163923523,-0.6071114249145262,-0.2275050262432816,0.7354092723982797,-0.484421579604521,-0.6589870660370063,1.8758236449666121,2.577002916543163,-0.762239709889449
-0.3690906002999427,1.3579655570853555,0.8763443734301215,-0.35649153374493464,-0.8794342034290978,1.7619410058112064,-0.5979932251038844,0.9474279714350512,1.5228702448787328,-0.47646542994052965
-0.8772142375670975,-0.19491444817391682,-0.5098941798712097,-0.4579735653822647,-0.1722451659040989,0.11264345976854147,-0.756787535119426,-0.920920168244646,-0.23964598923124902,0.9134979136799938
-0.13235117839138172,1.0958425894456831,0.9648319066736301,1.6541804949573038,-0.9382514132224008,-0.5058431199974579,0.24593017746215576,0.8164509884471965,1.7996764277732993,0.10078032398464351
1.4151162623767706,-1.1004301545655129,-0.8860653974265729,-0.08334363550613996,-0.9076856991908276,2.1935930979395604,-0.4586538471101146,0.727848911720118,-0.07009177400674128,2.231885839228502
1.3516008077183765,-0.9177383892408927,-0.8120612496691096,-0.4968592036732042,-0.3856341232533335,-0.4227339858414018,-0.5990448430510072,0.9435757072295261,0.09996299489388621,0.18378843976046189
-0.4499284516833537,0.9012361437738049,0.8926133817843093,-0.2749265363541835,-0.8797347512563503,-0.5058431199974579,0.9137075738851284,-0.06571751461806272,1.2005470477022875,-0.5866584180033894
-0.6866678735919143,-2.1052348638509244,-2.4482870045103975,-0.467457867404445,2.03077040785631,2.386870154116435,-0.6090352135486737,-1.535356309025907,-1.580996360253549,-0.13842356797125374
-0.8829883698087696,-1.0805723539867498,-0.2658590545583947,-0.5537650158062865,0.41382309723816535,1.1080202990794468,-0.6032513148394983,-1.1713173416037805,-0.8481190379231746,0.544259712819037
0.48548097146754476,-0.6476723013697149,-0.42100984154589166,-0.5328995513574896,-0.9430301236757147,2.006758610301915,-0.27987879609924,0.9281666504074254,-0.10372898104203071,0.9875357747730966
0.2718380785256727,1.322221516043582,1.2128350828045396,0.16514507747498547,-0.34956838398304035,-0.5058431199974579,0.7612229715523234,1.6254264716074778,0.5969794250363414,0.006365542724389432
-0.49612150961673135,1.1633591114134778,0.4993795457111393,-0.10895125096602705,-0.9469883385606295,-0.5058431199974579,-0.8077910055548814,-0.15046732713961603,0.12368923914199187,-0.4117330290772276
-1.1601467174090356,1.187188472107993,0.6243731464811176,-0.14214630804365838,-0.9453473474238311,-0.5055396750192602,-0.13265228350204922,-0.4047167647042759,0.2689832861971992,0.46931780069818385
1.0282494021847326,0.28961588594790216,0.9096760003021159,-0.08998264692166631,-0.9052813165728077,-0.4343306092120143,0.7875134202303933,-0.42012582152637656,-0.6051502835343453,1.7215935209063187
-0.6231524189335199,-1.7279366528544262,-0.2833184781580109,-0.5347964117619256,1.0750283171935406,-0.5058431199974579,0.42470522847303016,-0.4625007277871531,1.2658859875585333,-0.5117608769932941
0.6933497321677445,-0.043995163775317335,0.6221907185311657,-0.5082403660998206,-0.7745430117179951,-0.5058431199974579,0.23015590825531387,0.28483852808472593,-0.20527463680431668,-0.33958996170867206
-1.5585618420844183,-1.2712072395428753,-0.3884718248375164,-0.44185025194455807,2.00372110340359,-0.5056614395646516,-0.5532994623511658,-0.5973299749805334,-0.30231530948151963,0.6493000680806862
0.9993787409763715,-0.07576764470133827,0.7271456626697664,-0.3792538585981676,-0.8403629858862801,-0.5056946187926287,0.7507067920810955,0.31950890593445225,-0.572947997037268,0.08945434677594148
0.08706584679216178,-0.7906484655368089,0.18808595903162187,-0.5499712949974143,0.9307653601123677,-0.5058390289664355,-0.04326475799661201,-0.9401814892722716,-1.0715995691883833,0.0161484900957251
-0.49612150961673135,-0.9892264713244396,0.013094917953652281,-0.568939899041775,0.48896005405127607,-0.5058431199974579,-0.4796862060525704,-0.8361703557230926,-1.0125008651611043,0.2754141545184231
-1.0388899403339191,-0.4570374158135892,0.12995401454653666,-0.5167762379197829,-0.21432186171944095,-0.5045997042693867,-0.5690737315580077,-0.5395460118976562,0.286369183881113,-0.00033880726056005416
0.7106721288927605,-1.8550265765585097,-1.905060847513253,2.3275659385321097,2.024759451311261,-0.5054501233165649,2.0126483286284453,1.1554502385334093,0.5610730413359736,-0.7876934241397953
-0.44415431944168143,0.8734352229635366,1.107681736125034,-0.38020228880038565,-0.7985868378981905,-0.5058431199974579,-0.5848480007648496,-0.5780686539529076,0.329583651252839,0.08171181879106834
0.2776122107673449,0.9250655044683206,0.4126776353357734,-0.2986372914096344,-0.41869438425110234,-0.5057896466785823,-0.839339543968565,-0.3276714805937729,2.2627219484297183,-0.28133146988004726
-1.310274155692513,-1.0408567528292236,-0.08213830168061699,-0.48263275063993355,1.8985293638652343,-0.4668655803351215,-0.3797825010759053,-1.2676239467419095,0.06018566276485412,-0.41465433427037257
-0.49612150961673135,-1.5333302071825479,-1.0297088370415954,-0.4228816479001972,1.721206145786293,-0.5031726753379474,-0.5375251931443239,-0.9363292250667464,0.4502838276879979,-0.8295243366853209
-0.24205969098315383,1.4016527183586345,1.0057028301000042,-0.07291090328174163,-0.9415273845394525,1.8907923765957897,0.4615118566223279,-0.5048756340479298,0.9304482840677346,0.04470172137095284
-0.7270867992836197,0.6152838154396169,1.0743501092530399,-0.3934803116314381,-0.8974670730642443,-0.5058350023610985,-0.24833025768555622,0.8549736305024476,-0.13319490744298315,0.28115376410963716
0.6413825419926946,-0.11548324585886446,-0.2972066560213415,-0.48073589023549756,-0.6471107329629592,0.5120827092007494,-0.2588464371567842,1.4751881675919964,-0.12535289985043063,0.014478369800307676
-0.01109440131626576,1.2586765541915401,0.580327782400268,-0.19810368997452243,-0.9363880166934359,1.175667268741353,2.6068124687528225,-1.5326597240820397,0.027950006022701843,2.1290979671620796
0.8492513026928938,0.11883880097054002,0.6243731464811176,2.6310636032418815,-0.07005890463826828,-0.5058431199974579,0.587706010277063,0.6430990991985647,1.58807570375468,0.17523191557860626
0.20254849162560606,-1.088515474218255,-2.9173106112091727,8.207833192283939,1.0569954475583938,-0.5058431199974579,3.921334902656312,-0.7629773358181147,-1.099663945296199,0.1520466491481825
0.16212956593390054,-0.13534104643762757,0.1934428276360493,-0.16111491208801912,0.8165571857564391,-0.5058226970551886,0.5246089334496955,0.015180033697965159,1.1772879868852275,0.6333339765142798
0.7106721288927605,0.551738853587575,0.7578980565099993,-0.2388861886698981,-0.9256284044777984,-0.49994816978406326,-0.7378584120712156,-0.9093633756280706,0.13123091452887212,0.46507583502618033
0.9185408895929604,-0.5682410990546625,-0.20673509736878581,-0.3489040921271903,-0.941557439322178,-0.5037235149480516,-0.6127158763636036,0.7355534401311683,-0.573415180468314,-0.3070586098703192
-0.3113492778832205,0.5318810530088118,0.21110065377657022,-0.5139309473131288,-0.9456388788162658,0.29303537886695796,1.0293855480686351,-1.0364880944104007,0.5938092517542458,0.9602287870639056
-1.9800734957264898,-1.275178799658628,-1.117005955039676,-0.5224668191330911,0.6392339676774977,-0.5057281201490327,-0.678441998058778,-1.5072347803255737,1.932523373415646,2.289160704180735
0.7453169223427939,0.17841220270682928,0.4271610208218184,-0.5091887963020387,-0.16022325281400113,-0.5058431199974579,-0.2062655398006447,0.8703826873245482,-0.20540811778461565,-0.7708547505174534
1.2361181628849323,0.8257765015745052,0.6767514172799656,-0.4266753687090694,-0.9106911774633519,-0.5041583883244495,-0.804636151713513,0.08066852519189283,-0.13766652028299178,-0.55508897728624
1.1552803115015213,0.21018468363284978,0.6362772989354012,-0.4380565311356859,-0.7586139768736155,-0.5058431199974579,0.5614155615989932,1.1785638237665603,-0.33788799073114095,0.15822232325951618
-0.10348051718302065,-0.004279562617791151,0.15534953978234178,-0.5139309473131288,0.02311092180998913,-0.5058431199974579,-0.6810710429265849,-0.19669449760591787,0.26351056600494926,0.5326937328495639
-0.6173782866918476,0.17841220270682928,-0.018451086050199433,-0.5120340869086928,-0.9227130905534496,-0.4922493003796844,1.586743060043715,-1.3446692308524124,0.46082882513160056,1.8037195648425375
0.08129171455048961,-1.9304862187578093,-2.210402357965629,-0.2863076987807999,1.727217102331342,2.5060576720921746,-0.5743318212936217,-0.8361703557230926,0.6332528814325317,-0.17601589049869978
-1.2871776267258244,1.15144443106622,0.894200602111547,-0.05963288045068914,-0.9445328628119769,-0.5058431199974579,-0.6463676506715328,-0.8592839409562435,0.8665108945046256,0.10487530406476751
-1.7664306027846177,-2.0337467817673773,-2.3056355775998987,-0.5101372265042567,1.5018062318920093,2.4384107024302684,-0.5953641802360774,-1.6297367820612734,-0.9190308087068939,0.5215193402205391
-2.2803283722934444,1.1355581906032095,0.19979170894500065,0.27895670174115006,-0.9476462678092678,2.1839292451307166,1.171353970930212,-1.3716350802910884,0.015936717795812974,-2.7756920398692655
1.1899251049515545,0.7741462200697211,1.1094673589931765,0.9807950513824975,-0.6080395154201416,-0.45172554426793293,0.4825442155647838,0.7894851390085205,-0.23884510334945636,0.6297167946623996
-2.043588950384884,-0.11945480597461708,0.07420290055230815,-0.4077067646647087,-0.24738212271720966,-0.5058431199974579,-0.5795899110292356,-1.1751696058093057,0.7324292497945151,1.2369022221351322
0.3584500621507559,-0.000308002502038533,0.3622833899459725,-0.49496234326876815,-0.1572177745414767,-0.5058431199974579,2.9222978528896606,-0.03875166517938663,-0.73933203897968,-0.4795572043014523
0.8434771704512216,-0.7509328643792827,-0.27220793586734593,-0.5224668191330911,1.579948666977645,-0.49360223977292256,-0.5690737315580077,-0.920920168244646,-0.6398553384120248,0.04250132702668579
0.3584500621507559,0.14266816166505572,0.2037597597630953,-0.518673098324219,-0.5809902109674216,-0.5058118091143573,-0.6153449212314105,0.5891674003212125,0.35524536971527604,-0.26624645944728037
-2.783255290543094,-1.3506384418579276,-0.9961788076286969,-0.39442874183365617,1.6971623196060974,2.264461351871081,0.26170444666899767,-1.6855946130413881,-1.6312519493360347,-0.1688300441000781
-2.0724596115932448,0.6788287772916588,0.7513507726601432,-0.42003635729354316,-0.939754152358663,0.6151638058284159,-0.521750923937482,1.1015185396560572,1.248199757668947,-1.6389412706345203
1.2014733694348991,-0.13136948632187492,0.3972022371452046,0.4117369300516752,-0.562957341332275,-0.5058431199974579,-0.650574122460024,0.33106569855102774,0.5124525942621482,-0.4392943346389518
-0.8829883698087696,0.15061128189656095,0.0912655190701147,-0.39727403244031023,-0.8923577600009527,-0.5058431199974579,-0.650574122460024,-1.1212379069319538,0.5343101047860712,1.858759610262268
-1.3218224201758573,-0.004279562617791151,0.04364890925298021,-0.5205699587286551,-0.4757984714290665,1.8263666912034981,-0.4428795779032727,-0.41242129311532627,0.9200701378495053,-0.3249500067886558
-1.1659208496507079,-0.9495108701669134,-1.0255423836825965,0.25998809769678927,1.0600009258309182,-0.48538796488540537,-0.6400579429887961,-0.0348994009738615,2.76013882151307,0.5439710355755367
-2.6614211002438104,1.3460508767380976,0.6446102056533998,2.346534542576471,-0.947577111754217,-0.45011490213312566,-0.6432127968301645,-1.41015772234634,-2.3774439994512115,0.16172413638184155
-0.5018956418584036,1.2467618738442823,0.9055095469431166,-0.4276237989112875,-0.94676292769019,-0.47137537831258197,1.3869356500903844,0.7085875906924922,1.0972661391961174,-0.005852136111438386
0.18522609490058942,0.2141562437486024,-0.18133957213298077,-0.514879377515347,0.22447796606912607,-0.5050893394783681,-0.09584565535275148,1.8912327017887127,0.601350927141126,-0.9845482090898877
-0.4557025839250259,1.0084682668991256,-0.27319994857186974,-0.47220001841553527,-0.9241857749069866,0.753679029421843,0.2564463569333837,-0.3931599720877004,0.5294380490051658,-0.21860785696019167
0.4219655168091504,1.036269187709394,0.8576945345850773,-0.4560767049778286,-0.8406635337135325,-0.504338780243548,0.14602647248549047,1.7987783608561094,0.16289927710475477,-1.0315020160407276
-2.6556469680021384,1.024354507362136,0.38093322879101693,-0.17059921411019935,-0.9476541121075589,-0.5057236103510552,0.9242237533563563,-1.6971514056579635,2.179129484517616,1.3246007297894022
0.23141915283396722,-0.06782452446983304,0.241059437453184,-0.466509437202227,1.1471597957341264,-0.5058431199974579,-0.5985190340774458,1.0899617470394818,1.1735505194368623,0.5201199918126647
0.439287913534167,0.889321463426547,-0.1345165724794653,-0.36218211495824293,-0.816619707533337,0.40900161257308276,-0.6085094045751124,-1.6432197067806114,0.06245483942993316,0.6191039832906542
-0.138125310633054,1.2149893929182614,0.7503587599556196,-0.24552520008542436,-0.9145982992176335,-0.5058431199974579,3.611107608255089,0.8125987242416713,0.06091980815649705,0.2072925200816077
0.3815465911174448,1.2110178328025087,0.898565458011451,-0.5053950754931665,-0.9106911774633519,-0.3821458040442581,0.7296744331386397,0.4312245678946812,0.1300963261963329,0.2529065423986611
-2.2225870498767226,1.4135673987058923,1.0435977154128069,0.5919386684731022,-0.9476261010500592,1.1080202990794468,-0.12739419376643527,0.0036232410813897757,2.0463826496104938,-1.1174392829207465
-0.9811486179171969,1.187188472107993,0.6519510996668747,-0.20948485240113893,-0.9476401366335918,-0.505767097688695,-0.6479450775922171,-1.1404992279595796,-1.1317327508129775,-0.1423222726416383
-0.02264266579961021,-0.5801557794019203,-0.3979951468009432,-0.45892199558448266,1.3996199706261792,-0.5058431199974579,-0.6810710429265849,-0.8862497903949196,0.12882825688349475,0.8401913035618441
0.7684134513094827,-0.7191603834532618,0.03075274409417276,-0.17534136512128962,-0.520880645516933,-0.5056881762240895,-0.5375251931443239,-0.7244546937628635,0.9932177150532292,-1.0532493660908058
-0.2709303521915149,-1.4141834037099694,-0.4936251715170218,-0.5461775741885421,1.114099534736358,-0.5058431199974579,-0.6316449994118137,-1.5187915729421493,-0.9415557241323107,0.7945388511844486
0.8492513026928938,-2.025803661535872,-2.7165272398135887,-0.2749265363541835,1.9826827554959183,2.4061978597341227,0.7401906126098676,0.8125987242416713,-0.30385034075495576,-0.8881888091496026
-0.9811486179171969,-0.7271035036847671,0.09324954447916195,-0.5243636795375273,0.07119857417038004,-0.49405321957066856,-0.5427832828799379,-0.9055111114225455,-1.807647064800854,0.1656161770728594
0.7799617157928271,-0.4808667765081049,0.40613035148591736,-0.49496234326876815,-0.10612464390856133,-0.5058431199974579,1.1555797017233702,0.7317011759256432,0.32921657855701664,0.033549309276149256
1.0744424601181102,0.754288419490958,0.707107006038389,1.5403688706911394,-0.5028477758817865,-0.5057683862024028,-0.6468934596450943,0.8087464600361463,1.9326902246410194,0.8401029933731098
0.8550254349345661,0.8218049414587526,-0.6920277124217494,-0.44090182174233994,-0.9292650331875528,1.443033863119363,-0.6043029327866212,1.1785638237665603,-0.004319020964524696,2.1158042985904606
-0.11502878166636508,1.3341361963908398,1.0806989905619913,0.074095778062054,-0.945151991336117,-0.5058302992860649,0.8032876894372352,-0.33922827321034826,-0.8057054564332417,-0.3705906338386967
-0.6866678735919143,1.385766477895624,0.46346868580738365,-0.12791985501038777,-0.8710188642660294,1.8295879754731126,0.10396175460057894,-1.6948400471346483,0.5294046787600918,-0.3106322110687477
-1.339144816900874,-0.8383071869258403,0.5757645239594594,-0.4968592036732042,1.5949760583402668,-0.5058431199974579,-0.4586538471101146,-0.36619412264902435,-1.4642338727372037,0.6757779205644338
0.2140967561089506,-1.191776037227823,-0.9590775324795127,-0.34700723172275433,1.4687459708942407,-0.5058166732536044,-0.5848480007648496,1.3904383550704433,2.0612657789138065,0.3655016816277951
-3.273479117861065,-2.3256564502751944,-1.8026851364064143,-0.8022537287874121,1.588965101795218,2.602696200180612,2.196681469374934,-1.8262022565430562,-4.0757558820374875,-1.300688155998075
0.21987088835062277,-0.7429897441477775,-0.025395174981864995,-0.5518681554018503,-0.22333829653701429,-0.5058431199974579,-0.521750923937482,-0.5703641255418573,-0.005453609297063912,0.09417193436024526
0.2371932850756394,0.5040801321985435,-0.3263718295343365,-0.45702513518004656,-0.6441052546904347,-0.5058385779866378,-0.6258611007026383,1.0552913691897556,0.3524422691290029,-0.054346314480268096
-0.2536079554664983,-0.9415677499354081,-0.8769388805449555,-0.41624263648467097,1.315466578995495,-0.5058431199974579,1.1292892530453005,1.0206209913400293,-1.5321423214642012,-0.27022477059990835
-0.17854423632475952,-2.272834700735685,-3.231580236002261,-0.23604089806324394,1.811370493962026,1.3077399237955505,-0.5480413726155519,-1.1559082847816802,0.2586385102240447,-1.2998850470152297
0.9300891540763048,-0.2108006886369273,-0.26883509267196576,-0.36218211495824293,-0.6672474373888729,-0.5058312012456604,-0.8992817669545641,-0.5703641255418573,0.09619215720044605,0.2189083911915257
-0.6000558899668309,1.1117288299086936,1.0755405244984682,0.3074096078076912,-0.907385151363575,-0.5052278547019615,-0.3219435139841517,-1.5365119882875649,0.2604071332130033,1.868320335700504
0.9878304764930269,-1.3347522013949171,-0.277961609553583,-0.5310026909530535,1.6100034497028892,-0.5057870696511666,-0.3324596934553796,0.05755493995874186,-0.202471536218043,-0.5183164223221076
1.1090872535681435,0.6311700559026273,0.27002620842527425,-0.4541798445733925,-0.3615902970731381,-0.47794679822259567,1.2607414964356496,-0.6666707306799862,-0.4054293667623166,0.3897157738019204
0.4046431200841338,-0.7191603834532618,-0.1595152926334608,-0.4380565311356859,1.622025362792987,-0.5056884983525165,-0.521750923937482,-0.49717110563687955,-0.9404545060448458,-0.17468551132387145
-1.3449189491425462,0.6152838154396169,0.2309409078670428,-0.3612336847560249,-0.8902539252101856,-0.4108152340438278,-0.5007185649950263,-1.2021354552479817,1.393093361783257,0.3673028275425942
-2.0897820083182617,-0.7866769054210563,-0.3313318930569547,-0.49306548286433205,2.012737538221163,-0.35669765831430283,-0.5795899110292356,-0.7899431852567907,-1.1420441565410573,-0.621486517568394
1.363149072201721,0.4087626894204807,0.4150584658266301,2.270660126399028,0.17639031370873515,-0.5058369351316603,0.08818748539373704,1.7448466619787575,0.9296473981859418,-1.0519413298816283
-2.5228419264436774,-2.20452386674474,-2.7089879432592094,-0.44848926336008427,1.8534471897773679,2.4319681338910395,-0.5532994623511658,-1.681742348835863,-1.0649922606635946,1.7013738544795203
-0.14389944287472617,-1.275178799658628,-0.3390695921522391,-0.43521124052903176,1.7783102329642575,1.5847703709824048,-0.8009554888985831,-1.0326358302048755,-0.18318353456487121,-0.2819699372617833
0.2891604752506894,-0.1472557267848854,-0.27974723242172567,-0.4959107734709861,-0.8006906726889575,-0.5055229243410583,-0.23781407821432832,0.15771380930239587,-0.7400328141262486,-0.610111949011093
-0.21318902977479276,0.921093944352568,0.6898459849796778,-0.49401391306655007,-0.9227130905534496,-0.5058431199974579,0.05663894698005327,0.893496272557699,0.8254321228176796,-0.2137028396570719
-0.6000558899668309,-0.2703740903732166,-0.5799302768105784,-0.30622473302737874,0.2635491836119438,-0.5058431199974579,-0.15368464244450505,0.9666892924626769,0.4834872215373162,3.4902616150896235
1.5248247749685426,0.5874828946293486,0.5491785834782258,-0.17534136512128962,-0.5839956892399462,-0.5058431199974579,0.6034802794839049,1.355767977220717,-0.7041264304258802,-0.5646017565665569
0.387320723359117,-0.4967530169711154,0.3767667754320177,-0.5091887963020387,0.014094486992415795,-0.5058431199974579,-0.5532994623511658,-1.3177033814137364,-1.0737018946280887,-0.24860245258035965
-0.2478338232248261,-0.10754012562735922,0.042855299089361115,-0.4579735653822647,-0.340551949165467,-0.5058431199974579,-0.6994743570012338,1.066848161806331,-1.3317539997906784,-0.972128885276149
1.4035679978934263,0.7900324605327316,0.3273645427467406,-0.38304757940703965,-0.9310983749337928,-0.5055538486700465,-0.8798268349327926,1.1400411817113087,0.06195428575381268,1.024892557851893
1.3689232044433932,1.1236435102559517,-1.2937826189857882,-0.29389514039854425,0.2184670095240772,2.489951250744102,-0.766252096643531,1.7795170398284839,-0.17043610094633882,1.346393086404697
1.7846607258437923,0.12678192120204526,0.22141758590361596,0.5160642522956594,-0.7901714987351222,-0.4874495868179587,-0.6936904582920586,-0.04645619359043698,-0.27171479474802757,-0.8461246007200958
0.22564502059229496,-0.26640253025746397,-0.8693995839905758,-0.37166641698042324,-0.47279299315654205,2.2966741945672267,2.16513293096125,0.2694294712626253,0.8641082368592478,1.0697438668137638
-1.956976966759801,-0.46895209616084704,-0.45592868874512366,-0.4020161834514004,1.811370493962026,-0.5019453660312243,2.075745405455813,0.25016815023499955,1.5383206683483148,-0.6624753550716271
0.3353535331840671,0.5398241732403171,-0.3351015413341446,-0.1886193879523422,0.9307653601123677,-0.5017843018177435,-0.521750923937482,1.2402000510549627,-0.559900231213064,-1.4776582221012777
-0.9176331632588031,1.238818753612777,0.8695986870393608,1.3411985282253516,-0.9316694158055724,-0.5058431199974579,0.6560611768400445,-0.7051933727352377,1.8621455265531217,0.6506376116476273
-0.703990270316931,-0.8700796678518613,-0.19344212712816913,-0.5461775741885421,0.7985243161212926,-0.5058245009743795,0.5403832026565374,-0.635852617035785,-1.822897266799988,0.8845692957520164
1.0282494021847326,-0.2703740903732166,-0.2658590545583947,-0.053942299237380885,0.7293983158532308,-0.5058431199974579,-0.5743318212936217,0.019032297903490387,-0.7373631945202732,0.006665432846904427
0.2371932850756394,-0.15917040713214325,-0.13987344108389277,0.1841136815193463,-0.4848149062466398,-0.5058330695905368,-0.5585575520867798,-0.9055111114225455,-0.4044282594100758,0.667194639378363
0.6471566742343668,-0.22271536898418515,-0.2755807790627262,-0.514879377515347,0.36874092315029877,0.05143905864586439,-0.5690737315580077,0.011327769492440031,-0.07095940037868369,-0.5922281416286848
-0.7559574604919809,-0.5642695389389099,-0.92118264716671,-0.4646125767977909,0.5520750977742892,-0.5056817336555502,0.49831848477162566,0.29639532070130137,-0.6351501338564931,1.4202400067725962
0.8781219639012549,0.2618149651376338,0.6390549345080674,-0.38209914920482174,-0.8959643339279821,-0.5058431199974579,0.5193508437140815,0.4928607951830837,-0.7380973399119162,-0.6687464664716068
-0.703990270316931,0.5636535339348329,0.6719897562982523,-0.5016013546842943,-0.2113163834469165,-0.5058431199974579,-0.3640082318690634,-0.4894665772258292,0.4619634134641398,0.25955466842910235
-1.7260116770929121,-1.017027392134708,-0.691035699717226,-0.5082403660998206,0.17639031370873515,-0.5058431199974579,-0.5979932251038844,0.2347590934128989,2.0084740512056434,-0.5313335745553351
0.5143516326759058,0.9647811056258468,0.6979804891567715,-0.44943769356230234,-0.8989698122005065,-0.5058431199974579,-0.3640082318690634,1.4867449602085723,-0.5715798169892058,0.29772988604426015
-2.3900368848852165,1.3261930761593346,0.8932085894070235,0.3358625138742322,-0.9419481514976059,-0.5008823422222515,0.5035765745072396,-1.5669448755112132,0.6777020478720206,1.0067462816601032
-0.05728745924964285,0.0950094402760243,0.41188402517215433,-0.49116862245989595,0.01709996526494024,-0.5049379391176962,-0.746271355648198,-0.1427627987285658,-1.5461911946406461,0.04377476007133078
-1.27562936224248,-2.061547702577646,-3.58612557659901,-0.2768233967586196,2.0337758861288346,2.480287397935258,-0.3640082318690634,-1.1212379069319538,-0.40703113852590184,-1.5341517673774538
0.035098656617111826,-0.44512273546633135,-0.23312263530911487,-0.4560767049778286,0.7384147506708041,-0.5050506840671327,-0.6064061686808667,-0.6397048812413101,1.5284097055611314,-2.900091897840563
-1.2929517589674964,-1.6524770106551263,-1.323543000121497,-0.4380565311356859,1.9285841465904785,-0.505041020214324,2.3544241614433528,-1.437123571785016,0.7473457493429013,0.7550492045058331
0.2891604752506894,-1.7041072921599105,-0.3154596897845765,-0.4854780412465877,1.9315896248630033,-0.5007857036941631,-0.43236339843204474,-0.9825563955330484,0.1482163692718901,0.5341523261724377
0.8319289059678772,0.4643645310410174,-0.45116702776341006,-0.4029646136536185,-0.9475191060235574,1.5267872541293421,-0.665296773719743,-0.5395460118976562,-0.03795622799981361,1.6403749163645927
-0.9465038244671636,-0.20285756840542207,0.4612862578574317,-0.5328995513574896,0.5791244022270091,-0.48819048219996997,0.3090272542895233,-0.31226242377167224,0.6511059625474915,0.8969363321373282
-0.6866678735919143,1.3539939969696029,0.7406370354512879,0.27895670174115006,-0.9473099247357895,-0.386333473594757,-0.8635267567523893,-1.2483626257142837,0.5962452796446985,0.6579279474959414
-0.2478338232248261,1.1911600322237457,1.342788747097136,-0.27587496655640154,-0.9161010383538959,-0.5058431199974579,-0.7704585684320223,1.4405177897422703,1.0656311468653097,-0.14975374356636187
1.3342784109933599,-0.08371076493284352,0.23550416630785168,1.3981043403584337,0.2966094446097124,-0.443994462020858,-0.53226710340871,-0.920920168244646,-0.07029199547718949,-0.7132435920530855
-0.7675057249753252,-2.539763256115418,-5.0172031041448095,-0.3858928700136939,2.0067265816761144,2.022865031649988,-0.5007185649950263,-1.1327946995485292,-1.2261038038842051,-1.1998241192728627
-1.3449189491425462,0.055293839118498125,0.04384731179388489,-0.4816843204377156,-0.6320833416003371,-0.5052214121334223,3.7951407490015767,-1.0210790375883,-1.41868348821025,2.1020849157321155
-0.6116041544501754,-0.3100896915307428,-0.21010794056416612,-0.2284534564454997,0.12830266134834423,-0.5058431199974579,0.4667699463579419,0.011327769492440031,0.548392348207591,2.5258056004755827
0.173677830417245,-1.163975116417555,-0.44799258710893436,-0.492117052662114,1.907545798682808,-0.061305890790645835,-0.5112347444662542,1.016768727134504,-0.38884435496019487,0.04010154439568101
-0.7675057249753252,-0.6834163424114884,0.08273420981121142,-0.5509197251996323,0.6151901414973023,-0.5047865387570244,-0.5532994623511658,-1.6073936496692278,0.4720078572316225,0.5577364603331532
-0.32867167460823715,-1.1123448349127707,-0.3267686346161461,-0.2559579323098228,1.5378719711623028,-0.5058173175104583,0.351091972174435,-1.0249313017938253,-1.6279149248285656,0.2191903572978686
-0.42683192271666476,-1.719993532622921,-1.0170110744236929,0.1841136815193463,2.0217539730387366,-0.5058431199974579,0.44047949767987205,0.23861135761842403,1.7618345698585987,-1.1854939098958746
1.5190506427268704,0.3889048888417176,0.5696140451914129,-0.20758799199670286,-0.5389135151520796,-0.505836323087649,-0.2693626166280121,0.6045764571433131,-0.8057054564332417,0.2989584097144111
-0.3575423358165982,1.3539939969696029,0.9580862202828693,0.3927683260073145,-0.9463181169058563,-0.18951300472130617,-0.28513688583485397,-0.35463733003244896,-0.8719120226614293,0.19279735337219667
-0.2016407652914483,-1.8669412569057673,-2.273097560891523,-0.38873816062034794,1.7332280588763909,2.5801472102933096,-0.4481376676388866,0.3233611701399774,0.530305675377108,-0.015232496984147454
0.9647339475263382,0.5318810530088118,0.8751539581846931,-0.21991758462553737,-0.38863960152585797,-0.5040971839233269,-0.47442811631695647,0.9474279714350512,1.4650062399192174,0.1074610202137861
1.4959541137601815,-0.04796672389106995,0.4182329064811056,-0.3413166505094461,0.12529718307581977,0.7182449024560825,-0.6127158763636036,0.2540204144405247,0.20110820771527593,3.8193974492907636
0.9705080797680105,-0.6476723013697149,-0.8344807367913437,-0.5243636795375273,-0.3796231667082847,-0.5058351312124693,0.7454487023454816,1.8218919460892602,-0.48238115190455516,0.5485335843063212
0.6587049387177113,0.48819389173553307,-0.09047120839861549,-0.27966868736527367,-0.46077108006644435,-0.48825490788536235,-0.4481376676388866,-0.3854554436766502,-0.9075180741561255,0.01454070225090156
-0.05728745924964285,1.0203829472463835,1.153512723074026,-0.1023122395505007,-0.8656090033754854,-0.5055113277176877,0.7822553304947794,0.030589090520065768,1.6635925683587074,0.3355780007087588
0.8434771704512216,0.9131508241210627,0.30772269119717255,-0.312863744442905,-0.9458432513387977,1.8263666912034981,-0.7478487825688822,-1.1212379069319538,-0.0760316776300368,0.283772101368253
0.12171064024219505,1.1474728709504673,1.111252981861319,0.6298758765618236,-0.2894588185325518,-0.5058431199974579,0.9873208301837239,-0.023342608357286018,0.5929749956273792,-0.4755599930154211
0.2776122107673449,-1.017027392134708,-0.28054084258534445,-0.5063435056953846,1.6851404065159996,-0.5058431199974579,0.14602647248549047,0.9782460850792525,0.13436771756589344,-1.0362327502943016
0.24874154955898384,0.7662030998382159,0.5775501468276019,-0.4883233318532418,-0.26842047062488067,-0.5058189925782786,-0.9392432489452304,0.7817806105974702,0.8920057617416894,0.10406155573455622
0.4219655168091504,0.1148672408547874,0.29740575907012656,-0.5556618762107225,-0.9264398836113797,-0.5058431199974579,-0.12213610403082129,-0.054160722001487235,-0.47267041058782006,0.4620332766602694
-0.7386350637669642,-1.1480888759545442,-0.2710175206219176,-0.261648513523131,0.8165571857564391,-0.5058431199974579,-0.3850405908115191,0.28483852808472593,1.9815108931852925,0.08113715321378297
-0.894536634292114,-1.6087898493818475,-1.3675883642023465,-0.442798682146776,1.5468884059798755,-0.4848081337168747,-0.3482339626622215,-1.367782816085563,0.6032196608653091,0.7398189152983661
-0.40373539374997586,-0.5205823776656311,0.19165720476790693,-0.518673098324219,-0.6765644200336985,-0.5012688963346053,-0.3482339626622215,-1.0634539438490764,-0.3024487904618186,0.8991266368831066
0.8088323770011882,-0.6238429406751992,0.43370830467167454,-0.5281574003463994,-0.20530542690186762,-0.5058431199974579,-0.3587501421334494,0.4427813605112567,-0.7570516391143414,-0.8006331939666951
-0.3055751456415482,-2.057576142461893,-0.6440142975228056,-0.442798682146776,1.6100034497028892,-0.3789245197746435,-0.4533957573745006,-1.1751696058093057,0.021509548723286462,0.2868492775086263
-1.9107839088264233,-0.34186217245676326,0.1751897938728145,-0.5082403660998206,-0.8298438119324446,-0.5058431199974579,-0.0012000401117003097,-0.5742163897473825,-1.3821764400985372,-0.6889124037294815
-1.4142085360426129,-0.1909428880581642,-0.0795590686488555,-0.1402494476392222,0.20945057470650394,-0.45816811280716213,-0.016974309318542196,-0.9016588472170203,1.5255398644847085,-0.5678178823002837
1.5363730394518869,0.09103788016027169,0.5769549392048878,0.47812704420693786,-0.7862643769808403,-0.5058431199974579,-0.7862328376388641,-0.5395460118976562,-1.0706985725713662,-0.6073189483264114
-0.10925464942469282,1.107757269792941,1.4792896952395884,-0.1886193879523422,-0.947455690432007,2.319223184454529,-0.8098942414491269,-0.44709167096505265,1.730433169243314,0.13188693704029927
-0.34599407133325377,0.44053517034650164,0.7795239334686146,0.9997636554268582,0.6151901414973023,-0.5058431199974579,0.23541399799092783,1.845005531322411,0.09418994249596455,0.5222403211870643
-2.2803283722934444,-0.1671135273636485,0.1261843662693468,-0.4873749016510238,-0.38262864498080906,-0.5052310759862312,0.6613192665756584,-1.5615517056234784,-1.3054916169168962,1.319711712970106
0.16790369817557282,0.7145728183334319,0.44501724950324406,-0.2901014195896721,0.9788530124727586,-0.5058431199974579,2.5647477508679106,1.5252676022638236,-0.1291237375438708,-0.6093201201557703
0.23141915283396722,0.6271984957868747,0.9434044322559195,-0.4058099042602727,-0.849078872876601,-0.3641066121344164,0.7454487023454816,-0.8746929977783442,0.764998608987414,-0.5779135557406231
-0.5307663030667646,-2.153290741251531,-0.2547485122677301,-0.3526978129360626,1.616014406247938,-0.5058431199974579,0.30376916455390934,-0.6705229948855114,0.38627969763473946,-0.9596053033882618
0.09861411127550625,-0.34186217245676326,-0.18471241532836097,0.6962659907170863,-0.10612464390856133,2.2290272249053205,-0.006458129847314272,0.015180033697965159,1.6696659529623004,-0.1156024102825745
0.803058244759516,0.46833609115677,0.47477763063895306,-0.4902201922576779,-0.9458672951649777,-0.47375912867209674,0.6402869076332026,1.224790994232862,-0.33782125024099174,0.1806297517439326
0.7799617157928271,-0.33789061234101064,-0.29839707126676995,0.20308228556370705,-0.340551949165467,-0.5058386101994804,-0.47442811631695647,1.2941317499323146,-1.3724323285367273,1.066786560376563
-1.4373050650093016,1.036269187709394,0.7263520525061475,0.4401898361182163,-0.912795012254119,-0.5058431199974579,0.9452561122988121,-0.1427627987285658,2.5930873746691643,0.2974772381407278
-1.5470135776010738,1.3103068356963241,0.44164440630786356,0.3074096078076912,-0.9406858506231457,0.6505979327941763,2.1020358541338826,-0.3161146879771974,0.7408385515533368,0.06858067693515364
0.12748477248386728,0.6470562963656378,0.42874824114905624,-0.4987560640776403,-0.8746254381930587,2.486729966474487,-0.39029868054713307,1.737142133567707,0.029818739746884995,1.2367972700231995
0.6298342775093502,-0.2108006886369273,0.2462179035167069,1.80592932731219,-0.5359080368795551,-0.5058158357196942,-0.400814860018361,0.03829361893111612,2.131510144796031,0.18277939907304902
-1.419982668284285,1.3500224368538503,0.4196217242674389,3.2190903286170642,-0.764324385591412,2.1903718136699455,2.5857801098103663,-1.6821275752564155,1.2637836621188274,0.993632095806457
-0.5827334932418143,1.0283260674778887,0.7533347980691905,-0.3783054283959496,-0.9469522728213592,-0.5024929843570587,-0.5795899110292356,0.3349179627565529,0.26304338257390425,0.34899999433451584
-0.2536079554664983,0.6311700559026273,0.5997712314089313,0.15566077545280524,-0.9315191418919462,-0.5058431199974579,0.971546560976882,0.500565323594134,0.12509078943512894,-0.3783077028714992
-2.5748091166187272,-1.5849604886873319,-1.927281932094583,-0.44659240295564817,-0.945019750292126,2.1130609911991955,-0.49020238552379836,-1.6867502923030455,-1.2131227785501497,-1.9542381859733873
0.7972841125178438,0.8932930235422997,0.6408405573762102,-0.2682875249386572,-0.43372177561372444,-0.5053212719457804,2.2702947256735295,1.3172453351654654,0.19516830409198144,1.3800843278539305
-0.37486473254161484,0.7900324605327316,0.9380475636514919,-0.35933682435158887,-0.7976851944164333,2.225805940635706,-0.3797825010759053,-1.6374413104723238,1.731100574144808,1.0653069556089436
1.0802165923597826,0.48422233161978046,0.7219871966062437,-0.389686590822566,-0.8571936642124169,-0.5057712853582456,-0.6474192686186556,-0.03875166517938663,-0.13963536474239854,-0.7006730318297335
0.012002127650422936,-1.2156053979223387,-1.065619696945351,-0.4968592036732042,1.4627350143491922,-0.4478600031443955,-0.6826484698472691,-0.33152374479929797,0.18185357630717952,-0.06897746020297577
1.8424020482605143,0.2657865252533865,0.4664447239209545,0.06176618543321949,-0.6260723850552883,-0.46912047932385176,-0.8898172054304592,1.8912327017887127,-0.405829809703213,1.084647872631924
-0.703990270316931,-0.42923649500332084,0.10515369693344571,-0.38209914920482174,1.9796772772233941,-0.492603641649342,-0.06429711693906771,1.1361889175057835,-0.7070963822375281,-0.4372188681638027
-1.7375599415762568,1.3579655570853555,0.546202545364655,0.5160642522956594,-0.9476546831484308,2.3224444687241435,-0.6148191122578491,-0.8130567704899417,0.8553986028947526,-0.7186670617646082
-0.5134439063417481,0.9052077038895575,0.6027472695225023,-0.2417314792765522,-0.9456178404683584,-0.24942889213613734,2.6331029174308918,0.12304343145266942,1.9980625347423402,-0.010306823642976798
-0.16699597184141504,-0.13534104643762757,-0.17201465271045838,-0.4684062976066631,-0.7715375334454707,1.9713244833361543,-0.6085094045751124,0.26557720705710014,-0.7334588758465342,0.7610984410331055
-1.2871776267258244,0.12281036108629263,0.47180159252538223,-0.24647363028764244,-0.9213005157653631,-0.5058397698618176,-0.09058756561713752,-1.3138511172082112,1.403538248491636,0.9156777281823223
1.7962089903271365,0.38096176861021236,0.05694187949359682,-0.027386253575275903,-0.9468440756035483,0.9276283799810302,-0.5427832828799379,-0.920920168244646,0.061920915508737906,1.173599336753848
-1.3045000234508408,-2.3010327775575283,-2.7004566340003056,-0.32803862767839354,2.015743016493688,-0.5058431199974579,-0.6321708083853752,-1.0904197932877526,-0.9234690513018278,-0.07339939728113794
0.3238052687007226,0.9330086246998259,0.09483676480639976,-0.1762897953235076,-0.8908550208646907,-0.46267791078462256,-0.7383842210447771,0.15771380930239587,0.07653708285145286,0.02344266276290597
-0.2767044844331872,-0.18299976782665897,0.6477846463078754,-0.5338479815597077,-0.9431202880238906,-0.5058431199974579,-0.7205067159436896,-0.9132156398335957,0.2552347452264261,0.37450924954368153
-1.7260116770929121,-2.4968306912641323,-4.069434166242926,-0.46271571639335485,2.027764929583786,2.464180976587185,-0.7068356826310934,-1.5465278752219302,-1.7204172441756107,0.6451181955565588
-0.17277010408308724,0.8853499033107944,0.6382613243444485,-0.4522829841689564,-0.9467028181247396,-0.10962515483486458,-0.5532994623511658,0.9743938208737272,1.031059572967929,0.16252439300522317
0.6933497321677445,0.5993975749766064,1.0945871684253217,-0.37356327738485945,-0.37361221016323587,-0.5058431199974579,-0.24307216794994227,0.7586670253643192,-0.7382308208922151,-0.014779845727545102
0.16212956593390054,-0.9296530695881505,-0.7192088605256971,-0.47125158821331714,-0.48782038451916426,2.42552556535181,-0.6311191904382524,1.5445289232914494,1.9333576295425137,1.024650738451913
0.9069926251096159,-1.4022687233627116,-1.1124426965988667,-0.5215183889308731,0.9578146645650877,-0.5058140318005033,-0.3640082318690634,-0.27373978171642066,-0.42401659326891983,-0.6111132004689831
-0.2478338232248261,0.6947150177546688,0.9475708856149188,-0.5101372265042567,-0.9463361497754916,-0.5058431199974579,-0.7126195813402687,-0.8554316767507184,-0.20393982700132926,-0.019258677124069402
-0.6924420058335865,1.2745627946545506,1.4640126995899245,0.4117369300516752,-0.8779314642928356,-0.5057236103510552,0.7454487023454816,-0.16972864816724187,-1.570651584280395,-0.2852320404169243
0.058195185583800726,1.1911600322237457,0.6142546168949766,0.19359798354152663,-0.9414372201912766,-0.505832296482312,-0.6526773583542697,-0.7013411085297125,-0.6746271337798528,-0.28666018143055516
-0.08038398821633175,1.107757269792941,1.2148191082135869,0.5540014603843807,-0.9390027827905321,-0.5053889189154422,-0.527009013673096,-1.1559082847816802,1.9263165078317532,0.4893201463254563
0.14480716920888392,-0.8502218672730982,0.29899297939736447,-0.5357448419641437,1.5589103190699733,-0.5058335205703345,-0.5638156418223937,-0.08112657144016332,0.5930083658724532,-0.09667586277888636
-1.2987258912091686,-2.2156442350688472,-1.993151575674953,-0.3451103713183183,1.913556755227857,-0.5058431199974579,0.7401906126098676,-0.8092045062844165,-1.0743359292845078,-0.4665186746718046
0.9762822120096823,1.0164113871306308,1.0455817408218542,-0.3005341518140705,-0.942068370628507,2.2934529102976122,-0.8135749042640568,0.42737230368915613,-0.07109288135898215,-0.8544868727065386
0.6875755999260723,0.14266816166505572,0.2384802044214225,0.7342031988058078,-0.48782038451916426,-0.5058431199974579,-0.6447902237508487,-0.42012582152637656,-0.23857814138885902,-0.36501941055641535
0.13325890472553947,-1.0289420724819658,-0.5501698956748693,-0.5215183889308731,1.5078171884370586,-0.5057023498748757,-0.5112347444662542,-0.7206024295573383,-0.8045041276105527,0.2082826295057648
-0.4326060549583369,-0.20285756840542207,0.8400367084445564,-0.5053950754931665,-0.9443825888983508,-0.49843416617734443,0.30376916455390934,-1.1366469637540544,-0.15018036218600114,0.17155321982250646
-1.5816583710511072,-2.3975416883703167,-3.36034348504943,-0.4058099042602727,1.913556755227857,-0.5058431199974579,1.5236459832163474,-0.6820797875020868,-1.4142118753702413,-0.47627857428259657
-1.5412394453594018,-2.1878433142585787,-2.2705183278597616,-0.43046908951794155,2.0007156251310656,2.5801472102933096,0.9557722917700401,-1.5018416104378385,-1.156693694128847,-2.598876874525607
-0.9753744856755248,-1.0607145534079867,-0.3360935540386685,-0.389686590822566,1.7722992764192087,-0.5058365807903906,-0.4954604752594123,-0.5202846908700304,-0.45208096937673525,-0.14140913718978454
0.4739327069842003,1.2149893929182614,0.8291245686947964,1.6636647969794842,-0.29246429680507624,0.7279087552649263,-0.8414427798628107,0.40425871845600514,1.428432451317356,0.1565119551407488
1.17837684046821,0.8774067830792892,0.9209849451336852,-0.3545946733404986,-0.14820133972390334,-0.5029826195660402,0.6034802794839049,0.6353945707875143,0.26314349330912773,-0.18647921518656077
-1.622077296742813,1.3539939969696029,0.880510826789121,0.4401898361182163,-0.9475566745019639,-0.4840994511775595,0.5035765745072396,-1.3716350802910884,-0.3840390396694391,1.0314616941655956
-0.5192180385834203,1.1673306715292304,0.5202118125061356,2.9345612679516537,-0.30148073162264943,-0.5058431199974579,0.5351251129209234,0.9320189146129507,1.7924684548371657,0.10078032398464351
-2.2052646531517057,-1.624676089844858,-2.1506831931533066,-0.47883902983106147,0.23649987915922385,2.6445728956856014,0.030348498301983464,-1.6894468772469136,-0.7522463238235857,-0.43989161805766114
0.20254849162560606,1.0521554281724044,0.2019741368949527,-0.28441083837636383,-0.9347049488608222,2.051856590076519,-0.53226710340871,-1.6724969147426025,0.596578982095445,2.7327415263126063
1.1899251049515545,-0.2822887707204744,0.9491581059421565,0.2694723997189697,0.17037935716368624,-0.4889635904246775,-0.5532994623511658,1.1477457101223592,-0.904314530628955,-0.3744260774450809
1.3689232044433932,1.15144443106622,-0.003174090400535465,-0.29674043100519837,-0.16022325281400113,0.2672651047100413,1.5078717140095055,1.355767977220717,0.4656341404223563,-1.1650572345294263
0.803058244759516,0.5715966541663381,0.8120619501769898,-0.43710810093346786,-0.9472407987355214,-0.34284613595496016,0.11973602380742067,1.6138696789909022,0.029751999256735266,0.22985288649763191
0.35267592990908375,1.1355581906032095,0.9951874954320534,1.0377008635155798,-0.3525738622555648,-0.5056843106829659,-0.7930683542951622,0.6392468349930395,-0.2368762588900497,-0.1459380533817544
-0.6462489479002088,0.4643645310410174,0.615445032140405,-0.39632560223809227,-0.9476185873543779,-0.34381252123584455,-0.6489966955393398,-0.7745341284346902,0.5981140133688816,0.9364749803770558
0.3238052687007226,0.39287644895747026,0.1037648791471125,-0.48642647144880574,0.9968858821079051,-0.45816811280716213,-0.4639119368457285,1.6369832642240532,-0.7467402333862614,1.0879369396067566
-0.5192180385834203,0.8297480616902578,1.3451695775879928,0.06176618543321949,-0.944412643681076,-0.5058431199974579,-0.766252096643531,0.4890085309775586,1.3917919222253443,-0.0577436673580959
-0.4903473773750592,-1.1997191574593282,-1.531072057907842,-0.4437471123489941,1.5769431887051202,1.9391116406400084,-0.31668542424853774,-0.4393871425540023,0.29891639602919723,0.17174379881707066
-0.9118590310171308,-1.6643916910023842,-0.6134603062234775,-0.5357448419641437,1.7031732761511464,-0.4921204490088998,-0.0012000401117003097,-1.2445103615087583,-1.9594483096456259,0.5167807908423407
-0.24205969098315383,1.2269040732655192,1.010067685999908,0.06935362705096383,-0.9475918385977522,-0.5058431199974579,0.4772861258291698,0.1346002240692449,-0.23634233496885448,-0.37710644547466177
-1.3622413458675628,1.1951315923394983,0.852734471062459,0.5350328563400198,-0.9408060697540466,-0.4889635904246775,-0.6090352135486737,-1.2753284751529599,1.9433019625747714,-1.1653029516022309
0.5951894840593169,-0.5364686181286416,0.04841057023469354,-0.29768886120741644,-0.4307162973412001,-0.5058431199974579,0.7296744331386397,0.08837305360294308,-1.2034787777235643,-1.6323229308750589
-0.5885076254834866,1.3976811582428819,1.2959657474436201,0.05417874381547525,-0.9465946209069288,-0.39793009696536946,1.318580483527403,-1.0403403586159257,-0.9899425794906135,-0.005852136111438386
1.5998884941102813,0.5557104137033276,0.47815047383433346,0.9807950513824975,-0.5809902109674216,-0.5053470422199373,-0.6347998532531821,1.0013596703124035,-0.7383976721175884,-0.08962758682333521
-0.05151332700797068,0.8376911819217631,0.8324974118901767,-0.08903421671944821,-0.6756627765519412,-0.5057664534318411,-0.47442811631695647,-0.7475682789960142,-0.4043615189199266,-0.1850391195247553
-0.3113492778832205,1.2745627946545506,0.5539402444599393,1.2842927160922692,-0.9472558261268841,2.0647417271549773,2.359682251178967,-1.633203819846246,0.5865679085730382,0.8710979344561272
0.09283997903383398,1.3897380380113766,1.5782925631510476,1.066153769582121,-0.9447071805517835,-0.4975966322672446,0.33005961323197913,-0.8669884693672938,0.9284794396083278,0.19745851731481034
-0.016868533557938038,-0.13931260655338018,-0.7755551821426399,-0.17249607451463556,0.8526229250267323,-0.505542574175103,0.3248015234963652,1.2671659004936389,1.7820235681287866,0.2264196088882825
0.2371932850756394,0.019549798076724557,0.41327284295848754,-0.3783054283959496,-0.7258542637030992,-0.5058431199974579,-0.4849442957881844,-0.281444310127471,0.09632563818074501,-0.36084689164243633
-0.484573245133387,-0.6873879025272408,0.12380353577848999,-0.47883902983106147,1.4086364054437523,-0.5058431199974579,-0.3219435139841517,-0.5973299749805334,0.4584261674862226,0.38431096463219827
0.16212956593390054,1.2666196744230453,0.18451471329533659,-0.16206334229023703,-0.9436612741129448,2.4770661136656433,-0.4376214881676587,-1.4413610624110937,0.7303269243548091,1.117733218959804
-1.2698552300008077,-2.422165361087983,-4.444811773634671,-0.29768886120741644,2.0337758861288346,-0.5025896228851472,-0.7178776710758827,-1.4883586857185005,-1.1161488463630966,-3.1795819573654156
0.6702532032010557,1.004496706783373,0.469023956952716,0.4591584401625771,-0.864707359893728,0.576508394593041,0.6034802794839049,-1.1559082847816802,0.6624518458728867,1.7177842509755308
1.2476664273682767,0.3213883668739231,0.6749657944118232,-0.4636641465955728,-0.9315191418919462,-0.4991106358739634,-0.5690737315580077,-0.6474094096523604,-0.8378076321950945,-0.4749996035515515
0.7106721288927605,-0.8184493863470772,-0.3079203932301969,-0.49401391306655007,-0.17825612244914782,-0.5058431199974579,-0.3797825010759053,-0.1581718555506664,0.32908309757671816,0.6717310871279135
0.8896702283845993,0.28961588594790216,0.5614795410143191,1.4170729444027945,-0.6260723850552883,-0.5058431199974579,1.833873277617571,0.12304343145266942,-0.9388861045263354,-0.12354734567233208
1.8885951061938915,0.3611039680314493,0.5493769860191307,0.20308228556370705,-0.8496799685311058,-0.5058431199974579,1.8706799057668684,1.3981428834814937,-0.8061726398642871,0.3501312199351723
-0.3633164680582704,0.7384021790279476,0.32498371225588374,-0.12033241339264346,1.0089077951980028,-0.5058291718365705,-0.3797825010759053,1.586903829552226,2.142255363710082,-0.7119967839695444
0.12171064024219505,-0.9495108701669134,-0.6517519966180898,0.8290462190276113,1.0600009258309182,-0.5058213119029527,0.6139964589551328,-0.797647713667841,-1.030487427256363,-0.42603854844021916
-1.061986469300608,0.48422233161978046,0.4716031899844774,-0.03592212539523823,0.774480489941097,0.882530400206426,-0.4271053086964308,0.6700649486372408,0.7454102751285695,0.11941747737796839
0.8781219639012549,1.1633591114134778,0.9967747157592912,0.011499384715663589,-0.30749168816769834,-0.5058431199974579,-0.1904912705938028,0.5583492866770112,-0.6020802209874738,0.4716552108867204
0.5489964261259391,0.11089568073903477,0.37061629666397117,-0.3877897304181298,0.6752997069477911,-0.5058431199974579,-0.7452197377010752,1.4251087329201697,1.1283672076057296,-0.22502957134754803
-0.6866678735919143,-2.121121104313935,-2.9536182761947383,-0.4978076338754222,1.9105512769553323,2.4609596923175707,-0.5375251931443239,-1.0557494154380263,0.5737203642192823,-1.2801400487560815
0.41041725232580595,0.30153056629516,0.7031389552202943,-0.48263275063993355,0.09223692207805097,-0.5058431199974579,-0.5690737315580077,-0.8669884693672938,-0.7378303779513188,-0.47531570948924007
0.43351378129249485,0.5914544547451012,0.08352781997483041,-0.2635453739275671,-0.7096246810314674,-0.5026314995806522,-0.6032513148394983,-0.32381921638824773,0.26411123041629375,0.28295336370097796
-0.29402688115820375,1.417538958821645,1.443180432794928,1.7110863070903861,-0.6567282634350373,-0.48793277945840086,2.2545204564666874,-1.5018416104378385,0.0969263025920895,-1.8615482128226741
0.6529308064760391,-0.8661081077361087,0.025792680571554854,-0.5376417023685797,1.378581622718508,-0.5058431199974579,0.5614155615989932,0.7085875906924922,0.12245454007422857,-0.5815422049823644
-0.5711852287584699,-0.7310750638005197,0.37299712715482786,-0.5736820500528652,1.1501652740066508,-0.5058431199974579,-0.3745244113402913,-0.3931599720877004,-1.2540680692567963,0.018465377057410207
0.6933497321677445,0.654999416597143,0.5999696339498362,-0.38684130021591184,-0.9004725513367688,-0.45945662651500796,0.40367286953057435,0.9898028776958279,0.43059538309392986,-0.7585251580620113
1.2938594853016543,-0.09959700539585399,-0.6602833058769929,-0.2284534564454997,-0.26240951407983176,-0.2861515328097436,-0.7420648838597069,1.5406766590859244,-0.6051502835343453,0.5104921670982011
-0.8021505184253586,-1.2513494389641122,-1.360644275270681,0.5255485543178398,1.991699190313492,-0.45526895696450903,3.016943468130712,0.8549736305024476,-0.1531836842427235,-0.6661485695497039
0.9762822120096823,-0.7429897441477775,-0.02003830637743744,-0.48263275063993355,0.86464483811683,-0.5030567091042413,-0.3587501421334494,-0.5896254465694831,-0.2057418202353627,-0.22755614064072863
-1.7375599415762568,1.1792453518764878,0.9888386141231021,-0.40011932304696446,-0.9470815083870776,2.4448532709694977,1.2870319451137193,-1.6805866695742053,-0.6781643797577706,-0.30417231113469073
-1.7606564705429455,0.14266816166505572,0.520013409965231,-0.3014825820162885,0.3957902276030188,-0.5058431199974579,-0.04326475799661201,-0.42012582152637656,2.84783582556936,-0.23734567779288424
0.11016237575885068,0.8615205426162788,0.7013533323521519,1.6636647969794842,-0.5839956892399462,-0.5057561453221784,-0.08532947588152355,-0.007933551535185606,0.2619755347315137,-0.1046675970229368
0.5663188228509557,0.5437957333560697,0.7630565225735221,-0.33372920889170177,-0.499842297609262,-0.5058431199974579,-0.400814860018361,1.4559268465643709,-0.07229421018167101,0.13774996703818468
-1.3737896103509075,-1.8431118962112518,-2.3153573021042297,-0.261648513523131,1.9105512769553323,2.264461351871081,-0.5375251931443239,0.14230475248029525,0.03338935596987697,-0.083247696519466
-0.08615812045800401,0.4008195691889755,0.09225753177463837,0.3168939098298715,-0.2894588185325518,-0.5057706411013916,-0.016974309318542196,0.24246362182394918,2.5992608700079822,-0.13170571780513624
-0.3113492778832205,1.1752737917607357,0.9600702456919167,-0.29768886120741644,-0.947324952127152,-0.5055145490019572,-0.6847517057415147,0.26557720705710014,1.097132658215818,-0.1876290810474271
1.1495061792598489,-0.34186217245676326,-0.6158411367143339,-0.4778905996288434,0.5280312715940937,-0.5058431199974579,-0.8566912400960911,1.2787226931102142,-0.06925751787987426,0.16411241213612418
-0.34599407133325377,1.0799563489826727,0.9398331865196342,-0.5110856567064747,0.6212010980423512,-0.5058394155205479,0.4720280360935558,0.9666892924626769,0.6651548357239364,0.0623774636109674
-2.297650769018461,-0.9495108701669134,-3.9492022264546613,-0.19241310876121437,1.7903321460543553,2.4158617125429664,0.21963972878408594,-1.819306703615166,0.04440153684452508,0.1053731747736935
0.7626393190678105,1.0958425894456831,0.6684185105619671,0.2884410037633304,-0.7132312549584967,-0.5058431199974579,-0.779397320982566,1.5984606221688014,0.26371078747539745,-0.21542146744711577
-1.4777239907010074,1.3659086773168607,0.7773415055186625,0.8100776149832508,-0.9475978495542973,1.6040980766000923,0.3668662413812766,-0.8014999778733662,0.5849327665643781,-0.8197770580887634
-0.25938208770817056,-2.2521825881337714,-3.0472642755017696,-0.23509246786102594,1.8444307549597951,1.9584393462576961,-0.5532994623511658,-0.5087278982534549,0.4391715360781257,-1.0820667357181362
-1.5123687841510405,-1.068657673639492,-1.3537001863390157,-0.3925318814292201,0.5520750977742892,1.8231454069338835,2.2282300077886177,-1.3446692308524124,0.3039219327904011,3.1124883376336574
-1.2178880398257579,1.3539939969696029,1.3277101539883767,0.25998809769678927,1.1952474480945174,-0.5011722578065168,3.8266892874152605,-0.6743752590910365,-0.8804214351554756,-1.6626418781559469
1.4035679978934263,-0.06385296435408043,0.9271354239017319,-0.12886828521260588,-0.825335594523658,-0.5058381914325254,-0.5007185649950263,0.4774517383609831,-0.7380973399119162,-1.148354481759674
-0.23051142649980938,1.1435013108347147,0.9509437288102991,-0.3745117075870774,-0.8983687165460016,-0.5058431199974579,-0.5953641802360774,0.26557720705710014,-0.07182702675062548,0.692686086228758
1.3169560142683432,0.7145728183334319,1.0366536264811415,-0.24931892089429655,-0.6140504719651905,-0.5025251971997549,-0.24307216794994227,0.21164550817974795,-0.40646384435963223,-0.8736748206424693
0.31803113645905046,-2.0655192626933983,-2.7919202053573855,-0.29389514039854425,1.9676553641332963,2.448074555239112,-0.36926632160467737,0.09992984621951856,0.11758248429332353,-0.04520156010712529
0.5951894840593169,1.385766477895624,0.8487664202443646,-0.10610596035937288,-0.9429700141102643,2.1903718136699455,1.4973555345382776,-0.7206024295573383,-0.989542136549717,-0.45168780573707745
1.2534405596099492,-0.04796672389106995,-0.2952226306122943,-0.40011932304696446,0.14633553098349078,-0.5058353889152108,-0.6263869096761998,1.4212564687146445,-0.7048272055724488,0.7598934596259183
0.20254849162560606,-0.2505162897944535,0.27756550497965393,-0.43236594992237765,-0.5990230806025683,-0.5058431199974579,-0.6195513930199017,-0.13891053452304064,-0.812145913732657,0.7630656723192069
-0.4383801872000092,-0.11151168574311185,0.5354888081557997,-0.5499712949974143,-0.9323005662428023,-0.5058431199974579,-0.5585575520867798,-1.152056020576155,-1.5427206891528782,1.006867822853991
0.8550254349345661,-0.3061181314149901,0.2186399503309499,0.9807950513824975,1.0149187517430518,-0.5058431199974579,-0.5979932251038844,1.556085715908025,0.30892746955160505,-0.6840239545320161
-0.6116041544501754,-1.77956693435921,-1.5981321167336406,-0.3934803116314381,1.9315896248630033,2.0164224631107586,-0.49020238552379836,-0.9324769608612213,-0.4028598578915655,-1.0470702884200354
-0.31712341012489265,1.107757269792941,0.8319022042674624,-0.24837049069207845,-0.9353661540807775,-0.5057741845140882,0.6297707281619747,-0.9286246966556962,0.9248087126501112,0.35799428788295035
-0.5365404353084369,0.7304590587964424,0.49918114317023454,-0.5224668191330911,-0.9318196897191987,-0.5023641329862741,-0.2641045268923981,1.4482223181533207,1.648242255624349,0.5177828906721935
-0.9638262211921804,0.2737296454848917,-0.07856705594433212,-0.49306548286433205,-0.9207294748935835,2.174265392321873,-0.6710806724289184,1.629278735813003,1.5295442938936716,-1.502594214669346
0.8146065092428604,0.436563610230749,-0.02023670891834212,-0.37356327738485945,0.606173706679729,-0.5035334591761443,-0.8871881605626522,1.8796759091721371,-0.8390423312628582,0.08327638011847481
1.2707629563349656,0.7622315397224633,0.7664293657689026,-0.3489040921271903,-0.8935599513099626,-0.481780126503437,-0.9245205976855112,1.2402000510549627,0.061153399872020106,-0.7348184180185733
0.6644790709593835,-0.7628475447265406,-0.3874798121329926,-0.5006529244820762,1.0089077951980028,-0.5039908815424295,-0.6269127186497612,-0.8746929977783442,-1.3238786219530512,-0.9716974240676535
-0.8021505184253586,-1.2036907175750808,-1.0842695357903955,-0.312863744442905,1.0539899692858692,-0.498337527649256,0.1302522032786486,0.019032297903490387,-0.25890062063934594,0.4210594901629711
1.6056626263519533,0.28167276571639693,0.46525430867552614,-0.23604089806324394,1.0269406648331494,-0.5058431199974579,0.7033839844605698,1.436665525536745,-0.24278279226827024,-0.8024969874427409
0.4046431200841338,0.34918928768419144,0.1345172729873453,-0.49306548286433205,0.8255736205740124,-0.2948490003377029,-0.4428795779032727,-0.40856902890980107,-0.007188862040948103,-0.15971794411700874
-0.22473729425813718,-0.6119282603279413,0.5840974306774579,-0.4892717620554599,1.114099534736358,-0.5058431199974579,-0.7962232081365307,-0.5087278982534549,1.7861614785180493,-0.0428431013377734
-0.813698782908703,-1.243406318732607,-1.107284230535344,-0.45512827477561046,1.2373241439098595,-0.4687983508968902,0.17757501089917424,-1.2329535688921829,-0.9951483377222651,0.6792854513264511
0.4566103102591837,1.1633591114134778,0.2601060813800379,-0.2986372914096344,-0.5599518630597506,-0.5058099407694809,-0.8882397785097749,0.8626781589134979,0.6833749895347185,0.45472236028342594
1.0167011377013881,-0.9653971106299238,-0.10753382691642215,-0.4854780412465877,0.933770838384892,-0.5055464397162264,1.918002713387394,0.839564573680347,0.11374490610973415,-2.03118773036062
1.1956992371932267,0.1823837628225819,-0.342839240429429,-0.09662165833719265,-0.5990230806025683,-0.5019775788739204,-0.4428795779032727,1.220938730027337,-0.7723352113585501,-0.3724171676908035
0.5720929550926279,0.8813783431950418,1.100539244652464,2.109426992021961,0.11628074825824643,-0.5058431199974579,-0.766252096643531,1.3133930709599402,-0.798597594232332,0.12618289598604085
0.306482871975706,-0.1273979262061223,0.6918300103887249,-0.5262605399419633,-0.34355742743799145,-0.5058431199974579,-0.7925425453216008,0.5660538150880615,0.5648772492744886,0.2688313020301768
-1.6451738257095017,-2.2827636010250663,-3.1359502112861826,-0.37735699819373153,2.024759451311261,2.489951250744102,-0.6032513148394983,-1.229101304686658,2.9172125650796428,-2.2143132506638716
-0.34599407133325377,-0.04796672389106995,0.3075242886562678,-0.5547134460085045,1.1892364915494686,-0.43465273763897566,-0.05903902720345375,-0.1427627987285658,-0.6858729063700241,0.9758201642724615
-0.6058300222085031,0.9766957859731047,1.3699698952010837,-0.45892199558448266,-0.5960176023300437,-0.5058431199974579,2.1230682130763383,0.3888496616339046,-0.07179365650555061,0.3313728920399153
0.9416374185596491,-0.9336246297039029,-0.3854957867239453,-0.5120340869086928,0.38677379278544544,-0.5058431199974579,0.4772861258291698,1.6215742074019526,-0.03471931422756869,-0.9005202691268627
1.38624560116841,0.6629425368286482,0.4384699656533879,-0.28346240817414586,-0.7646249334186644,-0.4965013956155757,-0.7694069504848994,0.15000928089134552,-0.3043175241860013,-0.09291841926648471
-0.5076697741000759,1.1792453518764878,1.0332807832857611,-0.4456439727534302,-0.947431947153654,-0.505350263504207,-0.5059766547306401,-0.16587638396171664,0.5979471621435083,0.5645773656146259
0.04087278885878401,-1.3704962424366907,-1.8032803440291283,0.11298141635299358,1.808365015689502,1.7136217417669877,0.30376916455390934,-0.5279892192810807,-1.374834986182105,-0.6389956940318351
1.5190506427268704,0.15061128189656095,0.9418172119286816,0.5540014603843807,-0.5359080368795551,-0.505592504081282,-0.6453160327244101,-1.0056699807661993,-0.905482489206569,-0.16549227396579158
1.0224752699430604,-0.21874380886843253,-0.4017647950781332,-0.46935472780888104,-0.04300960018554836,1.9133413664830918,-0.5112347444662542,0.7047353264869671,-0.05367361342999342,-0.7860577408721013
-1.1659208496507079,1.3182499559278293,0.956300597414727,0.02857112835558825,-0.8286416206234348,1.114462867618676,2.501650674040543,-0.06571751461806272,1.9255156219499607,-1.0747756716121182
-2.4766488685102996,-1.5333302071825479,-2.305238772518089,-0.4883233318532418,2.0217539730387366,2.2998954788368415,-0.6752871442174097,-1.6724969147426025,-1.5813300627042963,1.039713435430739
0.23141915283396722,-0.5205823776656311,0.04027606605759962,-0.44185025194455807,0.19742866161640615,-0.505832521972211,-0.7646746697228469,0.52753117303281,0.36168582701469193,-0.35426458421700147
1.9521105608522866,-0.6834163424114884,-0.7870625295151141,1.4929473605802372,1.3304939703581173,-0.5058431199974579,0.345833882438821,0.11148663883609405,-0.30081364845315856,-1.1602166693126714
-1.0677606015422803,0.7145728183334319,0.7049245780884369,-0.3555431035427167,-0.9276420749203897,-0.5058431199974579,0.23541399799092783,-0.5819209181584328,-0.7373965647653477,-0.9263806079000925
-0.6866678735919143,-0.31406125164649495,0.6088977482905489,-0.5404869929752338,0.07720953071542894,-0.5058431199974579,-0.6442644147772872,-0.9941131881496238,0.2334773454377267,0.5705241945120205
-0.380638864783287,-1.1997191574593282,-0.18927567376917004,-0.517724668122001,1.7722992764192087,-0.5055048851491484,-0.5743318212936217,-1.3138511172082112,0.2632436040443523,0.0567788580477078
0.2833863430090172,0.5954260148608538,0.7709926242097113,-0.4978076338754222,-0.8012917683434624,-0.5058431199974579,0.01983231883075554,1.2594613720825885,0.39615729017684786,-0.3158555047599943
0.5432222938842669,0.14266816166505572,0.356926521341545,-0.43900496133790395,0.939781794929941,-0.5058431199974579,-0.7042066377632865,1.8681191165555617,1.732935937623916,-0.027994019313038264
0.6702532032010557,0.14663972178080834,0.5495753885600353,-0.5803210614683914,-0.3044862098951739,-0.5058431199974579,0.7717391510235514,1.0629958976008058,-0.7898545900227629,-0.18675673391376157
0.6356084097510224,0.04735071888699289,-0.35077534206561817,-0.14594002885253043,0.404806662420592,-0.5058431199974579,4.000206248690521,0.11533890304161917,-0.2064092251368564,1.188957936079505
-0.6866678735919143,0.5676250940505855,0.9086839875975923,-0.20758799199670286,-0.6290778633278127,-0.5054952212963396,2.3912307895926506,-0.9170679040391209,0.47077315816385873,-0.3787827340260719
-0.0457391947662985,-0.13931260655338018,0.2795495303887011,-0.4978076338754222,-0.7634227421096546,-0.5058431199974579,-0.6216546289141472,0.11148663883609405,-1.4068036809636595,-0.007432577819101676
0.012002127650422936,-0.9455393100511608,-0.06983734414452396,-0.3858928700136939,0.8345900553915857,-0.5058286564310873,-0.5848480007648496,-0.7899431852567907,-0.07736648743302421,-0.18583175832639626
0.13325890472553947,0.7185443784491845,0.5954063755090274,-0.2711328155453114,-0.23836568789963644,-0.5058431199974579,2.44381168694879,-0.13891053452304064,0.9297808791662403,0.969777299580143
-1.7953012639929788,1.0600985484039096,0.472595202689001,-0.18198037653681584,-0.9448935202046801,1.9681031990665399,-0.872465509302933,-1.4991450254939709,0.7235527646046466,-0.2257378934575841
-0.17854423632475952,-0.23860160944719563,0.39224217362258645,-0.5044466452909485,0.3567190100602011,-0.5058389967535929,-0.6405837519623575,0.12304343145266942,0.2615417215455425,-0.0308601973362918
-0.31712341012489265,-0.31406125164649495,-0.2692318977537749,-0.4873749016510238,-0.9052813165728077,-0.45687959909931636,0.3668662413812766,0.1885319229465971,1.2371542065492245,0.839190322313211
-0.0457391947662985,0.8813783431950418,0.7067102009565795,-0.5490228647951962,-0.9407760149713214,-0.5058164155508629,-0.06429711693906771,0.6623604202261903,0.14281038956979034,0.21718084555553585
-0.865665973083753,-1.8987137378317882,-1.2259289499963713,-0.4522829841689564,1.0840447520111138,-0.5051634290165693,-0.53226710340871,-0.9941131881496238,0.015769866570439647,0.13850770119749486
0.7741875835511549,0.051322279002745504,0.09344794702006673,1.8818037434896322,-0.34956838398304035,-0.5058431199974579,-0.6689774365346729,0.9050530651742744,-1.3436671772823434,-0.34076440014939446
0.8319289059678772,-1.1957475973435756,-1.3554858092071582,-0.3327807786894838,-0.6882857852965439,2.341772174341831,-0.6716064814024797,-0.6320003528302598,1.2682886452039115,1.8592269587593557
-0.7386350637669642,-1.7676522540119521,-1.552896337407362,-0.23224717725437186,1.6971623196060974,-0.5058431199974579,-0.8514331503604771,0.19623645135764733,0.2483938449861139,-1.040292836956793
0.46238444250085586,0.9330086246998259,0.5166405667698506,0.9523421453159563,1.7001677978786223,-0.5057274758921787,0.24593017746215576,1.8295964745003104,0.9940186009350218,-0.7302667476844478
-0.016868533557938038,0.8972645836580523,0.4079159743540599,0.34534681589641253,0.13731909616591745,-0.5058431199974579,0.2564463569333837,1.3133930709599402,-1.108507060240992,0.706453079935507
-1.3218224201758573,1.3659086773168607,0.40236070320872747,0.7721404068945293,-0.9261092810014021,-0.5041487244716406,2.7855875197636975,-1.3177033814137364,-0.5830591812948994,-1.6121841186119996
0.08706584679216178,-0.40937869442455777,-0.22399611842749717,-0.467457867404445,0.9638256211101365,-0.5058359365335368,3.442848736715442,-0.458648463581628,-1.5393502944003348,0.24075108314544563
0.5489964261259391,-0.4610089759293418,-0.5969928953283851,0.7816247089167097,-0.8827402295288745,-0.394064555841832,-0.40607294975397495,-0.3045578953606219,0.10136454518702336,-1.1003104498273764
-0.138125310633054,1.4215105189373975,1.4578622208218779,0.9049206352050545,-0.687684689642039,-0.5044901806042198,0.8138038689084631,-1.6466867445655842,-0.7390650770190826,-0.6341022124486304
-0.34599407133325377,-1.0090842719032027,-0.7035350597942236,-0.5518681554018503,0.9247544035673188,-0.5058431199974579,-0.36926632160467737,-0.8246135631065171,0.6181027901686215,0.21827388314718643
0.2891604752506894,-0.1671135273636485,0.11130417570149219,-0.47030315801109907,1.3304939703581173,-0.5058431199974579,-0.7736134222733907,-0.16587638396171664,-0.7068961607670801,-0.8254185351134998
-0.14967357511639834,1.2030747125710035,0.5896527018227904,-0.33657449949835594,-0.9404454123613437,0.6699256384118638,0.7349325228742536,-0.08497883564568845,0.3295169107626893,1.9387329898345522
-0.17854423632475952,-2.0019743008413564,-1.1850580265699975,-0.5291058305486175,1.0840447520111138,2.5060576720921746,-0.53226710340871,-1.6798162167331003,-2.006300133730493,0.4360956693690463
0.7337686578594494,0.1347250414335505,-0.32220537617533745,-0.5328995513574896,-0.8328492902049691,-0.4788487578180878,-0.6700290544817957,-0.07342204302911298,-0.07266128287749302,-0.20236008539764325
0.9993787409763715,-0.03208048342805948,-0.13769101313394091,-0.2436283396809883,-0.15421229626895225,-0.5058391256049636,-0.4849442957881844,-1.1212379069319538,-0.3381883229368131,-0.5406930954055718
0.6818014676844001,1.0640701085196622,0.839639903362747,-0.4266753687090694,-0.8061005335795016,-0.5058431199974579,0.7191582536674117,1.7255853409511317,-0.9054491189614942,0.3935600033631262
1.3977938656517543,-1.00511271178745,0.13828692126453512,-0.5139309473131288,0.7384147506708041,-0.5058431199974579,-0.16945891165134694,0.10763437463056882,-0.005954162973184291,-0.38580405524263867
0.722220393376105,0.9330086246998259,1.250531565576438,-0.35933682435158887,-0.4036669928884802,-0.5058431199974579,0.05138085724443931,1.9605734574881657,0.1839892719919595,-1.3981445518765168
0.439287913534167,-0.9296530695881505,0.432517889426246,-0.465561007000009,0.2966094446097124,-0.5046029255536564,-0.5112347444662542,-0.5472505403087065,0.34409970786033,0.2513356205640029
1.039797666668077,-0.29420345106773227,0.015475748444508696,-0.38873816062034794,0.6903270983104132,-0.5058431199974579,-0.2641045268923981,-0.08112657144016332,-0.5044388838989263,0.26076204288098415
1.4382127913434593,0.03940759865548765,0.05515625662545423,0.021932116940062005,-0.90798624701808,1.1047990148098323,-0.6947420762391813,-0.6936365801186622,-0.4049955535763454,-0.27662133316758475
1.5248247749685426,-1.8391403360954992,-2.198895010593155,-0.2863076987807999,1.9436115379531007,-0.5058431199974579,-0.5690737315580077,1.2016774089997113,-0.04586497608251526,-0.2022937078362622
0.9474115508013213,0.8972645836580523,0.47319041031171516,-0.4987560640776403,-0.8292427162779398,-0.5058431199974579,-0.6684516275611114,1.1631547669444597,-0.6045829893680759,-0.1943376616693424
0.24874154955898384,-0.6039851400964361,-0.054560348494859995,0.4022526280294948,-0.02197125227787735,-0.5058431199974579,-0.2535883474211702,-0.5511028045142315,-0.5713462252736827,-0.5938636350340057
-1.570110106567763,1.2030747125710035,0.9920130547775778,0.7626561048723489,-0.9476224944761321,-0.4863865630089859,1.0030950993905656,-0.21210355442801845,-0.8457497505228709,-1.5946461931214646
0.2140967561089506,0.249900284790376,0.3376814748737863,-0.34985252232940844,-0.22333829653701429,-0.5058431199974579,-0.400814860018361,-0.28914883853852136,-1.3751019481427027,0.061369155325565805
-0.218963162016465,0.7622315397224633,0.23014729770342401,0.5824543664509217,-0.9464864236891178,0.28981409459734336,0.7559648818167095,-0.8862497903949196,-1.0152372252572293,-0.1457813344759504
0.624060145267678,-0.4768952163923523,-0.010911789495819736,-0.4902201922576779,-0.2654149923523562,-0.5057116915992577,1.8864541749737103,-1.1212379069319538,0.38671351082071065,0.8815845132630873
-0.8714401053254253,-0.29420345106773227,0.21645752238099786,-0.47220001841553527,0.1793957919812596,-0.5058431199974579,4.037012876839819,-0.1427627987285658,-0.7640927608251012,0.24512638902338954
0.6067377485426614,1.342079316622345,0.4079159743540599,-0.1658570630991092,-0.946985333082357,-0.051642037981802176,-0.5059766547306401,0.5082698520051843,1.2628826655018113,0.7238513102168191
-0.6231524189335199,0.9886104663203625,0.9959811055956722,-0.34036822030722813,0.40781214069311644,-0.1515018503398541,0.4878023053003977,-0.1042401566733142,-0.2163535581691145,1.9414006011567202
-1.1774691141340523,0.1148672408547874,0.32022205127417036,-0.2787202571630557,-0.945909371860793,1.2594206597513322,0.5456412923921513,-1.0634539438490764,0.9347864159274443,1.4608023806679054
0.6933497321677445,1.1792453518764878,0.9418172119286816,-0.5091887963020387,-0.9309781558028919,-0.5057625878907176,-0.2535883474211702,1.3673247698372923,0.1959691899737736,0.15948960135700177
0.7684134513094827,-0.4252649348875682,0.4271610208218184,-0.015056660946441296,-0.4457436887038222,-0.5058431199974579,-0.5848480007648496,-0.40856902890980107,1.1963090265778014,-0.5326920535242115
1.1437320470181769,0.9091792640053101,0.7126622771837213,0.057024034422129326,-0.9381011393087745,1.4494764316585922,-0.6721322903760413,0.6893262696648664,0.3966912140980436,0.335146360873199
-0.32289754236656487,1.3063352755805715,0.9019383012068314,-0.40960362506914477,-0.9476417295370763,-0.5014621733907821,-0.17471700138696092,0.3541792837841782,0.3620195294654386,0.9676314245695137
-1.6163031645011405,-1.0805723539867498,-0.11666034379803944,-0.5053950754931665,1.2733898831801527,-0.5058431199974579,-0.6737097172967254,-1.0750107364656518,0.3777369148956184,-0.5181127367151336
1.0975389890847989,0.14663972178080834,-0.5870727682831486,-0.4959107734709861,-0.8277399771416776,2.2290272249053205,-0.4428795779032727,-1.3254079098247866,-0.2378439959972156,1.2697695285013157
-0.8021505184253586,1.0720132287511674,0.6130642016495481,-0.03592212539523823,-0.4457436887038222,-0.5051859780064565,3.0800405449580794,0.5583492866770112,0.5938426219993206,-0.7389262683646097
-0.40950952599164814,-1.77956693435921,-1.221762496637372,-0.5253121097397453,1.5078171884370586,-0.5058431199974579,-0.12739419376643527,0.13845248827477002,-0.4336939643405801,-0.8367452080093913
-0.7675057249753252,1.1157003900244462,0.4618814654801459,-0.2919982799941082,-0.946333144297219,-0.5052310759862312,-0.8030587247928288,-1.1404992279595796,1.7643039679941261,0.4113284807126918
0.6413825419926946,-0.2068291285211747,-0.24165394456801795,-0.289152989387454,-0.8466744902585813,-0.4975644194245485,-0.5743318212936217,1.794926096650584,0.7167452346094102,0.7388085773596066
1.1956992371932267,-0.40143557419305254,0.015872553526318247,-0.514879377515347,-0.5449244716971285,-0.5052310759862312,-0.4428795779032727,0.6353945707875143,-0.07049221694763759,1.6043202419738256
0.5143516326759058,-1.3546100019736802,-1.8187557422196972,-0.5044466452909485,0.9007105773871232,-0.5058118413272,0.38789860032373247,-0.7090456369407628,0.2506296514061185,0.61312513284406
1.2938594853016543,0.13075348131779788,0.21705273000371209,-0.41244891567579894,-0.9426995210657371,-0.2932383582028956,1.7392276623765197,0.31950890593445225,-0.03889059486190514,1.4465609967370698
0.9589598152846659,0.4325920501149964,0.15951599314134107,-0.07101404287730555,-0.9313388131955946,-0.5042936822637732,0.6087383692195188,-0.6974888443241875,0.12842781394259833,-0.09477089346157394
0.29493460749236156,0.9488948651628364,0.7140510949700546,0.06271461563543759,-0.9407159054058711,-0.5058431199974579,0.17757501089917424,1.0129164629289789,-0.6728918810359692,-0.6658752205264435
1.17837684046821,0.07912319981301383,-0.9388404733072303,-0.1516306100658387,-0.9411667271467498,2.1807079608611017,-0.6710806724289184,-1.182874134220356,0.0623213584496342,2.8255965009291537
0.8434771704512216,-0.6039851400964361,0.31486518266974267,-0.5196215285264371,0.014094486992415795,-0.5032467648761486,0.7875134202303933,1.7756647756229587,1.9665276531467568,-2.1195554597181077
0.3584500621507559,-0.028108923312306862,-0.7965858514785411,-0.4380565311356859,-0.8800352990836027,2.0647417271549773,-0.7368067941240929,-1.2560671541253337,0.3963241414022221,1.6992635142009256
-0.6866678735919143,-2.0297752216516245,-1.6947541541542424,-0.5006529244820762,0.2515272705218461,-0.505809296512627,-0.5795899110292356,-0.4047167647042759,0.8192919977239365,0.8395828986084382
0.24296741731731167,0.45642141080951215,0.4997763507929487,-0.44659240295564817,1.3425158834482147,-0.5056785123712806,-0.847226678571986,1.902789494405288,0.46409910914891983,-1.2159948400010518
0.5489964261259391,0.1863553229383341,-0.1493967630473197,-0.41055205527136274,-0.8208273771148713,-0.5028859810379518,1.1450635222521424,-0.42012582152637656,-0.6402891515979954,-0.17107894647746516
0.05242105334212845,-1.3863824828997011,-0.259708575790348,-0.43426281032681374,1.622025362792987,-0.5058350023610985,-0.6710806724289184,0.39270192583942976,1.4327705831770658,-0.6328987273686432
-1.137050188442347,-0.1472557267848854,0.038093638107647786,-0.2663906645342212,-0.5238861237894574,-0.5058431199974579,-0.30091115504169585,0.23090682920737368,-1.3758027232892711,0.9634682129532
-0.4730249806500425,-1.4419843245202377,-1.1495439717480513,-0.5110856567064747,-0.03699864364049947,-0.5054887787278003,-0.4796862060525704,-1.1867263984258811,0.7967003418083706,1.4526622607471527
1.0802165923597826,-0.4212933747718156,0.021824629753460032,2.0904583879776,0.4468833582359341,-0.5058431199974579,-0.12213610403082129,-0.3045578953606219,-1.3715980724098598,0.3173225209172247
0.11593650800052285,-2.3447199388308073,-1.5030972996402756,-0.2787202571630557,1.9947046685860166,-0.5058331984419075,-0.5585575520867798,-0.6320003528302598,-0.8697763269766493,0.41380544682108755
0.6818014676844001,-0.028108923312306862,-0.32359419396167044,-0.466509437202227,0.7564476203059505,-0.5058431199974579,0.4667699463579419,0.8588258947079727,0.6685919709666298,-0.13742026700145563
-0.4787991128917148,-1.3824109227839485,-1.642375883355394,-0.5072919358976026,0.06518761762533115,-0.48564566762697453,-0.3534920523978355,0.3387702269620781,1.430601517247211,-0.8480451679656447
0.9474115508013213,-0.36569153315127895,0.3009770048064119,-0.4902201922576779,-0.9004725513367688,-0.5058136774592337,-0.6847517057415147,-0.09268336405673881,0.5270687616048627,-0.22991059036835654
1.3458266754767043,-0.7191603834532618,-0.09305044143037688,-0.27966868736527367,0.47393266268865386,-0.5024607715143626,-0.5743318212936217,0.42737230368915613,0.7629963942829324,-0.5171963003304743
0.0004538631670784859,1.1792453518764878,0.394027796490729,0.026674267951152165,-0.9429399593275388,-0.48235995767196765,-0.4691700265813425,-0.49717110563687955,-0.7381974506471403,1.8801125239229748
1.0224752699430604,0.6351416160183799,0.6160402397631192,-0.004623928722042981,-0.9034780296092932,-0.43271996707720695,-0.5007185649950263,-1.0634539438490764,0.5984143455745533,0.20062545892095723
0.387320723359117,-0.03208048342805948,0.29304090317022274,-0.23319560745658985,0.5911463153171069,-0.5058431199974579,0.3353177029675931,0.12689569565819464,1.4388439677806595,-1.0812444363552522
0.012002127650422936,0.9647811056258468,0.5182277870970884,-0.5025497848865124,-0.9471836946483434,-0.5038491450345665,-0.07481329641029563,-0.17358091237276702,-0.037622525549066456,-0.6707227861110553
0.5894153518176447,-1.3824109227839485,-0.6674257973495634,-0.14214630804365838,1.9556334510431994,-0.49804761206499065,-0.6684516275611114,1.2594613720825885,0.5891374174437893,-1.0588438435048877
0.520125764917578,-1.4737568054462586,0.09245593431554315,0.2220508896080677,1.303444665905397,2.2741252046799247,-0.5112347444662542,-1.2637716825363845,-1.1888959806259238,-1.1540180476727326
0.05242105334212845,-0.7350466239162723,0.13550928569186896,-0.5490228647951962,0.8075407509388658,-0.5057567895790323,-0.6416353699094802,-1.017226773382775,0.19076343174212204,0.14192145324560737
0.8261547737262049,0.7264874986806897,0.872376322612027,0.5919386684731022,-0.562957341332275,-0.5058431199974579,0.9768046507124959,1.6023128863743268,-1.1077395446042748,0.08073360738673839
0.9993787409763715,1.1157003900244462,0.10852654012882602,-0.38873816062034794,-0.929144814056652,1.7200643103062168,-0.3377177831909936,0.2540204144405247,0.09622552744552092,-0.19069726573507526
-1.4719498584593351,-0.31406125164649495,0.35137125019621257,-0.5196215285264371,-0.5779847326948973,0.02566878448894782,-0.40607294975397495,0.15000928089134552,2.121699292744072,0.002827370181537156
0.5258998971592502,1.187188472107993,1.1584727865966444,-0.48073589023549756,-0.5148696889718841,-0.5058431199974579,-0.5901060905004635,0.8472691020913974,0.02851730018897195,0.1863275414939489
-0.2478338232248261,1.3103068356963241,1.4340539159133106,-0.06911718247286956,-0.9461948922966829,-0.5058349057225704,0.6508030871044306,-1.4178622507573901,-0.7385311530978874,-1.128292353895586
-1.2178880398257579,-1.275178799658628,-0.6997654115170338,-0.41624263648467097,1.2493460569999573,-0.5058431199974579,-0.5375251931443239,-0.4547961993761029,1.727997141352861,0.4021381787181469
0.3584500621507559,0.7145728183334319,0.6989725018612951,-0.36028525455380683,-0.8893522817284283,-0.4491485168522413,-0.6926388403449356,-0.06186525041253759,-0.6053171347597187,-0.21975514457833956
1.4670834525518206,0.04337915877124027,0.41585207599024904,-0.23319560745658985,-0.8845435164923892,-0.5055387086339793,-0.6989485480276725,-0.33922827321034826,0.1952016743370558,-0.4010286360496505
-0.5365404353084369,0.7622315397224633,-0.4418421083408881,-0.35649153374493464,-0.8914561165191954,2.3772063013075915,1.5394202524231893,-1.6771196317892327,-0.0057539415027360995,1.6961721348606742
-1.5296911808760574,-1.4578705649832482,-0.3956143163100864,-0.467457867404445,1.8985293638652343,-0.5058357754693232,-0.5690737315580077,-0.36619412264902435,-1.543254613074073,0.7410915198007445
0.9069926251096159,0.20224156340134455,0.22915528499890042,3.1716688185061623,0.08923144380552653,-0.5058431199974579,-0.779397320982566,1.4905972244140973,2.26252172695927,-0.43747468009727
0.7972841125178438,1.1355581906032095,1.1041104903887486,-0.06627189186621539,-0.8493794207038534,-0.5058431199974579,-0.7504778274366891,1.8141874176782098,1.2627491845215126,-1.1572385395474942
-0.6231524189335199,1.2467618738442823,0.7948009291182786,-0.37735699819373153,-0.9467238564726472,-0.5058293006879413,1.0924826248960027,0.04214588313664125,0.7250544256330081,-0.278710916894772
-0.5538628320334535,1.3817949177798714,1.1999389176457322,0.9333735412715957,-0.9452301337712028,1.7490558687327482,-0.30091115504169585,-1.078863000671177,0.09485734739745866,0.39213009292004114
0.24296741731731167,-0.7866769054210563,-0.1478095427200817,-0.38209914920482174,-0.6471107329629592,1.5106808327812693,-0.34297587292660753,-1.3369647024413622,0.3624533426514097,1.6413473078729952
1.1379579147765047,-0.9653971106299238,-0.6418318695728533,-0.3688211263737692,-0.03699864364049947,-0.5011722578065168,-0.602725505865937,0.12689569565819464,0.4292272030458676,0.7861767068302296
0.13325890472553947,0.28564432583214955,0.8073002891952764,-0.19241310876121437,-0.14820133972390334,-0.5058431199974579,0.6613192665756584,0.8434168378858722,1.1208255322188494,-0.9922516816789586
-1.6971410158845512,-0.2108006886369273,-0.2575261478403962,-0.25311264170316866,-0.1512068179964278,-0.5048541857266863,-0.18523318085818882,-1.2945897961805855,-1.1376726544362725,0.8062515298148679
-1.7837529995096344,-2.3562374631664897,-3.5321600854729236,-0.3232964766673034,2.036781364401359,2.3997552911948934,-0.527009013673096,-1.4952927612884457,-1.8943429615049026,0.8183195669223126
-0.6924420058335865,1.2467618738442823,0.618222667713071,-0.2502673510965145,-0.8057999857522491,-0.4954383718066028,-0.32720160371976564,-1.5326597240820397,-0.9053156379811957,0.6218020642101654
0.3584500621507559,-0.44909429558208397,-0.6166347468779532,-0.567991468839557,1.4296747533514234,-0.5051279948896035,-0.796749017110092,-0.29685336694957165,-0.939553509427829,-0.027388260228096938
-1.0850829982672971,-1.2275200782695965,0.2547492127756102,-0.48642647144880574,1.721206145786293,-0.5058431199974579,-0.5375251931443239,-1.4787280252046875,0.9722945713913974,1.2906186620326507
0.26028981404232826,1.0839279090984253,1.0213766308314773,-0.33752292970057396,-0.9028769339547883,-0.5058394477333905,-0.6521515493807082,1.633131000018528,0.35981709329050887,0.33762187671309335
-0.6173782866918476,-1.2513494389641122,-0.5585028023928679,-0.5556618762107225,0.9367763166574166,-0.5057976998892564,2.5805220200747527,-0.8053522420788913,-1.6713296136707392,0.46028094610340836
-1.7837529995096344,0.7225159385649371,0.8334894245947003,-0.10705439056159097,-0.9456869664686264,-0.5058002769166721,0.3195434337607512,-1.5480687809041405,1.9284188332714582,1.3332185387129643
-0.7213126670419475,0.7225159385649371,0.21943356049456872,-0.38684130021591184,-0.9475203082148663,-0.5047382194929801,0.582447920541449,-0.19284223340039275,1.9999312684665222,-0.25366519169672014
0.035098656617111826,-1.1322026354915338,-0.29938908397129366,-0.5490228647951962,0.6903270983104132,-0.5058431199974579,0.8558685867933747,1.5214153380582986,0.7647316470268162,-0.9551435945721654
-1.7606564705429455,0.14266816166505572,0.520013409965231,-0.3014825820162885,0.3957902276030188,-0.5058431199974579,-0.04326475799661201,-0.42012582152637656,2.84783582556936,-0.23734567779288424
-1.27562936224248,1.417538958821645,1.0713740711394688,1.3222299241809907,-0.9470754974305324,2.341772174341831,-0.12739419376643527,-0.635852617035785,1.6594212877243708,-2.7066451067637
0.6702532032010557,-1.4975861661407743,-0.3025635246257694,2.3844717506651922,1.754266406784062,-0.5058431199974579,-0.3797825010759053,0.288690792290251,-0.7036258767497598,6.58435123819617
-0.6347006834168644,1.342079316622345,0.8789236064618831,-0.34226508071166406,-0.9476291065283318,-0.12251029191332291,-0.47442811631695647,-0.951738281888847,0.16246546391878364,1.1140193339602498
0.2371932850756394,-0.7707906649580458,-0.7707935211609263,-0.17344450471685352,0.059176661080282376,-0.5057300529195944,-0.23255598847871434,0.7663715537753696,-1.0465051448922154,-0.9253162672579506
0.0004538631670784859,-0.2544878499102061,-0.3559338081291411,-0.3877897304181298,-0.2594040358073074,2.512500240631404,0.5982221897482909,0.6430990991985647,2.267694114945847,-0.3539038925956133
0.6933497321677445,0.5835113345135959,0.6198098880403089,-0.4684062976066631,-0.9112922731178567,-0.5058431199974579,0.7612229715523234,0.7509624969532689,0.029451667051063078,-0.5509445533954498
1.9636588253356313,-0.19491444817391682,0.3622833899459725,0.011499384715663589,0.6512558807675956,-0.5058431199974579,0.39841477979496037,0.27328173546815043,-0.4700341612269191,0.12521721982758083
0.07551758230881735,-1.8033962950537257,-0.5960008826238613,-0.2284534564454997,0.9097270122046965,-0.386333473594757,-0.7084131095517775,0.1885319229465971,-0.44367166761791316,-0.00896353725419896
0.7684134513094827,0.8774067830792892,0.6261587693492601,-0.47125158821331714,-0.9451159255968467,-0.4710532498856205,-0.5585575520867798,0.25016815023499955,0.26214238595688705,-0.3820957995961798
0.39886898784246144,0.14266816166505572,0.52794951160142,-0.5025497848865124,-0.1512068179964278,-0.5058431199974579,0.009316139359527614,1.3981428834814937,0.5529307015377488,-0.7237284378026313
1.010927005459716,0.7662030998382159,0.753731603151,1.379135736314073,-0.45776560179391995,-0.5058431199974579,3.4165582880373715,0.6585081560206653,0.4972691327531632,-0.3335444819383695
-1.004245146883886,-0.000308002502038533,-0.1704274323832208,-0.2749265363541835,0.2635491836119438,2.61558133725907,-0.4691700265813425,0.6854740054593413,-1.5296061828385246,0.8066775974477274
1.010927005459716,0.15061128189656095,0.7285344804560995,-0.5566103064129405,-0.80099122051621,-0.5058431199974579,-0.7247131877321809,1.4713359033864715,-0.7373631945202732,-0.18078840090044432
0.046646921100456276,0.2578434050218812,0.31109553439255283,-0.5319511211552715,-0.1512068179964278,-0.5055048851491484,0.5982221897482909,-0.00022902312413535192,-1.242655445441252,1.88890494130423
0.624060145267678,0.28564432583214955,0.2767718948160349,-0.4740968788199713,-0.6576299069167947,0.8793091159368114,-0.6726580993496027,1.752551190389808,0.062121136979186,-0.007884265658547565
1.3746973366850657,0.9409517449313312,0.8809076318709301,0.017189965928971842,-0.7210454984670601,-0.495245094750426,-0.7762424671411976,1.7255853409511317,0.09532453082850426,0.11490384977159925
0.5605446906092836,0.5993975749766064,0.5896527018227904,-0.5338479815597077,-0.3946505580709069,-0.5044998444570287,-0.5638156418223937,1.4867449602085723,0.5947769888614126,0.17925137231410568
-0.08038398821633175,0.8019471408799895,0.1670552896957206,-0.41908792709132514,-0.9399945906204651,0.08687318561162481,-0.5532994623511658,-0.9825563955330484,-0.07172691601540139,0.3069045310349859
1.7038228744603812,-0.008251122733543769,0.4543421689257661,1.6826334010238448,-0.015960295732828457,-0.5058431199974579,-0.4428795779032727,1.0013596703124035,-0.3376210287705435,-0.23021839293179805
-0.01109440131626576,1.405624278474387,1.6199570967410404,6.500658828291473,-0.9088878904998372,0.6087212372891867,0.7664810612879374,-1.3716350802910884,0.9287797718139996,-1.0629306539318653
-0.5365404353084369,0.24592872467462334,0.4035511184541559,-0.4778905996288434,-0.910090081808847,-0.5058431199974579,-0.016974309318542196,-0.11964921349541481,0.9959540751493536,-0.002718481682549813
1.2361181628849323,-0.15917040713214325,0.09483676480639976,-0.5310026909530535,0.020105443537464688,-0.4968235240425371,-0.630593381464691,1.3403589203986161,-0.03792285775473875,0.8613596244948896
-2.343843826951839,-1.6921926118126527,-1.2644190429318882,-0.39822246264252836,1.9496224944981502,0.676368206951093,-0.42184721896081684,-1.6971514056579635,-2.090660113279313,1.041916738937455
0.08706584679216178,1.2348471934970244,0.6323092481173067,-0.16016648188580104,-0.9419180967148807,-0.5054630084536433,-0.2588464371567842,0.18467965874107187,-0.53917730902168,0.04641903111704738
0.23141915283396722,-0.635757621022457,-0.2144727964640702,-0.5471260043907601,0.26655466188446825,-0.5058431199974579,-0.5585575520867798,1.1785638237665603,-0.42495096013101097,-0.5934175144501662
1.3342784109933599,-0.9495108701669134,-0.7682142881291648,-0.10895125096602705,1.2914227528152993,0.7633428822306867,-0.3482339626622215,-0.9864086597385735,-0.2727159021002683,0.9807033663085579
-0.09770638494134846,0.21018468363284978,0.36168818232325844,-0.5395385627730158,0.2966094446097124,-0.5058051088430765,-0.5112347444662542,-0.5472505403087065,-1.4890613350727742,0.06822475462785223
1.8885951061938915,-0.6873879025272408,0.04940258293921733,0.2694723997189697,-0.772439176927228,-0.5058431199974579,-0.6184997750727789,0.8857917441466487,-1.0755038878621224,-0.5430369500572382
0.006227995408750759,1.1951315923394983,0.386686902477254,0.9807950513824975,-0.35858481880061366,-0.48757843818874325,1.9390350723298497,-1.3022943245916359,-1.0078290308506477,-0.3823195812037147
-0.15544770735807062,0.8456343021532683,0.9872513937958642,-0.43615967073124984,-0.9239453366451844,-0.5057915794491441,-0.5990448430510072,-0.5549550687197568,0.1288616271285691,-0.004686084029358162
-0.4730249806500425,-0.09562544528010138,0.09324954447916195,-0.04161270660854648,0.38677379278544544,-0.5058431199974579,-0.36926632160467737,-0.7321592221739138,0.5424524445842959,-0.09769313543214156
-0.6231524189335199,0.9846389062046099,0.4331130970489602,-0.2502673510965145,-0.8797347512563503,-0.4588123696610851,-0.4428795779032727,0.35032701957865303,0.7000601120720643,0.20682093947259786
-0.6462489479002088,0.4643645310410174,0.38033802116830273,-0.40865519486692664,-0.9275218557894886,-0.5057893245501554,-0.4533957573745006,-0.3700463868545495,-1.0735684136477903,0.12799281026810738
-1.0966312627506414,-2.381655447907306,-3.486725903605741,-0.41055205527136274,2.03077040785631,2.535049230518706,-0.5585575520867798,-1.078863000671177,-0.9670172211243001,-0.7509835146828864
-0.37486473254161484,1.270591234538798,1.209660642150064,-0.18008351613237977,-0.9286939923157733,-0.5058431199974579,-0.02749048878977012,-0.06571751461806272,-0.7056948319443912,0.08114938113807221
0.9936046087346991,0.7463452992594528,0.028570316144220825,-0.30812159343181483,-0.9438716575920215,0.03855392156740615,0.38789860032373247,-0.4509439351705778,0.1298293642357355,1.6485810667865197
-1.627851428984485,0.6788287772916588,1.1297044181654587,-0.236989328265462,-0.5659628196047994,-0.40823820662813615,-0.6884323685564446,-1.6767344053686803,0.9107932097187412,0.2198481885707449
-0.32289754236656487,0.6470562963656378,0.9648319066736301,-0.46081885598891875,-0.8580953076941743,-0.420801215279633,-0.5901060905004635,-0.9902609239440987,0.9282124776477301,-0.37337962425492344
-0.37486473254161484,-0.44115117535057874,-0.2593117707085388,-0.5499712949974143,1.4717514491667654,-0.5034658122064825,-0.7383842210447771,-1.4332713075794907,-1.4713417349381128,1.1003340707092606
0.2718380785256727,-1.4419843245202377,-1.263823835309174,-0.49970449427985825,1.748255450239013,-0.5058367096417614,-0.7415390748861456,-0.6088867675971089,-2.071939405792411,0.22454333764412054
-2.901047588273207,-1.3347522013949171,-1.7800672467432748,1.04718516553776,-0.9382814680051262,-0.5058431199974579,2.049454956777743,-1.773811463347914,-1.4728100257213996,-0.2319051033439895
0.9589598152846659,0.6788287772916588,0.9445948475013479,1.7774764212456486,-0.6855808548512718,-0.5058431199974579,-0.40607294975397495,0.2347590934128989,1.5302784392853144,-0.5374582637332146
-0.32867167460823715,1.361937117201108,0.8783283988391687,0.01908682633340783,-0.9476194889978595,-0.5057104030855498,1.0188693685974073,-1.3292601740303118,-0.4051290345566444,1.0867130422657962
-1.881913247618062,1.405624278474387,1.0370504315629512,0.9807950513824975,-0.9462910676014039,-0.4294986828075924,2.527941122718613,-1.259919418330859,1.1893680156022657,1.4775880340347292
0.13325890472553947,0.055293839118498125,0.7969833570682306,1.3032613201366299,-0.41869438425110234,-0.5054179104738689,-0.521750923937482,0.30409984911235166,-1.3468707208095139,-0.6404575565861909
0.06974345006714518,-0.552354858591652,0.13808851872363037,-0.31570903504955905,1.2553570135450063,-0.5058431199974579,0.356350061910049,1.3942906192759685,-1.5134883544674484,-1.2496445677140047
-0.14389944287472617,1.0998141495614357,0.6333012608218304,0.08642537069088858,-0.9173032296629056,-0.5058431199974579,0.2406720877265418,1.193972880588661,0.932917682203261,-0.02549594860496377
0.6529308064760391,-0.9336246297039029,-0.6045321918827647,-0.40960362506914477,1.4026254488987033,-0.5052310759862312,-0.5427832828799379,0.29639532070130137,-0.07463012733689967,-2.856137118525965
0.7915099802761716,0.19827000328559194,0.5658443969142231,0.6962659907170863,-0.18126160072167216,-0.5058431199974579,-0.4428795779032727,-0.18128544078381725,0.7289587443067468,0.6280476509493804
-2.16484572746,1.004496706783373,0.22419522147628212,-0.4029646136536185,-0.9476482814797105,-0.4968235240425371,-0.9897209104071243,0.7548147611587941,2.413355234696876,-1.2060346570083202
-0.9118590310171308,0.20621312351709717,0.08590865046568703,-0.4039130438558365,-0.5509354282421773,-0.5058431199974579,-0.5690737315580077,-0.743716014790489,0.7534858744366455,-0.17376376737300472
0.21987088835062277,0.14663972178080834,0.9937986776457202,-0.5072919358976026,0.9818584907452829,-0.5058431199974579,-0.2956530653060819,-0.1350582703175154,0.0974935967583591,0.5222726003914698
-0.03419093028295405,0.14663972178080834,-0.5362817178115382,-0.3413166505094461,-0.4036669928884802,-0.5058431199974579,0.8611266765289888,0.4697472099499328,-0.32457326294633904,-0.6695976653063965
0.6529308064760391,0.22209936398010766,0.24919394163027794,-0.3432135109138822,-0.5839956892399462,-0.5058431199974579,2.3544241614433528,0.8087464600361463,-0.2037062352858063,-0.4646129784613745
0.6991238644094161,1.3659086773168607,1.1971612820730662,-0.3213996162628673,-0.5659628196047994,-0.5058431199974579,0.7769972407591653,1.3634725056317674,-0.07229421018167101,-0.46727838098620483
0.8607995671762383,-0.055909844122575186,-0.09820890749389975,-0.541435423177452,-0.49383134106421317,-0.5058306214144918,-0.2956530653060819,-0.5973299749805334,-0.3891113169207923,0.43139285503825253
-1.829946057443012,-1.8788559372530251,-1.6909845058770527,-0.4902201922576779,1.52284457979968,-0.50540824662106,-0.40607294975397495,-1.28303300356401,-0.49616306312040265,-0.5758269607543036
-1.6740444869178623,0.7820893403012263,0.20495017500852372,0.7911090109388901,-0.8067016292340065,-0.5058179617673122,-0.3219435139841517,-0.951738281888847,0.39128523439594337,-0.3762825689662523
0.029324524375439653,0.7264874986806897,0.43430351229438874,-0.3014825820162885,1.0690173606484916,-0.5058431199974579,0.1302522032786486,-1.0056699807661993,-1.006394110312436,0.06415972651767173
0.2833863430090172,1.2149893929182614,0.8826932547390728,0.24101949365242856,-0.90798624701808,-0.5058431199974579,0.8032876894372352,0.09222531780846821,-0.46516210544601455,-0.2740179099296925
0.5143516326759058,-1.851055016442757,-0.3382759819886203,-0.3792538585981676,1.240329622182384,-0.14505928180062494,-0.30616924477730983,-0.8284658273120423,-1.2370158740236292,-0.9409870255427325
2.2754619663859303,0.3412461674526862,0.03511759999407674,0.6678130846505452,-0.878833107774593,-0.5029600705761529,0.7033839844605698,1.2324955226439125,-0.3046512266367483,-0.24563021128258247
0.4219655168091504,-0.7231319435690144,0.07499651071592715,0.2979253057855108,0.0742040524429045,-0.4748543653237657,-0.5795899110292356,-1.3523737592634628,0.5971796465067896,-1.3069917514095748
0.676027335442728,-0.2703740903732166,-0.8003554997557308,-0.5547134460085045,0.008083530447366904,-0.4156471604482497,0.4878023053003977,0.9320189146129507,-0.4930262600833818,1.6067251743680235
-0.09770638494134846,0.702658137986174,0.7567076412645709,-0.3631305451604609,-0.235360209627112,-0.5057938343481329,-0.22729789874310038,-0.47405752040372867,0.6968565685448939,0.23354014421222488
-1.7837529995096344,-0.3061181314149901,-0.21407599138226094,-0.35933682435158887,-0.9457711198602571,1.3721656091878423,-0.22729789874310038,-1.6836684809386255,-0.24094742878916206,0.6754382927016588
0.676027335442728,-0.2306584892156904,0.636475701476306,-0.48642647144880574,-0.9371994958270172,0.776228019309145,-0.521750923937482,0.9320189146129507,0.4295942757416891,-0.07954328072017582
0.26606394628400043,-0.5285254978971363,-0.04424341636781423,-0.47694216942662543,-0.12115203527118346,-0.5058164477637055,-0.6957936941863041,-0.5665118613363322,0.7330966546960084,0.07674452424813417
-0.952277956708836,-0.3259759319937528,0.31030192422893405,-0.5234152493353093,-0.90798624701808,-0.5058277544714919,0.6192545486907468,-1.4294190433739655,0.45986108802443465,0.9290911502335601
-0.7155385348002753,-1.0766007938709972,-1.3005283053765486,-0.5566103064129405,-0.5719737761498483,2.4674022608567996,-0.3745244113402913,-0.6512616738578856,-1.4736776520933415,-0.07159670946479771
-1.0157934113672304,0.31741680675817047,0.20693420041757088,-0.3536462431382806,0.053165704535233484,-0.5056694927753257,-0.4849442957881844,0.015180033697965159,1.7252274110116617,0.783704001354442
-0.8541177086004085,0.4325920501149964,0.9364603433242541,-0.5025497848865124,-0.9145982992176335,-0.5058431199974579,-0.28513688583485397,-0.1466150629340909,0.79186165627254,0.7801513704014746
-0.005320269074593587,0.09103788016027169,0.5878670789546477,-0.36218211495824293,0.9578146645650877,-0.5058431199974579,-0.5112347444662542,-0.1427627987285658,0.22717036911861024,0.3135637809425003
2.1022379991357645,-0.695331022758746,-1.2110487594285164,2.0240682738223374,-0.22634377480953874,-0.5029890621345794,0.356350061910049,1.2556091078770635,0.5947769888614126,-0.9569936769258285
-0.5134439063417481,1.2229325131497666,0.8590833523714103,-0.22276287523219143,-0.9464082812540322,-0.5058431199974579,-0.6190255840463402,0.4890085309775586,-1.0835794871701978,-1.1308458781506963
-0.03996506252462623,-0.5126392574341259,0.21447349697195062,-0.48642647144880574,0.8315845771190613,-0.5058431199974579,-0.8267201286030916,-0.32381921638824773,0.06185417501858868,0.45716836475600703
-0.9465038244671636,-0.20285756840542207,0.4612862578574317,-0.5328995513574896,0.5791244022270091,-0.48819048219996997,0.3090272542895233,-0.31226242377167224,0.6511059625474915,0.8969363321373282
-2.430455810576922,-2.536506576820501,-6.463359224799369,-0.39063502102478403,2.042792320946407,2.53827051478832,-0.527009013673096,-1.4513769493454591,1.479121853585812,1.076961161845007
1.4151162623767706,0.8416627420375157,0.709289433988341,-0.08998264692166631,-0.0850862960008904,-0.5058391256049636,0.8506104970577608,0.20008871556317245,-0.7391318175092318,-0.5688955125271893
1.7442418001520867,0.6391131761341325,0.9713791905234859,3.977834490391494,-0.6537227851625129,-0.5058431199974579,-0.5964157981832002,-0.49331884143135435,0.6257779465358001,-0.2802042522622157
-0.4383801872000092,1.1911600322237457,0.7582948615918087,0.6393601785840041,-0.9412869462776505,-0.067748459329875,-0.8172555670789865,-0.870840733572819,1.562447355537317,1.3869574304376653
-1.3333706846592017,0.04735071888699289,-0.04146578079514777,-0.47883902983106147,-0.8571936642124169,-0.505834744658357,3.947625351334381,-0.7822386568457405,1.2811361895576672,0.7099907036941348
1.2361181628849323,0.1585544021280662,0.47576964334347666,-0.47314844861775324,0.5490696195017648,1.4881318428939672,0.4720280360935558,0.4813040025665083,-0.7102999257646981,1.109421260319625
1.8712727094688755,1.0005251466676204,1.5219462415341052,1.0092479574490387,-0.9049807687455556,-0.04842075371218759,-0.7173518621023214,0.311804377523402,0.5938426219993206,-0.3070586098703192
-1.2236621720674299,0.09103788016027169,0.7438114761057636,-0.517724668122001,-0.7880676639443551,-0.4858711575258475,-0.5743318212936217,-0.15431959134514125,0.7557884213467988,-0.4347469972908296
0.7626393190678105,0.5755682142820907,0.4892610161249982,-0.4039130438558365,0.7414202289433286,-0.5058263371064132,1.213418688815124,0.8318600452692967,-0.5387101255906346,-0.8802292598200964
0.11016237575885068,-2.1858575342007023,-0.9207858420849003,-0.4380565311356859,2.012737538221163,-0.4153250320212883,-0.4586538471101146,-1.0095222449717245,-1.5014416959954846,-1.0649758767624158
1.0859907246014546,-0.36569153315127895,0.19383963271785898,-0.4010677532491824,-0.7006082462138941,-0.5058431199974579,-0.6390063250416733,-0.5395460118976562,-1.4071040131693318,0.19176726187604107
-1.2987258912091686,1.2547049940757875,0.8668210514666946,0.715234594761447,-0.7601167160098777,-0.5005280009525939,3.4007840188305303,-1.6771196317892327,0.5941763244500682,-3.025684100512475
0.41041725232580595,1.1117288299086936,0.7559140311009519,-0.47694216942662543,-0.946270029253496,-0.501655450446959,-0.04852284773222597,1.0822572186284314,0.09605867622014759,2.42295392339989
1.0744424601181102,-0.4888098967396101,0.3870837075590634,0.27895670174115006,-0.11814655699865902,-0.5058431199974579,-0.6495225045129012,0.011327769492440031,-1.1415436028649366,-1.2399634993759956
-0.35176820357492594,1.1911600322237457,0.40176549558601343,0.48761134622911817,-0.8869478991104088,-0.5052536249761185,0.42996331820864414,-0.3584895942379741,0.595411023517831,-0.9513969157306469
0.49125510370921693,0.38096176861021236,0.5311239522558956,-0.32234804646508536,0.7324037941257553,-0.5050861181940984,-0.5795899110292356,1.0514391049842302,-0.9922117561556923,0.270023857411281
-1.4142085360426129,1.1554159911819726,1.1148242275976041,-0.32803862767839354,-0.9471987220397059,-0.1740508402271562,0.7033839844605698,-0.18513770498934248,-1.5751231971204034,0.4089275695079888
0.16790369817557282,0.3611039680314493,0.4120824277130592,-0.42193321769797926,-0.9016747426457786,-0.5058431199974579,0.5508993821277652,-0.9478860176833218,-0.7393987794698292,0.2756106370610572
-0.19009250080810386,1.2666196744230453,1.1402197528334093,-0.23224717725437186,-0.45776560179391995,-0.504370993086244,0.3616081516456626,-0.25833072489432035,1.7642705977490514,0.8611060612830034
0.3642241943924282,0.9965535865518678,0.7705958191279019,2.8586868517742103,-0.2894588185325518,-0.5058431199974579,0.8400943175865329,0.7625192895698444,-1.4290950046735535,0.5764607861994384
0.7568651868261382,0.6073406952081116,0.978720084536961,-0.34416194111610016,-0.9466517249941067,1.443033863119363,-0.794119972242285,1.4905972244140973,0.4619634134641398,0.107363939147092
0.5143516326759058,1.1554159911819726,0.9644351015918208,-0.1307651456170419,-0.9372295506097427,-0.5011078321211245,-0.3640082318690634,0.2694294712626253,0.29361052706232155,-0.17338197418514129
0.2718380785256727,-0.49278145685536273,0.4089079870585836,-0.5158278077175649,1.297433709360348,-0.5058431199974579,-0.41658912922520286,-0.19284223340039275,0.39145208562131667,0.030299541374855982
0.439287913534167,-0.020165803080801625,0.3224044792241224,2.9345612679516537,0.47393266268865386,-0.5058431199974579,-0.6905356044506901,0.2809862638792008,-1.0706652023262921,-0.28603444685678375
-1.1312760562006747,-0.7112172632217565,-0.5614788405064388,-0.24931892089429655,0.18540674852630848,-0.5058431199974579,0.24593017746215576,-0.04645619359043698,0.45832605675099913,0.6541086565792402
0.6991238644094161,0.5835113345135959,1.0320903680403328,-0.38873816062034794,-0.8983687165460016,-0.5048574070109558,1.7234533931696778,1.1554502385334093,-0.7051609080231959,-0.5983726909170821
-1.2698552300008077,0.6271984957868747,0.37597316526839875,0.24101949365242856,1.3545377965383123,-0.5058431199974579,3.122105262842991,1.405847411892544,1.349411710980486,0.9755371414054842
-0.3979612615083037,1.3381077565065924,1.0630411644214703,0.2979253057855108,-0.9476161829717598,-0.5058373216857727,-0.3797825010759053,-0.4432394067595275,0.36078483039767567,-0.08192698117843716
1.068668327876438,-0.18299976782665897,0.29819936923374557,0.34534681589641253,-0.40667247116100463,-0.5058431199974579,0.4089309592661883,1.047586840778705,-0.7380305994217671,0.6396419301955554
0.306482871975706,-2.1052348638509244,-1.1658129801022385,-0.465561007000009,1.7452499719664882,-0.5014943862334783,-0.527009013673096,0.011327769492440031,0.19430067772003912,-0.027161128000765863
-0.6982161380752587,-2.1922120303859067,-2.3895598524025976,-0.4238300781024153,2.03077040785631,-0.5057017056180219,-0.6200772019934631,-0.9748518671219981,-0.9813330562613426,-0.8789206056382527
-0.8021505184253586,-1.0964585944497602,-0.7188120554438876,-0.5404869929752338,1.3966144923536545,-0.49521288190772983,-0.527009013673096,-0.9170679040391209,-0.9378516269290197,-0.21851448988012984
0.2718380785256727,0.4286204899992438,0.13987414159177294,-0.09472479793275647,-0.2443766444446852,-0.5057606551201559,-0.04326475799661201,-0.25062619648327006,0.23701459141564477,-0.1529061780183698
-0.952277956708836,0.38096176861021236,0.08888468857925808,-0.5110856567064747,0.5430586629567159,1.9874309046842273,0.1144779340718067,1.8950849659942377,1.7892315410649202,-0.8750460247940518
0.4219655168091504,-0.42923649500332084,0.3313325935648351,-0.13266200602147796,-0.5900066457849951,-0.5058431199974579,-0.6668742006404272,0.15771380930239587,-0.7397992224107255,0.06587965852809492
0.9705080797680105,0.03940759865548765,0.4700159696572395,2.185301408199404,-0.16022325281400113,-0.5058431199974579,-0.42184721896081684,-1.1982831910424567,-1.4034666564561904,-0.10726244604488203
0.11593650800052285,1.2626481143072927,0.9844737582231979,-0.14594002885253043,-0.947249815170339,-0.31965288921373525,2.4017469690638786,-0.10809242087883943,-0.8211225096577487,0.09088127491499588
-2.918369984998224,-1.9265146586420567,-2.673275485896358,-0.38304757940703965,1.8985293638652343,2.5962536316413827,-0.6342740442796208,-1.6956104999757535,-1.9724960754698304,2.6100910913041884
1.1495061792598489,-0.9971695915559449,-0.2587165630858245,0.20308228556370705,0.9818584907452829,-0.5058387390508512,-0.521750923937482,-0.04645619359043698,-0.904314530628955,-0.848669582687416
1.0167011377013881,0.6192553755553695,0.5775501468276019,0.05607560421991123,-0.10011368736351263,-0.49653360845827177,-0.18523318085818882,0.4967130593886088,-0.17147057854365455,-0.6712702749335692
-0.7444091960086364,-0.8224209464628298,-0.024601564818246192,-0.31760589545399515,-0.4006615146159557,-0.5033659523941243,0.1723169211635603,-0.3045578953606219,2.00403580861071,1.284413376576656
-0.7675057249753252,0.9488948651628364,0.887653318261691,-0.14688845905474854,-0.9474980676756498,-0.5058431199974579,-0.04852284773222597,0.41966777527810584,1.195274548980486,-0.5555595813346912
0.7626393190678105,-0.5761842192861677,0.07658373104316496,-0.34795566192497235,1.276395361452677,-0.5047253343559017,-0.53226710340871,1.0629958976008058,-1.3391288239521855,0.7652423701923263
-0.005320269074593587,-0.17505664759515374,0.07479810817502226,-0.41624263648467097,1.4837733622568632,-0.4681540940429674,0.44047949767987205,0.6931785338703916,0.9922499779460633,0.7412833797391342
0.12748477248386728,0.734430618912195,0.20752940804028513,-0.4039130438558365,-0.6964005766323599,-0.5057883581648746,-0.3745244113402913,1.4867449602085723,1.5894438838027425,0.47209193430422264
-2.6325504390354495,-1.4181549638257223,-1.5304768502851278,-0.44185025194455807,0.24251083570427262,2.5543769361363933,-0.7394358389918999,-1.5230290635682269,1.9348259203257991,0.3454908349564351
-0.11502878166636508,-1.243406318732607,-0.5658436964063429,-0.4978076338754222,-0.45776560179391995,-0.2075521966311478,-0.6563580211691993,-1.1096811143153784,0.594710248371263,0.6004841653439879
-1.9858476279681623,-0.44909429558208397,0.3343086316784059,-0.4873749016510238,0.933770838384892,-0.5058431199974579,-0.5007185649950263,-0.3584895942379741,2.081454777183994,0.22610305970435057
-0.14967357511639834,1.0799563489826727,0.04682334990745593,-0.4617672861911367,-0.7429854898564886,-0.3380142095505383,1.055675996746705,-1.3908964013187142,-0.05016973769715067,-0.3284733545864193
0.7337686578594494,0.2578434050218812,0.4196217242674389,-0.312863744442905,-0.42771081906867564,-0.5058431199974579,-0.6852775147150761,0.24246362182394918,-0.8468843388554107,1.195815190360971
-1.3160482879341853,-1.7716238141277048,-2.3891630473207885,-0.4171910666868891,1.913556755227857,1.8907923765957897,-0.5743318212936217,0.34647475537312794,2.2542125359356717,-0.40815181031794134
1.3227301465100154,-0.1035685655116066,-0.4454133540771729,-0.288204559185236,-0.9361475784316338,2.0550778743461335,-0.7920167363480395,0.2694294712626253,0.09582508450462464,2.4417711482643685
0.10438824351717842,1.3142783958120767,0.7571044463463803,-0.29579200080298024,-0.904680220918303,-0.5058431199974579,-0.7494262094895665,0.42737230368915613,-0.4048287023509721,0.18030897123866227
0.6413825419926946,1.405624278474387,0.7275424677515759,-0.15637276107692896,-0.7192422115035455,-0.5058431199974579,0.8716428560002166,1.0321777839566046,0.2628097908583812,-0.3769248964555193
-0.2478338232248261,0.20224156340134455,0.1337236628237265,2.08097408595542,-0.9365082358243367,-0.5057432601850999,-0.4586538471101146,-0.7475682789960142,2.1949469806830204,-0.5018567434953355
-2.084007876076589,-2.2160413910804224,-1.9370036565989146,-0.415294206282453,2.036781364401359,2.5447130833275495,-0.521750923937482,-1.6170243101830404,-1.7406062424457986,-0.3772880040518592
1.2592146918516212,0.7701746599539685,-0.47755456570373894,-0.33941979010501,-0.8773303686383308,2.570483357484466,-0.7021034018690409,-1.4875882328773955,0.12482382747453159,0.8238448840191215
0.9012184928679438,0.38096176861021236,0.13888212888724938,-0.43615967073124984,-0.9345847297299209,-0.4974355680537639,-0.5112347444662542,0.8280077810637716,0.03008570170748242,-0.09925181860520817
1.4035679978934263,-0.19888600828966946,-1.01562225663736,-0.19715525977230455,0.2966094446097124,2.0679630114245917,-0.7425906928332682,-0.6820797875020868,0.46353181498265017,0.9015758144187483
1.2014733694348991,0.5596819738190802,0.2672485728526082,-0.03781898579967422,-0.945873306121523,0.7730067350395304,-0.7636230517757241,0.22320230079632342,0.4310959367700507,2.3571611902096037
1.2880853530599823,-1.3824109227839485,-0.6511567889953757,-0.36787269617155116,1.123115969553931,-0.5058431199974579,0.42470522847303016,1.6986194915124555,1.329656525896269,-2.4197858539552652
-0.5365404353084369,-0.7827053453053037,-0.12499325051603834,-0.2863076987807999,1.3605487530833613,-0.5058431199974579,-0.4533957573745006,-0.12735374190646517,-0.6369187568454516,-0.40796861959681907
-0.06306159149131511,1.1832169119922404,0.4515645333530999,-0.43236594992237765,-0.9402951384477175,2.4416319866998832,-0.4849442957881844,-1.2406580973032333,0.19536852556242962,-0.7267564681487444
-1.113953659475658,0.32933148710542837,0.08015497677945002,-0.40011932304696446,0.537047706411667,-0.5058431199974579,-0.24833025768555622,0.16927060191897125,1.796439514001054,-0.034626465029106705
-0.3921871292666315,0.9925820264361152,0.8945974071933566,-0.3669242659693331,-0.9475726035368083,-0.5048348580210685,0.351091972174435,-0.9979654523551491,-0.7388982257937089,0.524380853983223
0.20832262386727834,0.19429844316983932,0.30573866578812525,-0.3783054283959496,-0.6441052546904347,-0.5058431199974579,0.5403832026565374,-0.20825129022249333,0.39478911012878565,0.9550033030174824
-1.4488533294926462,0.9766957859731047,-0.17995075434664773,0.051333453208821066,-0.9476524590945092,2.4770661136656433,-0.5953641802360774,0.5891674003212125,0.45515588346890246,1.06275981358669
-0.2824786166748594,0.031464478423982416,0.21387828934923647,-0.37546013778929543,-0.611044993692666,0.01600493168010407,-0.11687801429520733,0.804894195830621,1.9376290209120737,0.6949792880998317
0.5894153518176447,0.7900324605327316,0.6479830488487802,-0.47883902983106147,-0.8791336556018454,-0.5050055860873581,-0.31142733451292376,1.5175630738527734,0.7974344872000134,0.19510506204805647
1.068668327876438,0.31344524664241785,0.05495785408454965,0.5350328563400198,-0.23836568789963644,-0.5056675600047639,-0.4849442957881844,1.3365066561930912,-0.06345109523687772,0.8953916687485455
-2.2225870498767226,0.24195716455887073,0.5110852956245181,-0.3536462431382806,-0.9245764870824146,0.9501773698683322,0.7033839844605698,-0.23521713966116944,-0.6398887086570991,0.6398499169309808
-0.09193225269967618,0.7820893403012263,0.4037495209950607,0.19359798354152663,-0.9463631990799443,0.2737076732492704,-0.30616924477730983,-0.4663529919926783,-0.9043812711191043,0.33031512541303637
-0.6173782866918476,0.8138618212272474,0.8283309585311774,-0.4541798445733925,-0.9438416028092965,-0.4915728306830654,0.7822553304947794,0.9975074061068783,0.36989490730306634,-0.5064934991003457
0.5663188228509557,-1.6087898493818475,-1.5759110321523104,-0.5262605399419633,0.8916941425695499,2.2064782350180185,-0.5901060905004635,-1.5931402721087844,0.5969126845461927,2.277169718886748
0.5778670873343001,-0.46895209616084704,-0.6440142975228056,-0.16016648188580104,0.6692887504027422,-0.5058431199974579,-0.27987879609924,1.0784049544229064,-0.04676597269953202,-0.2906621255292685
0.05242105334212845,0.22607092409586027,0.34164952569188106,-0.4522829841689564,-0.9221721044643951,-0.5058431199974579,0.8085457791728491,-0.04645619359043698,-1.3718316641253825,-0.09363870765866308
-0.8021505184253586,-1.4181549638257223,-1.1900180900926154,-0.2901014195896721,1.1171050130088824,-0.4915406178403692,-0.5743318212936217,-1.1751696058093057,0.3513744212866123,1.0934026390718026
-0.08038398821633175,-1.2076622776908335,-0.4102961043370362,-0.514879377515347,1.5108226667095828,-0.5058431199974579,-0.527009013673096,0.7317011759256432,-0.6648830222180434,-2.2134092774403444
1.7038228744603812,-0.9097952690093875,0.6723865613800617,-0.3726148471826413,0.6752997069477911,-0.5058431199974579,-0.7999038709514604,0.5390879656493854,-0.7399327033910245,1.343875817311355
-0.40950952599164814,1.0203829472463835,0.7122654721019118,-0.3934803116314381,-0.9474169197622916,-0.4710532498856205,-0.521750923937482,-0.34308053741587347,-0.8378743726852441,0.5312452540904176
-1.8414943219263564,1.1752737917607357,0.5579082952780339,-0.16016648188580104,-0.9475686964150538,2.2193633720964767,1.1766120606658261,-1.4995302519145235,-0.4502789761427018,-3.0790763719097076
-0.46147671616669805,1.199103152455251,0.11924027733768133,-0.20853642219892088,-0.9460085526437864,-0.17082955595754162,0.582447920541449,-0.06571751461806272,0.7610609200685996,0.47703397103711426
-1.7664306027846177,-0.15122728690063802,0.30415144546088746,-0.4541798445733925,0.7293983158532308,-0.5058431199974579,-0.15368464244450505,-1.0287835659993503,1.200914120398109,1.3941845436801839
-1.552787709842746,1.2030747125710035,0.5503689987236543,0.563485762406561,-0.9461437991660502,-0.505198863143535,-0.4639119368457285,-1.2753284751529599,0.6011507056706779,1.1460083872113342
0.5951894840593169,-0.5324970580128889,0.3402607079055478,-0.5025497848865124,1.1531707522791754,-0.5058431199974579,-0.27462070636362607,-0.8323180915175674,-0.6746271337798528,0.7683395385342053
1.120635518051488,-0.7072457031060039,-0.0212287216228655,-0.2635453739275671,0.5130038802314715,-0.5039683325525423,-0.17997509112257487,-0.16587638396171664,-0.26981269077877007,-0.7413778077123765
-0.3633164680582704,-1.624676089844858,-1.6911829084179573,-0.3555431035427167,1.1471597957341264,-0.5058431199974579,3.479655364864739,-0.33922827321034826,-1.2310092299101845,1.4268680819662947
-2.3380696947101667,-0.9137668291251401,-0.6085002427008592,-0.4740968788199713,-0.04601507845807281,-0.25812635966409675,2.491134494569316,-0.8785452619838693,-2.0262221700400835,1.937005788159879
0.7799617157928271,0.7463452992594528,0.544813727578322,-0.5205699587286551,-0.943300616720242,-0.5058431199974579,0.6034802794839049,1.6215742074019526,0.330317796644482,-0.32389095364823023
-0.9407296922254914,-0.24654472967870086,0.2878824371066997,-0.5490228647951962,1.3845925792635567,2.171044108052258,-0.5901060905004635,-1.559240347100163,-0.8033027987878637,-0.6995994368398119
1.1899251049515545,-0.000308002502038533,0.34581597905088024,0.6678130846505452,-0.018965774005352903,-0.5058431199974579,-0.16945891165134694,1.3904383550704433,-1.1736457786267902,-0.5193350308518588
0.6009636163009892,0.8853499033107944,-0.045830636695051837,8.037115755884694,1.8444307549597951,-0.5058379337297838,3.7478179413810517,-1.3369647024413622,-0.4313914174304268,1.589389482243747
-1.0677606015422803,0.41670580965198595,-0.7233753138846967,-0.3119153142406869,-0.38262864498080906,-0.5058431199974579,2.2965851743515993,1.2556091078770635,-0.4886213877335224,0.4459331529333734
0.6875755999260723,0.8535774223847735,1.100936049734273,-0.39822246264252836,-0.6783677069972132,-0.5058431199974579,-0.7804489389296888,0.9975074061068783,0.06205439648903677,-0.45057484757039395
1.594114361868609,-1.0766007938709972,-0.6684178100540868,-0.4133973458780169,0.6181956197698267,-0.47459666258219646,-0.521750923937482,0.7317011759256432,-0.7388648555486345,0.05628623802519967
0.44506204577583924,-1.624676089844858,-1.0497474936729732,-0.44754083315786625,1.9436115379531007,2.4674022608567996,-0.5848480007648496,-0.12350147770094004,-0.9577736632386104,-2.3324663657266154
1.507502378243526,0.21018468363284978,-0.6037385817191456,-0.41055205527136274,-0.9411667271467498,2.319223184454529,-0.8598460939374596,-0.9132156398335957,0.09555812254402722,1.6782811630093566
1.2996336175433265,-0.05988140423832781,-0.5690181370608185,-0.14214630804365838,0.0742040524429045,1.8070389855858107,1.8654218160312543,0.12689569565819464,0.4390046848527524,0.6255424196283973
1.1899251049515545,-1.295036600237391,-1.325130220448735,0.13384688080179033,-0.8547892815943975,2.473844829396029,-0.7047324467368478,-1.6463015181450316,-0.003684986308105358,3.233315585519571
-0.9118590310171308,-1.9384293389893146,-0.49084753594435576,-0.5120340869086928,1.874485537685039,-0.5057606551201559,-0.5532994623511658,-1.1327946995485292,-1.230542046479139,0.48965688256785983
1.120635518051488,1.1673306715292304,0.9051127418613069,0.506579950273479,-0.9115928209451092,-0.3647508689883393,-0.521750923937482,0.06911173257531734,-0.9056827106770172,-1.3719552821652885
0.7337686578594494,0.06323695935000335,0.02301504499888839,-0.45512827477561046,-0.5719737761498483,2.4835086822048726,-0.5375251931443239,0.8973485367632242,-0.07159343503510253,0.1801426288584976
2.0098518832690093,1.1037857096771884,0.5983824136225983,3.87350716814751,-0.9237950627315583,-0.5058431199974579,-0.32720160371976564,1.1169275964781578,-0.5715798169892058,-3.3473055683084882
-1.1024053949923134,0.1545828420123136,0.4942210796476163,-0.5253121097397453,0.6843161417653643,-0.49869186891891354,-0.6584612570634449,-0.17743317657829213,1.055019408931557,0.0884783294311677
0.624060145267678,-0.9892264713244396,-0.3658539351743773,-0.45133455396673844,1.3755761444459835,-0.5058431199974579,-0.5480413726155519,0.23090682920737368,0.05998544129440603,-0.009176921628597977
0.18522609490058942,-0.28626033083622704,-0.04106897571333861,-0.5082403660998206,-0.1361794266338057,-0.5044096484974795,0.345833882438821,-0.6088867675971089,0.5300387134165102,0.38914547949132045
-1.4142085360426129,1.0521554281724044,-0.09602647954394791,0.34534681589641253,-0.9476456667136132,1.4398125788497484,0.6455449973688165,-1.2406580973032333,-0.38841054177422374,0.43741924891386874
0.439287913534167,-0.7271035036847671,-0.07340858988080884,0.02762269815337016,1.4837733622568632,-0.5053599273570157,0.12499411354303464,0.12304343145266942,1.4023035494238723,-0.7815479045869743
-0.7155385348002753,1.3897380380113766,0.95391976692387,1.862835139445272,-0.9356967566907551,-0.5039779964053511,-0.5638156418223937,-1.6262697442763008,1.0981337655680588,0.5678387720386125
1.3573749399600488,1.2149893929182614,0.7453986964330014,-0.23604089806324394,-0.7781495856450243,2.1033971383903523,-0.7404874569390226,0.35032701957865303,0.062221247714410094,1.7832531162751228
-1.3449189491425462,1.087899469214178,1.2185887564907765,0.0020150826934831655,-0.9471115631698028,-0.5058431199974579,-0.400814860018361,0.015180033697965159,0.8962437828661755,0.39540237298763503
1.1264096502931602,0.754288419490958,-0.07658303053528455,0.715234594761447,0.5881408370445824,-0.5058431199974579,-0.8729913182764945,1.848857795527936,1.7324353839477953,0.3332260448011156
-0.14389944287472617,-0.31803281176224757,-0.6402446492456157,-0.4257269385068514,1.3064501441779217,-0.5058431199974579,0.6981258947249559,1.1053708038615824,0.6936863952627983,-1.2167073836310323
-0.35176820357492594,1.250733433960035,0.9678079447872011,0.04848816260216699,-0.7453898724745082,-0.5058431199974579,-0.28513688583485397,-0.2313648754556443,0.19406708600451655,0.5115932345668727
-0.06306159149131511,-1.2791503597743805,-0.8600746645680538,-0.35649153374493464,1.1531707522791754,-0.5053438209356677,-0.0800713861459096,-0.10809242087883943,-1.2635452188580092,-0.5406930954055718
-1.194791510859069,0.8098902611114948,0.6991709044022,-0.4759937392244073,-0.8526854468036302,-0.505733274203864,-0.7899135004537938,-0.9363292250667464,0.26457841384733977,0.12010670737490507
-0.8598918408420807,1.15144443106622,0.7305185058651469,0.8480148230719721,-0.9392432210523339,-0.5055947589802706,0.6245126384263607,0.8973485367632242,0.2621757562019618,0.9853538869398333
-0.0457391947662985,0.12678192120204526,0.4593022324483844,-0.3489040921271903,-0.8671117425117476,-0.5058431199974579,-0.3482339626622215,-0.8477271483396681,-1.4734774306228933,0.4020267657959931
-1.518142916392713,-0.9177383892408927,-0.8664235458770049,-0.4636641465955728,0.9518037080200388,-0.5058431199974579,-0.34297587292660753,-0.5780686539529076,-1.1350697753204464,0.23358694119240273
0.22564502059229496,-0.8978805886621296,-0.01011817933220093,-0.3517493827338445,1.1411488391890776,-0.5010434064357322,-0.2062655398006447,-0.2660352533053704,0.5218296331281367,-0.641452580337754
-1.0793088660256247,-1.0408567528292236,-0.8880494228356205,-0.4740968788199713,1.4777624057118144,-0.4530140579757788,-0.6437386058037259,-0.28914883853852136,-0.04162695495802958,0.6698141350119086
0.5432222938842669,-1.26326411931137,-0.2605021859539672,-0.4115004854735808,1.002896838652954,-0.5057844926237509,-0.1063618348239794,-0.3931599720877004,0.2608743166440493,-0.03743488396943309
1.5017282460018537,0.6986865778704214,0.8303149839402247,0.10160025392637706,-0.932751387983681,-0.5058047867146495,0.42470522847303016,-1.182874134220356,-0.8385751478318128,0.24205842264245614
-0.7790539894586697,0.5676250940505855,-0.39819354934184786,-0.22940188664771768,1.5438829277073516,-0.3454231633706518,3.942367261598768,-0.4625007277871531,-0.4670308391701973,2.3286473847166236
-0.028416798041281784,-0.15519884701639064,-0.35037853698380866,-0.4854780412465877,-0.6597337417075618,1.3592804721093839,-0.40607294975397495,0.8511213662969224,1.6660953367393088,-0.006730069861635665
-1.7433340738179288,1.3539939969696029,1.0497481941808535,1.04718516553776,-0.9474650074146518,2.4706235451264145,0.6823516255181143,-1.0287835659993503,-0.1426386867991209,-0.701854372477558
-1.0100192791255584,-1.0766007938709972,-0.5202111119982554,-0.5196215285264371,-0.3315355143478938,-0.47491879100915796,-0.6894839865035672,0.14615701668582037,-2.4500242824886658,0.8581106543110717
-0.703990270316931,1.1395297507189621,0.8146411832087512,0.9807950513824975,-0.9462550018621333,-0.5058431199974579,0.29325298508268144,0.08837305360294308,0.7654324221733843,1.2655567781731458
1.2245698984015878,-0.22271536898418515,0.004365206153844129,-0.2749265363541835,-0.05803699154817049,-0.5057880360364475,-0.6805452339530237,-0.054160722001487235,-0.7380305994217671,-0.9519908311655176
0.23141915283396722,0.08309475992876646,-0.2360986734226855,-0.5385901325707979,-0.6618375764983289,-0.5055767197883608,-0.4639119368457285,0.5968719287322628,-0.48368259146246817,0.12763090339519378
-2.4420040750602663,-1.2473778788483596,-1.0320896675324522,-0.35933682435158887,0.7233873593081819,2.280567773219154,-0.5112347444662542,-1.3523737592634628,-1.5424537271922805,0.6669263897349808
0.6413825419926946,-1.8351687759797466,-2.22052088755177,4.869358880476449,1.4447021447140451,-0.5058431199974579,0.39841477979496037,1.1477457101223592,-0.401291456373055,-1.9609078418581785
-1.905009776584751,1.3976811582428819,0.5596939181461764,1.7110863070903861,-0.9475563739541365,1.1595608473932801,-0.2588464371567842,-1.6798162167331003,0.9014829113429016,-0.31048152475351765
-0.3575423358165982,1.1157003900244462,0.9648319066736301,-0.05963288045068914,-0.8000895770344528,-0.5058431199974579,-0.6300675724911295,-0.10809242087883943,1.078612172199365,-0.3308701865336728
1.2649888240932934,0.7264874986806897,0.5676300197823655,-0.2806171175674917,-0.18126160072167216,-0.5044032059289402,0.2827368056114535,0.5622015508825364,-0.8727462787882969,0.24408848537137165
1.680726345493692,0.9886104663203625,0.7743654674050915,-0.38209914920482174,-0.9442623697674497,2.303116763106456,2.0547130465133567,1.3172453351654654,0.06195428575381268,0.8224939723874986
-1.8126236607179955,0.869463662847784,0.30137380988822127,0.11487827675742955,-0.9476288961448525,0.7407938923433847,3.658430415875614,-0.9440337534777967,1.093328450277304,-0.4934540363275194
0.624060145267678,0.1386966015493031,0.8902325512934525,-0.5509197251996323,0.46191074959855605,-0.5056598289225168,-0.17997509112257487,0.10763437463056882,0.02845055969882232,0.6948769455282896
0.21987088835062277,-1.2990081603531436,0.12598596372844204,-0.492117052662114,1.805359537416977,-0.5058431199974579,0.7664810612879374,1.3942906192759685,0.5342767345409963,-1.3568190316392075
-0.2478338232248261,-0.10754012562735922,0.042855299089361115,-0.4579735653822647,-0.340551949165467,-0.5058431199974579,-0.6994743570012338,1.066848161806331,-1.3317539997906784,-0.972128885276149
-0.484573245133387,0.6589709767128956,0.8594801574532197,1.407588642380614,-0.8388602467500179,-0.5058431199974579,0.5614155615989932,0.627690042376464,1.5925806868397632,-0.3616809916493324
-1.0446640725755914,1.171302231644983,0.8453935770489841,-0.13740415703256822,-0.9112922731178567,-0.5057915794491441,0.27747871587583955,-0.21595581863354368,1.809620760805557,-0.3880869645357373
0.20254849162560606,0.9250655044683206,0.5410440793011322,-0.5594555970195947,-0.9472858809096093,2.3900914383860496,1.0030950993905656,0.677769477048291,0.4955005097642047,-0.03666297338175113
1.311181882026671,-0.055909844122575186,-0.2311386099000672,2.6120949991975206,-0.24738212271720966,-0.5058431199974579,0.7191582536674117,0.16927060191897125,-1.154057444767946,0.42356269576742894
-0.565411096516798,0.3968480090732229,0.3612913772414489,0.037107000175550485,-0.9383716323533019,2.489951250744102,-0.1484265527088911,-1.5550028564740856,0.5973464977321638,0.31445528135681833
1.6345332875603147,-0.11945480597461708,-0.05317153070852696,1.9292252536005345,0.46191074959855605,-0.5057819155963352,0.5193508437140815,-0.7783863926402154,-0.7378971184414681,-0.990449328143467
-0.06306159149131511,-1.7438228933174365,-1.6132107098423991,-0.49496234326876815,1.8023540591444531,-0.38311218932514246,-0.53226710340871,-1.0557494154380263,0.7634969479590523,0.3320551499810159
-1.5874325032927792,1.2110178328025087,0.9150328689065435,-0.18008351613237977,-0.9474758271364327,-0.5058054309715034,-0.5743318212936217,-0.1581718555506664,-0.9596757672078678,0.8704560528985968
-0.7617315927336531,-1.9225430985263041,-2.301469124240899,-0.4380565311356859,2.036781364401359,2.435189418160654,-0.4691700265813425,-1.6740378204248128,-0.9844364890532893,-0.5626263593438326
0.5143516326759058,-0.3696630932670316,0.49005462628861707,-0.5404869929752338,-0.20530542690186762,-0.5058431199974579,-0.5743318212936217,-1.4294190433739655,0.3646224085812646,-0.2615973838336041
-0.5018956418584036,-0.9773117909771818,-0.5458050397749652,0.07978635927536225,0.005078052174842558,-0.5058431199974579,-0.6253352917290771,-0.03875166517938663,-1.2495630861717133,1.8203749651563947
0.1967743593839339,0.28564432583214955,0.8943990046524518,-0.3764085679915135,-0.8629040729302134,-0.5058431199974579,-0.29039497557046795,-0.03875166517938663,0.024512870780008827,-0.6257466619788434
1.1899251049515545,1.1474728709504673,0.3509744451144031,-0.10610596035937288,-0.8776309164655832,-0.4607451402228538,-0.7268164236264263,0.9936551419013532,-0.9726901627869976,0.011984147476162622
-1.7086892803678957,1.3778233576641188,0.6606808114666828,0.3074096078076912,-0.9476086692760785,1.8618008181692585,-0.016974309318542196,-0.8515794125451932,-0.2706469469056375,1.4979754766635942
-1.1543725851673634,-0.4808667765081049,0.07221887514326088,-0.4978076338754222,0.9878694472903318,-0.5053856976311727,-0.10110374508836545,-0.3276714805937729,-0.9115225035650882,-0.42956750035067764
-0.5480886997917813,-2.4289170132847624,-1.4519094440868558,-0.2569063625120408,1.6911513630610486,-0.5058431199974579,1.5814849703081009,-0.8130567704899417,-1.351475814629821,-0.35283591173314355
0.20832262386727834,-1.469785245330506,-0.36049706656994973,-0.5328995513574896,1.093061186828687,-0.5058431199974579,-0.3797825010759053,-0.2660352533053704,-0.37532940570494483,-0.6927822449487077
0.24874154955898384,1.250733433960035,0.8610673777804575,-0.31760589545399515,-0.9318497445019237,1.5622213810951027,-0.7389100300183385,-0.4509439351705778,0.19546863629765363,-0.8446688833239976
-0.8079246506670308,-1.747794453433189,-0.947966990188848,-0.5016013546842943,1.2914227528152993,0.3413546429111767,-0.5480413726155519,-1.5688710076139762,-0.5646054357685951,0.20272726921546894
-0.7270867992836197,-0.1234263660903697,0.6118737864041197,-0.41908792709132514,-0.23235473135458762,-0.5058431199974579,-0.5901060905004635,-0.48561431302030406,-1.4149460207618842,0.1782766681653759
-0.13235117839138172,1.2467618738442823,1.1547031383194544,-0.2142270034122291,-0.5479299499696529,-0.5058149337600988,0.7664810612879374,0.6854740054593413,0.9328175714680375,1.072230816179228
1.9463364286106144,0.6986865778704214,0.8551153015533158,0.02382897734449799,-0.8713194120932819,-0.5053889189154422,0.09870366486496497,1.0745526902173812,-0.6723913273598489,0.023629171305030058
-0.02264266579961021,1.0640701085196622,0.9011446910432124,-0.36597583576711507,-0.9390929471387076,0.7891131563876034,-0.6926388403449356,-1.593525498529337,1.962256261777196,-0.02097122808322746
-0.23051142649980938,1.1911600322237457,0.39918626255425194,-0.04825171802407263,-0.94735801238815,-0.5055722099903833,-0.23781407821432832,-0.31226242377167224,-0.5717800384596539,-0.1769645930510392
1.3227301465100154,-0.13931260655338018,-1.3298918814304481,-0.3109668840384689,-0.9356967566907551,-0.20980709561987804,-0.8635267567523893,0.2193500365907983,-0.008089858657964763,1.682464801298483
0.41041725232580595,-1.4062402834784642,-0.5769542386970075,-0.4115004854735808,1.4867788405293876,-0.5058431199974579,-0.698422739054111,-0.11194468508436455,0.19646974364989447,0.10726685534739369
0.9647339475263382,0.3889048888417176,0.4803329017842855,-0.2312987470521539,-0.9341339079890423,-0.4597787549419694,-0.032748578525384084,1.3403589203986161,0.9299143601465387,-1.0216558899474737
-0.35176820357492594,-1.6207045297291054,-0.7561117331339765,-0.5404869929752338,1.9285841465904785,-0.5057529240379087,-0.5112347444662542,-0.7668296000236399,-1.1365046958586584,-0.9495003708269186
-2.4766488685102996,-1.1004301545655129,-0.3434344480521432,-0.466509437202227,1.378581622718508,-0.48593558321123986,-0.5375251931443239,-1.3446692308524124,-1.7723079752667557,0.37869576949606987
-0.3575423358165982,-0.6754732221799832,-0.09146322110313927,0.9144049372272346,1.9977101468585412,-0.5056279382082477,-0.30091115504169585,1.3711770340428178,1.7193208776334417,-1.3699432061200536
0.5951894840593169,0.5358526131245644,0.8283309585311774,-0.35649153374493464,-0.9359973045180077,-0.5052342972705008,-0.4796862060525704,0.577610607704637,-0.23704311011542295,-0.11645694057747293
-1.17169498189238,-1.5373017672983005,-0.545408234693156,-0.5110856567064747,1.432680231623948,-0.5058431199974579,-0.5743318212936217,-1.0287835659993503,-1.0784070991836203,0.10780078242703707
-0.35176820357492594,-0.8978805886621296,-0.6307213272821888,2.887139757840752,1.5709322321600712,-0.5058431199974579,-0.29039497557046795,0.34647475537312794,1.1628053005228114,0.9898760074394517
0.8146065092428604,0.35316084779994406,0.2353057637669469,-0.1781866557279438,-0.5719737761498483,-0.5058431199974579,-0.6716064814024797,0.6546558918151401,0.12869477590319578,-1.0877768424693708
0.803058244759516,-0.13136948632187492,-0.31784052027543336,-0.46081885598891875,-0.2594040358073074,-0.5043420015278176,-0.6064061686808667,0.9859506134903028,-0.7713007337612344,-0.2028247641041026
-0.5942817577251587,0.04735071888699289,0.14919906101429514,0.15566077545280524,-0.34956838398304035,-0.5058431199974579,-0.6064061686808667,-0.22366034704459395,1.336764388097178,-0.11163033049407341
0.3642241943924282,0.4643645310410174,0.18292749296809876,-0.5594555970195947,-0.9292349784048274,-0.505808330127346,0.4509956771511,1.7101762841290309,-0.5966742412853735,-0.06777710350065164
1.565243700660248,0.07515163969726121,0.25078116195751576,1.6257275888907627,-0.9267704862213575,-0.5056459774001575,-0.6563580211691993,-0.41242129311532627,-0.5720136301751769,0.8544677792299645
0.9820563442513546,-0.13534104643762757,0.9259450086563036,-0.010314509935351135,-0.36459577534566256,-0.1515018503398541,-0.4271053086964308,0.2077932439742228,1.929453310868774,-1.397618812648164
0.4161913845674781,0.7225159385649371,0.31744441570150406,0.14617647343062493,-0.7216465941215651,-0.5058431199974579,0.18283310063478822,1.898937230199763,1.632758461909692,-0.10417724792876913
-1.2987258912091686,1.0124398270148782,0.7336929465196226,0.686781688694906,-0.9390929471387076,-0.5058431199974579,0.44047949767987205,-0.18513770498934248,0.550528043892371,-0.39352721687816916
-0.7444091960086364,-0.3577484129197737,0.05158501088916916,-0.2312987470521539,-0.8872484469376613,-0.09996130202602083,-0.6589870660370063,-0.793795449462316,-0.715338832770977,-0.5156694473399518
-0.34599407133325377,-1.6683632511181368,-0.6465935305545669,-0.22371130543440954,0.5220203150490448,-0.5058395443719187,-0.47442811631695647,-0.2660352533053704,-0.7856165688982771,-2.8795157006649306
-0.40950952599164814,-0.36171997303552633,0.565050786750604,-0.4797874600332795,-0.924967199257843,-0.4665434519081601,-0.6931646493184971,-1.2714762109474345,-1.0712324964925617,1.522641438203554
0.8088323770011882,1.1236435102559517,1.0761357321211822,-0.5082403660998206,-0.9447372353345087,-0.48319749158206743,-0.04852284773222597,1.7140285483345563,0.19353316208332133,-0.1152528907281258
-0.3864129970249593,0.16649752235957144,0.19383963271785898,-0.5120340869086928,-0.1722451659040989,-0.498337527649256,-0.006458129847314272,0.7162921191035425,0.7460443097849888,-0.14349665932477465
0.7395427901011217,0.8734352229635366,-0.08332871692604535,-0.06722032206843338,-0.5539409065147017,-0.5058431199974579,2.8434265068554505,1.5291198664693488,0.126625820708565,0.2251297820740178
-0.218963162016465,0.8138618212272474,0.546202545364655,-0.34416194111610016,-0.21432186171944095,-0.5058431199974579,-0.04326475799661201,0.8318600452692967,-0.9396536201630532,-0.63932719615631
-0.0688357237329873,1.1117288299086936,0.5406472742193225,0.1841136815193463,-0.18727255726672107,-0.5058324575465255,-0.5901060905004635,1.3095408067544152,1.863680557826557,1.2134713136187285
0.42773964905082257,1.087899469214178,0.9370555509469682,-0.49116862245989595,-0.16322873108652558,-0.5058431199974579,0.030348498301983464,1.633131000018528,0.7613612522742723,-0.5840474595013816
-0.9926968824005414,-0.6873879025272408,-0.09066961093952046,-0.5234152493353093,0.5881408370445824,-0.5058431199974579,-0.7536326812780575,-0.38160317947112504,1.507353080919001,-0.21542146744711577
0.3295794009423949,1.0203829472463835,0.6823066884252981,0.011499384715663589,-0.4096779494335291,-0.5058431199974579,-0.4691700265813425,1.2055296732052363,0.32821547120477684,0.7509936950600137
0.13903303696721175,0.5080516923142961,0.6005648415725504,0.6203915745396433,-0.8003901248617052,-0.5058431199974579,0.819061958644077,0.9589847640516266,0.06238809893978393,0.48675552735528316
0.6413825419926946,0.19429844316983932,0.1527703067505802,-0.5063435056953846,-0.6976027679413697,-0.5058431199974579,-0.24307216794994227,1.5907560937577514,0.3971917677741635,0.07625474822184612
-2.3091990335018053,-0.7628475447265406,-0.6827027929992274,-0.2597516531186949,2.018748494766212,2.171044108052258,0.971546560976882,-1.6805866695742053,-1.2601414538603903,-0.24759348621866234
-2.297650769018461,-1.1679466765333075,-0.10297056847561349,-0.5091887963020387,1.1321324043715042,-0.5044515251929844,0.6508030871044306,-0.8400226199286178,1.8013449400270334,-0.4391094821629839
-0.7501833282503086,1.3976811582428819,0.6749657944118232,-0.007469219328697058,-0.8914561165191954,-0.16116570314869785,0.3773824208525045,-0.6551139380634107,0.5297383812108384,0.14842706708062775
1.2938594853016543,-0.21874380886843253,0.3815284364137312,0.5919386684731022,-0.4036669928884802,-0.5058431199974579,-0.5690737315580077,0.650803627609615,-0.9554711163284572,-0.7127663653411691
0.06974345006714518,0.4921654518512857,0.5362824183194186,-0.47314844861775324,0.23048892261417497,-0.5058431199974579,1.697162944491608,0.40040645425048,0.388749095770267,-0.4090961014593717
0.11016237575885068,0.5954260148608538,0.69540125612501,-0.4740968788199713,-0.18126160072167216,-0.5058431199974579,-0.53226710340871,-0.6512616738578856,-0.8711111367796367,0.18158003735526396
1.4035679978934263,1.1236435102559517,-0.867018753499719,-0.19905212017674054,-0.9474896523364864,2.316001900184914,-0.5532994623511658,1.532972130674874,-0.10973562515547494,1.1500736830391363
-0.6462489479002088,-0.9574539903984186,0.10257446390168423,-0.5243636795375273,0.6933325765829376,-0.5058431199974579,-0.6106126404693579,-1.4294190433739655,0.5903387462664783,0.05184948833806352
-0.22473729425813718,-0.7271035036847671,-0.6977813861079865,-0.44754083315786625,-0.9049807687455556,2.512500240631404,-0.49020238552379836,-1.680971895994758,0.12979599399066064,0.8973223899035225
-0.46147671616669805,-0.29023189095197965,-0.03531530202710151,-0.4276237989112875,1.489784318801912,-0.5054984425806092,-0.41133103948958893,-0.7051933727352377,2.1903085166176375,-0.009704163165883075
-0.44415431944168143,-0.21874380886843253,-0.7995618895921117,1.2558398100257282,0.6963380548554621,-0.5058431199974579,1.1029988043672307,0.939723443024001,0.7224515465171821,0.2525807803867468
1.4035679978934263,-0.16314196724789587,-0.4757689428355964,-0.4238300781024153,-0.43372177561372444,-0.5058034982009417,0.21963972878408594,1.8373010029113606,0.06659274981919473,0.1144194637237919
-0.5885076254834866,-0.024137363196554244,0.7503587599556196,-0.37166641698042324,-0.4637765583389688,-0.5058431199974579,0.33005961323197913,-0.9170679040391209,1.0934285610125276,0.16731011075236385
-0.3633164680582704,0.869463662847784,1.0580811008988522,0.3074096078076912,-0.9381612488742251,-0.5058076858704922,-0.8041103427399516,-1.1597605489872054,1.5946162717893195,1.4661339112803995
-0.8714401053254253,1.171302231644983,0.6406421548353053,-0.13266200602147796,-0.9476328333213897,-0.4745322368968042,0.3773824208525045,-1.3254079098247866,0.678302712283365,0.7601646171539914
1.3227301465100154,-0.36171997303552633,-0.9757433459155095,-0.1535274704702748,0.17037935716368624,1.9391116406400084,-0.655832212195638,0.650803627609615,-0.4055294774975407,1.7934270993724932
-0.40373539374997586,1.0521554281724044,0.6414357649989242,-0.2730296759497475,-0.24738212271720966,-0.5058431199974579,0.16705883142794634,1.3365066561930912,-0.876283524766214,-0.9758981683289201
1.7673383291187754,0.06720851946575598,0.046624947366550956,0.2220508896080677,-0.9218715566371426,-0.48619328595280903,-0.5958899892096389,0.03444135472559099,-0.6041491761821046,-0.3372975051529567
0.9243150218346325,0.7701746599539685,0.6517526971259701,-0.4048614740580546,-0.4096779494335291,-0.5058089743842,-0.5532994623511658,-0.25447846068879526,0.06305550384127762,-0.9047002462961259
0.4970292359508891,-0.8541934273888508,-1.0062973372148378,-0.4617672861911367,1.4447021447140451,2.212920803557248,-0.41133103948958893,0.5236789088272849,-1.334390249151579,-1.2599481656993652
-0.6231524189335199,1.405624278474387,1.221961599686157,0.4401898361182163,-0.9472888863878818,-0.5058431199974579,-0.15894273218011903,-0.7090456369407628,0.1737112365089547,-0.36595196315873196
-0.138125310633054,-0.778733785189551,0.025594278030649877,-0.5395385627730158,0.1793957919812596,-0.5058012433019529,-0.8130490952904954,-1.2406580973032333,0.7294926682279416,1.0820875389265883
-0.03419093028295405,-0.500724577086868,0.21328308172652222,-0.5016013546842943,1.3124611007229703,-0.5058431199974579,-0.6794936160059006,-0.33922827321034826,0.8585687761768491,0.1997394809705535
-0.4557025839250259,-0.20285756840542207,-0.05138590784038428,-0.4646125767977909,0.3717464014228232,-0.5058431199974579,1.43425845771091,-0.40856902890980107,-1.811117570288622,1.3961309319738289
0.06396931782547291,-1.326809081163412,-0.6374670136729492,-0.4987560640776403,1.670113015153378,-0.5057555010653244,-0.521750923937482,-0.6088867675971089,-1.475646496552748,-0.030822302794481747
-0.5596369642751258,-0.9931980314401923,-0.1702290298423161,-0.41244891567579894,1.5258500580722048,-0.5058431199974579,0.7612229715523234,-1.0981243216988026,-0.06298391180583221,0.8472194254275286
-0.6462489479002088,0.07515163969726121,0.0686476294069758,-0.5338479815597077,1.2884172745427749,2.42552556535181,-0.28513688583485397,0.5121221162107094,0.53934901179235,0.5713729049841361
1.640307419801987,-0.9018521487778822,-0.04999709005405134,-0.5044466452909485,-0.7979857422436857,-0.5014943862334783,-0.5427832828799379,0.4119632468670555,-0.6450610966436764,0.007664878285489789
1.172602708226538,-1.2592925591956174,-0.5247743704390642,-0.45038612376452036,0.702349011400511,-0.5057087924434149,-0.5743318212936217,0.13074795986371976,-0.5877977560955059,-0.491259112348598
0.6067377485426614,0.9449233050470838,0.7249632347198145,-0.289152989387454,1.1651926653692732,-0.5058063973567843,3.169428070463516,0.9358711788184758,-0.7707668098400392,0.30248081203065713
-0.8598918408420807,0.7701746599539685,0.6829018960480123,-0.3764085679915135,-0.9476515574510274,1.9616606305273105,0.39841477979496037,0.288690792290251,-0.5723473326259235,0.8734310426021732
-0.4903473773750592,0.31344524664241785,0.6009616466543597,-0.4797874600332795,0.03212735662756247,-0.504470852898602,-0.49020238552379836,0.7239966475145928,2.731106708298088,-0.03355177468469035
-0.23051142649980938,-0.5801557794019203,0.09582877751092345,-0.467457867404445,0.8165571857564391,-0.5058431199974579,-0.4533957573745006,-0.00022902312413535192,0.022977839506572832,0.5182138118114393
-1.552787709842746,1.361937117201108,-0.2680414825083468,-0.13645572683035015,-0.9454074569892816,0.3413546429111767,0.1144779340718067,-1.702159349125146,0.6384252694191088,-3.2184217577818917
0.26606394628400043,-0.020165803080801625,-1.0182014896691214,-0.1260229946059517,1.207269361184615,-0.5058431199974579,1.2239348682863518,1.8796759091721371,-0.8467842281201867,-1.3766546966490896
-0.29402688115820375,0.5318810530088118,0.3684338687140191,-0.4115004854735808,0.24251083570427262,-0.5016876632896551,-0.016974309318542196,1.4790404317975219,1.8441589644578629,0.8093517035348231
-0.31712341012489265,0.8853499033107944,1.0360584188584276,1.6826334010238448,-0.8932594034827102,-0.5051569864480301,-0.5532994623511658,-0.9902609239440987,0.7566560477187412,-0.0029064206706724094
0.5951894840593169,0.6907434576389162,0.635682091312687,-0.05109700863072671,-0.4908258627916887,-0.5058431199974579,-0.5743318212936217,1.3249498635765158,1.064596669267994,0.8811966895685546
-0.23628555874148166,0.10295256050752954,0.5585035029007481,-0.3877897304181298,-0.7958819074529186,-0.5058431199974579,0.5666736513346071,-0.16972864816724187,1.0994685753710471,-0.6859632285489865
0.035098656617111826,-0.6437007412539623,-0.5545347515747733,-0.4446955425512122,1.0810392737385892,-0.505658218280382,-0.5901060905004635,-0.5318414834866058,-1.572053134573532,2.1416477067932163
-3.273479117861065,-2.530191796236454,-3.979954620294893,-0.8022537287874121,1.9676553641332963,2.5833684945629245,-0.5480413726155519,-1.8262022565430562,-4.0757558820374875,-1.215798916310449
-0.12657704614970955,0.6867718975231636,0.7674213784734262,-0.41434577608023493,-0.8635051685847183,-0.5058431199974579,-0.6116642584164808,0.8549736305024476,-0.5742160663501061,-0.820475782577325
0.4739327069842003,-1.211633837806586,0.2862952167794619,-0.4968592036732042,1.4026254488987033,-0.5058431199974579,-0.6258611007026383,-0.5279892192810807,-0.8726127978079979,-0.019674144441203502
0.7972841125178438,-0.31406125164649495,0.9697919701962481,-0.16301177249245513,-0.17525064417662337,-0.5058431199974579,-0.400814860018361,0.3657360764007537,1.3933936939889295,-0.655837073018589
0.11593650800052285,0.9250655044683206,0.8344814372992241,-0.38873816062034794,-0.927942622747642,-0.505616985841731,-0.6369030891474278,-0.18513770498934248,0.42709150736108764,0.6486570330549121
-1.2814034944841521,1.250733433960035,1.2763238958940524,0.3927683260073145,-0.7550074029465863,-0.10640387056525,0.6402869076332026,-0.7398637505849641,1.7319348302716753,1.0163255390490997
0.035098656617111826,-0.6834163424114884,0.08908309112016276,-0.568939899041775,0.24852179224932153,2.4029765754645083,0.28799489534706746,-1.4429019680933037,-0.4055962179876899,-1.6941503598661534
0.9647339475263382,1.107757269792941,0.943801237337729,-0.010314509935351135,-0.5870011675124706,-0.5058431199974579,-0.849855723439793,1.220938730027337,-0.007155491795873238,-0.07100880234689846
-0.9811486179171969,1.3381077565065924,1.0771277448257057,-0.1535274704702748,-0.9459243992521558,2.3933127226556645,-0.30616924477730983,-0.3161146879771974,1.5980200367869384,1.3380714719969742
0.751091054584466,0.6430847362498852,0.3224044792241224,-0.34985252232940844,0.35371353178767667,-0.0870761649475625,-0.53226710340871,0.8973485367632242,-0.5259626919721023,0.5213686684405677
-0.5596369642751258,0.8654921027320314,0.9132472460384007,-0.2929467101963263,-0.9465705770807484,-0.4835840456944212,-0.3745244113402913,-1.1713173416037805,0.06248820967500802,1.0885395950972252
0.6587049387177113,0.39287644895747026,0.38549648723182567,-0.4617672861911367,-0.7372750811386921,-0.5013655348626936,-0.30091115504169585,-1.0711584722601268,-0.8397431064094268,-3.503665384862214
0.04087278885878401,1.290449035117561,1.0380424442674747,-0.15257904026805671,-0.9052813165728077,-0.5058431199974579,1.1398054325165283,1.2093819374107615,0.19677007585556625,-0.2092038262506995
-0.2536079554664983,0.6708856570601535,0.5954063755090274,1.9861310657336164,-0.9421284801939575,-0.5058398987131884,-0.7299712774677948,1.016768727134504,-0.6431923629194938,0.32807340786715816
1.23034403064326,-0.7747622250737984,-0.5140606332302088,0.04943659280438509,0.7474311854883772,2.277346488949539,-0.5743318212936217,0.12689569565819464,-1.0717997906588312,-1.4674122098208204
0.8838960961429271,-1.851055016442757,-2.1231052399675487,0.27895670174115006,1.9706608424058207,-0.505818831514065,-0.8151523311847408,1.752551190389808,0.05704885972783289,-1.7452286379827313
1.8019831225688085,0.1545828420123136,-0.13233414452951306,0.3263782118520518,-0.3104971664402228,-0.5058431199974579,-0.6442644147772872,1.0745526902173812,-0.07339542826913595,-0.7741595022318374
0.9012184928679438,1.0402407478251465,1.3896117467506517,-0.4892717620554599,0.29360396633718794,-0.5046286958278132,-0.5007185649950263,-0.11964921349541481,0.32931668929224117,-0.09717802316735304
-0.2536079554664983,0.22607092409586027,0.13253324757829812,-0.466509437202227,0.041143791445135705,-0.5057809492110543,-0.6763387621645324,-0.6435571454468353,0.06479075658516131,0.4849069498691581
-0.3921871292666315,-0.9812833510929344,-1.294576229149407,-0.5006529244820762,1.5919705800677428,-0.28325237696709044,-0.653203167327831,-1.2213967762756075,-1.0678954719850928,-0.12839067529054918
-0.3690906002999427,-0.000308002502038533,-0.45592868874512366,0.15566077545280524,1.7722992764192087,-0.5058431199974579,2.0547130465133567,1.8295964745003104,-0.5290661247640488,-0.19398007080134633
0.9589598152846659,-0.4610089759293418,-0.2593117707085388,2.052521179888879,-0.7586139768736155,-0.5058431199974579,-0.2588464371567842,-0.7051933727352377,-0.5043721434087771,0.5322968028930259
-2.2052646531517057,0.30153056629516,0.5021571812838054,-0.3707179867782052,-0.7985868378981905,-0.5058431199974579,1.7497438418477478,-1.4409758359905411,-1.6197058445401917,1.6351036748431302
0.006227995408750759,0.0711800795815086,0.3864884999363494,-0.4646125767977909,1.1020776216462604,-0.5058123567326831,0.3248015234963652,-0.22366034704459395,-0.6283426038612557,-0.05964102442844176
-0.6058300222085031,-0.36171997303552633,-0.04186258587695742,0.3832840239851341,1.297433709360348,-0.5058431199974579,-0.15894273218011903,0.6084287213488383,-1.3840118035776454,0.8998982190457845
1.5883402296269369,-0.6000135799806835,-0.7866657244333045,7.22146578197718,-0.11814655699865902,-0.5058431199974579,1.7760342905258175,1.0090641987234539,1.3279212731523855,-0.3232309292034925
0.07551758230881735,-0.417321814656063,0.7271456626697664,-0.5537650158062865,0.9788530124727586,-0.5058431199974579,-0.3797825010759053,-0.25062619648327006,-0.17424030888485387,0.8063109842726784
0.8377030382095494,-1.5492164476455583,-0.8225765843370604,-0.3536462431382806,1.4777624057118144,-0.5058431199974579,-0.5532994623511658,0.5891674003212125,-1.407604566845452,-0.9031219942308016
-0.5480886997917813,1.087899469214178,0.6789338452299176,-0.42193321769797926,-0.9473550069098774,1.7941538485073523,-0.42184721896081684,-0.5279892192810807,-0.8383415561162897,0.29832698024819676
0.9416374185596491,1.0998141495614357,0.9753472413415806,-0.4759937392244073,-0.9133961079086239,1.4108210204232172,-0.8850849246684065,-1.2522148899198087,-0.17066969266186188,1.255219827852497
0.3930948556007893,0.055293839118498125,-0.24899483858149304,-0.3432135109138822,-0.4968368193367376,1.275527081099405,-0.4428795779032727,-0.7822386568457405,-1.0381959538686172,-0.41831298255891136
0.22564502059229496,1.2745627946545506,0.1853083234589556,0.4591584401625771,-0.9341038532063173,2.2837890574887685,0.7980295997016212,-0.031047136768336373,1.2643509562850979,1.11401027081294
-0.8079246506670308,0.7900324605327316,0.31585719537426626,-0.49496234326876815,-0.94735801238815,-0.5057790164404926,0.7139001639317978,0.10378211042504369,0.32938342978239094,0.05956083997405127
-2.135975066251639,-1.3228375210476593,0.1962204632087156,-0.46271571639335485,1.907545798682808,-0.5049540455390443,-0.5007185649950263,-1.1058288501098534,-1.3739339895650884,0.6857152248516452
0.24874154955898384,-1.017027392134708,-0.09880411511661398,-0.5395385627730158,1.937600581408052,0.9179645271721865,-0.7099905364724618,-1.333112438235837,-0.4395003869835767,1.1364860101383514
0.2776122107673449,0.7145728183334319,0.8535280812260778,0.16514507747498547,-0.9448243942044118,-0.49534173327851433,0.345833882438821,1.6947672273069305,-0.7897211090424644,-0.4128617425504223
1.2245698984015878,0.5914544547451012,0.521402227751564,0.4117369300516752,0.33568066215253,-0.5058369351316603,-0.40607294975397495,1.217086465821812,-0.905582599941793,0.7238208637373742
-0.5480886997917813,-1.0011411516716975,-1.0898248069357281,-0.5281574003463994,-0.928183061009444,0.4637634451565307,0.6034802794839049,-1.4440576473549611,-0.7376301564808706,0.45173654244018296
-0.6347006834168644,1.4135673987058923,0.649570269176018,-0.2009489805811766,-0.9476334344170442,2.3900914383860496,-0.39555677028274705,0.21549777238527307,-0.40432814867485173,0.39540237298763503
0.01777625989209521,0.7264874986806897,0.6170322524676427,-0.5101372265042567,-0.9465405222980234,-0.5056530642255507,-0.49020238552379836,0.6816217412538161,0.22733722034398357,0.315757829079516
-1.9281063055514396,-0.6754732221799832,-0.5319168619116341,-0.5234152493353093,0.14333005271096633,2.1613802552434143,-0.527009013673096,-0.7591250716125896,2.0030013310133943,0.5644391923633939
-0.40373539374997586,0.35713240791569667,0.5632651638824616,-0.492117052662114,-0.9451039036837565,-0.5058206998589414,0.2511882671977697,0.3233611701399774,-0.20520789631416744,-0.12891047127641578
-1.2178880398257579,-0.9296530695881505,-0.45394466333607647,-0.568939899041775,0.6272120545874,-0.5058431199974579,-0.22203980900748643,-0.8169090346954668,-1.1760818065172423,0.8004994215368612
1.0628941956347657,-1.0408567528292236,0.9642366990509156,0.3643154199407734,1.1501652740066508,-0.5058431199974579,-0.8771977900649855,1.2594613720825885,-0.42101327121219745,-2.30869061595854
-0.484573245133387,0.5398241732403171,0.790832878300184,2.232722918310306,-0.0039383826427306775,-0.5058431199974579,-0.6405837519623575,0.14615701668582037,0.06849485378845215,0.27207223738744674
1.4439869235851315,0.31344524664241785,0.02618948565336401,-0.03497369519302014,-0.4307162973412001,-0.5035044676177177,-0.5480413726155519,-0.3469328016213986,-0.07169354577032652,-0.467235374273221
0.7395427901011217,0.4047911293047281,0.8761459708892169,-0.4902201922576779,-0.7114279679949821,-0.5058431199974579,-0.8125232863169339,0.6161332497598886,0.02901785386509233,-0.1826886957928414
-0.4499284516833537,-1.8192825355167361,-1.2902113732495029,-0.4892717620554599,1.7783102329642575,-0.5057158792688081,-0.5638156418223937,0.04599814734216638,-1.4074377156200786,-0.03861206387100127
0.2371932850756394,0.8337196218060104,0.413669648040297,-0.5347964117619256,-0.8902539252101856,-0.5058431199974579,-0.49020238552379836,-0.25062619648327006,0.2622758669371864,-0.8108965457983688
1.23034403064326,0.551738853587575,1.0878414820345614,-0.3318323484872658,-0.8514832554946206,-0.5058431199974579,-0.27987879609924,0.8280077810637716,-0.7399660736360993,-1.4437367364062408
-1.0735347337839525,0.551738853587575,-0.2593117707085388,1.9292252536005345,-0.8520843511491254,-0.5058431199974579,1.1292892530453005,-0.8862497903949196,-1.6211407650784033,-2.917901907759911
0.4797068392258725,0.12678192120204526,-0.17975235180574306,2.7353909254858655,1.5679267538875472,-0.5058431199974579,4.0527871460466605,1.783369304034009,0.030018961217333186,-0.4926018933606297
1.0744424601181102,0.9369801848155785,0.08511504030206823,-0.39063502102478403,-0.9259890618705011,0.28981409459734336,-0.7557359171723032,1.509858545441723,-0.8059724183938389,0.2374455064151008
0.4566103102591837,-0.7271035036847671,-0.20891752531873806,-0.5139309473131288,-0.936778728868864,-0.5058431199974579,0.13551029301426257,0.5930196645267376,-0.6826693628428536,0.7155497717423664
0.4739327069842003,1.0283260674778887,0.8196012467313695,-0.5120340869086928,-0.5088587324268353,-0.5058431199974579,2.527941122718613,1.4867449602085723,0.06142036183261743,0.5562025763955837
0.31803113645905046,0.8098902611114948,1.0088772707544795,-0.28441083837636383,-0.9365082358243367,-0.5056508093265619,0.42470522847303016,0.8164509884471965,-0.7399994438811737,0.06858067693515364
0.0004538631670784859,0.7503168593752054,0.7009565272703425,-0.4968592036732042,-0.9475434503975647,1.0081604867213947,0.33005961323197913,-0.0348994009738615,-0.07122636233928101,0.9353297556820693
0.7915099802761716,0.889321463426547,0.5499721936418448,-0.15921805168358305,0.5220203150490448,-0.5058431199974579,3.4165582880373715,1.3210975993709906,0.7985357052874789,-0.09666298783293013
-1.9454287022764567,1.3182499559278293,1.0189958003406205,0.2694723997189697,-0.9476410683318564,1.6491960563746964,-0.7935941632687237,-1.3870441371131892,0.594910469841711,1.5508631558854464
0.5374481616425947,0.7185443784491845,0.6257619642674507,-0.47220001841553527,-0.7619200029733924,2.2193633720964767,-0.2062655398006447,0.7625192895698444,-1.2232339628077815,0.5452538606218843
0.012002127650422936,0.12678192120204526,0.3696242839594476,1.3317142262031714,-0.7012093418683989,-0.5013333220199975,0.8821590354714446,-0.6088867675971089,0.2569699979703098,0.1868375093499626
0.3238052687007226,0.10692412062328216,0.1952284505041919,-0.2986372914096344,0.47994361923370277,-0.5058431199974579,-0.6679258185875501,1.3442111846041416,1.328488567318655,-0.431539049265717
0.35267592990908375,0.6986865778704214,0.8021418231317534,-0.5300542607508355,-0.22033281826448983,-0.505800921173526,0.2564463569333837,0.25016815023499955,-0.10332853810113443,-0.34034984679243757
1.0224752699430604,0.28564432583214955,0.41426485566301113,-0.3555431035427167,-0.568968297877324,-0.5058431199974579,-0.31142733451292376,0.18082739453554675,0.595377653272757,0.22876351332276879
1.23034403064326,1.1752737917607357,0.21149745885837956,-0.3858928700136939,-0.9441120958538234,2.3482147428810602,-0.6011480789452528,-1.6721116883220501,0.32858254390059827,2.089629163102592
0.5720929550926279,0.14266816166505572,0.5005699609565676,-0.49306548286433205,-0.3044862098951739,-0.5058431199974579,-0.6064061686808667,-1.1404992279595796,-0.73826419113729,-0.5006695776452671
-2.1763939919433444,-2.292692501314448,-3.2280089902659768,-0.41055205527136274,2.018748494766212,-0.4955350103346912,-0.24307216794994227,-1.6351299519490086,-1.126193290130579,-0.5912472177600674
1.698048742218709,-1.0249705123662132,-0.7075031106123184,1.2273869039591871,-0.3375464708929426,-0.2275241591027582,0.07767130592250912,0.8434168378858722,-0.006087643953483252,0.24542953788438132
0.7741875835511549,0.2975590061794074,0.9116600257111633,-0.45987042578670073,-0.4247053407961512,-0.5058431199974579,0.582447920541449,0.9936551419013532,-1.038829988525036,-1.094889103609126
1.2938594853016543,0.8774067830792892,0.9971715208411006,0.24101949365242856,-0.8364558641319985,-0.5057725738719534,-0.6931646493184971,0.4543381531278322,0.06195428575381268,-0.007783885470309471
0.8954443606262715,-1.0130558320189553,0.12062909512401437,-0.289152989387454,-0.6909907157418158,2.531827946249091,-0.6095610225222352,-0.34308053741587347,1.2635834406483792,-0.3891799345054023
0.2891604752506894,-1.4102118435942168,-0.6303245222003792,-0.5167762379197829,1.1621871870967486,-0.5058431199974579,-0.42184721896081684,-1.0441926228214506,-1.574021979032939,0.6204532876136097
-0.5711852287584699,0.3412461674526862,-0.36069546911085437,-0.29958572161185254,-0.8175213510150945,-0.5019775788739204,0.10921984433619289,0.6854740054593413,0.42435514726496304,1.0038747938904933
0.058195185583800726,1.3500224368538503,1.3029098363752858,-0.45323141437117453,-0.790772594389627,0.698917196838395,2.522683032982999,-1.2637716825363845,0.5966790928306696,0.04903659165989567
0.8319289059678772,0.786060900416979,0.39244057616349115,0.3074096078076912,-0.8057999857522491,-0.5058431199974579,-0.6973711211069882,1.7641079830063833,1.928752535722206,-0.32241982218087045
-0.3633164680582704,0.12678192120204526,-0.7078999156941277,-0.4835811808421516,-0.3044862098951739,-0.5058357432564805,-0.22203980900748643,0.4119632468670555,-0.057377710633283854,-0.4712947037481155
1.5825660973852647,0.46833609115677,0.7281376753742901,-0.2569063625120408,-0.4156889059785779,-0.5058431199974579,-0.7504778274366891,1.1554502385334093,0.027983376267776708,-0.334537531847016
-1.8414943219263564,1.2864774750018084,0.7332961414378129,-0.11843555298820747,-0.947156645343891,-0.50540824662106,-0.6179739660992175,-0.4162735573208514,-0.19793318288788464,0.7602951668786108
-0.6404748156585366,-1.9026852979475408,-1.8913710721908272,-0.2730296759497475,1.9826827554959183,1.198216258628655,-0.6442644147772872,-0.9979654523551491,1.3424373297598762,1.4766091400276307
1.8481761805021868,0.654999416597143,0.5194182023425168,0.4307055340960359,-0.9320601279810005,-0.09996130202602083,0.7296744331386397,1.167007031149985,-0.13893458959583,-0.184642868432359
0.9820563442513546,0.08706632004451907,0.25494761531651505,0.15566077545280524,-0.0850862960008904,-0.3422018791010373,1.6288077779286265,1.405847411892544,-0.805004681286673,-0.45777261549623577
0.6413825419926946,0.4047911293047281,0.7846823995321375,-0.5262605399419633,-0.40667247116100463,-0.5058431199974579,-0.29039497557046795,0.3272134343455026,0.19420056698481503,-0.605990453299166
-0.5423145675501091,-0.26243097014171135,-0.2402651267816849,2.498283374931356,0.0020725739023181133,-0.5058431199974579,-0.5690737315580077,0.21164550817974795,-1.3643900994737266,-0.25619935114126974
-0.703990270316931,-2.420576737041682,-3.2436827909974495,-0.2986372914096344,2.0397868426738834,2.3643211642291333,-0.4376214881676587,-1.3254079098247866,-1.834443371595831,-1.6233912339681904
-0.2709303521915149,0.8257765015745052,0.8872565131798814,0.9618264473381366,-0.9400547001859157,-0.5058431199974579,-0.4954604752594123,1.1554502385334093,1.794337188561348,0.25846302385872694
0.13325890472553947,0.6748572171759061,0.14840545085067633,-0.47694216942662543,-0.9433907810684179,1.2465355226728738,-0.3587501421334494,-1.2445103615087583,0.12822759247215024,0.1829574865315412
-2.297650769018461,-1.6008467291503423,-1.483058643008898,-0.3526978129360626,1.3485268399932637,2.1549376867041854,-0.5375251931443239,-1.6975366320785161,-0.20934580670342903,1.7752793123392099
0.46238444250085586,-0.7231319435690144,-1.85288097925531,-0.3119153142406869,-0.2714259488974051,2.457738408047956,-0.5427832828799379,-1.486432553615738,0.19573559825825054,2.8969541952720927
0.029324524375439653,0.3452177275684388,0.2807399456341296,-0.364078975362679,-0.944677125769058,-0.42659952696493925,1.586743060043715,-1.1327946995485292,0.1308638418330507,-0.45485742326630624
0.0004538631670784859,0.6907434576389162,0.7138526924291497,-0.5310026909530535,-0.946826042733913,-0.17082955595754162,-0.665296773719743,-0.3700463868545495,-0.8075741901574243,-0.1992815114483123
0.6298342775093502,-0.17902820771090636,-0.16685618664693552,-0.544280713784106,-0.7375756289659445,-0.5057799828257734,0.7244163434030257,1.9104940228163385,-0.7158060162020226,-2.6828792927714304
0.7626393190678105,-0.028108923312306862,0.49560989743394956,-0.465561007000009,1.5318610146172538,2.2837890574887685,-0.6553064032220766,0.7933374032140457,-0.13406253381492494,-0.34887201881201124
0.8550254349345661,0.9766957859731047,0.3886709278863013,-0.42098478749576124,-0.6792693504789705,-0.5058431199974579,1.2712576759068774,1.6678013778682543,0.4638321471883229,-0.17285543224019728
-0.6231524189335199,-1.2394347586168544,-0.6237772383505232,-0.5262605399419633,-0.7078213940679527,-0.5049218326963482,-0.6900097954771286,-0.4047167647042759,0.9283125883829536,0.8643229810316614
0.3238052687007226,1.417538958821645,1.0396296645947125,1.919740951578354,-0.8403629858862801,-0.5058431199974579,0.7033839844605698,-0.2467739322777449,0.860270658675658,-0.45033232743018714
1.8424020482605143,0.921093944352568,0.8223788823040357,-0.14688845905474854,1.0990721433737363,-0.5058431199974579,0.41418904900180226,1.8835281733776623,0.2617085727709158,-0.34375065630725943
-0.2824786166748594,-2.414619396868053,-2.726447366858825,0.07978635927536225,2.0397868426738834,-0.44689361786351106,-0.09584565535275148,-0.6088867675971089,-0.9624788677941419,-0.567153757426771
-0.8829883698087696,-1.910628418179046,-2.4121777420657367,-0.3413166505094461,1.6280363193380358,-0.45687959909931636,-0.21678171927187262,-1.2252490404811327,-1.7188154724120255,-0.9388825145281536
-0.3690906002999427,-0.23463004933144302,0.782103166500376,-0.5623008876262487,0.4709271844161294,-0.5058431199974579,-0.5795899110292356,-0.5703641255418573,-1.4955351626172644,0.32917737983375916
-0.0457391947662985,0.654999416597143,1.1517271002058833,-0.32803862767839354,-0.8722210555750392,-0.5058431199974579,-0.8934978682453888,0.6122809855543634,1.2641841050597236,0.023939996461726332
0.35267592990908375,0.2935874460636548,0.2696294033434648,-0.3138121746451231,0.09223692207805097,-0.5058431199974579,3.889786364242628,0.577610607704637,0.6582471949934754,-0.7556093858818004
-0.6982161380752587,1.3579655570853555,0.5122757108699465,1.3981043403584337,-0.9413771106258264,-0.45494682853754753,2.0599711362489708,-0.09653562826226393,1.8331801538282892,-0.2565229949368893
-0.40373539374997586,-0.953482430282666,-0.6426254797364725,-0.4048614740580546,0.5701079674094358,-0.22881267281060405,-0.527009013673096,-0.7899431852567907,1.9284855737616085,-0.3174610973827704
-1.27562936224248,1.087899469214178,0.8065066790316575,-0.08239520530392207,-0.941707713235804,-0.5058431199974579,-0.17471700138696092,-0.5048756340479298,1.4918359169592694,0.03949514947613076
0.9474115508013213,-0.28626033083622704,-1.1332749633938635,-0.2919982799941082,-0.9443825888983508,-0.35186573190988096,-0.40607294975397495,1.1785638237665603,-0.024474648989638373,2.7342715340848005
-0.8483435763587363,0.9171223842368154,1.199343710023018,-0.4257269385068514,-0.2173273399919654,-0.5058431199974579,0.6981258947249559,-0.29685336694957165,-0.47156919250035517,-0.022105001660584902
-1.0793088660256247,0.7463452992594528,0.42874824114905624,-0.41813949688910707,-0.9474061000405104,-0.4991428487166596,0.6770935357825003,-1.620491347968013,0.1251241596802038,-0.48184546355403035
-1.881913247618062,1.361937117201108,0.6963932688295337,0.9902793534046778,-0.947575007919426,-0.4874495868179587,0.9399980225631982,-1.6728821411631551,-0.06508623724553791,0.8752478292588298
-2.1994905209100337,-1.140145755723039,-0.649371166127233,-0.4968592036732042,-0.5479299499696529,-0.5058431199974579,1.4815812653314357,0.1346002240692449,-1.332788477387994,0.23078970645135788
-2.9218344643432275,-1.5373017672983005,-3.841866451825203,0.8480148230719721,1.066011882375967,2.1935930979395604,-0.41133103948958893,-1.688676424405808,-1.7067354436949869,2.7257288114284077
-0.09770638494134846,1.2427903137285297,0.7957929418228022,-0.35933682435158887,-0.9411667271467498,-0.5058431199974579,0.5088346642428536,1.8758236449666121,1.7327023459083932,-0.890570536027989
1.3516008077183765,0.5914544547451012,0.7598820819190466,-0.35933682435158887,-0.9070846035363225,1.381829461996686,-0.8467008695984246,1.5406766590859244,-0.07112625160405692,-0.7484318182439005
-0.016868533557938038,0.16649752235957144,0.10217765881987469,-0.439953391540122,-0.9388525088769057,-0.5058431199974579,-0.8819300708270382,1.0552913691897556,0.8411495082478595,0.9387642894614358
0.7048979966510883,0.1347250414335505,0.7906344757592794,2.232722918310306,0.648250402495071,-0.5058329085263232,-0.5164928342018681,0.500565323594134,1.9330572973368412,-0.12579286992348476
-0.02264266579961021,-0.5960420198649309,-0.011506997118533964,-0.5632493178284668,1.3455213617207393,-0.5055609354954397,-0.5585575520867798,-1.0095222449717245,-0.807507449667275,0.852923523686948
-0.8829883698087696,1.3341361963908398,1.0826830159710383,1.2368712059813673,-0.9468440756035483,-0.49653360845827177,-0.816729758105425,-0.9864086597385735,1.8611777894459551,0.13562020346810208
0.6182860130260058,-0.1909428880581642,-0.5031484934804489,-0.15921805168358305,0.5250257933215693,2.125946128277654,-0.5690737315580077,-1.3908964013187142,-1.606691448961062,-1.2858790070491375
-1.061986469300608,-0.6993025828744986,-0.0870983652032352,-0.5272089701441813,-0.9425191923693856,-0.5058431199974579,0.3405757927032071,0.30409984911235166,-0.6114906300985367,0.2079172650752585
-0.0688357237329873,1.2229325131497666,0.7535332006100952,0.3358625138742322,-0.48782038451916426,-0.5058431199974579,-0.006458129847314272,0.19623645135764733,0.2604071332130033,0.7659141607068347
0.1505813014505562,1.2110178328025087,1.093793558261703,2.2991130324655686,-0.9034780296092932,-0.28325237696709044,0.6034802794839049,-0.4779097846092538,0.9295472874507175,-0.0538376358951289
0.6471566742343668,0.519966372661554,-0.1428494791974638,-0.24457676988320637,-0.6573293590895422,-0.5058203133048291,-1.0323114372655973,1.7409943977732325,-0.07292824483809034,-0.44507241224388916
-0.2882527489165316,-0.1273979262061223,0.5087044651336615,-0.5262605399419633,-0.7580128812191107,-0.5058431199974579,-0.5638156418223937,-0.9055111114225455,-1.002589902373921,-0.16374583174001048
0.11016237575885068,-0.3021465712992375,-0.05634597136300258,-0.289152989387454,-0.45776560179391995,-0.5058431199974579,-0.5585575520867798,0.6122809855543634,0.22753744181443167,-0.5326920535242115
1.1495061792598489,-0.6079567002121887,0.21923515795366402,-0.3707179867782052,-0.6561271677805325,-0.5058431199974579,-0.6106126404693579,-1.1482037563706298,0.4315964904461706,-0.48171589889789784
-1.518142916392713,-0.3974640140772999,-1.3681835718250608,-0.4238300781024153,-0.568968297877324,1.980988336144998,-0.663719346799059,-1.6744230468453651,-1.1366048065938825,-2.1291516777085224
-0.40373539374997586,-1.163975116417555,-0.4616823624313608,-0.5319511211552715,1.6941568413335732,2.058299158615748,2.6751676353158036,-0.951738281888847,-1.3335226227796368,-0.2268073345198158
0.439287913534167,-0.29023189095197965,-0.3247846092070989,-0.5917022238950079,-0.541918993424604,-0.5058431199974579,-0.09584565535275148,-0.15431959134514125,-0.8999096582790955,0.2711465666097232
-0.21318902977479276,0.9052077038895575,0.4438268342578156,-0.24457676988320637,0.008083530447366904,-0.5056675600047639,0.10396175460057894,1.7756647756229587,2.1955142748492897,-0.513082611353968
0.7337686578594494,0.9449233050470838,0.7606756920826653,-0.49970449427985825,-0.9348251679917231,-0.505809618641054,-0.36926632160467737,1.29798401413784,0.12715974462975976,-0.8248619228868911
1.9752070898189753,1.0521554281724044,0.9057079494840211,1.1515124877817442,-0.6771655156882035,-0.5058028539440877,0.38789860032373247,0.5814628719101622,-0.004719463905420978,0.6716795700917648
0.4970292359508891,1.2070462726867561,1.1174034606293655,0.10823926534190331,-0.9307978271065401,2.4416319866998832,1.187128240137054,-0.5703641255418573,0.13199843016559032,-0.22464206044496293
-0.10925464942469282,-1.1004301545655129,-0.23788429629082808,-0.28346240817414586,1.6370527541556088,-0.5058431199974579,0.9031913944139004,0.12304343145266942,-0.18625359711174283,0.004990712552668067
-0.7386350637669642,0.3889048888417176,0.10316967152439827,-0.48073589023549756,-0.9471927110831612,-0.3583083004491101,0.07241321618689515,-0.6397048812413101,0.5622409999135877,2.119259490855269
0.37577245887577265,1.0084682668991256,0.3672434534685908,0.4307055340960359,-0.769133150827451,-0.5052053057120742,-0.2062655398006447,-0.5318414834866058,0.9281457371575803,0.2757724378086365
0.3469017976674116,0.7820893403012263,0.01944379926260352,-0.4171910666868891,-0.28645334026002733,-0.5058141606518741,-0.4796862060525704,0.9782460850792525,0.5579028680538779,1.6967845092672735
1.0513459311514215,-0.37760621349853685,-0.49620440454878323,1.1609967898039244,0.44387787996340966,-0.49917506155935576,-0.5112347444662542,-0.7051933727352377,0.061353621342468204,-0.6762472828654813
0.18522609490058942,0.8575489825005261,0.5961999856726463,0.2694723997189697,-0.935546482777129,-0.4899944013909542,-0.08532947588152355,0.52753117303281,1.8320121952506754,0.3664361434939671
0.9936046087346991,1.0005251466676204,0.9057079494840211,2.3180816365099295,0.9217489252947944,-0.5058431199974579,-0.40607294975397495,1.2324955226439125,0.46656850728444743,-0.44993291966859156
0.7048979966510883,1.0839279090984253,0.9936002751048156,-0.4029646136536185,-0.9330819905936587,-0.5015265990761744,-0.17997509112257487,-0.0348994009738615,0.19606930070899808,-0.3827252223835562
-0.8079246506670308,-1.0527714331764815,-0.10832743708004094,-0.5006529244820762,1.411641883716277,-0.5058431199974579,-0.734177749256286,-0.5395460118976562,-1.4580603773983858,-0.33950707528249574
0.46238444250085586,-1.108373274797018,0.11685944684682471,-0.5063435056953846,1.1171050130088824,-0.5058431199974579,-0.5375251931443239,-1.1212379069319538,-0.7322575470238453,0.4761835288998109
0.9243150218346325,-0.3061181314149901,-0.30375393987119775,-0.2644938041297851,1.177214578459371,-0.5058431199974579,-0.5743318212936217,0.5467924940604358,-0.8385751478318128,0.12911448027335587
-0.9465038244671636,-1.243406318732607,-0.6577040728452316,-0.34605880152053636,1.6580911020632803,-0.5058431199974579,-0.5427832828799379,-1.0634539438490764,-1.1451475893330034,-0.77977387167406
0.676027335442728,-0.5205823776656311,-0.8205925589280127,-0.05489072943959898,-0.727056455012109,-0.5058431199974579,-0.10110374508836545,-1.4556144399715367,-0.6375194212567962,-1.0275028523460987
-0.10925464942469282,0.4524498506937595,0.2011805267313338,-0.5641977480306848,-0.9434208358511429,-0.24781825000133004,0.093445575129351,0.5699060792935867,-0.5710125228229361,0.10487530406476751
-0.484573245133387,-1.8431118962112518,-1.857642640237024,-0.5395385627730158,-0.09410273081846375,1.1015777305402177,-0.5112347444662542,-1.0865675290822272,-1.5731877229060716,-0.9976811201119448
0.5028033681925614,-0.5960420198649309,-0.6842900133264651,1.587790380802041,-0.7045153679681758,-0.5058431199974579,0.819061958644077,1.2825749573157392,0.664053617636472,-0.8068761253677424
0.9589598152846659,-0.5920704597491782,0.3162540004560759,3.5320722953490167,-0.7414827507202264,-0.5058431199974579,-0.3587501421334494,0.6893262696648664,2.1337793214611107,-0.23474492362161942
0.8203806414845326,0.5477672934718223,0.37140990682759,-0.08239520530392207,-0.9058824122273128,-0.5058431199974579,0.587706010277063,1.3942906192759685,0.7625959513420362,-1.3241703226480148
1.3169560142683432,-0.4371796152348261,0.910072805383925,-0.2275050262432816,0.48896005405127607,-0.5058431199974579,0.8558685867933747,1.3172453351654654,-0.9383188103600654,-1.1409569242343875
-2.447778207301939,-0.6198713805594466,-5.821923810054384,-0.36218211495824293,-0.9467719441250078,2.702556012538664,3.9633996205412236,-1.729125198563822,-0.8511891004700461,-1.1109714412316758
0.6644790709593835,0.4961370119670383,0.3214124665195987,-0.24742206048986035,-0.3796231667082847,-0.5056617616930786,-0.3745244113402913,0.5737583434991118,0.03031929342300537,-0.8387563527836379
-0.3690906002999427,-0.23463004933144302,0.782103166500376,-0.5623008876262487,0.4709271844161294,-0.5058431199974579,-0.5795899110292356,-0.5703641255418573,-1.4955351626172644,0.32917737983375916
-0.9291814277421471,0.48422233161978046,0.20237094197676206,0.07883792907314414,0.7624585768509993,-0.5058431199974579,0.692867804989342,0.677769477048291,0.8625732055858112,0.8831353720466575
1.4844058492768368,0.1585544021280662,0.554138647000844,2.185301408199404,-0.9154999426993911,-0.5058431199974579,-0.3324596934553796,0.161566073507921,1.598587330953208,0.20351806834390415
0.3353535331840671,-2.4241511411458596,-1.50706535045837,0.4970956482512986,1.1982529263670418,-0.505508106433418,-0.665296773719743,-0.6435571454468353,1.352715365242881,-1.8770906546601263
0.1967743593839339,0.1545828420123136,0.7198047686562915,-0.5016013546842943,-0.9013741948185261,-0.5058431199974579,-0.5901060905004635,0.7008830622814419,-0.6044828786328517,0.261794941237819
0.49125510370921693,0.8734352229635366,0.6751641969527278,-0.2663906645342212,-0.9253278566505457,-0.5057706411013916,0.6508030871044306,-0.5433982761031813,-0.7392986687346051,-0.08518480560266412
-0.6116041544501754,1.2626481143072927,0.3608945721596395,-0.13740415703256822,-0.9455727582942707,-0.5058260794036717,-0.8856107336419679,-0.43168261414295195,-0.7216458090900935,0.7503693470069454
0.6875755999260723,-1.0408567528292236,-1.3842541776383437,1.3127456221588103,1.625030841065511,-0.5058431199974579,-0.5795899110292356,1.7294376051566571,0.5277695367514317,-2.2197420717669596
1.9001433706772364,0.8654921027320314,0.8003562002636109,1.1894496958704657,-0.4848149062466398,-0.50549200001207,-0.006458129847314272,1.787221568239534,-0.9717891661699808,-0.18234550951949538
1.4670834525518206,-0.15519884701639064,0.32498371225588374,0.7911090109388901,-0.6230669067827638,-0.5058431199974579,0.1723169211635603,0.5930196645267376,-1.0712658667376365,-0.3892359935860104
0.34112766542573936,0.7423737391437002,0.7321057261923847,-0.5395385627730158,-0.9309781558028919,-0.5058431199974579,-0.7620456248550399,0.8588258947079727,-0.7374966755005717,-0.21550142447200177
0.9878304764930269,1.0402407478251465,1.1634328501192623,-0.3555431035427167,-0.944442698463801,2.3643211642291333,-0.9197883169234586,1.5946083579632764,-0.6050835430441962,-0.3856920495113751
-1.2698552300008077,-0.758875984610788,-1.821533377792363,-0.5139309473131288,-0.9181447635792124,-0.4729860204473892,-0.5164928342018681,-1.1135333785209034,-1.4011307393009618,1.2146422464569961
-2.430455810576922,1.3976811582428819,0.9443964449604432,0.0608177552310015,-0.9476543525458209,2.42552556535181,0.27747871587583955,0.10763437463056882,2.26962958916018,-2.1805753814226976
0.9416374185596491,1.1832169119922404,0.7144479000518639,-0.29768886120741644,-0.8433684641588045,-0.5058431199974579,0.6402869076332026,1.7910738324450588,-0.03792285775473875,0.03800965022348114
-1.7086892803678957,-0.7628475447265406,0.46783354170728747,-0.5110856567064747,1.625030841065511,-0.5058211508387391,-0.3219435139841517,-1.078863000671177,0.24448952631237528,1.2956178550901831
-1.2583069655174632,-0.8065347059998194,-0.6483791534227096,-0.3526978129360626,-0.03399316536797503,-0.46042301179589235,-0.5532994623511658,-0.3700463868545495,-1.5018421389363807,-0.3025045574540307
0.6298342775093502,-0.008251122733543769,0.24959074671208728,0.16514507747498547,-0.883641873010632,-0.5058051088430765,1.5183878934807333,-0.5087278982534549,-1.5392835539101848,0.24372689500552208
-0.6058300222085031,1.3460508767380976,0.6100881635359773,0.06271461563543759,-0.9472077384745237,-0.4162914173021726,-0.39555677028274705,-0.8862497903949196,-0.7445044269662572,0.6632100176869615
1.3458266754767043,-0.04002360365956471,0.24899553908937305,1.198933997892646,-0.6350888198728615,-0.5058431199974579,0.8032876894372352,0.7548147611587941,-1.305892059857792,-0.48250775893996745
0.7164462611344328,0.6510278564813904,0.2888744498112235,0.09590967271306891,0.8255736205740124,-0.5058431199974579,-0.6085094045751124,1.509858545441723,0.6796041518412775,0.9365990235568151
0.5432222938842669,0.5358526131245644,0.6372693116399248,-0.45512827477561046,-0.5719737761498483,-0.5053534847884764,-0.4954604752594123,-1.1713173416037805,0.7960663071519513,-0.28012278092955023
0.8492513026928938,1.3778233576641188,0.9507453262693945,-0.09662165833719265,-0.8869478991104088,2.087290717042279,0.7822553304947794,1.3673247698372923,-0.04249458132997148,0.3474382933817281
1.7269194034270698,-0.26640253025746397,0.0853134428429728,-0.1867225275479061,-0.944412643681076,0.921185811441801,-0.9076947105315465,0.4928607951830837,0.19400034551436685,-0.8442051024706714
0.9474115508013213,-0.778733785189551,-0.030156835963578228,-0.29674043100519837,-0.7715375334454707,-0.5057799828257734,-0.3850405908115191,-1.4178622507573901,-0.13906807057612894,0.375553549268015
0.7164462611344328,0.7503168593752054,0.1535639169141992,-0.04825171802407263,-0.9301666766693101,-0.5057722517435265,-0.8545880042018456,0.9936551419013532,-1.12228897145684,0.7767250050836322
1.068668327876438,0.2141562437486024,0.17241215830014825,0.6962659907170863,1.0780337954660648,-0.5058202488791437,0.9294818430919702,1.217086465821812,1.6684979943846867,0.5319749342508222
-1.5874325032927792,0.8575489825005261,0.5856846510046958,-0.18387723694125205,-0.9475443520410465,-0.4937633039864032,0.9557722917700401,-0.3623418584434992,1.9353598442469941,-0.08518480560266412
0.387320723359117,1.171302231644983,0.9068983647294494,-0.27018438534309336,-0.9459935252524239,-0.5052922803873539,-0.5795899110292356,0.42737230368915613,1.764871262160396,1.334255991464736
0.16790369817557282,0.031464478423982416,0.4329146945080557,-0.42098478749576124,-0.6050340371476172,-0.5058431199974579,0.5771898308058351,1.8642668523500368,1.5227367638984342,-0.0763675742742953
-0.5711852287584699,0.06323695935000335,0.5579082952780339,-0.5812694916706095,-0.6771655156882035,-0.5056611174362248,2.543715391925455,0.10378211042504369,-0.8205885857365539,0.7412328913165303
-0.6693454768668976,0.13075348131779788,0.11725625192863406,-0.5215183889308731,-0.8752265338475635,-0.5008823422222515,-0.13791037323766317,-0.8477271483396681,-1.3063926135339126,0.5740343791797481
0.8434771704512216,0.7900324605327316,-0.3164517024891003,-0.3545946733404986,-0.65582661995328,-0.505825402933975,-0.8934978682453888,1.733289869362182,0.9290467337745975,-0.8065123028689626
1.057120063393094,-0.016194242965049007,-0.04106897571333861,-0.1639602026946732,-0.03699864364049947,-0.4923137260650767,-0.7946457812158465,-0.5549550687197568,0.5955111342530556,-0.40221012124287814
0.2891604752506894,0.44053517034650164,0.21645752238099786,-0.288204559185236,0.9548091862925633,-0.5058431199974579,-0.2588464371567842,0.9898028776958279,-1.2421215215200567,0.2536859194642079
0.34112766542573936,0.5080516923142961,0.5892558967409808,-0.49401391306655007,-0.9389126184423562,-0.5058431199974579,-0.8067393876077585,-0.9132156398335957,0.1939336050242176,0.6742030002596455
-1.3218224201758573,-2.3204934221247164,-3.8444456848569653,-0.44754083315786625,2.027764929583786,2.4158617125429664,-0.3377177831909936,0.2694294712626253,1.0208149077299993,-0.46018951996805774
-0.4557025839250259,0.6867718975231636,0.3668466483867813,-0.5110856567064747,-0.947249815170339,2.409419144003737,-0.22729789874310038,-0.8669884693672938,-0.7733696889558652,1.250091985593881
1.8481761805021868,0.8813783431950418,0.8067050815725622,-0.1411978778414403,-0.8947621426189724,-0.3144988343823518,0.3931566900593464,0.16541833771344613,-0.07039210621241358,-1.1138234055887415
1.0455717989097493,0.5993975749766064,0.8826932547390728,0.3168939098298715,-0.7619200029733924,-0.5058431199974579,-0.7021034018690409,0.8164509884471965,-1.0040581931572075,-0.24548233857507423
0.6818014676844001,-2.025803661535872,-1.4995260539039903,-0.5196215285264371,1.0089077951980028,-0.5041165116289444,-0.3797825010759053,-1.1212379069319538,-0.432526005762966,-0.15640207725437913
1.594114361868609,0.4008195691889755,0.34045911044645255,-0.0776530542928319,-0.8746254381930587,-0.5058185093856381,-0.9345109681831777,1.29798401413784,-0.8074740794222002,-2.865693692335167
-0.842569444117064,-0.7866769054210563,-0.5610820354246292,-0.5300542607508355,-0.9218715566371426,2.373985017037977,-0.6169223481520947,-0.6666707306799862,1.9289861274377287,-1.5612134854392585
-0.8194729151503752,-0.2306584892156904,0.25693164072556224,-0.4228816479001972,1.2884172745427749,-0.5036236551356935,-0.5112347444662542,-0.49717110563687955,0.19730399977676188,0.2939037338398789
-0.11502878166636508,-0.7350466239162723,-0.4975932223351163,0.9238892392494151,-0.7604172638371302,-0.5058431199974579,0.33005961323197913,-0.6512616738578856,-1.1118440847484612,-0.520135577245582
1.2649888240932934,0.10295256050752954,-0.0011900649914882034,-0.2901014195896721,-0.9139972035631289,-0.3351150537078852,-0.7320745133620403,0.8241555168582464,-0.6704558531455165,-0.45845890136152617
1.0975389890847989,0.6113122553238642,0.6537367225350172,0.08737380089310649,0.4378669234183608,-0.5058431199974579,0.0671551264512812,1.8796759091721371,-0.3368868833789002,-0.0973840588403378
-0.9118590310171308,1.187188472107993,0.23074250532613824,-0.3413166505094461,-0.9380710845260494,-0.504915390127809,0.9189656636207423,-0.924772432450171,-1.5396839968510811,0.08132056752574236
-0.9234072955004752,-0.8263925065785824,-1.4017136012379596,-0.4456439727534302,0.4558997930535074,2.5092789563617894,-0.7725618043262679,-1.526110874932647,-0.07396272243540555,-0.8414397048970037
-2.4420040750602663,-2.483327386870573,-5.194971780795446,-0.40011932304696446,1.7091842326961952,2.1807079608611017,-0.5638156418223937,-1.0210790375883,-1.8113177917590702,-0.39128277393418526
-0.08615812045800401,0.921093944352568,0.43668434278524537,-0.36218211495824293,-0.943541054982044,-0.5049637093918532,-0.6132416853371649,0.5622015508825364,0.0974935967583591,0.14432347776404722
-0.46725084840837033,0.41670580965198595,0.4793408890797619,-0.4968592036732042,-0.6645425069436008,-0.505827110214638,-0.6169223481520947,-1.2676239467419095,0.9297808791662403,0.05628623802519967
0.3642241943924282,-1.2910650401216384,-0.8473769019501514,0.8385305210497916,0.7654640551235237,2.370763732768362,0.11973602380742067,-1.5446017431191674,1.9350595120413219,-1.6682016282981553
-0.3055751456415482,1.3261930761593346,0.7604772895417607,-0.22465973563662753,-0.9474286411275543,1.3012973552563218,1.2817738553781055,-0.635852617035785,1.064830260983517,0.059068617217251096
-1.3218224201758573,0.3650755281472019,0.166063276991197,-0.3669242659693331,-0.9475545706671732,1.974545767605769,0.356350061910049,-1.4794984780457925,0.42398807456914067,-0.08031203634352808
1.3169560142683432,0.12678192120204526,-0.38807501975570674,0.3643154199407734,-0.9368989479997649,-0.505830814691548,-0.4796862060525704,0.7548147611587941,-0.7084645622855904,0.6884539934508531
0.6587049387177113,0.754288419490958,0.3602993645369253,-0.10136380934828282,-0.0009329043702063321,-0.5058431199974579,-0.791490927374478,1.5907560937577514,0.6432639549549385,-0.6687920610834438
1.9001433706772364,0.7304590587964424,1.2602532900807695,1.4170729444027945,1.0419680561957716,-0.5058431199974579,-0.3219435139841517,1.2748704289046893,0.2582046970380735,-0.6235859310551496
-1.1255019239590025,-0.47292365627659966,0.5501705961827494,-0.41055205527136274,-0.8746254381930587,-0.5058431199974579,0.093445575129351,-0.5703641255418573,0.5477583135511717,-0.5748506903405485
0.6182860130260058,0.5874828946293486,0.2704230135070838,-0.16111491208801912,-0.9423088088903089,-0.4830364273685867,-0.7252389967057422,1.7101762841290309,0.25576866914762086,-1.4452592911602005
-1.3968861393175962,1.3976811582428819,1.5284935253839609,1.5972746828242215,-0.5088587324268353,-0.31610947651715915,1.7602600213189756,-0.9941131881496238,1.9968945761647259,0.5765984786340246
-1.4430791972509738,-1.5889320488030845,-1.1697810309203334,-0.30337944242072457,2.0337758861288346,-0.502557410042451,2.8697169555335207,-1.1366469637540544,-0.49933323640249827,-1.7878958987319473
0.9993787409763715,0.04735071888699289,-1.0973641034901078,0.0352101397711145,-0.865308455548233,-0.4865154143797704,-0.6910614134242515,0.08837305360294308,0.3933541895905746,1.7713191925595637
0.7684134513094827,0.23004248421161289,0.8080938993588954,-0.2986372914096344,0.404806662420592,-0.5058431199974579,-0.5795899110292356,0.3580315479897034,-0.7374966755005717,-0.2339409636082559
1.7038228744603812,-0.06385296435408043,0.6991709044022,1.3886200383362535,0.23048892261417497,-0.505651131454989,-0.5480413726155519,0.6700649486372408,0.5994821934169438,0.6688243233009242
1.363149072201721,-0.3259759319937528,-0.4317235787547469,-0.2502673510965145,-0.9471656617787083,1.7297281631150605,0.009316139359527614,-0.031047136768336373,-0.004385761454673927,1.661495670748207
1.5536954361769033,0.6907434576389162,0.9001526783386888,-0.4560767049778286,0.4769381409611783,-0.5053277145143196,-0.7431165018068295,1.3827338266593932,-0.9037806067077595,0.7924502152547197
0.31803113645905046,0.7979755807642368,-0.35077534206561817,-0.3147606048473411,-0.6786682548244657,1.2851909339082488,1.718195303434064,-0.6435571454468353,-0.43733132105372186,1.3625884250038167
0.6991238644094161,1.0998141495614357,0.5021571812838054,-0.4437471123489941,-0.9061829600545654,-0.5057126579845386,-0.5427832828799379,1.0052119345179287,0.09569160352432568,-0.699630106344601
-0.9580520889505082,-2.1691769817145414,-4.078362280583639,-0.24931892089429655,2.012737538221163,2.3385508900722165,-0.5979932251038844,-1.7133309153211693,-0.6099889690701756,0.17523191557860626
0.43351378129249485,-0.15122728690063802,0.8872565131798814,-0.47125158821331714,-0.8079038205430163,-0.5058431199974579,1.2344510477575796,0.07296399678084246,0.09479060690730902,-0.13932287792367518
-2.274554240051772,1.417538958821645,0.7350817643059556,0.35483111791859295,-0.9476450355631758,-0.48661205290785886,1.5446783421588033,-0.8746929977783442,1.3358967617252357,-0.7050475509623283
-0.17854423632475952,0.3452177275684388,0.373592334777542,-0.1639602026946732,0.933770838384892,-0.5058431199974579,-0.6121900673900421,1.2556091078770635,1.5863404510107963,0.43531231220649713
-0.6173782866918476,0.0076351177294667035,0.4688255544118113,-0.5091887963020387,-0.34956838398304035,-0.5058431199974579,-0.6390063250416733,-0.7244546937628635,1.2649516206964424,0.8198991324883227
-0.5885076254834866,-0.15519884701639064,-0.2773664019308688,-0.062478171057343226,1.4747569274392898,-0.5011722578065168,-0.5901060905004635,0.4658949457444076,1.2603131566310601,0.09060081429489068
1.3227301465100154,-0.3061181314149901,0.5668364096187467,3.0294042881734575,-0.1361794266338057,-0.5057938343481329,0.1986073698416301,-0.9363292250667464,0.282798567658121,-1.324372501160818
1.0224752699430604,0.19827000328559194,-0.3616874818153782,-0.467457867404445,-0.47279299315654205,-0.054863322251416664,-0.40607294975397495,0.5930196645267376,0.0784058165756355,-0.5258904223090688
-0.2824786166748594,-0.5761842192861677,0.2870888269430809,0.8385305210497916,-0.04300960018554836,-0.5058431199974579,-0.5848480007648496,-0.6551139380634107,-1.6694608799465567,-0.9908163978438326
-0.5249921708250925,-0.6794447822957358,0.4823169271933328,-0.47504530902218933,1.1862310132769442,-0.24266419516994675,-0.6978969300805495,0.5853151361156873,0.3177705844963979,-0.5201646915255458
-1.2409845687924468,-2.38721563206936,-3.118490787686567,-0.3138121746451231,2.0337758861288346,2.4416319866998832,-0.5427832828799379,-1.3523737592634628,-1.907190505858659,-1.3565778360668637
1.392019733410082,-0.23463004933144302,0.3979958473088236,2.403440354709553,1.5378719711623028,-0.5058431199974579,-0.5375251931443239,0.7740760821864199,-1.4905296258560605,-0.9553087401495912
-1.3968861393175962,-0.417321814656063,0.44164440630786356,-0.4959107734709861,0.8977050991145988,-0.5058431199974579,0.1986073698416301,-0.9864086597385735,-0.6892433011225679,-0.6327032007065241
0.44506204577583924,1.0680416686354148,0.3495856273280701,-0.28346240817414586,-0.9264398836113797,-0.46589919505423716,1.691904854755994,1.7101762841290309,1.7977743238040413,0.8235688283136919
-0.14967357511639834,0.46833609115677,0.7041309679248182,-0.3934803116314381,-0.942098425411232,0.4412144552692286,-0.5964157981832002,-0.6165912960081592,-0.06972470131091987,0.2912930806366561
0.9243150218346325,0.44450673046225425,0.37656837289111295,-0.4266753687090694,1.6100034497028892,-0.5058431199974579,-0.53226710340871,0.893496272557699,-0.002617138465715372,-1.8273527272703816
0.2718380785256727,-0.7628475447265406,-0.1676497968105547,-0.3953771720358742,1.2553570135450063,-0.48793277945840086,-0.771510186379145,0.4890085309775586,-1.343600436792194,0.03216047024855118
0.8203806414845326,0.4008195691889755,0.06150513793440557,-0.5471260043907601,-0.9295355262320801,-0.5032242158862612,-0.2062655398006447,1.3210975993709906,0.265946593895402,0.7392127480558438
2.0791414701690756,-0.4610089759293418,0.0019843756629873157,-0.16965078390798147,-0.12415751354370791,0.2608225361708121,-0.7678295235642154,1.17085929535551,-0.1372994475871704,-0.22183724558485893
1.2880853530599823,-0.11945480597461708,0.241853047616803,-0.5158278077175649,0.0681930958978556,-0.5058431199974579,-0.721032524917251,1.902789494405288,-0.0022500657698938547,-1.0923620557190812
-0.03419093028295405,0.2737296454848917,-0.3049443551166262,-0.49496234326876815,-0.6471107329629592,-0.5003991495818093,-0.5743318212936217,0.7817806105974702,0.08895081401923811,0.012483136279432327
-0.6924420058335865,1.342079316622345,0.8207916619767979,0.3168939098298715,-0.9449746681180383,-0.5018165146604397,0.9452561122988121,-1.1713173416037805,-0.4365304351719292,0.5982430162490228
-0.7848281217003419,0.3968480090732229,0.4182329064811056,-0.5034982150887304,-0.7246520723940895,-0.5011400449638207,0.29851107481829536,0.161566073507921,0.362853785592306,-1.2561257582546403
1.0340235344264048,-0.47292365627659966,0.28946965743393754,1.5498531727133196,-0.8556909250761547,-0.5058431199974579,-0.06955520667468167,-0.43553487834847715,0.597780310918134,-0.029357366419824348
-0.6635713446252254,-1.4975861661407743,-1.3096548222581663,-0.49496234326876815,-0.8265377858326678,-0.5058431199974579,-0.7383842210447771,-1.2483626257142837,0.7326294712649634,1.153901267994703
-1.0793088660256247,0.5636535339348329,0.1805466624772422,-0.37166641698042324,-0.38262864498080906,-0.5058431199974579,3.9528834410699956,0.2347590934128989,0.4966350980967448,0.24962424700394442
-0.6866678735919143,-0.5444117383601468,0.7912296833819935,-0.5585071668173766,0.41382309723816535,-0.5058431199974579,0.2406720877265418,-0.9632950745054227,-1.5078487830498255,0.8335519249714083
-2.6902917614521717,1.2348471934970244,0.2749862719478925,0.08832223109532457,-0.9476585602154023,2.3933127226556645,-0.5112347444662542,-1.599689121258177,-1.405368760425448,0.9102977170105104
0.8261547737262049,-0.7549044244950354,0.009722074758271589,0.4591584401625771,-0.5359080368795551,-0.5055258234969009,0.8453524073221469,0.026736826314540642,1.13107019745678,-0.22270515882066122
0.01777625989209521,0.6192553755553695,0.9203897375109712,1.8438665354009114,-0.22634377480953874,-0.5058431199974579,-0.6616161109048133,0.06911173257531734,-1.8527302658967624,-0.684130815258364
0.751091054584466,-1.0527714331764815,-0.5398529635478235,-0.02359253276640363,0.7504366637609016,-0.5058431199974579,-0.5007185649950263,-1.2868852677695353,0.13002958570618367,0.24385520560413798
-1.0100192791255584,0.3968480090732229,-0.6430222848182817,-0.45323141437117453,-0.9467659331684626,0.29303537886695796,-0.4376214881676587,0.650803627609615,0.7471788981175281,-0.6011584525190539
0.11016237575885068,-0.06782452446983304,0.460294245152908,0.2694723997189697,-0.9016747426457786,-0.505837386111458,-0.42184721896081684,-0.797647713667841,-1.7740098577655652,-0.39208218924214505
0.24296741731731167,1.218960953034014,0.6602840063848733,0.2694723997189697,-0.9355164279944036,-0.190801518429152,-0.9003333849016869,1.2016774089997113,0.730794107785855,0.09027154880825512
-0.4557025839250259,-0.2743456504889692,0.1936412301769541,0.05228188341103916,-0.5329025586070307,-0.5050861181940984,0.29851107481829536,-0.22751261125011907,0.34413307810540383,-0.2268073345198158
1.3342784109933599,-0.08371076493284352,0.23550416630785168,1.3981043403584337,0.2966094446097124,-0.443994462020858,-0.53226710340871,-0.920920168244646,-0.07029199547718949,-0.7132435920530855
0.17945196265891725,-0.6397291811382096,0.038292040648552454,-0.49496234326876815,1.1952474480945174,-0.5058431199974579,-0.41658912922520286,-0.35463733003244896,0.024612981515232925,0.32449729981667835
-0.3979612615083037,0.04735071888699289,0.622587523612975,-0.5101372265042567,-0.8226306640783859,-0.5057654870465602,-0.746271355648198,-0.4278303499374268,-0.9067839287644822,0.8288298007416192
1.7904348580854643,0.06720851946575598,0.4386683681942927,0.44967413814039675,-0.45776560179391995,-0.5058431199974579,-0.5532994623511658,0.8434168378858722,0.06198765599888754,-0.019095021922790646
-2.101330272801606,1.1395297507189621,-0.5142590357711138,0.01908682633340783,-0.9475912375020977,1.7458345844631336,0.4930603950360117,-1.0750107364656518,-0.08353998277184216,2.380341113897015
-0.0457391947662985,-1.1758897967648128,-1.0376449386777848,-0.3669242659693331,-0.7745430117179951,-0.5055048851491484,-0.3797825010759053,-0.06186525041253759,-1.2532671833750038,0.5628763863952428
0.29493460749236156,0.754288419490958,0.24760672130304012,-0.04161270660854648,0.34169161869757886,0.5281891305488223,-0.23781407821432832,1.7178808125400813,0.13083047158797623,0.1288371119683325
-0.6635713446252254,1.2308756333812718,0.5612811384734142,-0.34795566192497235,-0.9476506858623284,-0.12251029191332291,1.9232608031230078,-0.5125801624589801,0.4308957152996025,0.39406256542721513
-1.6509479579511734,-2.5118034729005196,-3.3734380527491417,-0.3934803116314381,1.904540320410283,2.535049230518706,-0.5638156418223937,-1.6782753110508903,-1.6041219400903108,-0.11546000915084241
-0.3921871292666315,-1.7875100545907152,-0.5985801156556227,-0.08239520530392207,0.8586338815717812,-0.5058431199974579,-0.4691700265813425,-0.9787041313275233,-1.1267272140517737,0.6311557825090504
-1.8357201896846846,1.3103068356963241,0.0061508290219867146,0.0845285102864524,-0.9476448852892623,1.9391116406400084,-0.5690737315580077,-1.0480448870269758,-1.1611986772139298,0.16506725951838477
1.998303618785664,0.3213883668739231,1.0549066602443764,-0.2559579323098228,-0.8962648817552346,-0.190801518429152,-0.39029868054713307,0.27328173546815043,-0.4045283701452999,-0.7437689610798645
0.29493460749236156,-0.2703740903732166,0.5866766637092193,-0.4579735653822647,0.07119857417038004,-0.5058431199974579,-0.4376214881676587,-1.2213967762756075,0.3953897745401301,0.9165703822139343
0.6644790709593835,1.1196719501401988,0.6384597268853532,-0.2417314792765522,0.36272996660525,-0.5058431199974579,0.7612229715523234,1.0013596703124035,-0.2054748582747649,1.55324979005501
0.6529308064760391,1.3182499559278293,1.0683980330258978,0.35483111791859295,0.2966094446097124,-0.5058431199974579,0.014574229095141576,0.9743938208737272,-0.2361421134984063,1.8013591003960951
0.2140967561089506,1.290449035117561,1.0340743934493801,-0.27397810615196544,-0.7465920637835178,-0.501429960548086,1.1766120606658261,-1.2676239467419095,-0.6562734989887727,-0.22787710732926983
-0.5538628320334535,-2.3399540666919036,-1.7070551116903356,-0.415294206282453,2.036781364401359,2.638130327146372,-0.6674000096139887,-0.5318414834866058,-1.6420305384951601,-1.3774012247311693
-1.4142085360426129,0.6788287772916588,0.535290405614895,-0.3232964766673034,-0.943180397589341,-0.5058431199974579,-0.602725505865937,-1.3485214950579376,1.261247523493151,0.6089306136333764
0.6471566742343668,-0.33789061234101064,0.8400367084445564,-0.5205699587286551,-0.3165081229852717,-0.5058431199974579,0.030348498301983464,-0.15046732713961603,-0.07119299209420615,0.0754464656739338
1.67495221325202,0.37301864837870713,0.6037392822270259,-0.22276287523219143,-0.5118642106993597,-0.4943431351549339,-0.8340814542329511,0.6739172128427658,-0.5716465574793549,-0.1860431594459192
-0.2767044844331872,-0.9097952690093875,-0.06309165775376308,-0.4560767049778286,1.3064501441779217,-0.5058431199974579,-0.5901060905004635,0.12304343145266942,1.1939397391774984,0.5757722415493104
0.6818014676844001,0.7781177801854737,0.6249683541038318,-0.3185543256562133,-0.3195136012577961,-0.49125070225610384,-0.36926632160467737,1.8873804375831875,-1.3856469455863052,0.6941911719435602
0.8954443606262715,0.12678192120204526,-0.8791213084949073,1.7110863070903861,-0.7264553593576042,-0.5058431199974579,-0.23255598847871434,0.8511213662969224,0.06178743452843945,-0.3935412492409535
1.507502378243526,-0.17108508747940113,-0.08055108135337928,0.7911090109388901,-0.2173273399919654,-0.5044483039087149,-0.5427832828799379,0.6546558918151401,-0.804804459816225,-0.6220862195891559
-1.368015478109235,1.1117288299086936,0.9203897375109712,0.47812704420693786,-0.9448304051609568,-0.501880940345832,0.6560611768400445,-0.06956977882358785,0.9144973069220317,-0.09322709587030673
-1.2005656431007412,0.9091792640053101,-0.6549264372725655,-0.19430996916565027,-0.9461978977749554,-0.5048445218738774,-0.5795899110292356,-0.8092045062844165,2.132644733128571,-0.38127073039776
1.1495061792598489,-0.09165388516434875,-0.056742776444811835,0.3737997219629537,-0.8914561165191954,-0.5054726723064522,-0.16945891165134694,0.15000928089134552,-0.9037806067077595,-1.0960931109048164
-0.3633164680582704,1.0799563489826727,0.828727763612987,-0.2673390947364392,-0.9121939165996141,-0.5058431199974579,-0.30091115504169585,0.9782460850792525,1.1969764314792957,0.8438982909102176
-0.06306159149131511,-1.0209989522504606,-0.44124690071817385,-0.5357448419641437,1.3695651879009345,-0.5013977477053898,-0.39029868054713307,-1.2984420603861107,-0.7392652984895307,0.15779182096470365
-1.2352104365507746,0.603369135092359,0.6196114854994043,-0.45512827477561046,-0.8887511860739234,-0.5053599273570157,-0.400814860018361,-0.30841015956614704,1.6747382302136544,0.6134080791671167
-1.0388899403339191,-0.4252649348875682,-0.7029398521715094,-0.4883233318532418,0.8135517074839147,-0.5031372412109817,2.070487315720199,-0.3931599720877004,-0.9898424687553894,-0.21452873991219495
-0.03996506252462623,-0.18299976782665897,0.7412322430740022,-0.5423838533796699,-0.34956838398304035,-0.5056347029052138,-0.4271053086964308,-1.2714762109474345,-0.6048833215737479,0.6015148153550038
0.2833863430090172,0.734430618912195,0.8459887846716984,-0.4020161834514004,-0.1512068179964278,-0.5058431199974579,0.6245126384263607,0.1885319229465971,-1.1377060246813475,1.176315176479273
0.9012184928679438,0.019549798076724557,0.37418754240025626,0.13100159019513624,0.6632777938576933,-0.4916372563684576,-0.5690737315580077,1.2517568436715383,-0.41173634308143303,-0.7553911919373342
-0.4499284516833537,0.6708856570601535,0.2650661449026562,-0.43900496133790395,-0.9241857749069866,-0.5058131620537506,-0.400814860018361,0.019032297903490387,-0.5254955085410568,-0.9846648000753009
1.172602708226538,0.5795397743978433,0.896383030061499,-0.24931892089429655,-0.3525738622555648,-0.5058431199974579,0.2564463569333837,0.15000928089134552,-0.07179365650555061,-1.095456654675961
0.9531856830429937,0.7304590587964424,0.4374779529488643,-0.2388861886698981,-0.9360273593007329,2.148495118164956,-0.6111384494429193,-0.5511028045142315,-0.037655895794141324,1.0401208749328352
-1.1024053949923134,-0.21874380886843253,0.21844154779004513,-0.39063502102478403,-0.9082867948453323,-0.5038781365929931,-0.7841296017446185,-1.1674650773982553,0.9209043939763727,0.19547178633437812
0.3295794009423949,0.6708856570601535,-0.008134153923153769,-0.43236594992237765,-0.9395738236623117,-0.44592723258262673,-0.23255598847871434,-0.7822386568457405,0.19526841482720553,1.591504990658478
-0.11502878166636508,-1.6365907701921159,-0.025196772440960323,-0.5328995513574896,1.5198391015271562,-0.5058431199974579,-0.4954604752594123,-0.6974888443241875,-1.2718210396365321,1.9643252691278958
0.06396931782547291,-0.7549044244950354,-1.0991497263582501,-0.4873749016510238,-0.20530542690186762,-0.5058431199974579,-0.6884323685564446,-0.7475682789960142,0.20764877574991641,-0.27799163154342227
0.9243150218346325,-0.028108923312306862,-0.7457948010069306,-0.20474270139004877,-0.9405956862749698,2.2064782350180185,-0.5958899892096389,-0.5433982761031813,-1.0056599649207925,0.4640692423565406
-0.8021505184253586,0.17046908247532405,-0.35275936747466546,-0.3517493827338445,-0.947623696667441,-0.5053405996513981,-0.7299712774677948,-0.21210355442801845,0.6406610758391135,-1.1650747851683108
0.6298342775093502,0.48819389173553307,0.38430607198639744,-0.2929467101963263,-0.7841605421900733,-0.4923137260650767,-0.6468934596450943,0.577610607704637,-0.7390984472641571,-0.16479621730221236
0.1505813014505562,0.1863553229383341,0.14721503560524787,0.5919386684731022,0.14633553098349078,-0.5058431199974579,2.2965851743515993,0.8511213662969224,-0.6076864221600218,-2.2133379212242192
1.594114361868609,0.34918928768419144,0.15951599314134107,0.3832840239851341,-0.910090081808847,-0.5051312161738731,-0.7452197377010752,1.7641079830063833,-1.0070615152139297,0.12291057392004212
1.4324386591017868,-0.15917040713214325,0.37835399575925555,1.530884568668959,0.4258450103282631,-0.5058302670732221,-0.5375251931443239,0.3233611701399774,-1.2053141412026722,1.641743964867609
-1.7664306027846177,-2.466249678372837,-3.464108013942602,-0.43236594992237765,2.027764929583786,2.3772063013075915,-0.5532994623511658,-1.47449053457861,0.5897714521002088,2.1308868369430742
-0.24205969098315383,-1.108373274797018,-0.5009660655304969,-0.49496234326876815,1.6190198845204622,-0.5057912573207172,2.044196867042129,0.5352357014438603,0.8761882655762859,-0.8787106209590569
-0.6462489479002088,1.3063352755805715,1.061850749176042,0.25998809769678927,-0.9474373570145445,-0.5054146891895992,-0.47442811631695647,-0.920920168244646,0.5278362772415814,0.3285286968587362
0.42773964905082257,0.7622315397224633,-0.5634628659154861,-0.33657449949835594,-0.8953632382734772,2.035750168728446,1.7550019315833616,-0.9286246966556962,-0.4717694139708033,1.9920272874718872
1.2534405596099492,0.11089568073903477,0.2932393057111274,-0.5205699587286551,-0.8815380382198648,-0.5058431199974579,-0.8088426235020041,1.8796759091721371,-0.005153277091391726,-0.004347626615446509
0.02355039213376738,0.7741462200697211,0.5376712361057516,-0.45038612376452036,-0.36459577534566256,-0.5058299449447952,-0.164200821915733,0.9859506134903028,0.6498712634797277,0.6513424646234768
1.2592146918516212,-0.9574539903984186,-0.8779308932494793,0.6203915745396433,-0.11213560045361022,1.7071791732277588,-0.6300675724911295,0.893496272557699,1.1953412894706354,-0.30499281382394294
-0.3113492778832205,-1.3704962424366907,-1.4967484183313244,-0.3318323484872658,2.027764929583786,2.0808481485030503,-0.29039497557046795,1.2710181646991638,-1.2604084158209876,1.704430028431491
1.0167011377013881,-0.6873879025272408,-0.1884820636055508,-0.03023154418192998,0.17037935716368624,1.513902117050884,-0.13791037323766317,0.8434168378858722,-1.0731346004618194,-0.7286735348488684
1.3689232044433932,0.1386966015493031,0.7196063661153869,-0.08903421671944821,-0.9335328123345376,1.7812687114288939,-0.768881141511338,0.52753117303281,0.19503482311168246,-1.0890298721242366
-0.3055751456415482,1.0720132287511674,1.2368417902540116,-0.2863076987807999,-0.37361221016323587,-0.5058431199974579,-0.24307216794994227,0.5737583434991118,1.6635591981136324,0.01631047365952527
-1.0908571305089692,0.09103788016027169,0.31109553439255283,-0.41624263648467097,0.6813106634928399,-0.49305462144708806,-0.5427832828799379,-1.4637041948031395,-0.5279649066765839,1.385232060908786
0.12748477248386728,1.024354507362136,0.755120420937333,0.5350328563400198,0.7143709244906087,-0.5058431199974579,3.647914236404386,1.5714947727301256,-0.7420350288307301,-0.8422866720280163
0.26606394628400043,1.1474728709504673,1.141806973160647,-0.42098478749576124,0.20343961816145503,-0.5042711332738861,-0.8414427798628107,1.7255853409511317,1.5298446260993432,-0.676064513357438
0.9705080797680105,1.270591234538798,0.8953910173569753,0.3263782118520518,-0.9161010383538959,-0.43884040718947465,-0.6484708865657784,0.1346002240692449,0.9319165748510202,-0.2795796878936238
-0.8714401053254253,1.171302231644983,-0.05872680185385909,-0.39632560223809227,-0.9472438042137938,2.2837890574887685,-0.4639119368457285,-1.5168654408393867,0.3941550754723673,-0.6042895327702765
1.3689232044433932,-0.6119282603279413,-3.234357871574928,-0.03402526499080205,-0.7207449506398077,2.5189428091706327,-0.5848480007648496,-1.0942720574932776,0.09479060690730902,1.1534264121978826
1.4093421301350986,0.4246489298834912,0.7930153062501359,-0.05489072943959898,-0.16623420935905003,-0.5058431199974579,-0.3377177831909936,1.7255853409511317,0.6989922642296739,-0.3492875979449065
-0.9349555599838193,1.1752737917607357,0.7501603574147148,-0.24267990947877027,-0.9278825131821915,-0.5030567091042413,-0.3850405908115191,-0.9941131881496238,0.5966457225855948,0.9839800942962875
0.006227995408750759,1.290449035117561,1.0862542617073232,0.2694723997189697,-0.9420383158457816,-0.40566117921244454,0.7822553304947794,-0.6011822391860586,-0.9021788349441744,-0.5099751616491828
0.2776122107673449,0.3690470882629545,-0.39224147311470625,-0.4266753687090694,-0.18126160072167216,0.753679029421843,-0.7105163454460232,-0.7206024295573383,0.19586907923855001,3.219355447885192
0.23141915283396722,0.20224156340134455,0.7916264884638029,-0.4892717620554599,0.3446970969701033,-0.5058431199974579,-0.32720160371976564,-0.8939543188059699,-0.2452188201587225,0.38503881336217965
-2.11287853728495,1.171302231644983,1.0495497916399488,-0.07291090328174163,-0.9476293469665935,-0.4813935723910832,-0.6826484698472691,-1.3446692308524124,-1.1053368869588966,1.872454371994341
-1.6567220901928457,1.187188472107993,0.5295367319286578,-0.2948435706007623,-0.9451580022926621,2.0099798945715293,-0.30091115504169585,-0.2621829890998453,1.2363866909125056,-0.11369989893384279
-1.113953659475658,1.107757269792941,0.7305185058651469,1.3981043403584337,-0.8683139338207575,-0.5058431199974579,-0.31668542424853774,-0.42012582152637656,1.5286432972766544,0.11037218213072954
-0.31712341012489265,-1.1719182366490601,-0.39065425278746824,-0.48073589023549756,0.7834969247586704,-0.49656582130096794,0.28799489534706746,0.06140720416426699,-0.7854163474278291,-0.27564481911991306
-0.732860931525292,0.003663557613714085,0.3485936146235463,-0.34985252232940844,0.5340422281391426,-0.5058349057225704,0.345833882438821,-1.0441926228214506,0.7317284746479461,0.9691440744715598
-0.5076697741000759,-2.1171495441981825,-1.8112164456653173,0.1841136815193463,2.03077040785631,-0.5053599273570157,2.522683032982999,-0.10809242087883943,-0.7366624193737048,0.6577624290837766
-0.05728745924964285,-0.893909028546377,0.028570316144220825,-0.13266200602147796,0.39879570587554314,-0.5053534847884764,-0.6773903801116552,-0.3970122362932256,-1.8632085228502155,-1.7269613949434617
0.29493460749236156,-0.5960420198649309,-0.17816513147850507,0.044694441793294924,0.2845875315196147,-0.5045578275738817,-0.5743318212936217,0.7124398548980174,-1.0782068777131724,-0.8271684729245438
1.2014733694348991,-0.5324970580128889,-0.20296544909159608,0.7626561048723489,-0.9431503428066157,-0.5058323609079974,-0.7652004786964084,1.070700426011856,-0.9980515490437635,-0.04842485856212601
0.6298342775093502,0.22209936398010766,0.4626750756437647,-0.41244891567579894,-0.7156356375765163,-0.5056978400768983,0.592964100012677,-1.3716350802910884,-1.0743025590394333,-0.38840921454204286
-0.03419093028295405,-0.1909428880581642,-0.21744883457764125,-0.5518681554018503,-0.9378306462642476,-0.5012044706492129,-0.6127158763636036,0.3849973974283794,-1.396725866951103,0.44505299891208866
-1.419982668284285,0.5437957333560697,0.8604721701577432,-0.30812159343181483,0.86464483811683,-0.5058382558582107,3.889786364242628,-0.9555905460943721,-0.08163787880258475,2.0657581054314593
0.3815465911174448,-1.017027392134708,-0.33748237182500146,-0.46271571639335485,0.28759300979213903,-0.5055622240091475,-0.6216546289141472,0.6662126844317156,-0.2730162343059405,-0.4459413842113167
-0.40373539374997586,1.3897380380113766,1.0170117749315732,1.0851223736264817,-0.9469312344734514,-0.33382654000003936,0.3826405105881185,-0.7321592221739138,1.0960648103734285,0.07103431379547336
-0.26515621994984273,0.9647811056258468,1.0965711938343694,-0.4115004854735808,-0.9465435277762957,-0.4472157462904726,-0.7746650402205133,0.5236789088272849,-1.572353466779204,-0.7054622669873424
-0.4557025839250259,1.238818753612777,0.6505622818805417,1.6921177030460253,-0.5449244716971285,-0.19015726157522905,-0.5532994623511658,-1.1944309268369315,1.364962245185292,1.4485109567465637
0.6009636163009892,-0.09959700539585399,0.46823034678909714,-0.34416194111610016,-0.6441052546904347,-0.48525911351462075,-0.6132416853371649,-0.5665118613363322,0.431029196279901,-0.1992815114483123
-0.4326060549583369,-0.23860160944719563,0.4650559061346215,-0.35649153374493464,0.46792170614360495,-0.5058431199974579,-0.8535363862547227,-0.47405752040372867,-0.7376301564808706,-0.007357302263958258
-0.12657704614970955,0.682800337407411,0.0853134428429728,-0.09282793752832037,-0.9115928209451092,0.6860320597599368,-0.6163965391785333,1.167007031149985,-0.9723230900911762,-1.4276009709024209
0.6067377485426614,0.3650755281472019,0.24463068318946907,0.08358008008423432,-0.49383134106421317,-0.5058431199974579,-0.8356588811536352,0.7471102327477438,-1.5270700442128478,-1.526678654771192
-0.7270867992836197,0.6311700559026273,0.9916162496957683,-0.4560767049778286,-0.14519586145137903,-0.5058431199974579,-0.5901060905004635,-1.0403403586159257,0.9635181969367534,0.4383013531421598
1.7731124613604476,-1.2513494389641122,-1.221762496637372,0.25998809769678927,0.16436840061863736,1.3786081777270713,-0.9355625861303005,1.9490166648715896,-0.8715449499656079,-0.720363646713324
0.046646921100456276,-0.3974640140772999,0.3602993645369253,-0.5774757708617374,1.3334994486306415,-0.5058431199974579,-0.5375251931443239,-0.7860909210512657,-1.1718104151476818,0.5231332677393656
0.3815465911174448,1.1911600322237457,1.010662893622622,0.047539732399949006,-0.9367486740861386,-0.4343306092120143,0.9452561122988121,-1.5669448755112132,-0.7408003297629664,-0.019800053510813452
-0.6116041544501754,-0.5602979788231572,-0.3099044186392441,-0.21991758462553737,-0.9402951384477175,-0.40920459190902053,-0.5112347444662542,0.3772928690173291,-1.5337440932277862,-0.41308752958283457
-0.42683192271666476,0.7503168593752054,0.4529533511394331,0.19359798354152663,-0.9467328729074648,1.2433142384032594,-0.5848480007648496,-1.3870441371131892,0.5282367201824778,2.982906320612406
0.05242105334212845,1.0322976275936413,0.3281581529103594,-0.5328995513574896,-0.8821391338743697,2.335329605802602,1.1660958811945983,-0.9440337534777967,0.0951910498482053,-0.027779467467857526
0.3642241943924282,-1.4459558846359903,-0.7287321824891241,0.12246571837517391,2.0457977992189322,1.726506878845446,0.582447920541449,1.0899617470394818,-0.1433394619456894,-1.44019939274504
-0.17854423632475952,0.4643645310410174,0.36248179248687723,0.3358625138742322,-0.8791336556018454,-0.5058431199974579,-0.12213610403082129,-0.06571751461806272,1.9328904461114673,-0.24110280527156638
-0.01109440131626576,-0.5920704597491782,-0.8495593299001032,-0.5613524574240306,-0.5028477758817865,-0.5058431199974579,-0.7615198158814784,-0.42397808573190165,-0.7972294141842698,0.7307962279788728
-1.5470135776010738,-1.0487998730607289,0.166856887154816,-0.5338479815597077,1.6340472758830846,-0.5058431199974579,-0.5112347444662542,-0.3700463868545495,-1.7641322652234561,-1.3913724081437953
1.8019831225688085,0.5437957333560697,-0.484697057176309,-0.27397810615196544,-0.19328351381176995,2.2290272249053205,-0.6563580211691993,-1.0596016796435512,-0.4049288130861962,2.668253139850369
1.5767919651435924,0.30153056629516,0.15931759060043632,-0.3953771720358742,-0.9468981742124536,1.4140423046928319,-0.5638156418223937,-1.5677153283523184,0.2634771957598744,0.5940198075796658
0.2718380785256727,0.32933148710542837,0.1478102432279621,-0.567991468839557,-0.2954697750776006,-0.5050184712244365,-0.3534920523978355,1.6485400568406285,-0.8100435882929514,0.7799217205803379
0.09283997903383398,-0.29420345106773227,-0.28550090610796275,-0.44185025194455807,1.0389625779232472,-0.5058431199974579,-0.7804489389296888,1.860414588144511,1.3487776763240678,-1.1220467986810645
0.6298342775093502,0.28167276571639693,0.374385944941161,1.6162432868685823,-0.6380942981453859,-0.5058431199974579,-0.5995706520245686,0.7586670253643192,-1.2387177565224385,-0.26297523525833066
0.8146065092428604,-0.17108508747940113,-0.01964150129562789,-0.5262605399419633,-0.8364558641319985,-0.5058431199974579,-0.22729789874310038,0.8626781589134979,-0.33738743705502056,-0.15811859052271512
0.6182860130260058,0.1863553229383341,0.6422293751625431,1.530884568668959,-0.03699864364049947,-0.5058431199974579,-0.3850405908115191,0.5082698520051843,-0.7540483170576191,0.4389627832746168
1.6518556842853311,0.5398241732403171,0.8414255262308894,-0.14878531945918455,-0.6555260721260275,-0.504229256578381,0.6245126384263607,0.311804377523402,-0.938185329379767,0.28699903248792163
0.5374481616425947,-0.552354858591652,0.3356974494647392,-0.1762897953235076,0.8916941425695499,2.2709039204103103,-0.4954604752594123,-0.9941131881496238,-1.3696959684406027,-1.2833170892703092
0.6818014676844001,-0.24654472967870086,0.3763699703502083,0.1841136815193463,-0.277436905442454,-0.5058431199974579,-0.6931646493184971,0.41966777527810584,0.3148673731749,-0.43945075601204564
-0.6520230801418809,-1.5889320488030845,-1.5217471384853198,-0.5376417023685797,1.3575432748108367,-0.505726187378471,-0.40607294975397495,-0.6397048812413101,-0.9477625897162031,-0.19310611585826928
-0.3575423358165982,-1.0289420724819658,-0.3257766219116223,-0.3764085679915135,1.5378719711623028,-0.1740508402271562,-0.6148191122578491,-1.5750346303428162,-1.4070372726791824,-0.26624645944728037
1.2476664273682767,-0.3458337325725159,0.6769498198208703,0.6393601785840041,-0.9088878904998372,-0.5058431199974579,-0.6184997750727789,0.2578726786460498,-0.9055492296967184,0.9420906169750852
0.4970292359508891,0.6748572171759061,0.5130693210335655,-0.4579735653822647,-0.16022325281400113,-0.5058431199974579,-0.5953641802360774,-0.2698875175108955,-0.2209920222344965,0.2866188725336486
-0.3633164680582704,-0.13931260655338018,0.23570256884875634,0.013396245120099575,-0.9335628671172628,2.225805940635706,-0.22729789874310038,-1.3986009297297646,0.7622288786462147,1.7600052078999309
0.173677830417245,-2.3955559083124403,-2.633991782797223,-0.466509437202227,1.5769431887051202,-0.5058239211432111,-0.15368464244450505,0.16927060191897125,-0.55382684660947,-1.9703601842694138
-0.44415431944168143,1.2825059148860558,1.5741261097920485,2.1378798980885025,-0.8598985946576889,-0.5058431199974579,-0.23781407821432832,-0.22366034704459395,0.19183127958451202,0.8868545900663298
0.11593650800052285,-0.33391905222525803,-0.02638718768638838,-0.4797874600332795,1.3004391876328727,-0.5055606133670127,-0.4533957573745006,-0.28529657433299616,-1.0041249336473572,0.8471606720804223
0.16212956593390054,-1.1520604360702968,-0.23867790645444698,0.06271461563543759,0.7203818810356575,-0.5058431199974579,-0.2535883474211702,0.8357123094748219,0.2097511011896215,1.0817216217463734
-0.09193225269967618,1.2586765541915401,1.0735564990894206,-0.011262940137569228,0.5911463153171069,-0.5058431199974579,-0.7205067159436896,0.9050530651742744,0.49152945060031633,-1.0615678455909914
0.02355039213376738,0.21812780386435504,-0.08372552200785499,-0.10136380934828282,-0.5268916020619818,-0.5058431199974579,-0.6095610225222352,0.7239966475145928,1.1010703471346324,-1.290553503457943
0.3295794009423949,1.0998141495614357,0.8263469331221301,-0.2910498497918901,-0.825335594523658,-0.5058431199974579,0.7927715099660072,1.7140285483345563,0.5992152314563459,-0.12957332480691533
1.4670834525518206,-0.44115117535057874,-0.09642328462575757,-0.47220001841553527,-0.7793517769540342,-0.25877061651801964,-0.3324596934553796,1.7987783608561094,-0.13733281783224474,1.6615961947050386
-0.8772142375670975,-1.1163163950285233,-0.45949993448140897,1.3411985282253516,2.036781364401359,2.135609981086498,-0.09584565535275148,0.500565323594134,-1.326915314254848,-0.3609441929152617
0.22564502059229496,0.6152838154396169,1.0572874907352332,2.9819827780625556,-0.015960295732828457,-0.5058431199974579,-0.5979932251038844,0.866530423119023,0.337692620805989,-0.1776103871228809
-0.4210577904749926,-1.0289420724819658,-0.8882478253765251,1.0092479574490387,1.9706608424058207,-0.5058354855537389,-0.49020238552379836,0.14615701668582037,-1.7991376523068079,0.5542202993516515
0.9878304764930269,0.551738853587575,0.8856692928526438,-0.4902201922576779,0.4919655323238004,-0.5058431199974579,-0.4533957573745006,1.6446877926351036,0.19383349428899352,0.8284359983669367
1.6576298165270034,-0.008251122733543769,0.268042183016227,0.24101949365242856,-0.9316393610228473,0.8148834305445197,2.19142337963932,0.6854740054593413,0.062187877469335726,-0.25274903923594444
-1.2871776267258244,1.15144443106622,0.894200602111547,-0.05963288045068914,-0.9445328628119769,-0.5058431199974579,-0.6463676506715328,-0.8592839409562435,0.8665108945046256,0.10487530406476751
0.14480716920888392,0.24592872467462334,-0.16368174599245988,-0.2597516531186949,1.207269361184615,-0.5058349379354131,-0.6900097954771286,0.8780872157355984,-1.5145895725549132,1.018245656323625
1.3516008077183765,-0.25845941002595874,0.6886555697342492,0.46864274218475743,-0.055031513275646045,2.5511556518667784,-0.9350367771567392,0.8203032526527216,-1.3406304849805464,-0.8904084616376693
0.7568651868261382,0.17841220270682928,0.30990511914712454,-0.4759937392244073,-0.20229994862934317,-0.5057890024217284,-0.5375251931443239,1.3634725056317674,-1.0671279563483742,1.0712123932466577
-0.12657704614970955,-0.07179608458558566,0.06646520145702377,-0.2986372914096344,-0.2594040358073074,-0.5057165235256621,2.496392584304929,-0.7860909210512657,0.21232061006037273,0.9943828228081297
1.363149072201721,1.1276150703717043,0.42061373697196247,-0.34605880152053636,-0.9474054989448559,2.357878595689904,-0.912426991293599,-1.6771196317892327,0.061220140362169335,0.9043699944667644
2.0329484122356978,0.1823837628225819,0.49064983391133127,-0.06816875227065147,-0.6954989331506025,-0.5058076858704922,-0.8477524875455474,0.7740760821864199,-0.705461240228868,-0.7295087196911684
0.5432222938842669,-0.635757621022457,-0.5348929000252053,-0.5234152493353093,1.0419680561957716,-0.2510395342709446,-0.706309873657532,-1.2329535688921829,-0.07219409944644702,-0.36595196315873196
1.507502378243526,-0.2108006886369273,0.2234016113126633,0.3168939098298715,-0.9007730991640213,-0.5058431199974579,-0.4691700265813425,0.4774517383609831,-0.9372175922726005,0.1134504874708018
0.1967743593839339,-1.243406318732607,-1.013439828687408,-0.42193321769797926,1.796343102599404,-0.4230561142683632,-0.5743318212936217,0.7548147611587941,1.2759638015710901,1.1150976784605833
0.21987088835062277,1.218960953034014,0.7176223407063396,-0.14404316844809437,-0.9145982992176335,-0.5058289463466716,3.264073685704567,-0.007933551535185606,0.39458888865833747,0.11102685502745038
-0.05728745924964285,0.19827000328559194,0.6827034935071075,-0.3213996162628673,0.01709996526494024,-0.5058431199974579,2.2387461872598458,0.3888496616339046,0.08324450211146607,-0.8066546636234838
-0.9118590310171308,1.1554159911819726,0.7396450227467642,-0.48073589023549756,-0.9476023577717061,-0.5058379659426265,0.5088346642428536,0.45048588892230707,0.32114097924894164,-0.6728371815518861
-1.4430791972509738,-0.5245539377813837,-0.1301517165795612,-0.4778905996288434,0.15835744407358857,-0.5043162312536607,-0.49020238552379836,0.022884562109015516,0.5404168596347395,0.9872443093090043
0.6991238644094161,-1.017027392134708,0.2753830770297019,1.4834630585580568,-0.5539409065147017,-0.5056978400768983,-0.6232320558348314,-0.15046732713961603,0.8634408319577536,-0.6034393870020419
1.0513459311514215,1.1633591114134778,0.4884674059613792,-0.3299354880828297,-0.9208797488072098,-0.2990366698882019,-0.7031550198161635,0.41581551107258063,0.26244271816255976,0.378056335288566
0.6933497321677445,0.21018468363284978,0.5771533417457924,-0.16870235370576336,-0.7414827507202264,-0.5057461593409425,0.8400943175865329,-0.15046732713961603,0.061820804773513816,-0.34489884097847917
1.0975389890847989,0.6708856570601535,-0.1263820683023714,-0.37356327738485945,0.5550805760468136,-0.1353954289917812,-0.5112347444662542,-1.2714762109474345,0.5977135704279853,-0.4499186559611894
-0.7675057249753252,0.921093944352568,0.8961846275205942,-0.33847135990279203,-0.8773303686383308,-0.5058431199974579,0.5771898308058351,-0.42012582152637656,0.9323503880369916,0.4611572226833237
0.624060145267678,1.218960953034014,1.0328839782039516,0.6772973866727255,-0.8481772293948436,-0.5058431199974579,3.8845282745070135,1.1515979743278844,0.5971462762617157,-0.7613028909960975
-0.028416798041281784,1.3023637154648189,1.462425479262687,3.7691798459035257,-0.782657803053811,-0.5057345627175719,-0.3850405908115191,-0.49717110563687955,-1.5727539097201002,-0.3290242029961361
0.676027335442728,0.16649752235957144,0.3753779576456847,-0.5366932721663618,0.7985243161212926,-0.5058124533712112,-0.47442811631695647,0.777928346391945,0.4618633027289161,0.1387121406238052
0.4566103102591837,0.3968480090732229,0.6533399174532079,-0.4797874600332795,-0.8650079077209805,-0.5058431199974579,0.5193508437140815,0.3734406048118039,0.031353771020320595,-0.15971794411700874
0.7972841125178438,0.9131508241210627,0.9342779153743019,0.3643154199407734,-0.7619200029733924,-0.5058431199974579,0.0671551264512812,1.0591436333952806,-0.9514666869194941,-0.10714621701107127
0.21987088835062277,1.1633591114134778,0.9174136993974004,-0.4883233318532418,-0.9201884888045292,-0.49656582130096794,0.5140927539784675,1.3519157130151915,-0.07139321356465433,-0.12060312257580072
1.120635518051488,0.4762792113882752,0.5049348168564717,0.050385023006602976,-0.22033281826448983,-0.5058431199974579,-0.5795899110292356,0.03829361893111612,-0.005553720032288008,0.12574837517759363
-1.7548823383012733,-1.9424008991050672,-2.074298214904986,-0.46081885598891875,1.9285841465904785,-0.5050055860873581,-0.6500483134864626,-1.3022943245916359,-1.2238679974642006,-1.1883198529786876
0.5143516326759058,0.5755682142820907,0.3648626229777341,-0.4759937392244073,-0.1722451659040989,-0.25490507539448215,-0.701051783921918,1.193972880588661,-0.40479533210589724,-0.4964743396615291
-0.42683192271666476,1.199103152455251,-0.05594916628119303,-0.38020228880038565,-0.9461498101225949,0.20606070358736428,-0.5585575520867798,-1.6782753110508903,0.1960359304639233,0.5361461687436568
0.803058244759516,0.22209936398010766,-0.03749772997705334,-0.45987042578670073,0.0020725739023181133,1.9519967777184668,-0.7630972428021627,-0.3738986510600747,0.061920915508737906,1.3039652234680033
0.803058244759516,1.2269040732655192,0.6618712267121112,-0.23509246786102594,-0.7586139768736155,-0.5058311046071322,0.7086420741961839,1.5791993011411758,-0.004953055620943535,-0.2620430990557978
-0.35176820357492594,0.603369135092359,0.22836167483528141,0.6583287826283648,0.5490696195017648,-0.5057413274145381,3.8582378258289443,-0.17358091237276702,-0.7860503820842484,0.5584924992815259
-0.23051142649980938,-0.3934924539615473,-0.15495203419265213,-0.4579735653822647,0.452894314780983,-0.5042518055682683,-0.04326475799661201,0.7856328748029953,2.3322321689203003,0.5926917457811596
0.46815857474252803,-0.6317860609067044,-0.1452303096883202,-0.5139309473131288,-0.7165372810582735,-0.5058360009592221,-0.6048287417601826,-0.4509439351705778,-0.408065616123217,-0.8909433360350221
0.9474115508013213,-0.6437007412539623,0.36268019502778215,-0.36218211495824293,-0.22033281826448983,-0.5058431199974579,-0.36926632160467737,1.0822572186284314,-0.8055719754529427,-1.3294676350180652
0.3930948556007893,-1.326809081163412,-1.5850375490339277,-0.3792538585981676,1.0840447520111138,2.4061978597341227,-0.633222426332498,-0.25447846068879526,0.9449977109202994,-1.5603079984726007
0.49125510370921693,-1.068657673639492,-0.17558589844674366,-0.492117052662114,1.1171050130088824,0.06754547999393731,-0.6442644147772872,-0.8014999778733662,0.13002958570618367,-2.0418758453552477
-0.2824786166748594,0.7820893403012263,0.42478019033096176,-0.3195027558584312,-0.945879317078068,-0.5055448290740916,0.582447920541449,-0.5780686539529076,-0.7719013981725789,-0.22182389477946948
-2.407359281610233,0.7264874986806897,-0.3997807696690859,3.494135087260295,-0.7078213940679527,1.9391116406400084,0.12499411354303464,-1.7399115383392927,-0.5176201307034295,-1.6848736438172522
-0.218963162016465,1.1474728709504673,0.8864629030162626,-0.45702513518004656,-0.9408661793194972,-0.417257802583057,1.0136112788617937,1.860414588144511,-0.44513995840119946,-1.3978816722436793
-0.703990270316931,0.7145728183334319,0.61901627787669,0.48761134622911817,-0.9088878904998372,-0.5058431199974579,0.7559648818167095,-0.2930011027440465,1.402103327953424,-0.13169271141256392
-0.2074148975331206,1.2586765541915401,0.48410255006147535,0.3832840239851341,-0.9470664809957151,-0.4988851459750904,0.42470522847303016,-0.4278303499374268,-0.4777093175940983,0.2094963043946628
-0.1843183685664317,0.4921654518512857,0.08015497677945002,-0.3811507190026036,-0.785362733499083,-0.5058431199974579,-0.6369030891474278,-0.38930770788217534,2.3255581199053625,-0.19769022335038616
0.7048979966510883,0.5676250940505855,0.009722074758271589,-0.42193321769797926,0.8466119684816834,-0.443994462020858,-0.0800713861459096,-0.25447846068879526,-0.5715130764990565,-0.0591060932826805
0.30070873973403384,1.3142783958120767,1.46004464877183,0.506579950273479,-0.5359080368795551,-0.5058431199974579,0.5298670231853094,-1.414009986551865,-0.8209222881873005,-0.24263366619579463
-0.028416798041281784,-0.24654472967870086,-0.3422440328067147,-0.5376417023685797,-0.8749259860203111,1.5042382642420402,-0.16945891165134694,0.049850411547691605,-0.9063501155785109,0.5035105641374841
0.6875755999260723,0.8654921027320314,1.2775143111394809,0.8859520311606935,-0.8379586032682608,2.019643747380373,1.0136112788617937,-1.558469894259058,1.6969961836784735,0.4982921577339537
0.9416374185596491,-0.7390181840320249,0.5553290622462725,-0.4266753687090694,-0.9364781810416115,-0.4678319656160059,-0.7799231299561273,1.1130753322726328,0.3957234769908777,0.33140700814283697
1.5594695684185758,-1.1242595152600285,-0.9166193887259009,-0.5082403660998206,-0.3856341232533335,-0.5058431199974579,-0.3534920523978355,1.3519157130151915,-0.8733803134447157,-0.44743766865766915
0.5778670873343001,-0.5483832984758994,0.009722074758271589,-0.30337944242072457,0.7113654462180843,-0.5058431199974579,-0.23255598847871434,0.423520039483631,0.7300599623942112,-0.5095397615524363
0.06396931782547291,-0.6754732221799832,0.01666616368993715,-0.21896915442331935,0.5490696195017648,-0.5058383202838962,-0.5953641802360774,0.2540204144405247,0.8500593636828019,0.20650258610242309
1.0513459311514215,0.21812780386435504,-0.9705848798519869,2.3275659385321097,-0.08809177427341486,-0.5058392866691771,0.8769009457358307,0.8742349515300734,-0.7403331463319207,-0.5567363724949593
-0.218963162016465,-2.0416899019988826,-1.5475394688029342,-0.5423838533796699,0.8886886642970255,-0.50549200001207,0.12499411354303464,0.40040645425048,-1.971761930078187,-0.15221265682538732
-0.3113492778832205,0.5318810530088118,0.21110065377657022,-0.5139309473131288,-0.9456388788162658,0.29303537886695796,1.0293855480686351,-1.0364880944104007,0.5938092517542458,0.9602287870639056
-0.2016407652914483,0.9409517449313312,0.8596785599941246,1.2368712059813673,-0.9170026818356534,0.1416350181950727,-0.23255598847871434,-0.34308053741587347,1.5959177113472323,-0.5325313453086957
-1.194791510859069,-0.3299474921095054,0.3545456908506882,-0.48073589023549756,-0.7267559071848566,-0.5057944786049868,-0.39555677028274705,-1.4675564590086647,0.5852664690151247,1.7265521896578409
-1.1832432463757245,-0.44115117535057874,-0.09682008970756682,-0.20284584098561262,1.1832255350044198,-0.5058431199974579,-0.27987879609924,0.4813040025665083,2.4275042186085454,-1.5535440572500911
0.23141915283396722,-1.8391403360954992,-1.4294899569646216,-0.3289870578806116,1.2673789266351039,-0.5058431199974579,0.9137075738851284,-0.2005467618114431,0.19416719673974067,-0.5526634439099751
-0.31712341012489265,-2.3359825065761517,-2.2570269550782402,-0.025489393170839817,2.0397868426738834,2.6123600529894557,-0.5427832828799379,-0.820761298900992,0.7710386233459325,-0.49773237527119324
0.8203806414845326,1.2944205952333137,0.5565194774917007,-0.06722032206843338,0.5160093585039959,2.496393819283331,-0.683700087794392,-0.3045578953606219,-0.2720484971987746,-1.287024309170063
-0.6289265511751921,-0.8621365476203561,0.5096964778381851,-0.49401391306655007,0.8706557946618789,-0.5058431199974579,-0.47442811631695647,-0.004081287329660479,1.498009412298087,-0.519859003844203
-2.003170024693179,0.9171223842368154,0.5710028629777459,-0.365027405564897,-0.9462159306445908,-0.5052439611233096,-0.836710499100758,-0.2313648754556443,1.8313447903491809,0.08945434677594148
-1.7260116770929121,1.342079316622345,0.9102712079248301,0.2979253057855108,-0.9121939165996141,-0.5033498459727762,0.7191582536674117,0.10378211042504369,0.9788351394260367,0.5384066061968735
1.2072475016765711,0.20224156340134455,0.3650610255186387,-0.43236594992237765,-0.33454099262041825,-0.5021708559300972,-0.2535883474211702,-0.3623418584434992,-0.07132647307450511,-0.6355318966918911
1.0513459311514215,-0.7985915857683141,-0.10991465740727895,-0.44090182174233994,0.383768314512921,-0.5058431199974579,-0.5480413726155519,-0.6628184664744611,-0.13946851351702522,0.05210845556940992
0.20832262386727834,0.5636535339348329,0.447199677453196,-0.3413166505094461,-0.5539409065147017,-0.505709114571842,0.10921984433619289,0.8819394799411236,0.1950014528666076,0.6326775365577786
0.006227995408750759,-2.1830774421196755,-3.0774214617192883,-0.39917089284474633,2.0067265816761144,2.525385377709862,-0.5480413726155519,-1.3523737592634628,-0.06281706058045888,-0.41824231552759333
-1.8588167186513733,-0.004279562617791151,0.16665848461391114,-0.22560816583884563,-0.5539409065147017,-0.5058169953820313,-0.7184034800494441,-1.4217145149629153,0.4538878141560648,0.46392698274132704
-1.4604015939759905,1.1673306715292304,0.8160300009950845,0.7247188967836274,-0.937409879306094,-0.5058431199974579,1.0188693685974073,-0.6936365801186622,0.38441096391055724,-0.01875514747221948
-0.22473729425813718,-0.16314196724789587,0.7830951792048996,-0.5272089701441813,0.8586338815717812,-0.5058431199974579,-0.4271053086964308,-0.5973299749805334,-0.06465242405956667,0.4391832317971902
-0.14389944287472617,0.6708856570601535,1.2394210232857732,-0.4646125767977909,-0.5178751672444086,-0.5058431199974579,2.6593933661089624,-0.04645619359043698,-1.3521098492862402,0.0279160861549387
1.2880853530599823,0.8218049414587526,0.0928527393973526,-0.3204511860606493,0.14633553098349078,-0.5011078321211245,-0.34297587292660753,0.6430990991985647,0.16339983078087517,0.9145159721082363
-0.005320269074593587,1.0720132287511674,0.8233708950085593,-0.15637276107692896,-0.9472979028226995,-0.5018487275031359,-0.8934978682453888,0.9898028776958279,-1.4056690926311202,0.08799021715224128
-1.0446640725755914,1.405624278474387,0.6192146804175949,-0.43236594992237765,-0.7321657680754007,-0.12573157618293748,0.824320048379691,-0.6936365801186622,1.0796132795516056,-1.4096557758693067
0.5085775004342336,-0.667530101948478,-0.30553956273934,-0.5490228647951962,1.582954145250169,-0.401795638088907,-0.24307216794994227,0.3772928690173291,-0.9735911594040143,-0.052693383339687955
-1.6393996934678292,1.1633591114134778,0.7759526877323294,0.13100159019513624,-0.9476251994065775,2.473844829396029,0.5298670231853094,-1.3408169666468872,0.08281068892549491,-1.5352653395486902
-0.21318902977479276,-1.3387237615106697,-0.44501654899536375,-0.4778905996288434,1.5318610146172538,-0.4472157462904726,-0.3587501421334494,-0.6666707306799862,-1.0559155540032783,-0.05198159553887485
0.12748477248386728,-0.8343356268100877,-0.6017545563100984,-0.5499712949974143,1.4657404926217166,-0.3824679324712195,-0.5585575520867798,-0.9671473387109479,-0.2075438134693956,-0.002305051957638399
1.617210890835298,0.37699020849445974,0.4743808255571436,-0.4522829841689564,0.5791244022270091,-0.5014943862334783,-0.05903902720345375,1.9066417586108133,-0.2851296332680535,-0.15661168193216715
0.046646921100456276,-2.3240678262288936,-1.615591540333256,-0.29389514039854425,2.03077040785631,1.2207652485159572,-0.6963195031598656,-1.0018177165606745,0.5402500084093661,0.5991270236351551
-0.7848281217003419,-1.6921926118126527,-0.6358797933457117,-0.30622473302737874,1.3875980575360813,-0.5058431199974579,-0.17997509112257487,-0.281444310127471,-1.5026430248181735,-0.45460031869517775
-0.17854423632475952,0.37301864837870713,0.8902325512934525,3.494135087260295,0.4168285755106898,-0.5058431199974579,-0.24307216794994227,-0.2698875175108955,-0.9341475297257289,-0.7196849125712385
-0.19009250080810386,0.37699020849445974,0.9378491611105872,-0.5338479815597077,0.9277598818398431,-0.5058431199974579,-0.7094647274989004,0.03444135472559099,0.6969233090350426,0.5223694361919009
-0.9003107665337863,-0.024137363196554244,-0.10733542437551746,-0.011262940137569228,1.727217102331342,-0.5058431199974579,0.7507067920810955,0.161566073507921,-1.2360815071615379,-0.7396243141207821
1.2996336175433265,0.8456343021532683,0.41585207599024904,0.19359798354152663,-0.5990230806025683,-0.5058301704346941,-0.5532994623511658,1.3673247698372923,-0.40469522137067326,0.03564390999582096
-2.020492421418195,0.8257765015745052,-0.40196319761903776,-0.1895678181545601,-0.9476026583195334,2.380427585577206,-0.8204104209203549,-1.6740378204248128,-0.4196117209190604,2.4604678531126436
0.6298342775093502,0.1148672408547874,0.3337134240556919,-0.44754083315786625,0.11327526998572199,-0.5058431199974579,-0.5795899110292356,0.2540204144405247,-0.3045844861465987,-0.964519859498129
-0.8367953118753918,0.8654921027320314,0.2952233311201748,-0.08429206570835804,-0.8926583078282053,-0.5036751956840073,-0.02223239905415616,-1.0441926228214506,-0.06872359395867912,1.4685471778797388
-0.005320269074593587,1.1832169119922404,0.39224217362258645,0.01529310552453566,-0.9424590828039352,-0.48168348797534855,-0.5638156418223937,-0.49331884143135435,-0.7383643018725141,1.8875509345148918
-2.1302009340099666,1.3341361963908398,0.945785262746776,0.8385305210497916,-0.9437213836783954,-0.5056942966642017,0.08818748539373704,-0.47405752040372867,2.457971252361738,-0.20743511233037898
0.439287913534167,0.3968480090732229,0.7203999762790058,-0.5129825171109108,0.2395053574317483,-0.5058431199974579,-0.7783457030354433,1.4944494886196227,-1.53981747783138,0.7122927969241076
0.46238444250085586,1.3063352755805715,0.962054271100964,0.46864274218475743,-0.923765007948833,1.4075997361536026,1.0399017275398632,-1.3562260234689878,0.27071853894108294,-0.9357774187821901
0.8319289059678772,1.4135673987058923,1.0293127324676667,-0.09093107712388439,-0.7604172638371302,-0.5058431199974579,0.6139964589551328,1.1015185396560572,0.3958903282162509,0.2467467599701533
1.4324386591017868,0.28564432583214955,-0.9652280112475593,-0.19430996916565027,-0.9475671936759176,2.586589778832539,-0.6668742006404272,0.8164509884471965,0.06228798820455983,1.4345902757945166
-1.0908571305089692,1.0918710293299305,0.1488022559324857,0.07125048745539991,-0.875527081674816,-0.5046158106907348,4.073819504989117,0.5699060792935867,-0.9701540241613213,-0.34264433397363764
-0.3113492778832205,-0.635757621022457,0.29304090317022274,-0.49970449427985825,-0.3165081229852717,-0.5058431199974579,-0.7520552543573735,-0.9401814892722716,0.2903068727999265,0.35783629928218946
0.05242105334212845,1.218960953034014,0.7809127512549476,-0.49306548286433205,-0.9306174984101887,-0.4781722881214686,-0.3797825010759053,0.7933374032140457,-0.9052488974910461,0.34638544370063573
1.2996336175433265,0.7979755807642368,0.13431887044644053,-0.517724668122001,-0.4036669928884802,-0.5052471824075793,-0.8151523311847408,1.1053708038615824,-0.47143571152005626,0.1771352009465466
0.7626393190678105,-0.44512273546633135,0.14245337462353444,-0.34036822030722813,-0.8523848989763778,-0.5057274758921787,0.3773824208525045,-1.360078287674513,-0.07176028626047626,-0.11845166843852101
-0.6924420058335865,-0.985254911208687,-0.0761862254534753,-0.44185025194455807,1.411641883716277,-0.5058431199974579,0.351091972174435,0.34647475537312794,-1.6350895275196242,0.05922859731952437
0.08706584679216178,1.270591234538798,0.5077124524291378,-0.3451103713183183,-0.9441120958538234,0.7407938923433847,-0.400814860018361,1.2324955226439125,-1.02548189049516,0.058748634746528514
0.6067377485426614,1.322221516043582,1.2217631971452525,-0.44090182174233994,-0.9240355009933603,-0.44496084730174235,0.09870366486496497,1.783369304034009,0.429127092310644,0.2817768087090043
-2.3207472979851493,1.405624278474387,0.993203470023006,0.6203915745396433,-0.9448634654219547,-0.5056227841534163,0.01983231883075554,-1.3177033814137364,-1.5732210931511466,0.6696079476654779
-1.2121139075840857,-1.4419843245202377,-0.5815174971378161,-0.14499159865031247,1.907545798682808,-0.505808330127346,-0.5585575520867798,-1.0249313017938253,-1.136337844633285,-1.478157869631055
-1.1255019239590025,-2.2593313963421258,-3.291696205896394,-0.4883233318532418,2.036781364401359,2.386870154116435,-0.6553064032220766,-0.5780686539529076,-0.7078972681193203,-2.742090791034419
-0.5365404353084369,-1.592903608918837,-1.5705541635478826,-0.5044466452909485,1.679129449970951,-0.5055931483381358,-0.6779161890852167,-1.1058288501098534,1.0879558408202783,0.9991367591624098
-2.020492421418195,-1.469785245330506,-1.56162604920717,-0.41908792709132514,1.8474362332323193,2.3610998799595184,-0.521750923937482,-1.6520799144533194,0.11361142512943528,-1.0079619704544607
1.2707629563349656,0.38096176861021236,0.7878568401866131,-0.016005091148659393,-0.941557439322178,-0.5057277980206057,-0.6815968519001463,1.332654391987566,-0.12418494127281657,1.2047604863682286
-0.17277010408308724,-1.5253870869510426,-1.5477378713438392,-0.5376417023685797,1.4236637968063748,-0.5058394155205479,-0.6384805160681118,-0.7899431852567907,0.7285583013658504,0.5888733552254427
-0.31712341012489265,-1.8748843771372725,-1.6844372220271964,-0.466509437202227,1.7332280588763909,-0.5058389323279074,-0.5480413726155519,-0.7206024295573383,0.4577253923396546,-0.11908659661432473
-0.484573245133387,-1.7835384944749626,-1.411038520660482,-0.3574399639471528,2.03077040785631,2.419082996812581,-0.5638156418223937,-1.6174095366035932,-0.7104334067449971,-1.0914513972026296
-0.5885076254834866,0.5120232524300488,0.8983670554705464,-0.14594002885253043,-0.9061829600545654,-0.5058431199974579,-0.6184997750727789,-0.44709167096505265,1.6888538438802487,0.046295512197938
0.5028033681925614,0.7582599796067107,0.8138475730451326,-0.5243636795375273,-0.9097895339815945,-0.21560540730518427,-0.5848480007648496,-0.25833072489432035,0.028851002639718605,-0.5105557806356037
-0.9118590310171308,0.2737296454848917,0.4069239616495363,-0.4247785083046333,-0.4968368193367376,0.4122228968426973,-0.22203980900748643,-0.37775091526559984,-0.4862521003332193,-0.14785843819561334
-1.7144634126095681,-1.4419843245202377,-1.7889953610839882,-0.45987042578670073,1.8895129290476613,2.5157215249010183,2.6015543790172084,-1.6274254235379584,-0.16416249487229675,0.0011632993889747782
1.3804714689267377,0.9290370645840732,0.8826932547390728,0.03236484916446032,-0.695799480977855,-0.4996582541997979,-0.779397320982566,1.706324019923506,0.09762707773865806,0.11360796463958187
-0.299801013399876,-0.5285254978971363,0.3186348309469325,-0.5205699587286551,0.9548091862925633,-0.5058431199974579,-0.05378093746783978,-0.920920168244646,0.32013987189670084,0.302515215155759
0.14480716920888392,0.17841220270682928,0.27022461096617906,-0.4333143801245957,-0.41268342770605343,-0.5058431199974579,-0.5375251931443239,-0.29685336694957165,-0.7048605758175236,-0.2319854434686687
-0.7501833282503086,1.1395297507189621,0.7773415055186625,0.8100776149832508,-0.9323907305909782,-0.5058431199974579,-0.41658912922520286,-1.1597605489872054,1.0953306649817853,-0.6817958995316737
1.363149072201721,0.3690470882629545,-0.1779667289376005,-0.22465973563662753,-0.7790512291267818,2.2934529102976122,-0.5585575520867798,-1.2406580973032333,0.09552475229895235,1.8929420825842318
-0.2824786166748594,-0.22668692909993776,0.1751897938728145,0.4117369300516752,-0.4547601235213955,-0.5058431199974579,0.15128456222110445,0.5467924940604358,0.31403311704803255,-1.9592944577057787
0.5605446906092836,0.09898100039177693,1.2029149557593033,-0.3792538585981676,-0.36760125361818696,-0.5058431199974579,-0.6721322903760413,-0.2660352533053704,0.595644615233354,-0.06198551082940115
-0.1843183685664317,-0.3696630932670316,0.34839521208264174,-0.45133455396673844,0.65426135904012,-0.5058383524967389,-0.47442811631695647,0.011327769492440031,-0.23337238315720696,0.2634190993522243
-0.5942817577251587,-0.20285756840542207,0.46823034678909714,-0.5328995513574896,0.48896005405127607,-0.505725865250044,-0.4639119368457285,-0.03875166517938663,-1.852363193200941,0.6339902915409251
2.0271742799940258,-0.7231319435690144,0.2587172635937049,-0.39727403244031023,-0.7102257766859722,-0.3148209628093134,-0.8414427798628107,1.8796759091721371,-0.2776213281262482,0.771253748265212
0.9762822120096823,0.09103788016027169,0.22776646721256721,2.128395596066322,-0.5990230806025683,-0.5058431199974579,-0.5585575520867798,0.4967130593886088,0.26451167335719,-0.7286735348488684
0.5374481616425947,0.4246489298834912,-0.5833031200059587,-0.5328995513574896,-0.6492145677537262,-0.48699860702021264,0.3668662413812766,1.9181985512273887,0.7145094281894055,-0.6176958162167213
-0.0688357237329873,-1.163975116417555,-1.384650982720153,-0.5234152493353093,1.3966144923536545,-0.501429960548086,-0.5164928342018681,0.3541792837841782,0.53224114959144,-0.18551468094335904
0.3642241943924282,-0.1234263660903697,0.43430351229438874,-0.44754083315786625,0.1944231833438817,-0.5058431199974579,-0.4271053086964308,-0.12350147770094004,-0.9390529557517086,-0.5286765931856301
-2.742258951627221,-1.6683632511181368,-2.4369780596788284,-0.4873749016510238,1.1832255350044198,2.53827051478832,-0.4428795779032727,-1.6150981780802778,-1.1476169874685302,0.6510004216128971
0.387320723359117,0.20224156340134455,0.655323942862255,0.8005933129610704,0.014094486992415795,-0.5058431199974579,-0.7084131095517775,0.650803627609615,-1.4556910899980826,0.3401863625240346
-0.9696003534338525,0.46833609115677,0.3446255638054519,-0.467457867404445,0.24251083570427262,-0.5058431199974579,4.000206248690521,-0.3045578953606219,-1.2087179062002908,0.8360579259842831
1.4670834525518206,0.889321463426547,0.9330875001288734,1.0187322594712191,-0.015960295732828457,-0.5058431199974579,0.6876097152537279,0.19238418715212222,-0.23634233496885448,-1.9536425199345269
-1.570110106567763,1.270591234538798,0.9303098645562075,0.5350328563400198,-0.9476307294865988,-0.5018487275031359,-0.8209362298939163,-0.9787041313275233,-0.4137385577859146,1.8611905906616606
-0.32289754236656487,1.2666196744230453,1.0023299869046236,2.944045569973834,-0.9343142366853938,-0.5054533446008346,-0.42184721896081684,-0.6435571454468353,1.7665731446592048,0.007827260814191765
-0.2478338232248261,1.0084682668991256,0.8449967719671746,0.5919386684731022,-0.5509354282421773,-0.5058368062802895,3.3008803138538645,0.839564573680347,0.2927095304453043,0.5817209652282689
0.7279945256177772,0.2538718449061286,0.3934325888680147,-0.4684062976066631,0.2755710967020414,-0.5058431199974579,-0.5532994623511658,1.656244585251679,-0.7264844946259236,-0.805832215921877
-0.9753744856755248,-0.4332080551190735,0.4561277917939088,-0.5082403660998206,0.12830266134834423,-0.5058031760725147,1.1398054325165283,-1.566559649090661,0.5931752170978273,1.5708232164999016
-1.0215675436089027,-1.6723348112338896,-0.7872609320560188,-0.5310026909530535,1.5559048407974494,-0.5057693525876837,-0.6069319776544282,-0.535693747692131,-1.3576826802137139,-0.5049568831806324
-0.42683192271666476,-0.46498053604509443,-0.3164517024891003,-0.5205699587286551,-0.6924934548780781,-0.4417395630321278,-0.743642310780391,-1.2136922478645573,0.26457841384733977,1.3740380934725624
-2.2283611821183946,-2.203332398710014,-2.662363346146598,-0.44754083315786625,1.9255786683179545,2.5543769361363933,-0.6326966173589366,-1.6963809528168583,-1.7095719145263357,1.228934276885654
0.520125764917578,0.6986865778704214,0.7640485352780458,-0.2768233967586196,-0.16022325281400113,-0.483970599806775,0.18283310063478822,0.6816217412538161,-0.4720363759314007,-0.4175639856950912
-2.0609113471099,1.199103152455251,0.1210259002058239,-0.057736020046253056,-0.9476239972152682,1.0822500249225302,-0.7326003223356018,-1.3254079098247866,1.425128797054961,-0.7423868585529659
1.5017282460018537,0.46039297092526477,1.0477641687718064,-0.2673390947364392,-0.09710820909098819,-0.5058380947939973,-0.5848480007648496,-0.3854554436766502,-0.8727796490333712,-0.40147867791960296
0.13325890472553947,0.5159948125458014,-0.20415586433702443,7.866398319485446,1.4086364054437523,-0.5058431199974579,2.3491660717077387,-0.1581718555506664,-0.7069629012572293,0.46931780069818385
-1.7317858093345844,-0.9614255505141712,0.047815362611979315,-0.4541798445733925,2.042792320946407,-0.49463305073919916,-0.32720160371976564,-0.49717110563687955,-1.4039004696421615,-0.6319813521267583
0.3584500621507559,-0.4768952163923523,-0.19919580081440613,-0.4437471123489941,-0.0910972525459393,-0.5058431199974579,-0.4639119368457285,0.5429402298549106,0.06809441084755587,-0.44708135156616285
-0.2824786166748594,-2.1131779840824296,-1.0662149045680656,-0.3213996162628673,2.024759451311261,-0.45945662651500796,-0.5995706520245686,-0.5433982761031813,-0.42691980459041806,0.2783717661135426
-1.77220473502629,-1.8033962950537257,-0.606516217291812,-0.4883233318532418,-0.10913012218108578,-0.505829429539312,-0.6936904582920586,-0.2930011027440465,-1.3995623377824515,-3.65442371181571
0.2545156818006561,-0.695331022758746,-0.36863157074704367,-0.4873749016510238,-0.8713194120932819,0.3445759271807913,-0.6794936160059006,-1.6328185934256936,0.5963453903799231,-0.07926144659052418
-1.0850829982672971,0.9846389062046099,0.14146136191901088,4.063193208591118,-0.9426093567175613,-0.5058431199974579,2.201939559110548,-0.970999602916473,1.9053599939248476,-1.1371074037607403
0.24874154955898384,0.2697580853691391,0.5339015878285618,-0.5129825171109108,-0.5238861237894574,-0.5058431199974579,0.7296744331386397,-0.06956977882358785,-1.106771807497108,-1.24269084630049
0.24874154955898384,0.5954260148608538,0.007142841726510196,-0.3109668840384689,-0.30749168816769834,2.0132011788411437,-0.6689774365346729,0.4427813605112567,1.6637594195840801,1.208651337709617
0.11016237575885068,0.8496058622690209,0.9741568260961524,-0.43426281032681374,-0.9467028181247396,-0.5028441043424468,-0.7015775928954795,-0.6628184664744611,-1.1376392841911978,0.8418001155170367
-0.17277010408308724,-1.088515474218255,-0.21744883457764125,-0.5736820500528652,1.5018062318920093,-0.5058431199974579,-0.4271053086964308,-0.48561431302030406,-1.0406319817590697,0.5661500247789112
1.7211452711853978,-1.851055016442757,-0.3985903544236575,0.895436333182874,-0.3796231667082847,2.187150529400331,-0.4849442957881844,0.5390879656493854,0.596845944056043,-1.0082805969194129
-0.03996506252462623,1.2666196744230453,1.0693900457304217,-0.33372920889170177,-0.9473835589534664,-0.5058288174953008,1.9758417004791475,0.5429402298549106,-0.33625284872248085,-0.4541575724169533
0.09283997903383398,-0.8184493863470772,-0.5842951327104825,-0.4560767049778286,1.0840447520111138,-0.5002058725256324,0.587706010277063,-0.4625007277871531,-0.8234250565679024,1.0488507290493616
0.8781219639012549,0.9052077038895575,0.6465942310624471,0.4401898361182163,-0.6410997764179104,-0.27938683584355295,-0.17997509112257487,0.41966777527810584,0.8645754202902929,-0.22591165506441063
-0.813698782908703,0.9687526657415995,0.8795188140845972,-0.43521124052903176,-0.7300619332846334,-0.5057303750480214,0.8558685867933747,-0.15431959134514125,-1.6633541250978878,0.3671565195432371
-0.7617315927336531,-1.4062402834784642,-1.1047049975035823,-0.3526978129360626,1.9556334510431994,2.1130609911991955,-0.5690737315580077,-0.3854554436766502,0.911794317070982,0.12940388428726363
1.3804714689267377,0.5080516923142961,0.6227859261538798,0.2505037956746089,-0.47279299315654205,-0.5057706411013916,-0.6879065595828832,0.015180033697965159,-0.5725141838512973,0.16344386162823932
-0.05728745924964285,0.30153056629516,0.5501705961827494,-0.4257269385068514,-0.7177394723672832,-0.5058431199974579,0.6087383692195188,1.2363477868494377,1.3979320473190877,0.25630194229266423
-2.297650769018461,-2.3514715910275865,-3.0044093266663485,-0.43710810093346786,1.9255786683179545,-0.4510812874140101,-0.3324596934553796,-1.5184063465215967,0.464766514050414,0.9357115395055379
0.24874154955898384,0.5437957333560697,-0.14562711477012988,0.1841136815193463,1.3695651879009345,-0.5058337138473907,-0.5375251931443239,1.6755059062793047,-1.5965468944583556,-0.6347041125220148
0.9878304764930269,0.4246489298834912,0.6674264978574435,-0.3726148471826413,-0.4006615146159557,-0.5058431199974579,-0.5480413726155519,1.6254264716074778,-0.9072844824406026,0.02228608460843964
0.3122570042173783,-2.1171495441981825,-1.415204974019481,-0.33467763909391984,1.961644407588248,-0.5057893245501554,-0.400814860018361,-1.0403403586159257,0.23851625244400543,0.6277137252393894
0.23141915283396722,1.2586765541915401,1.4156024796091708,0.01908682633340783,-0.8238328553873957,-0.5058431199974579,0.2406720877265418,-0.2698875175108955,0.463798776943248,0.12798074731755302
-0.8310211796337196,1.0958425894456831,0.4600958426120032,-0.22086601482775536,0.404806662420592,-0.5058431199974579,3.7530760311166653,1.355767977220717,-0.6341823967493272,0.5271003179403456
-0.01109440131626576,1.1395297507189621,1.0130437241134789,-0.2559579323098228,-0.8746254381930587,2.1033971383903523,-0.40607294975397495,-1.2945897961805855,0.2605072439482269,-0.823955632365701
0.8088323770011882,-0.05988140423832781,0.030554341553268083,-0.3858928700136939,-0.5359080368795551,-0.5058431199974579,-0.22729789874310038,0.9012008009687493,0.7965668608280722,-0.5468637850563007
1.7211452711853978,-0.3934924539615473,0.8807092293300256,-0.0918795073261024,-0.5930121240575195,-0.46267791078462256,-0.7699327594584608,0.7933374032140457,-1.038863358770111,-0.3026685630402272
1.1090872535681435,0.23798560444311812,0.828727763612987,1.6257275888907627,-0.6170559502377149,-0.5057983441461102,-0.5427832828799379,0.45819041733335736,0.2487609176819363,-0.565265390113161
1.4151162623767706,0.46039297092526477,-0.8084900039328243,0.20308228556370705,-0.5028477758817865,2.6123600529894557,-0.5585575520867798,0.6469513634040898,0.12899510810886805,1.87709924686335
-0.6520230801418809,0.9568379853943416,0.796586551986421,-0.23319560745658985,-0.9439918767229226,-0.5008179165368591,-0.39555677028274705,0.08837305360294308,-0.8722457251121765,-0.03976431716930998
-0.14967357511639834,0.8456343021532683,0.6009616466543597,-0.37166641698042324,-0.942068370628507,-0.505819572409447,0.829578138115305,1.6369832642240532,1.1991788676542257,-0.6093201201557703
-1.0850829982672971,-0.1671135273636485,0.3979958473088236,-0.4959107734709861,0.5190148367765204,-0.505775473027796,0.961030381505654,-0.05801298620701236,1.1020714544868728,1.0380368709914216
0.5778670873343001,-0.11151168574311185,0.5779469519094114,-0.47504530902218933,0.2545327487943705,-0.5058431199974579,-0.5164928342018681,-0.007933551535185606,-1.0382626943587665,-0.2736519611106092
0.9878304764930269,0.9012361437738049,0.7723814419960442,-0.10895125096602705,-0.8298438119324446,-0.5003991495818093,0.9189656636207423,-0.5318414834866058,-0.004485872189898023,-0.035574999419578764
0.7106721288927605,0.16649752235957144,0.2142750944310458,0.11582670695964765,-0.7192422115035455,-0.5054791148749914,-0.41658912922520286,0.288690792290251,1.266419911479728,-1.382294983591308
-1.1774691141340523,0.5239379327773066,0.519219799801612,-0.08808578651723022,-0.9399344810550144,-0.5024285586716665,-0.6253352917290771,-0.5164324266645052,2.326425746277305,0.8370401745993195
-0.703990270316931,-0.6873879025272408,0.03174475679869654,-0.13645572683035015,0.6272120545874,-0.5031082496525552,-0.53226710340871,-0.11579694928988968,-1.145748253744348,-0.5082338909927983
0.7337686578594494,1.3579655570853555,0.6456022183579235,-0.17154764431241745,-0.5118642106993597,2.641351611415987,0.14076838274987652,0.17312286612449648,0.5950773210670843,-0.014226685975875411
-0.0457391947662985,1.1435013108347147,0.8311085941038437,-0.1544759006724928,-0.947611674754351,-0.505198863143535,0.6981258947249559,-0.07342204302911298,-0.454149924571366,0.007764806900316545
-2.0897820083182617,-1.2036907175750808,-0.5001724553668782,-0.49970449427985825,1.6460691889731824,-0.5057780500552117,-0.5427832828799379,-1.2560671541253337,-1.299651824028825,-0.15104837828543213
-1.3045000234508408,-0.012222682849296387,-0.5594948150973915,-0.3147606048473411,1.411641883716277,-0.5058371606215591,-0.43236339843204474,1.1130753322726328,1.163873148365201,-0.9608622336004776
-0.09770638494134846,1.0958425894456831,1.0132421266543836,-0.19715525977230455,-0.9347951132089977,-0.5058431199974579,-0.08532947588152355,0.4890085309775586,0.13273257555723328,-0.506696499569068
-0.25938208770817056,-0.0360520435438121,-1.4872250963678972,-0.4740968788199713,-0.8671117425117476,2.4448532709694977,-0.05903902720345375,0.25016815023499955,-1.0073618474196022,1.3048828877026757
-1.9107839088264233,1.187188472107993,0.8604721701577432,0.6393601785840041,-0.9475939424325432,-0.10640387056525,-0.31142733451292376,-0.9671473387109479,0.9730287167830401,-0.5159893034182823
-0.7559574604919809,1.2785343547703032,0.7257568448834335,0.8385305210497916,-0.9475530679280366,-0.3966415832575237,0.44047949767987205,-0.2775920459219458,1.0930948585617808,0.2769048305333023
-2.3611662236768556,-2.36457773940957,-2.47943620343244,-0.43710810093346786,1.9886937120409676,0.5442955518968953,-0.5848480007648496,-1.6963809528168583,-1.6035546459240408,1.4215666413193284
-0.3055751456415482,0.003663557613714085,-0.7080983182350326,1.530884568668959,-0.4367272538862489,-0.5058431199974579,0.2564463569333837,1.2941317499323146,-1.4509525151974767,4.592832748179049
-0.7675057249753252,-1.2275200782695965,0.35533930101430716,-0.4684062976066631,2.0337758861288346,-0.4488263884252799,-0.24833025768555622,-0.31226242377167224,0.017405008579099747,-0.18481457164899218
-1.9742993634848172,-0.37760621349853685,0.13312845520101227,-0.3185543256562133,-0.47880394970159096,-0.5058431199974579,-0.2062655398006447,-0.6589662022689359,-1.9460668413706745,-0.5010604285911676
0.7568651868261382,-0.7866769054210563,-0.24998685128601641,-0.3669242659693331,0.22748344434165052,-0.5058431199974579,-0.6689774365346729,1.760255718800858,0.4893937549155363,-0.5785797561602939
-0.10925464942469282,-0.9336246297039029,-0.13491337756127456,-0.5272089701441813,-0.6050340371476172,-0.5056617616930786,-0.5848480007648496,-0.33922827321034826,0.6817732177711333,-0.47455423072246683
0.8088323770011882,0.4325920501149964,0.2537572000710866,-0.5310026909530535,0.6452449242225466,-0.49337674987404945,-0.34297587292660753,1.5676425085246004,-0.1385341466549337,0.7343595705760418
-0.138125310633054,0.21018468363284978,0.6854811290797738,-0.5205699587286551,-0.944442698463801,-0.18951300472130617,-0.4849442957881844,0.6084287213488383,0.27111898188197925,-0.5138526461881735
0.24874154955898384,0.24592872467462334,-0.7557149280521669,7.989694245773791,1.9796772772233941,-0.5058431199974579,1.339612842469859,-0.23521713966116944,-1.7759787022249718,-0.03087282894276307
-0.4730249806500425,0.9965535865518678,0.9285242416880649,-0.03497369519302014,-0.9463271333406739,-0.5058431199974579,-0.5953641802360774,0.39270192583942976,0.6643539498421438,0.7188240006875868
0.4219655168091504,0.2538718449061286,0.0636875658843576,1.7679921192234682,-0.5329025586070307,-0.5058431199974579,3.237783237026497,1.8758236449666121,1.7287646569895798,0.35994597849996546
-0.40950952599164814,0.9766957859731047,0.44938210540314794,-0.3526978129360626,-0.9476203906413414,-0.48906022895276596,1.6025173292505568,0.288690792290251,1.1296686471636426,-0.7092892229399753
1.3804714689267377,-0.9375961898196555,-0.5973897004101943,-0.11274497177489923,0.5791244022270091,-0.21109560932772387,-0.5743318212936217,-0.5588073329252818,-0.07262791263241815,-0.6766585496782428
1.836627916018842,-0.25845941002595874,-0.7245657291301247,-0.30337944242072457,0.42885048860078745,0.7923344406572179,-0.521750923937482,1.509858545441723,-0.07166017552525215,-0.7810297298313115
0.5028033681925614,-0.34186217245676326,0.2136798868083316,-0.467457867404445,1.0539899692858692,2.4996151035529457,-0.6347998532531821,-0.5896254465694831,-1.406636829738286,0.37345339933870303
1.0051528732180437,-0.5642695389389099,0.04583133720293216,-0.4646125767977909,-0.25639855753478297,-0.5058431199974579,-0.4639119368457285,0.839564573680347,-0.6065852040725573,-1.0229524871426645
-0.40950952599164814,1.1236435102559517,0.01369012557636641,-0.17249607451463556,-0.9475007726060948,-0.502557410042451,-0.602725505865937,0.049850411547691605,-0.4716359329905043,0.399864642551689
-0.6462489479002088,-0.5364686181286416,0.544020117414703,-0.5243636795375273,-0.17825612244914782,-0.45494682853754753,0.5246089334496955,-0.5241369550755555,1.2633832191779322,0.5914053571466048
1.455535188068476,0.027492918308229794,0.181340272640861,-0.23793775846768012,0.46191074959855605,-0.5058314267355593,-0.5901060905004635,1.4251087329201697,1.1609699370437032,-0.21835443790941675
0.46238444250085586,0.9330086246998259,0.5166405667698506,0.9523421453159563,1.7001677978786223,-0.5057274758921787,0.24593017746215576,1.8295964745003104,0.9940186009350218,-0.7302667476844478
0.18522609490058942,-1.1282310753757812,-0.21764723711854583,-0.49496234326876815,1.3124611007229703,-0.5058431199974579,-0.5638156418223937,0.8203032526527216,-0.6851387609783811,-1.0459341362267092
1.1090872535681435,-0.13534104643762757,-0.639847844163806,-0.2673390947364392,-0.16022325281400113,2.0389714529980605,0.5508993821277652,-1.2522148899198087,-0.40572969896798877,-0.07611159630014924
-2.4131334138519054,0.9012361437738049,2.266154172467738,-0.07480776368617761,-0.37361221016323587,2.280567773219154,2.16513293096125,-1.6359004047901136,0.46887105419460073,-2.8640847273823353
-0.7097644025586031,-2.2239845113119276,-1.788003348379464,-0.465561007000009,1.8384197984147461,-0.5058431199974579,-0.34297587292660753,-0.8746929977783442,-0.8650043819309684,-0.5995790814530934
-1.8414943219263564,1.342079316622345,-1.018399892210026,-0.08239520530392207,-0.9476371011005364,2.5511556518667784,-0.006458129847314272,-1.6724969147426025,-0.16493001050901504,-2.3927957834496025
-1.1890173786173968,0.2975590061794074,0.009325269676462434,-0.4238300781024153,1.351532318265788,-0.4941820709414531,0.49831848477162566,0.6700649486372408,1.1500244966592044,1.0938949478419493
0.7048979966510883,-0.7985915857683141,-0.6313165349049029,-0.49306548286433205,0.8015297943938169,-0.3003251835960477,0.6718354460468864,-0.1350582703175154,-0.0701918847419654,0.49640639315897267
1.38624560116841,-0.13931260655338018,-0.12003318699342003,0.024777407546716083,-0.6633403156345911,-0.5058431199974579,-0.4954604752594123,-0.6551139380634107,-0.9727235330320726,0.14768350381201129
0.6818014676844001,0.6192553755553695,0.5741773036322215,-0.2730296759497475,0.5731134456819602,-0.4757241120765616,-0.7583649620401101,1.7409943977732325,-0.7850492747320075,0.5970218714869953
-0.9811486179171969,1.385766477895624,0.9826881353550555,1.1420281857595638,-0.945644889772811,-0.5058183483214246,1.7812923802614316,-0.5896254465694831,1.936027249148489,0.8873966410553127
0.08706584679216178,-1.0726292337552445,-0.05019549259495592,-0.3043278726229427,1.3004391876328727,-0.5055470839730803,-0.4796862060525704,0.500565323594134,2.6011296037321654,0.11859505785448238
0.2545156818006561,0.2340140443273655,-0.1345165724794653,-0.32234804646508536,-0.9232841314252291,-0.5058147726958853,0.345833882438821,-1.5480687809041405,-0.37366089345121034,0.1633125239760669
-2.8415740261839835,-1.7438228933174365,-1.6917781160406713,-0.45323141437117453,2.018748494766212,2.5189428091706327,-0.4691700265813425,-1.6952252735552007,-1.8674131737296262,1.7384224724827697
-0.865665973083753,1.342079316622345,0.898565458011451,-0.07575619388839572,-0.9476452158918723,-0.2990366698882019,-0.5795899110292356,-0.2005467618114431,-0.33084686902038113,-0.04367978919398471
0.751091054584466,0.7900324605327316,0.7269472601288617,-0.2901014195896721,-0.6290778633278127,-0.5058431199974579,2.8118779684417667,-0.08497883564568845,0.19677007585556625,-0.05113018526614708
1.2245698984015878,0.6351416160183799,0.09761440037906603,-0.289152989387454,-0.9473811545708483,0.8213259990837489,-0.8409169708892492,0.627690042376464,0.06162058330306562,-0.7017623054200558
-1.6451738257095017,-0.1909428880581642,-0.24006672424078032,-0.30812159343181483,0.2515272705218461,-0.5058431199974579,-0.02749048878977012,-0.44709167096505265,1.2374211685098213,0.11732475998804459
-0.17277010408308724,0.7463452992594528,0.28470799645222405,-0.5006529244820762,-0.8671117425117476,-0.4828109374697137,-0.4691700265813425,-1.6786605374714427,0.5976468299378356,0.4858422364437744
-2.9339601420507395,0.45642141080951215,0.9608638558555355,-0.043509567012982475,-0.947650174931022,1.8940136608654043,3.658430415875614,-1.4178622507573901,2.588649132074231,-0.3717199032053228
1.120635518051488,-0.37760621349853685,-0.2843104908625343,0.03141641896224243,-0.11213560045361022,-0.5058431199974579,0.7244163434030257,1.3133930709599402,0.6206722990393726,-0.7607877490603535
-0.09193225269967618,1.2467618738442823,0.910072805383925,0.3927683260073145,-0.9467238564726472,-0.5050474627828632,-0.5690737315580077,-0.5549550687197568,1.0958312186579053,-0.4920531669786365
1.617210890835298,-0.2306584892156904,-0.07241657717628545,3.09579440232872,-0.5870011675124706,-0.5058431199974579,1.7970666494682734,1.3981428834814937,-1.2727887767436987,0.20100340691428878
-0.6462489479002088,1.342079316622345,1.1179986682520797,0.08832223109532457,-0.9475353356062288,-0.5027700148042455,-0.6773903801116552,-1.0403403586159257,0.26321023379927744,0.31427242826460494
1.5017282460018537,-0.2822887707204744,0.13312845520101227,0.06176618543321949,-0.6642419591163484,-0.5058431199974579,-0.47442811631695647,-1.182874134220356,0.5298718621911368,-0.26908764188679696
1.0513459311514215,0.08706632004451907,0.08749587079292484,-0.03023154418192998,-0.2173273399919654,-0.5057555010653244,1.9653255210079197,1.8103351534726848,0.9511044657689686,1.859701544758919
0.6587049387177113,1.171302231644983,0.9354683306197303,-0.3555431035427167,-0.16923968763157446,-0.5058381914325254,0.5614155615989932,1.733289869362182,-0.0050531663561676305,0.778053999837863
1.057120063393094,-0.08768232504859613,-0.7886497498423517,-0.31760589545399515,-0.8677128381662524,2.373985017037977,-0.9797305399094577,1.0283255197510797,-0.03849015192100885,2.150355771029905
-1.3911120070759238,0.9131508241210627,0.920588140051876,-0.2787202571630557,-0.947324952127152,-0.5058431199974579,0.356350061910049,-0.32381921638824773,0.9355205613190873,0.7908182099040195
-0.17277010408308724,1.2825059148860558,1.1088721513704625,-0.2787202571630557,-0.8935599513099626,-0.5013977477053898,-0.27987879609924,0.1346002240692449,0.12862803541304654,-0.09151686060937202
-2.465100604026955,0.9766957859731047,-4.170024254481623,-0.1393010174370042,1.8684745811399905,0.6731469226814784,-0.53226710340871,-1.7916474466194954,0.6021851832679934,-0.47531570948924007
0.5720929550926279,1.1673306715292304,0.7346849592241461,-0.38020228880038565,-0.9390929471387076,2.0099798945715293,0.7296744331386397,0.8318600452692967,-0.10473008839427146,2.0310111220465625
1.2130216339182434,0.41670580965198595,0.5061252321019001,-0.439953391540122,-0.9058824122273128,-0.2465297362934842,-0.6095610225222352,-0.8130567704899417,-0.00491968537586917,-0.911265059317076
0.34112766542573936,0.5080516923142961,0.5892558967409808,-0.49401391306655007,-0.9389126184423562,-0.5058431199974579,-0.8067393876077585,-0.9132156398335957,0.1939336050242176,0.6742030002596455
0.1967743593839339,1.3778233576641188,0.5686220324868891,-0.11274497177489923,-0.5088587324268353,-0.5058431199974579,-0.7625714338286014,1.5021540170306729,1.0621272711324672,0.2900733318645755
-1.7433340738179288,0.9409517449313312,0.5969935958362652,-0.2037942711878307,-0.947492657814759,2.0164224631107586,-0.9087463284786693,-0.6165912960081592,-0.5674085363548693,1.742964327865
-0.7732798572169974,-0.3061181314149901,-0.12915970387503745,-0.41813949688910707,1.1952474480945174,0.3800100541465517,-0.5059766547306401,1.4674836391809465,2.333667089458513,-1.1753924555141888
0.05242105334212845,0.7185443784491845,-0.03769613251795791,0.24101949365242856,-0.9449265804656777,1.223986532785572,-0.5427832828799379,-1.0827152648767022,0.4285931683894482,0.13790633851427675
-1.2294363043091023,-0.9137668291251401,0.44600926220776765,-0.4759937392244073,1.5018062318920093,-0.5058398987131884,-0.5638156418223937,-0.16972864816724187,-1.0447031516581817,0.11829264842035958
0.3122570042173783,0.9449233050470838,0.41148722009034494,-0.4892717620554599,-0.8220295684238811,2.212920803557248,0.19334928010601615,0.9089053293797997,0.7647983875169659,0.0459002219241471
0.5547705583676114,1.07598478886692,0.8059114714089433,-0.32803862767839354,-0.9278224036167411,-0.4607451402228538,0.5193508437140815,-0.3045578953606219,0.19763770222750854,-0.9901323448417717
0.18522609490058942,0.682800337407411,-0.0870983652032352,-0.29958572161185254,1.294428231087824,-0.48831933357075463,3.842463556622102,1.1400411817113087,-0.6751944279461229,-0.09734542621399647
-0.8310211796337196,0.1585544021280662,-0.2956194356941038,-0.4247785083046333,-0.7697342464819561,-0.5052729526817361,-0.6537289763013924,0.33106569855102774,-0.38964524084198754,-0.7705886287054585
-0.14967357511639834,0.44450673046225425,0.3479984070008323,-0.31760589545399515,-0.7441876811654984,-0.5058431199974579,-0.5532994623511658,0.3772928690173291,0.9212047261820444,-0.7440330212097084
0.06974345006714518,-1.163975116417555,-0.27379515619458394,-0.26259694372534903,1.0389625779232472,-0.5058431199974579,-0.22203980900748643,-1.5003007047556285,1.2607469698170313,0.5521195476259304
1.7442418001520867,0.6391131761341325,0.9713791905234859,3.977834490391494,-0.6537227851625129,-0.5058431199974579,-0.5964157981832002,-0.49331884143135435,0.6257779465358001,-0.2802042522622157
-1.0850829982672971,1.4095958385901397,1.0402248722174265,1.9007723475339933,-0.9339235245099655,-0.5058132909051213,-0.605354550733744,-1.6775048582097851,0.19727062953168703,1.6525140240747773
-0.44415431944168143,-1.2156053979223387,-0.46366638784040803,-0.5129825171109108,0.9277598818398431,-0.5058431199974579,2.6488771866377343,-0.8014999778733662,0.5232645536663487,0.8980943758064545
0.09283997903383398,0.8972645836580523,0.7245664296380051,2.8492025497520306,-0.6810726374424853,-0.5058431199974579,-0.6674000096139887,1.0976662754505322,0.2615083513004676,-0.02968566012356539
1.3458266754767043,0.7940040206484842,0.1736025735455766,-0.1895678181545601,-0.9474568926233161,1.3109612080651651,-0.9287270694740024,1.1130753322726328,0.06225461795948496,1.3006784972829626
-1.9685252312431454,-1.0289420724819658,-0.19383893220997866,-0.5291058305486175,1.5919705800677428,-0.5058431199974579,-0.5375251931443239,-1.1905786626314063,-1.3412978898820405,-0.06879865719105907
0.6991238644094161,0.8376911819217631,0.7015517348930566,-0.4873749016510238,0.4468833582359341,-0.5058383202838962,-0.3482339626622215,0.17312286612449648,0.09449027470163672,-0.6960436239209399
1.3746973366850657,0.07912319981301383,0.7600804844599512,1.113575279693023,-0.7138323506130017,-0.5058431199974579,-0.5743318212936217,-0.7591250716125896,-0.7371963432948996,-0.7255820183157861
-1.27562936224248,-1.223548518153844,-1.0924040399674897,-0.4437471123489941,1.7692937981466839,2.251576214792623,-0.23781407821432832,-0.6589662022689359,1.7785864328860943,-0.036080991124940696
-0.5018956418584036,-1.4062402834784642,-0.6656401744814209,-0.5376417023685797,1.5258500580722048,-0.5043870995075921,-0.665296773719743,-0.5472505403087065,-0.6114572598534623,0.7466108010835685
-2.274554240051772,1.4095958385901397,1.6550743464811772,0.7247188967836274,-0.35858481880061366,1.8553582496300294,1.8180990084107291,-1.7129456889006167,0.433398483680204,-2.8640847273823353
-0.380638864783287,0.6907434576389162,0.6747673918709184,-0.38873816062034794,-0.793477524834899,-0.5058431199974579,-0.5638156418223937,-0.054160722001487235,1.266386541234653,0.10778864863866387
1.2130216339182434,0.34918928768419144,0.35910894929149684,0.6772973866727255,-0.8749259860203111,-0.5058431199974579,0.4089309592661883,1.3981428834814937,-0.7383976721175884,-0.01846565120996451
0.5605446906092836,1.0402407478251465,0.32260288176502716,-0.34605880152053636,-0.9382814680051262,1.4720254215458943,-0.7110421544195844,-0.3854554436766502,0.19840521786422627,-0.6408796528122063
-3.273479117861065,-2.545998208341138,-1.832445517542123,-0.8022537287874121,-0.9476585602154023,-0.10640387056525,2.496392584304929,-1.8262022565430562,-4.0757558820374875,-2.5527981595766938
-0.8310211796337196,-1.8033962950537257,-0.7733727541926877,-0.43710810093346786,0.8496174467542078,1.3335101979524673,0.24593017746215576,0.17312286612449648,-0.8709109153091886,-0.7373445542273996
0.6067377485426614,0.1148672408547874,0.7404386329103833,-0.5196215285264371,0.5640970108643869,-0.5058431199974579,2.980136839981413,1.2055296732052363,-0.14183780091732823,-0.15284074553230415
0.9300891540763048,-2.3903928801619623,-2.8643371327876106,-0.466509437202227,1.9496224944981502,-0.3670057679770695,-0.24307216794994227,0.03829361893111612,-0.8133472425553459,-2.5590239712168756
-0.7213126670419475,-1.1719182366490601,-0.6061194122100024,-0.23793775846768012,1.7242116240588174,-0.5058204743690425,-0.3797825010759053,-0.8053522420788913,-0.1768431880006799,1.017565348708486
-1.570110106567763,1.3341361963908398,0.23411534852151855,0.03236484916446032,-0.9432405071547914,-0.50524073983904,-0.6547805942485152,-0.4663529919926783,1.5528700952008803,-0.5253072159858869
0.9300891540763048,-1.2791503597743805,-0.9031280159443795,-0.5272089701441813,0.26054370533941934,-0.21012922404683945,-0.3850405908115191,-1.1096811143153784,-0.9061832643531377,-1.067960669316403
-0.7155385348002753,-1.0964585944497602,-0.7069079029896042,-0.5034982150887304,0.8315845771190613,-0.49025210413252335,-0.6553064032220766,-0.2930011027440465,0.3676924711281367,-0.20654444954589946
-1.3853378748342517,-0.8700796678518613,0.39224217362258645,-0.4247785083046333,1.4657404926217166,-0.48116808249221027,-0.6232320558348314,-0.5164324266645052,0.7944645353883659,0.8231842853235906
-2.4939712652353165,-2.393172972242989,-4.137684640314152,-0.3688211263737692,-0.09410273081846375,1.8779072395173315,-0.5375251931443239,-1.699462764181279,-1.7251891892212916,-0.06913072730647368
0.7799617157928271,0.9250655044683206,0.47319041031171516,0.05986932502878341,-0.018965774005352903,-0.5058431199974579,-0.8109458593962497,1.3519157130151915,0.9304816543128085,0.2791223185721126
0.6067377485426614,1.2030747125710035,0.6055249050951684,-0.08049834489948587,-0.9170026818356534,2.3933127226556645,0.5666736513346071,-0.35463733003244896,-0.27104738984653387,0.259241146317727
1.9001433706772364,0.8654921027320314,0.8003562002636109,1.1894496958704657,-0.4848149062466398,-0.50549200001207,-0.006458129847314272,1.787221568239534,-0.9717891661699808,-0.18234550951949538
-0.6577972123835532,-2.1731485418302943,-1.8380007886874559,-0.4835811808421516,2.024759451311261,2.344993458611446,-0.5848480007648496,-1.3908964013187142,-1.0836128574152721,-0.8957771746992153
1.5363730394518869,1.0918710293299305,1.0918095328526558,-0.38873816062034794,-0.4697875148840176,-0.5058431199974579,0.16180074169233236,1.8835281733776623,-0.8717785416811304,-0.15838072881084805
0.4046431200841338,0.3611039680314493,0.2771686998978446,2.59312639515316,0.7354092723982797,-0.5058431199974579,-0.630593381464691,1.8835281733776623,-0.23120331722735202,0.18490397637086364
-0.07460985597465958,1.1037857096771884,0.9227705680018278,-0.3138121746451231,-0.9323005662428023,-0.5042421417154594,1.6077754189861708,-0.33922827321034826,0.596378760624997,-0.310536319015426
0.5143516326759058,-0.05988140423832781,-0.22240889810025943,-0.5272089701441813,0.912732490477221,-0.5058431199974579,-0.521750923937482,1.3288021277820408,0.03535820042928372,-0.3661329354164937
0.8377030382095494,0.8972645836580523,0.5243782658651348,-0.2512157812987326,-0.907385151363575,-0.475595260705777,-0.09058756561713752,0.2694294712626253,0.1290618485990173,-0.8353891455423964
1.2245698984015878,0.8456343021532683,0.526560693815087,0.3168939098298715,-0.28645334026002733,-0.5044321974873668,0.961030381505654,-0.35463733003244896,0.16213176146803648,-0.8088540929939207
-0.49612150961673135,0.3412461674526862,-0.11546992855261139,-0.34795566192497235,-0.8148164205698224,-0.41500290359432673,0.39841477979496037,0.27713399967367564,-1.5053126444241487,0.27083409663363445
0.7106721288927605,0.952866425278589,0.4646591010528119,-0.3631305451604609,-0.9417678228012545,2.1066184226599667,0.0250904085663695,0.7239966475145928,0.09615878695537168,0.018901176454516222
-0.6173782866918476,-0.9971695915559449,-0.6529424118635182,-0.5129825171109108,0.36272996660525,-0.5058431199974579,-0.6621419198783748,-1.0557494154380263,0.6006167817494831,0.19485661375994126
-1.1197277917173303,-0.5483832984758994,0.2747878694069877,-0.3318323484872658,1.351532318265788,-0.5058431199974579,-0.5743318212936217,0.27713399967367564,1.421658291567194,0.42400555181443533
1.3342784109933599,-0.06385296435408043,0.28490639899312886,0.4307055340960359,0.20343961816145503,-0.5057358512312797,-0.4639119368457285,1.1554502385334093,-0.9725233115616242,-1.2931025901973676
0.7337686578594494,0.702658137986174,0.8545200939306016,0.3643154199407734,-0.695799480977855,-0.46750983718904443,0.5614155615989932,1.220938730027337,1.934759179835651,-2.109316531213938
-0.565411096516798,1.2269040732655192,0.3585137416687828,3.399292067038491,-0.8683139338207575,-0.49125070225610384,-0.12213610403082129,-0.6242958244192095,0.9258765604925019,-1.4946676706348612
-0.4903473773750592,-0.6278145007909518,-0.5537411414111545,-0.5025497848865124,1.961644407588248,2.0679630114245917,-0.3482339626622215,-1.1135333785209034,-1.033891192253982,0.2831609493905201
1.1264096502931602,0.1863553229383341,0.6948060485022959,-0.4010677532491824,-0.9434809454165933,2.0389714529980605,0.3931566900593464,1.29798401413784,0.09459038543686082,0.4909383520820289
-2.263005975568428,1.2745627946545506,0.1751897938728145,0.6014229704952826,-0.9476523689301609,1.758719721541592,0.26170444666899767,-1.01337450917725,0.026181383033743292,-0.5278302928108268
0.46815857474252803,-0.4888098967396101,-0.7477788264159779,-0.465561007000009,1.1681981436417976,-0.5058431199974579,-0.23781407821432832,1.1053708038615824,0.09532453082850426,-0.5206887906000186
-0.4326060549583369,1.3738517975483662,1.0592715161442805,0.0731473478598359,-0.9476221939283049,1.0113817709910093,-0.31668542424853774,-0.3276714805937729,-0.924937342085114,0.8247616247692128
-2.239909446601739,-2.061547702577646,-2.6986710111321637,-0.45702513518004656,1.8624636245949415,2.531827946249091,-0.7620456248550399,-1.6802014431536527,-1.4911636605124798,1.0312203349797129
-0.21318902977479276,-0.11548324585886446,-0.10475619134375608,-0.3109668840384689,-0.18727255726672107,-0.5058431199974579,0.1723169211635603,-0.1581718555506664,-0.09618730565515048,-0.28188842420540067
1.3573749399600488,0.6510278564813904,-0.09999453036204245,-0.22940188664771768,-0.9476375218674946,2.4770661136656433,-0.7999038709514604,0.2809862638792008,0.2253683758845768,1.1984074707012522
-2.2225870498767226,-2.089348623387914,-1.596941701488212,-0.4456439727534302,1.8624636245949415,2.135609981086498,1.4763231755958217,-1.6389822161545338,0.7053326107938652,-0.6568516905295098
-2.003170024693179,-1.7239650927386736,-2.817910938215905,-0.43521124052903176,1.9947046685860166,2.3610998799595184,-0.7241873787586194,0.7355534401311683,0.2112861324630571,-0.4545003387605185
-1.6740444869178623,-1.1798613568805654,-0.6838932082446555,-0.5518681554018503,-0.30148073162264943,-0.5058154169527392,-0.1484265527088911,-0.8978065830114951,-1.0843470028069153,-1.0276714997511598
-0.03996506252462623,0.9369801848155785,0.3835124618227783,-0.3517493827338445,-0.6200614285102394,-0.5016876632896551,0.5403832026565374,0.8588258947079727,0.25853839948882024,-0.3823195812037147
0.7857358480344994,1.250733433960035,1.0447881306582352,-0.42193321769797926,-0.8635051685847183,-0.5049798158132013,-0.9676369335175456,1.7294376051566571,0.4618299324838414,-0.4466965704541483
-0.08038398821633175,0.5676250940505855,0.557114685114415,0.27895670174115006,-0.7646249334186644,-0.5058431199974579,0.4825442155647838,0.5198266446217598,-0.8537586093407973,1.3890250613704336
0.5085775004342336,-1.6842494915811475,-0.45791271415417095,-0.5205699587286551,1.7001677978786223,-0.5058431199974579,-0.7909651184009167,0.019032297903490387,-1.4077714180708258,-0.9988182078651563
0.7972841125178438,-1.52141552683529,-0.7442075806796927,2.9914670800847354,1.9856882337684436,-0.5058431199974579,-0.7157744351816371,0.727848911720118,-1.3522767005116136,-0.6899215089424303
-0.01109440131626576,1.2070462726867561,1.2098590446909685,-0.22940188664771768,-0.9151993948721386,-0.5045352785839945,-0.8766719810914243,0.9435757072295261,1.8304104234870904,-0.31091990322810986
-1.518142916392713,0.9886104663203625,0.8479728100807454,0.35483111791859295,-0.9433607262856925,-0.5022030687727935,-0.5743318212936217,-0.1581718555506664,2.407715663279253,0.7211100499459454
1.3573749399600488,0.6271984957868747,0.4952130923521401,-0.5291058305486175,0.33568066215253,-0.5058365807903906,-0.032748578525384084,1.6446877926351036,-0.2652743374486121,0.3771923498945218
0.04087278885878401,0.3690470882629545,0.32260288176502716,-0.5291058305486175,-0.9451399694230269,-0.5057358512312797,-0.15894273218011903,1.5676425085246004,0.9296473981859418,-0.3074281210725264
-0.3055751456415482,0.7304590587964424,0.5464009479055598,-0.2692359551408753,-0.9423388636730341,-0.5058394799462334,-0.31668542424853774,-0.16202411975619152,0.4316966011813952,0.38287721325273155
0.029324524375439653,1.0799563489826727,0.5158469566062316,-0.2768233967586196,0.49497101059632487,-0.5058431199974579,2.5542315713966826,1.3827338266593932,-0.5219248923180648,0.6999188217330959
0.2833863430090172,-0.2822887707204744,0.09305114193825738,-0.3119153142406869,-0.7730402725817329,-0.5012688963346053,0.061897036715667236,0.5699060792935867,0.08621445392311355,1.448280639152572
-0.3344458068499093,-0.6516438614854675,0.3362926570874533,-0.5537650158062865,-0.018965774005352903,-0.45172554426793293,-0.29039497557046795,-0.7360114863794389,0.7973343764647899,0.7381820191536813
1.0167011377013881,-1.1282310753757812,-0.4839034470126902,-0.3413166505094461,1.0630064041034428,1.7200643103062168,-0.016974309318542196,-0.1042401566733142,-1.4067703107185852,-1.5119749121118844
-0.40373539374997586,-0.7112172632217565,-0.04344980620419503,-0.3119153142406869,-0.7309635767663908,-0.5058431199974579,-0.4796862060525704,-1.41015772234634,0.5141878470060319,0.11656235660671545
-2.0320406859015394,1.3778233576641188,1.0112581012453363,0.3168939098298715,-0.9476404071266364,0.16740529235198928,-0.5969416071567617,-1.5588551206796106,-0.03778937677444029,-0.29376887445926225
-1.4142085360426129,-0.6397291811382096,0.45176293589400474,-0.33562606929613786,1.294428231087824,-0.5058431199974579,-0.527009013673096,-0.6551139380634107,-1.6238437549294533,-0.8703217010916711
-0.4326060549583369,1.417538958821645,-0.991813951728793,-0.39442874183365617,2.018748494766212,1.9584393462576961,0.2511882671977697,-1.7402967647598453,-2.093997137786782,-1.4004362086778306
0.20254849162560606,-0.3498052926882685,-0.21229036851411834,-0.49116862245989595,-0.6230669067827638,-0.5058431199974579,-0.8519589593340386,1.9143462870218635,0.2821979032467766,-1.4897083542316196
-0.42683192271666476,-0.4768952163923523,-0.8328935164641061,2.754359529530226,-0.2894588185325518,1.7812687114288939,-0.6626677288519361,-0.7745341284346902,-1.7832534156512547,-1.3541482678614662
-3.273479117861065,-2.38721563206936,-4.255337347070656,-0.8022537287874121,1.8414252766872705,2.5737046417540808,-0.5164928342018681,-1.8262022565430562,-4.0757558820374875,-4.794844375592429
0.4739327069842003,1.0203829472463835,0.24324186540313605,-0.35649153374493464,0.606173706679729,-0.5058383524967389,0.8979333046782865,1.8758236449666121,1.9994307147904022,-0.33146276386591417
1.1668285759848658,-0.1671135273636485,0.5412424818420367,-0.5423838533796699,-0.7081219418952052,-0.5058431199974579,-0.08532947588152355,1.217086465821812,0.2622091264470367,-0.11956610964911688
-1.2987258912091686,-1.5968751690345897,-1.7358234801215213,-0.19905212017674054,1.856452668049893,-0.5050281350772454,2.3754565203858085,-0.4663529919926783,-1.5003071076629453,0.4620332766602694
0.9878304764930269,0.654999416597143,0.373592334777542,-0.35933682435158887,0.8015297943938169,-0.42659952696493925,-0.527009013673096,0.6623604202261903,-0.7359282739820613,0.511625613582883
-1.2409845687924468,0.09898100039177693,0.6660376800711104,-0.3166574652517771,-0.5960176023300437,-0.5058372894729299,-0.6300675724911295,-0.951738281888847,1.5960178220824568,0.34255624847385013
0.8434771704512216,0.9687526657415995,0.4553341816302898,-0.12886828521260588,0.04414926971766015,-0.5058431199974579,0.7822553304947794,1.629278735813003,-1.5730542419257727,-0.5903854240298292
-1.1197277917173303,-1.223548518153844,-0.3194277406026711,-0.514879377515347,0.8255736205740124,-0.5058431199974579,-0.4849442957881844,-1.5122427237927563,-0.3969866947584197,0.37420600651103053
-0.05728745924964285,-0.7906484655368089,0.20673579787666613,-0.5717851896484292,1.2493460569999573,-0.5057960892471215,-0.5427832828799379,-1.0056699807661993,0.8055434567531634,1.0137232861968377
-0.5365404353084369,-0.13136948632187492,0.620405095663023,-0.01979881195753156,1.3214775355405437,-0.5058431199974579,-0.633222426332498,1.5946083579632764,2.087528161787587,-1.327995342951814
1.0282494021847326,0.8098902611114948,0.8408303186081754,-0.37546013778929543,-0.6994060549048843,-0.5057364954881337,-0.8177813760525479,1.1901206163831357,-0.0028173599361634633,-0.39727588681378345
-2.0378148181432114,1.15144443106622,0.9759424489642947,0.5540014603843807,-0.9455396980332726,-0.5058331662290648,-0.7021034018690409,-0.9286246966556962,1.3340613982461285,1.3578627842097504
-0.8541177086004085,0.7304590587964424,0.6454038158170187,-0.12981671541482379,0.5250257933215693,-0.5058431199974579,-0.39029868054713307,-0.4278303499374268,-1.6329872020799188,0.9587027401013934
-1.9627510990014732,-1.9582871395680777,-2.4631671950782517,-0.47125158821331714,1.8835019725026123,2.3675424484987477,-0.4271053086964308,-1.4898995914007105,0.11491286468734822,-0.9854310674846755
0.06974345006714518,-0.552354858591652,0.13808851872363037,-0.31570903504955905,1.2553570135450063,-0.5058431199974579,0.356350061910049,1.3942906192759685,-1.5134883544674484,-1.2496445677140047
-0.8541177086004085,-1.489643045909269,-0.8638443128452433,-0.5196215285264371,1.3274884920855923,-0.5058431199974579,-0.4849442957881844,-0.6628184664744611,-1.0807096460937742,0.3911243320238725
-0.09193225269967618,0.9846389062046099,0.4279546309854374,-0.40865519486692664,-0.9379508653951485,1.591212939521634,1.2291929580219658,-1.2213967762756075,0.1291285890891669,-0.8159683237006736
-1.627851428984485,-0.6397291811382096,-0.24998685128601641,-0.5120340869086928,-0.7111274201677297,-0.5058142250775595,-0.5901060905004635,-1.2522148899198087,-1.5762911556980177,0.9422049322320523
0.11016237575885068,0.1823837628225819,0.6323092481173067,-0.5575587366151585,0.8285790988465369,-0.5058431199974579,-0.18523318085818882,0.11148663883609405,-1.372465698781802,0.904186996786836
0.8492513026928938,0.4524498506937595,-0.2410587369453038,-0.45038612376452036,0.01108900871989135,-0.4884159720988431,-0.5795899110292356,0.33106569855102774,0.1277937792861791,-0.8069710418976551
-2.4824230007519716,-1.9702018199153355,-4.1730002925951935,-0.3451103713183183,1.5559048407974494,2.4996151035529457,-0.4849442957881844,-1.6771196317892327,0.6701937427302151,2.7116433468023646
0.35267592990908375,-0.07179608458558566,0.3485936146235463,-0.053942299237380885,-0.1902780355392455,-0.5058431199974579,0.582447920541449,0.627690042376464,-1.1405091252676214,-1.008230285520376
-1.137050188442347,1.3976811582428819,0.7541284082328095,0.4401898361182163,-0.9474229307188364,-0.48580673184045525,-0.4533957573745006,-1.6728821411631551,-0.6368853866003769,0.1488347595268263
-0.3690906002999427,-0.23463004933144302,0.782103166500376,-0.5623008876262487,0.4709271844161294,-0.5058431199974579,-0.5795899110292356,-0.5703641255418573,-1.4955351626172644,0.32917737983375916
-0.15544770735807062,-0.5285254978971363,-0.914436960775949,3.238058932661425,-0.3255245578028449,-0.5058431199974579,2.9433302118321163,1.5137108096472482,-0.9333132735988618,0.8048639680641801
-1.77220473502629,-2.490476195078928,-3.7948450496307826,-0.4020161834514004,2.042792320946407,2.4609596923175707,-0.5638156418223937,-1.4178622507573901,0.570683671917485,1.001862392606952
-0.13235117839138172,0.8218049414587526,0.29006486505665174,-0.5291058305486175,-0.9357869210389308,-0.505674968958584,-0.41658912922520286,0.05755493995874186,-0.770800180085114,0.2318784398615312
1.9809812220606478,0.4325920501149964,-0.04761625956319442,2.3655031466208314,-0.28645334026002733,-0.5058431199974579,-0.39555677028274705,0.19623645135764733,0.7272902320530118,-0.7753819661897243
0.26606394628400043,0.8297480616902578,0.8074986917361812,0.07694106866870816,0.07119857417038004,-0.5053985827682511,-0.49020238552379836,-1.1096811143153784,-0.13579778655880914,0.3171284006528459
1.0744424601181102,0.06323695935000335,1.0326855756630469,-0.3764085679915135,-0.43372177561372444,-0.5058431199974579,-0.53226710340871,-0.1427627987285658,-0.5048059565947479,-0.40798271084527116
1.0340235344264048,0.23004248421161289,-0.19383893220997866,-0.13361043622369606,-0.9403853027958934,-0.5058431199974579,0.7875134202303933,-0.031047136768336373,0.6301160783955109,-0.09916162764991954
1.542147171693559,1.07598478886692,0.19225241239062116,-0.4276237989112875,-0.9428497949793634,2.251576214792623,-0.6684516275611114,1.8796759091721371,0.1295290320300633,1.1110181305920477
-0.3344458068499093,1.250733433960035,1.465798322458067,0.5445171583622003,-0.8650079077209805,-0.505533232450721,-0.04852284773222597,-1.2637716825363845,1.0960314401283535,0.1857225981177837
0.058195185583800726,0.6192553755553695,0.44303322409419654,-0.5357448419641437,-0.9013741948185261,-0.49092857382914246,-0.7336519402827246,0.9320189146129507,0.9206040617707,0.5490994750877631
-0.5423145675501091,-0.3537768528040211,0.13848532380544,-0.3413166505094461,0.5130038802314715,-0.5058431199974579,-0.36926632160467737,-1.1058288501098534,-1.5378486333719732,0.4310724771306083
-0.6520230801418809,1.3976811582428819,0.7098846416110552,0.5445171583622003,-0.9470213988216271,-0.4936666654583148,0.42470522847303016,-0.6666707306799862,0.9950864487774115,-0.1492438693631834
0.9993787409763715,-0.4212933747718156,0.2747878694069877,-0.4010677532491824,-0.018965774005352903,0.8374324204318219,-0.5638156418223937,-0.9440337534777967,-0.7390650770190826,0.12005834485142554
0.04087278885878401,-1.9424008991050672,-1.3612394828933956,-0.5291058305486175,1.874485537685039,-0.49940055145822876,-0.6726580993496027,-0.6936365801186622,-0.4813133040621651,-0.3090708722732576
0.387320723359117,0.6510278564813904,0.19780768353595338,-0.4456439727534302,-0.9447492572475987,-0.4835840456944212,1.0767083556891608,-0.4509439351705778,0.0995959221980648,-1.7155572810546627
0.6471566742343668,0.6748572171759061,0.21229106902199857,-0.2502673510965145,-0.912795012254119,-0.4723417635934663,-0.6700290544817957,-0.9748518671219981,-1.0212438693706736,-0.2736248553354057
-0.19009250080810386,-0.893909028546377,-0.9890363161561265,-0.5091887963020387,0.7714750116685726,-0.5057828819816161,0.8558685867933747,-0.3854554436766502,0.7659997163396548,0.38347094824425043
-2.263005975568428,-2.517204794657943,-5.749308480083254,-0.364078975362679,1.9496224944981502,2.325665752993758,-0.5585575520867798,-1.437123571785016,-1.752152347241642,-0.23260144661269944
0.7684134513094827,-0.5245539377813837,-0.3549417954246173,0.24101949365242856,-0.24738212271720966,-0.5058431199974579,-0.6926388403449356,0.6122809855543634,-1.1392076857097084,-1.052926557799188
-1.5296911808760574,-1.4578705649832482,-0.3956143163100864,-0.467457867404445,1.8985293638652343,-0.5058357754693232,-0.5690737315580077,-0.36619412264902435,-1.543254613074073,0.7410915198007445
-0.17854423632475952,0.8575489825005261,0.795991344363707,-0.21991758462553737,-0.9451069091620291,-0.5053567060727461,-0.3219435139841517,-0.5472505403087065,1.0613597554957497,0.34598912668684906
0.8203806414845326,0.9131508241210627,0.8213868695995119,0.8574991250941525,-0.5449244716971285,-0.5058431199974579,0.5403832026565374,0.7432579685422186,0.12689278266916235,-0.4868446163880718
0.14480716920888392,-0.7549044244950354,0.2801447380114153,-0.043509567012982475,0.3386861404250544,2.1839292451307166,-0.6021996968923756,-1.0403403586159257,1.8037809679174857,-1.4770049460804378
-0.016868533557938038,-0.05193828400682257,0.21149745885837956,-0.2540610719053868,-0.867412290339,-0.5058431199974579,2.9117816734184325,-1.2175445120700823,0.6961557933983248,-1.4354126433405923
1.340052543235032,0.21812780386435504,0.3263725300422168,0.46864274218475743,-0.31350264471274725,-0.5058351956381546,-0.42184721896081684,-0.2313648754556443,-0.2359418920279586,-0.35017433417644134
-0.35176820357492594,0.3372746073369336,0.4567229994166228,-0.45512827477561046,-0.9384016871360271,-0.5055838066137539,0.27747871587583955,-0.8014999778733662,0.1971037783063137,-0.14117437000585867
1.1899251049515545,1.1911600322237457,1.1852571296187824,-0.011262940137569228,-0.6624386721528338,-0.47266389202042774,-0.6395321340152347,1.4983017528251477,0.264044489926145,0.9730455380976033
-0.028416798041281784,0.3968480090732229,-0.21744883457764125,-0.5101372265042567,-0.3044862098951739,-0.5057867475227397,-0.5795899110292356,1.4482223181533207,0.9012493196273794,-0.5109477537211521
-0.5769593610001421,1.0283260674778887,0.7461923065966204,-0.3745117075870774,-0.9470965357784403,-0.504255026852538,-0.5690737315580077,0.30795211331787686,0.26327697428942626,0.34899999433451584
-0.865665973083753,-1.3029797204688962,-0.24959004620420688,-0.29674043100519837,1.7031732761511464,-0.5056530642255507,2.286068994880371,-0.535693747692131,-1.9644538464068293,0.25616247116037477
0.8665736994179104,0.7940040206484842,0.3960118218997763,0.01529310552453566,0.4378669234183608,-0.5058431199974579,2.4227793280063343,1.4867449602085723,-0.7425022122617756,0.5264448330744114
-0.2074148975331206,0.5437957333560697,0.29681055144741253,-0.5509197251996323,-0.9067840557090701,-0.27004511146167065,-0.21678171927187262,-0.042603929384911754,0.5629417750601566,1.3267657227330298
-1.0562123370589358,1.361937117201108,0.5577098927371292,0.8290462190276113,-0.9475765106585625,-0.18435894988992282,-0.9013850028488097,-1.5415199317547479,0.2674816251688375,0.28160375205551375
-1.8414943219263564,-0.2743456504889692,0.285501606615843,-0.3953771720358742,-0.11213560045361022,-0.5058431199974579,-0.39029868054713307,-0.9478860176833218,2.7804279305184827,0.04145008141668919
-0.24205969098315383,0.8376911819217631,-0.24859803349968349,1.3032613201366299,1.2493460569999573,-0.5056785123712806,0.0250904085663695,1.5791993011411758,1.1768541736992564,-0.7456333474520274
0.36999832663410037,0.17046908247532405,0.3960118218997763,-0.41813949688910707,-0.7745430117179951,-0.5058431199974579,-0.627964336596884,0.2077932439742228,0.2615083513004676,0.2246958227898895
1.2014733694348991,1.1951315923394983,1.5548810633242898,1.9861310657336164,-0.724351524566837,-0.5058431199974579,-0.7920167363480395,-0.023342608357286018,-0.5703117476763675,0.10520317822264517
1.3516008077183765,-1.1719182366490601,-1.029510434500691,1.587790380802041,-0.8070021770612589,-0.5003991495818093,-0.53226710340871,0.6893262696648664,1.2630161464821095,-0.5914255468023389
-0.3344458068499093,-0.3458337325725159,0.02202303229436501,0.19359798354152663,-0.8274394293144252,0.38645262268578084,-0.6526773583542697,-0.920920168244646,0.2958463334823251,1.1970098278185142
0.7741875835511549,0.8496058622690209,-0.3833133587739935,-0.38304757940703965,-0.9423088088903089,2.4674022608567996,1.0346436378042492,-1.0827152648767022,0.49566736098957886,1.6142670338383989
-1.9165580410680956,0.2737296454848917,0.23629777647147057,-0.2948435706007623,-0.9469312344734514,2.090512001311894,-0.7836037927710573,-1.125090171137479,0.42075116079689623,0.7072689923670737
0.2718380785256727,-0.6238429406751992,-0.11646194125713487,-0.4892717620554599,-0.47279299315654205,-0.15472313460946868,-0.6737097172967254,0.5660538150880615,-1.4479491931407544,-1.0866443581001908
0.8607995671762383,-0.5841273395176729,-1.1610513191205252,-0.5291058305486175,0.9157379687497454,-0.5058018875588068,0.4720280360935558,1.2748704289046893,0.25783762434225216,0.4328507509507697
1.998303618785664,0.3213883668739231,1.0549066602443764,-0.2559579323098228,-0.8962648817552346,-0.190801518429152,-0.39029868054713307,0.27328173546815043,-0.4045283701452999,-0.7437689610798645
0.26606394628400043,-0.5404401782443942,-1.1798995605064744,-0.4020161834514004,-0.7339690550389153,2.386870154116435,-0.8051619606870745,-1.5615517056234784,-0.2051745260690926,1.130898830967178
0.5894153518176447,0.6152838154396169,-1.306083576521881,-0.42857222911350545,-0.8085049161975211,2.4931725350137164,-0.703680828789725,0.0036232410813897757,0.11671485792138166,1.7832531162751228
1.0224752699430604,0.9131508241210627,0.6235795363174986,-0.3289870578806116,-0.5118642106993597,-0.5042389204311899,-0.7257648056793037,1.6485400568406285,1.6649273781616947,-0.26084115040695927
-1.5874325032927792,-0.3696630932670316,0.6525463072895888,-0.4579735653822647,-0.6991055070776319,-0.5058431199974579,1.055675996746705,-1.0287835659993503,1.7658056290224868,-1.6057963669144881
-2.7156979433155293,-2.5147424273861767,-4.554528378754985,-0.3745117075870774,2.0337758861288346,1.4913531271635818,-0.7373326030976542,-1.6493833295094518,-1.5938439046073056,1.5469243927761964
0.8550254349345661,1.15144443106622,1.0447881306582352,0.686781688694906,-0.9219016114198677,-0.08063359640833333,1.0293855480686351,1.2748704289046893,0.19313271914242505,0.2942141205890451
-0.8252470473920474,-0.6993025828744986,0.3315309961057399,-0.5205699587286551,0.4378669234183608,-0.5056653051057752,-0.31142733451292376,-0.04645619359043698,-0.324339671230816,-0.1156024102825745
-0.19586663304977614,-0.7032741429902513,-0.08769357282594942,-0.5471260043907601,-0.35858481880061366,-0.5058431199974579,0.12499411354303464,-1.2213967762756075,-0.9995532100721246,-0.18925540794774487
-0.8887625020504418,-1.5452448875298057,-0.9453877571570866,-0.5262605399419633,0.7384147506708041,1.1563395631236655,-0.527009013673096,-1.619720895126908,-1.0081961035464697,1.4039305154777584
0.046646921100456276,0.8059187009957421,0.6698073283483003,-0.11938398319042547,-0.9424891375866602,-0.5058431199974579,-0.521750923937482,-0.7591250716125896,-0.5747499902713014,-0.5070735321454778
-0.6751196091085698,1.0084682668991256,0.6997661120249141,-0.43615967073124984,-0.8595980468304365,-0.5058431199974579,-0.5112347444662542,-0.042603929384911754,-1.4869923798781435,0.48704903378976605
-0.7501833282503086,-0.3021465712992375,0.5297351344695626,-0.36028525455380683,1.1471597957341264,-0.5058431199974579,-0.4954604752594123,-0.6474094096523604,-0.2251966731139078,1.5848383212124424
1.4439869235851315,-0.05988140423832781,-1.0816903027586342,-0.33752292970057396,-0.4848149062466398,2.2000356664787892,0.5771898308058351,-0.4894665772258292,0.0921209873013337,4.729797307800713
0.08706584679216178,-0.6000135799806835,-0.12062839461613427,-0.5471260043907601,-0.7132312549584967,1.481689274354738,-0.7205067159436896,0.6353945707875143,-0.5776865718378744,0.9712890087382462
-0.46147671616669805,-1.8192825355167361,-0.20574308466426244,-0.47694216942662543,1.588965101795218,-0.5058431199974579,-0.4639119368457285,-0.30841015956614704,0.7264893461712192,-0.5417183358055462
1.0859907246014546,-0.11548324585886446,-0.623182030727809,-0.1544759006724928,1.5438829277073516,2.4706235451264145,-0.5427832828799379,0.7239966475145928,-0.07109288135898215,0.8868545900663298
-0.08038398821633175,0.7384021790279476,0.08650385808840126,-0.3792538585981676,-0.9178141609692348,2.212920803557248,-0.21152362953625864,1.3365066561930912,1.5978865558066389,-0.7114427917032322
-0.2536079554664983,0.5398241732403171,0.855512106635125,-0.1506821798636207,-0.9465675716024758,-0.2243028748331436,-0.6989485480276725,-0.21980808283906883,0.9258431902474269,0.5935560980805942
-0.2882527489165316,-0.8621365476203561,-0.5515587134612023,-0.49401391306655007,1.6550856237907554,-0.5058431199974579,-0.5585575520867798,-0.28914883853852136,0.5897380818551339,-0.5481256652456198
-1.3045000234508408,0.7463452992594528,-0.17518909336493402,-0.2151754336144472,-0.9474740238494694,-0.31707586179804353,0.16180074169233236,0.9474279714350512,-0.47847683323081613,-2.4755627884485905
-1.0100192791255584,-2.121121104313935,-2.737756311690395,-0.28441083837636383,2.018748494766212,2.396534006925279,-0.6737097172967254,-1.3716350802910884,0.333154267475831,-1.244127158883394
-0.5942817577251587,0.003663557613714085,0.914636063824734,-0.4987560640776403,-0.8908550208646907,-0.5058431199974579,-0.6179739660992175,1.3634725056317674,0.9829063093251496,-1.2317228030339453
0.9185408895929604,1.15144443106622,1.3457647852107069,-0.052993869035162795,-0.6140504719651905,-0.5058431199974579,0.31428534402513725,0.3849973974283794,-0.1357644163137343,-0.14976681825518606
-0.732860931525292,0.5437957333560697,0.6160402397631192,-0.3545946733404986,-0.8974670730642443,-0.5058431199974579,-0.6111384494429193,-0.9363292250667464,1.265285323147189,0.35955121691336694
-0.03996506252462623,1.1752737917607357,0.9864577836322452,0.02857112835558825,-0.9427896854139127,-0.5058340037629749,-0.0012000401117003097,1.4828926960030473,0.8625398353407374,0.540836797935839
-0.32289754236656487,0.1386966015493031,0.15832557789591264,-0.5366932721663618,-0.6492145677537262,-0.5058431199974579,-0.6516257404071468,0.4890085309775586,-1.481553029930969,0.26944499853788384
-1.4315309327676295,1.3976811582428819,0.6493718666351133,0.48761134622911817,-0.9476541421623416,-0.019429195285656342,1.0083531891261797,-0.8284658273120423,-0.15148180174391418,-0.8159683237006736
-0.3055751456415482,-0.9812833510929344,-0.37002038853337665,-0.569888329243993,0.11026979171319755,-0.2613476439337113,0.6297707281619747,0.21549777238527307,-1.3707638162829927,-0.19221914565599293
-0.5423145675501091,1.2149893929182614,0.9388411738151108,-0.44754083315786625,-0.9460806841223272,2.344993458611446,0.6770935357825003,0.05370267575321674,0.4281259849584032,1.388472698348157
0.9936046087346991,0.019549798076724557,-0.5120766078211615,-0.3308839182850477,-0.9325710592873296,2.1678228237826436,-0.5532994623511658,-1.5415199317547479,-0.4713022305397578,1.4916696310688622
1.0975389890847989,0.786060900416979,0.41247923279486853,2.08097408595542,0.8285790988465369,-0.5058012433019529,-0.9103237553993535,0.939723443024001,1.064096115591874,-2.165905025235517
1.17837684046821,0.3412461674526862,0.7898408655956604,-0.4077067646647087,-0.8860462556286515,-0.5058284953668739,0.4089309592661883,0.6739172128427658,-0.6040824356919553,-0.2884972321978905
-0.6231524189335199,-1.8669412569057673,-0.5035452985622584,-0.47220001841553527,1.5949760583402668,-0.5058431199974579,-0.5638156418223937,-1.179021870014831,0.5916068155793169,0.4621756144136765
0.10438824351717842,1.1276150703717043,0.8717811149893129,-0.29958572161185254,-0.9188360235818933,-0.5058431199974579,0.16180074169233236,-0.33152374479929797,0.02591442107314597,0.5259611987955992
1.4382127913434593,-0.7747622250737984,-0.5507651032975834,-0.23604089806324394,-0.8974670730642443,0.6667043541422492,-0.6064061686808667,0.34262249116760274,-0.004419131699748792,1.6455371227619422
-1.5296911808760574,0.8972645836580523,0.7198047686562915,-0.2578547927142588,0.6151901414973023,-0.5057368176165606,0.8032876894372352,0.26557720705710014,-1.3424992187047289,3.006373419864175
-0.9869227501588691,1.1752737917607357,1.1386325325061715,-0.16016648188580104,-0.7153350897492639,-0.5058431199974579,-0.6537289763013924,-1.28303300356401,1.0980002845877601,-0.14157870120709612
0.05242105334212845,1.3579655570853555,-0.03531530202710151,0.13764060161066238,-0.9439618219401974,-0.20175388494584157,1.8075828289395013,-0.8862497903949196,1.762902417700989,1.380579313571406
0.12748477248386728,0.6192553755553695,0.01051568492189079,-0.38684130021591184,-0.6471107329629592,-0.5058124533712112,2.680425725051418,0.3387702269620781,0.9985903245102545,-0.038105700686521304
-0.24205969098315383,0.5279094928930592,-0.07598782291257032,-0.3745117075870774,-0.5839956892399462,-0.5058431199974579,3.7951407490015767,0.9512802356405764,-1.503477280945041,0.6009469442674557
-0.07460985597465958,1.171302231644983,0.29204889046569915,-0.3119153142406869,-0.9461588265574127,2.0486353058069042,-0.15894273218011903,-1.6763491789481277,0.6630858805293061,2.374793382692605
1.0051528732180437,0.4961370119670383,0.5878670789546477,-0.44943769356230234,-0.29246429680507624,-0.5058431199974579,-0.3482339626622215,0.8896440083521739,0.39609054968669904,-0.39877930723814986
-0.4152836582333203,1.1276150703717043,1.006496440263623,-0.40675833446249066,-0.9472708535182468,-0.5058431199974579,-0.39029868054713307,0.43507683210020637,0.49520017755853285,0.7095830934505651
-0.3344458068499093,-1.0329136325977184,-2.8655275480330396,8.25525470239484,1.114099534736358,-0.5058431199974579,4.0527871460466605,-0.8515794125451932,-1.470173776360499,0.23478004967648367
0.6587049387177113,0.45642141080951215,0.43668434278524537,0.5350328563400198,-0.499842297609262,-0.4491485168522413,-0.5848480007648496,0.777928346391945,0.7588584838936699,-0.21328996369058467
1.5710178329019202,1.107757269792941,0.956300597414727,-0.3792538585981676,-0.8725216034022916,-0.5058397698618176,-0.9665853155704228,1.355767977220717,0.32945017027253964,0.16760825239257673
0.058195185583800726,0.5874828946293486,0.715241510215483,-0.39727403244031023,-0.9316694158055724,-0.4720196351665048,0.004058049623913653,-1.2522148899198087,-0.8214895823535707,0.08945434677594148
0.06974345006714518,-0.9495108701669134,-0.2819296603716775,-0.43046908951794155,1.3875980575360813,-0.5058431199974579,0.5403832026565374,0.161566073507921,0.9987571757356278,-0.3396728501270625
-1.8530425864097009,-1.5333302071825479,-0.30712678306657804,-0.4816843204377156,1.811370493962026,-0.504554606289612,0.5140927539784675,-1.4217145149629153,-0.7147715386047069,0.6194073612745365
1.0051528732180437,1.004496706783373,0.12261312053306173,0.10349711433081316,0.04414926971766015,-0.5053631486412853,-0.5480413726155519,1.8873804375831875,1.7684418783833877,-0.6697952950869502
-0.2824786166748594,1.2825059148860558,1.2374369978767257,0.029519558557806243,-0.9463481716885818,-0.44302807673997363,2.2282300077886177,0.3272134343455026,1.7652049646111425,0.5741827674786113
1.068668327876438,-1.6326192100763632,-0.838051982527629,-0.4437471123489941,-0.9124944644268667,1.7941538485073523,-0.6421611788830417,-1.0750107364656518,0.0952911605834294,1.556822661718031
-0.8021505184253586,-1.0964585944497602,-0.7188120554438876,-0.5404869929752338,1.3966144923536545,-0.49521288190772983,-0.527009013673096,-0.9170679040391209,-0.9378516269290197,-0.21851448988012984
-0.42683192271666476,-1.3704962424366907,0.095431972429114,-0.08429206570835804,1.0569954475583938,-0.5058431199974579,-0.6395321340152347,-0.30841015956614704,0.8306712512944066,-0.6212316757855713
0.06974345006714518,0.5001085720827909,0.26784378047532226,-0.4238300781024153,-0.9333825384209113,-0.5058431199974579,0.950514202034426,0.0036232410813897757,0.9289466230393728,0.5073597591743835
-0.3402199390915816,-0.5324970580128889,0.5825102103502201,-0.4380565311356859,-0.7565101420828486,-0.5058060752283574,0.7664810612879374,-0.9864086597385735,1.2528048514892545,0.22497731611571722
0.46238444250085586,0.9330086246998259,0.5166405667698506,0.9523421453159563,1.7001677978786223,-0.5057274758921787,0.24593017746215576,1.8295964745003104,0.9940186009350218,-0.7302667476844478
-0.9638262211921804,-0.4768952163923523,-0.1428494791974638,-0.41908792709132514,1.0269406648331494,-0.5055467618446533,0.6665773563112725,0.6353945707875143,1.7335366020352607,-0.49941047029084934
0.7972841125178438,0.2141562437486024,0.973561618473438,0.2694723997189697,-0.9139972035631289,-0.5058431199974579,2.512166853511771,-0.1312060061119903,1.5967519674740995,0.023778370876525436
-0.9349555599838193,1.0600985484039096,0.9199929324291618,-0.09282793752832037,-0.9467779550815527,-0.5058249197413346,-0.3850405908115191,-0.5318414834866058,0.788057448334025,-0.47800378047101666
0.9069926251096159,1.0799563489826727,0.44164440630786356,-0.2673390947364392,-0.6729578461066694,-0.47266389202042774,-0.5690737315580077,0.423520039483631,0.2648787460530115,-0.4096317845034632
-0.17854423632475952,1.342079316622345,0.7392482176649549,0.03331327936667841,0.07720953071542894,-0.5056475880422924,-0.6821226608737077,-0.9787041313275233,1.6962286680417549,-0.0034577674625688734
-0.3864129970249593,-0.11945480597461708,-0.5079101544621625,-0.05489072943959898,1.5589103190699733,-0.5057976998892564,0.14602647248549047,1.6177219431964276,-1.1267605842968484,-0.5472452350245882
0.9127667573512882,-0.11151168574311185,-0.29224659249872365,0.1091876955441214,1.0690173606484916,-0.5057451929556616,-0.8551138131754069,0.09607758201399344,-0.637319199786348,-0.5027546280949993
-0.5538628320334535,-1.8867990574845304,-1.1668049928067625,-0.3688211263737692,1.63104179761056,-0.5058431199974579,-0.5638156418223937,-0.20439902601696824,1.5737598686176373,0.01515150065203637
0.07551758230881735,1.0918710293299305,0.7753574801096154,-0.43521124052903176,-0.9467659331684626,-0.42241185741444026,-0.4586538471101146,0.804894195830621,-0.1379334822435892,0.9790826836643202
-1.0331158080922471,-1.2195769580380913,-0.3214117660117182,-0.5044466452909485,0.14633553098349078,-0.5058159001453797,0.22489781851969992,-0.9787041313275233,-0.04396287211325824,0.2022550638702295
-1.004245146883886,-1.9384293389893146,-2.1754835107663975,-0.3489040921271903,1.8865074507751365,0.576508394593041,-0.6258611007026383,-1.5711823661372912,-0.09772233692858598,0.45589622019586307
0.5663188228509557,-0.17902820771090636,0.8670194540075994,-0.5490228647951962,-0.499842297609262,-0.5056872098388085,0.5982221897482909,-1.0287835659993503,-0.22933458350316938,-0.43115599831093915
-0.32867167460823715,-0.8740512279676139,-0.04860827226771791,-0.5585071668173766,0.2695601401569926,-0.5058431199974579,-0.4271053086964308,-1.6370560840517714,-0.4225816727307079,-0.529231178476228
0.029324524375439653,1.2467618738442823,1.120776303824746,-0.20853642219892088,-0.9052813165728077,-0.5058431199974579,0.5351251129209234,0.9358711788184758,0.2617419430159907,-0.039751652952815214
-0.3344458068499093,1.1474728709504673,0.11229618840601586,-0.29958572161185254,-0.9173032296629056,-0.5058383524967389,-0.27987879609924,0.44663362471678186,-0.7204778505124794,-0.5483164547571028
1.542147171693559,0.9409517449313312,-0.24165394456801795,0.6203915745396433,-0.8091060118520261,-0.5058431199974579,0.6350288178975887,-0.21595581863354368,-0.6436929165956141,0.5026017002924629
-0.299801013399876,-0.8502218672730982,-0.2908577747123902,-0.5395385627730158,1.3875980575360813,-0.5056469437854384,-0.1484265527088911,-0.8631362051617687,-1.3992953758218543,0.841545110019387
0.3815465911174448,1.0521554281724044,0.8223788823040357,-0.4560767049778286,0.5220203150490448,-0.5058431199974579,0.6245126384263607,1.5714947727301256,0.028350448963598226,1.0015065902283686
0.9993787409763715,0.11089568073903477,0.07003644719330884,-0.2863076987807999,-0.2744314271699296,-0.5058431199974579,-0.5532994623511658,0.9628370282571518,0.2599065795368824,0.3597993580428227
-1.622077296742813,1.1435013108347147,-0.045235429072337616,0.0608177552310015,-0.9407159054058711,-0.5034593696379431,-0.6237578648083928,-1.3369647024413622,-0.7466734928961121,0.2723730268996494
0.5951894840593169,-0.21477224875267992,0.08848788349744852,-0.30717316322959676,0.3446970969701033,-0.5058431199974579,-0.4271053086964308,0.7548147611587941,1.5262072693862014,-1.153703160990373
-2.2803283722934444,-1.87091281702152,-1.1908117002562344,-0.49970449427985825,1.7632828416016353,2.2000356664787892,-0.6137674943107263,-1.360078287674513,-1.3359252804250148,1.358766219733279
-0.4557025839250259,-0.08371076493284352,0.9332859026697785,-0.5243636795375273,0.20043413988893058,-0.5058431199974579,-0.49020238552379836,-0.06186525041253759,-1.4824873967930599,-0.4716965934080634
-0.299801013399876,0.5239379327773066,0.8670194540075994,-0.08334363550613996,0.27256561842951704,-0.5058431199974579,0.093445575129351,0.22705456500184856,-1.2786285696317696,0.5088507081183792
-2.0724596115932448,-2.1795030380154983,-3.478194594346838,-0.41813949688910707,2.0067265816761144,2.290231626027998,-0.5532994623511658,-1.590443687164917,-0.10653208162830488,1.2217122139111138
-0.32289754236656487,-0.03208048342805948,0.3636722077323057,-0.1867225275479061,-0.6606353851893191,-0.5058431199974579,-0.4481376676388866,-0.3738986510600747,-1.3539452127653484,-1.197856825313715
-0.01109440131626576,-0.7390181840320249,-1.113236306762486,-0.514879377515347,-0.1722451659040989,-0.5057410052861112,-0.7499520184631279,-0.16972864816724187,0.5292378275347185,0.2572316057197
0.6529308064760391,1.1752737917607357,1.1297044181654587,0.6583287826283648,-0.9261393357841274,0.6183850900980304,-0.3640082318690634,0.3349179627565529,1.7319348302716753,1.1830554577684274
-1.3968861393175962,1.1593875512977252,0.3339118265965965,-0.32424490686952145,-0.9475365377975379,-0.5042679119896164,0.8611266765289888,1.2787226931102142,-1.4508524044622526,-1.3069551756033924
-0.005320269074593587,1.0640701085196622,0.8098795222270379,-0.19810368997452243,-0.9474839419277685,-0.5050249137929758,-0.605354550733744,-0.7668296000236399,-0.0052867580716905865,-0.26985922404947543
-1.0677606015422803,0.3412461674526862,0.31526198775155223,0.014344675322317667,1.2433351004549085,-0.5058431199974579,-0.09058756561713752,1.355767977220717,2.8407613336135245,0.4043211456600735
-0.7444091960086364,-0.830364066694335,0.06646520145702377,-0.5006529244820762,0.5701079674094358,-0.48906022895276596,-0.3640082318690634,-1.4779575723635825,0.16573574793610332,0.14127261967541696
0.6298342775093502,0.8575489825005261,0.3106987293107433,-0.4314175197201596,-0.943180397589341,1.6653024777227694,0.4930603950360117,-1.6805866695742053,0.1959691899737736,0.9519649006520323
-1.368015478109235,-0.6834163424114884,-0.20237024146888183,-0.48452961104436965,-0.015960295732828457,-0.5058357110436378,-0.909797946425792,-0.1581718555506664,2.6425754481149317,0.8461127359273785
-0.11502878166636508,0.9330086246998259,0.3156587928333617,0.12531100898182798,-0.9426093567175613,-0.019429195285656342,0.5351251129209234,-0.924772432450171,0.9281123669125053,-0.09456501384826567
-0.05151332700797068,0.7781177801854737,0.6555223454031599,-0.543332283581888,-0.9473279576054247,-0.42659952696493925,-0.5585575520867798,-0.10038789246778906,0.5961117986644001,1.0714784967314712
1.2707629563349656,0.9171223842368154,1.2199775742771097,0.5540014603843807,-0.9275218557894886,-0.5052214121334223,-0.40607294975397495,0.8549736305024476,-1.004859079039,-0.27962041690470407
0.4797068392258725,-0.05193828400682257,0.27518467448879724,-0.19051624835677822,0.6572668373126445,-0.5058431199974579,0.351091972174435,0.30795211331787686,-1.4372039742267035,-0.5525752748339087
-0.218963162016465,0.702658137986174,0.3261741275013122,-0.4228816479001972,-0.9474632041276885,-0.5058431199974579,0.7401906126098676,0.8087464600361463,0.868813441414779,-0.5136782836200785
0.9589598152846659,0.333303047221181,0.9471740805331091,0.8764677291385132,0.014094486992415795,-0.5058431199974579,-0.15894273218011903,1.0822572186284314,-0.23714322085064704,-0.7954419981589456
1.836627916018842,0.13075348131779788,-0.47021367169026385,1.4360415484471551,0.04414926971766015,-0.5058136452463909,0.16705883142794634,-0.3045578953606219,-0.23674277790975076,0.2942141205890451
0.4970292359508891,1.3063352755805715,1.6727321726216975,1.5972746828242215,-0.9463541826451268,-0.2091628387659551,1.8496475468244125,-0.5087278982534549,1.7375076611991491,0.4794097361959242
-1.137050188442347,0.5001085720827909,0.5378696386466565,-0.4579735653822647,-0.9247568157787662,-0.5054404594637562,-0.8146265222111795,-1.017226773382775,-2.1237967666384816,0.9539876351060377
1.363149072201721,0.8019471408799895,-0.1960213601599305,-0.16870235370576336,-0.9392432210523339,1.6846301833404569,-0.5585575520867798,0.11533890304161917,0.062221247714410094,-0.3405432988242214
-0.9060848987754585,0.9052077038895575,0.7479779294647628,-0.3545946733404986,-0.9235846792524817,-0.5058431199974579,0.1302522032786486,-0.4663529919926783,-0.2725156806298201,2.3076817144289126
-0.8252470473920474,-1.1361741956072864,-0.4354932270319368,-0.5224668191330911,1.498800753619485,-0.3705491806736455,-0.41133103948958893,-1.0596016796435512,1.5947497527696182,0.6150005290985889
-0.299801013399876,-0.6715016620642306,-0.47180089201750186,-0.30907002363403285,1.6851404065159996,-0.49537394612121055,-0.5901060905004635,-0.07727430723463821,2.4501292447691863,-0.5107299853955714
0.18522609490058942,1.2110178328025087,0.8082923018998,-0.4437471123489941,-0.9456478952510836,-0.5058431199974579,-0.6095610225222352,0.6893262696648664,-0.4406016050710415,-0.5675522170031123
0.520125764917578,-1.1679466765333075,0.03690322286221942,-0.4636641465955728,0.9217489252947944,-0.5056314816209443,-0.6058803597073054,-0.6628184664744611,0.5939761029796199,-0.3067028216844571
-0.7213126670419475,1.1951315923394983,0.2938345133338416,7.401667520398607,0.19141770507135725,-0.5058349379354131,2.6383610071665062,0.019032297903490387,-1.3718650343704575,-2.8957117084489785
-0.3921871292666315,0.6510278564813904,0.9521341440557272,-0.21991758462553737,-0.9384617967014776,-0.5058431199974579,-0.49020238552379836,0.7933374032140457,-0.6763623865237371,-0.5720713127634741
0.3584500621507559,1.0918710293299305,0.5096964778381851,8.018147151840333,1.5438829277073516,-0.5058431199974579,2.6751676353158036,-0.7206024295573383,-1.1556592165315314,0.9881750321021278
1.2072475016765711,-1.3546100019736802,-0.2674462748856326,-0.19430996916565027,1.5919705800677428,-0.5058431199974579,-0.23781407821432832,0.9435757072295261,0.2228989777490502,-1.594208885697684
-0.7906022539420141,0.9369801848155785,0.738454607501336,0.15566077545280524,-0.6915918113963208,-0.37763600606679765,-0.5848480007648496,-1.2098399836590321,1.4972418966613696,1.0538161376956898
1.28231122081831,-0.4252649348875682,0.3807348262501121,-0.12981671541482379,0.02311092180998913,-0.5058321032052558,-0.7820263658503729,0.6045764571433131,0.39769232145028427,-1.1068273352312428
-0.6231524189335199,-0.19888600828966946,0.18887956919524068,-0.5196215285264371,-0.7685320551729462,-0.49050980687409246,-0.5690737315580077,0.05755493995874186,-1.4077714180708258,0.23468648745687726
1.2880853530599823,-1.2076622776908335,-0.9090800921715215,-0.12886828521260588,1.093061186828687,-0.5058431199974579,-0.3534920523978355,1.4212564687146445,0.456190361066218,-2.064741392621359
1.2072475016765711,-0.13136948632187492,-0.44144530325907855,-0.4247785083046333,-0.5088587324268353,2.373985017037977,-0.6926388403449356,-0.4894665772258292,-0.005119906846317261,-0.050342500286722505
0.6933497321677445,0.9846389062046099,0.1120977858651112,-0.288204559185236,0.31764779251738345,-0.5055312996801592,-0.5375251931443239,1.9181985512273887,1.5954171576711123,0.46698973874246136
-0.12080291390803725,0.7741462200697211,0.38589329231363523,-0.5016013546842943,-0.6260723850552883,1.3721656091878423,-0.24833025768555622,1.0052119345179287,0.6830079168388962,-0.5043772060049314
-0.299801013399876,0.249900284790376,-0.2700255079173941,-0.4171910666868891,1.297433709360348,-0.49730671668297927,0.7139001639317978,1.633131000018528,-1.1040688176460578,2.0422954264419717
0.41041725232580595,0.8932930235422997,0.7434146710239541,-0.47314844861775324,-0.764324385591412,-0.5058431199974579,-0.824616892708846,1.143893445916834,-0.9053823784713451,-0.14750563427416274
1.3804714689267377,1.2864774750018084,0.6825050909662028,-0.2142270034122291,-0.9298360740593324,2.187150529400331,-0.791490927374478,1.3981428834814937,0.1291285890891669,1.62240251840946
-1.27562936224248,1.0521554281724044,0.7846823995321375,-0.21233014300779313,-0.7348706985206725,-0.5058204099433571,-0.49020238552379836,0.30409984911235166,-0.18715459372875948,-1.222377349310147
0.1967743593839339,0.4325920501149964,-0.7303194028163617,-0.4048614740580546,-0.7649254812459169,0.698917196838395,-0.7851812196917413,-0.970999602916473,0.32924994880209146,2.5846784808079653
0.5143516326759058,1.2626481143072927,1.073358096548516,-0.12791985501038777,-0.8340514815139789,-0.5058431199974579,0.6139964589551328,0.2347590934128989,0.5980472728787318,-0.3624179478358542
0.48548097146754476,0.4961370119670383,1.2763238958940524,-0.026437823373057806,0.7654640551235237,-0.5058431199974579,2.186165289903706,0.8164509884471965,0.4015966401240229,-0.02883973599288258
0.6298342775093502,0.1386966015493031,0.004960413776558358,-0.4835811808421516,0.18540674852630848,-0.5057603329917288,2.827652237648609,-0.8515794125451932,-0.969319768034454,-0.28161672793164827
-0.5192180385834203,1.2427903137285297,1.1638296552010716,-0.11084811137046303,-0.9360273593007329,-0.5058354211280536,0.9084494841495144,-0.07342204302911298,-1.158061874176909,0.8186552851464008
0.6413825419926946,0.7066296981019267,0.9840769531413888,-0.5053950754931665,-0.37361221016323587,-0.5058431199974579,-0.28513688583485397,0.09607758201399344,-1.0723003443349517,-0.4148237612069873
-0.19009250080810386,-0.42923649500332084,0.41763769885839164,-0.35649153374493464,0.5550805760468136,-0.5058431199974579,-0.661090301931252,0.015180033697965159,0.49109563741434614,-0.4663323571704676
0.8088323770011882,1.2030747125710035,0.8529328736033636,-0.47125158821331714,-0.8953632382734772,-0.2594148733719426,1.1345473427809145,1.3288021277820408,0.1270262636494613,-0.5305012228414816
-1.6451738257095017,1.4135673987058923,0.6811162731798697,-0.06816875227065147,-0.9476486421371031,1.6330896350266235,-0.8477524875455474,0.5429402298549106,1.8345817041214267,-0.6760949742694475
-1.0562123370589358,-0.7549044244950354,-0.35018013444290397,-0.5262605399419633,0.08021500898795338,-0.5058431199974579,-0.7557359171723032,-0.9016588472170203,-1.4729101364566237,0.07050692916918737
-0.4383801872000092,0.9766957859731047,0.08075018440216415,7.373214614332066,1.378581622718508,-0.5058431199974579,2.5542315713966826,-0.20439902601696824,0.3026538634775624,-0.8580654517631126
-0.3690906002999427,1.342079316622345,0.8053162637862291,-0.16016648188580104,-0.9443825888983508,-0.5058431199974579,-0.6258611007026383,-0.9979654523551491,0.13016306668648214,-0.24110280527156638
-0.3690906002999427,-0.4212933747718156,-0.37478204951509003,2.280144428421208,0.6332230111324489,-0.5058431199974579,-0.6174481571256561,-0.2930011027440465,-1.4240894679123497,-0.8450527491346497
-2.274554240051772,0.7503168593752054,1.4866305892530636,-0.23224717725437186,-0.9130955600813714,-0.5058431199974579,-0.5112347444662542,-0.820761298900992,-1.366959608344478,3.105388530631323
1.0513459311514215,0.23004248421161289,0.4569214019575276,2.052521179888879,-0.6320833416003371,-0.5058237922918403,-0.6100868314957966,1.760255718800858,-1.0060937781067638,-0.22003535419579281
0.029324524375439653,-1.2791503597743805,-1.481669825222565,3.5320722953490167,-0.4848149062466398,-0.5058431199974579,-0.13265228350204922,1.378881562453868,2.5709629021846445,1.1543671007100857
0.46815857474252803,-1.0607145534079867,-1.7782816238751322,0.3358625138742322,1.207269361184615,2.1452738338953417,-0.6116642584164808,-1.2175445120700823,-0.07262791263241815,3.4449134194658044
0.08706584679216178,-0.8462503071573456,-0.17141944508774457,-0.312863744442905,1.3124611007229703,-0.5058431199974579,-0.5848480007648496,-0.8438748841341429,-0.7518125106376145,0.12022761071643234
-0.06306159149131511,1.0322976275936413,0.19383963271785898,-0.5072919358976026,-0.16322873108652558,-0.5049830370974708,-0.5690737315580077,1.7641079830063833,0.2586385102240447,-0.4991644915007982
-1.0966312627506414,-0.6635585418327253,-0.32498301174800354,-0.541435423177452,-0.8698166729570197,-0.5058431199974579,-0.6553064032220766,0.38114513322285426,2.2018212511684063,-0.005852136111438386
-0.2767044844331872,1.3381077565065924,1.0743501092530399,1.8723194414674522,-0.9001720035095164,-0.5057104030855498,-0.1063618348239794,-0.7783863926402154,1.1638064078750523,0.09528030136337676
0.13903303696721175,-1.314894400816154,-1.465004011786568,-0.31570903504955905,1.5769431887051202,2.4931725350137164,-0.3640082318690634,0.29639532070130137,-0.43846590938626107,-0.6175011496021
0.5316740294009225,-1.0607145534079867,-0.1400718436247974,-0.3232964766673034,1.9255786683179545,-0.498788507447002,-0.5585575520867798,0.5467924940604358,-0.3122596425137778,-0.6275032532553834
-0.09770638494134846,0.39287644895747026,0.2581220559709907,-0.4171910666868891,-0.48180942797411536,-0.5058431199974579,-0.5795899110292356,1.6485400568406285,1.9295867918490737,-0.1287935103484907
-1.419982668284285,-1.6802779314653948,-1.668565018754818,-0.42857222911350545,1.664102058608329,0.08365190134201023,0.8716428560002166,-0.7398637505849641,0.1485167014775623,0.2293843810696377
1.039797666668077,0.12281036108629263,0.39660702952249033,-0.2180207242211013,-0.9268005410040827,-0.5058431199974579,-0.4586538471101146,0.52753117303281,-0.10412942398292699,-0.2808696735323223
-0.09193225269967618,-1.5373017672983005,0.05912430744354886,-0.5347964117619256,1.808365015689502,-0.5058180906186831,-0.5743318212936217,-0.35463733003244896,-0.9183967740504747,-0.11302715295048726
-0.12080291390803725,1.3301646362750872,0.3608945721596395,0.0968581029152868,-0.9476372513744501,-0.5016232376042629,-0.7068356826310934,-1.2791807393584849,-0.4055628477426156,-0.7354846423827469
0.9705080797680105,0.8813783431950418,0.8307117890220342,-0.36787269617155116,0.2334944008866994,-0.5058431199974579,0.30376916455390934,0.9782460850792525,-0.13709922611672218,-0.2445011621485402
0.5085775004342336,-0.22271536898418515,-0.47259450218112065,-0.39632560223809227,-0.44874916697634665,-0.5058018875588068,2.154616751490022,0.8511213662969224,0.15232090941607734,1.0685226780750863
-0.3633164680582704,-2.0774339430406563,-1.121172408398675,-0.43046908951794155,1.8684745811399905,-0.5058431199974579,-0.7956973991629692,0.48515626677203344,-0.287999474344477,-1.357078799584191
-1.3449189491425462,0.519966372661554,0.905311144402212,-0.08144677510170398,0.383768314512921,-0.5058431199974579,-0.12213610403082129,-1.0480448870269758,0.4356009198551337,-0.4378442197271259
-0.4557025839250259,-0.810506266115572,-1.4905979395632778,-0.4987560640776403,-0.6320833416003371,2.631687758607143,-0.3797825010759053,1.7101762841290309,0.25757066238165427,-1.5373567009655564
1.1437320470181769,0.2538718449061286,0.12499395102391844,-0.06058131065290713,0.24251083570427262,-0.5058431199974579,-0.6568838301427607,1.8835281733776623,-0.6077197924050965,0.06497065848305916
0.26028981404232826,-0.8144778262313246,-0.591239221642148,-0.3612336847560249,-0.32251907953032055,-0.5058431199974579,-0.6453160327244101,-1.3986009297297646,-1.0074285879097518,-1.906515373507145
-0.10925464942469282,0.17444064259107667,0.7594852768372371,-0.45133455396673844,-0.9402650836649921,1.591212939521634,-0.6100868314957966,-1.2406580973032333,-1.1725111902942504,0.48711425404965397
0.36999832663410037,-1.5253870869510426,-2.4048368480522617,-0.28441083837636383,0.8195626640289635,2.4770661136656433,-0.5532994623511658,-0.8092045062844165,-1.7723413455118306,-1.4998468610223146
0.13325890472553947,-0.34186217245676326,0.2787559202250823,-0.545229143986324,0.4979764888688493,-0.5058431199974579,-0.11161992455959337,-1.0904197932877526,-1.271754299146383,0.09862759887318077
0.49125510370921693,0.5993975749766064,0.49501468981123536,-0.4380565311356859,-0.9293852523184538,0.33491207437194753,-0.743642310780391,0.03829361893111612,-0.4720363759314007,0.2791569555115139
-1.5643359743260905,-1.8788559372530251,-2.5276480208722885,-0.47125158821331714,1.4026254488987033,2.50283638782256,-0.40607294975397495,-1.5411347053341948,-1.6241774573802004,0.48042275285980973
0.8319289059678772,1.4135673987058923,1.0293127324676667,-0.09093107712388439,-0.7604172638371302,-0.5058431199974579,0.6139964589551328,1.1015185396560572,0.3958903282162509,0.2467467599701533
-0.11502878166636508,-0.5722126591704151,0.06090993031169155,-0.5651461782329028,0.24251083570427262,-0.5058431199974579,-0.6921130313713743,-0.9671473387109479,-1.4072041239045558,0.6111228863426621
0.8550254349345661,-0.9931980314401923,-0.6906388946354163,-0.4029646136536185,1.108088578191309,-0.5058431199974579,0.1302522032786486,1.6755059062793047,-0.5492884932793115,-1.1624957992602525
0.5836412195759725,-0.10754012562735922,0.5503689987236543,-0.30717316322959676,0.134313617893393,-0.5053019442401627,0.5193508437140815,0.09992984621951856,-0.9031465720513409,0.503391559881746
-0.8541177086004085,-2.5068390227558286,-4.058522026493168,-0.4276237989112875,2.03077040785631,2.2451336462533935,-0.6542547852749537,-0.8669884693672938,-0.8757496008450187,0.26245629793280734
-1.5816583710511072,-0.7827053453053037,-0.4993788452032589,-0.34605880152053636,0.1793957919812596,0.2737076732492704,-0.5375251931443239,-0.4432394067595275,1.6368630020538788,0.5174919884603332
-1.2929517589674964,-0.8780227880833665,-0.4700152691493593,-0.39063502102478403,-0.8598985946576889,-0.503427156795247,0.20912354931285804,-1.6116311402953054,0.8426511692762211,0.2776903539626486
0.3469017976674116,-0.6000135799806835,-0.41981942630046326,0.5540014603843807,-0.5298970803345063,-0.5051086671839858,0.9031913944139004,-0.18513770498934248,-1.2738899948311635,0.3925658315646819
0.9820563442513546,-0.6278145007909518,0.367045050927686,-0.5072919358976026,0.008083530447366904,-0.5058431199974579,0.41944713873741624,0.15386154509687064,-1.2737898840959394,0.06781969489979241
-0.42683192271666476,1.2070462726867561,1.0771277448257057,-0.3270901974761755,-0.012954817460304012,-0.5058431199974579,1.6550982266066965,1.8218919460892602,2.130408926708567,-0.6573818333265935
-0.6982161380752587,1.405624278474387,1.4080631830547912,1.3127456221588103,-0.9454405172502794,-0.0870761649475625,0.7401906126098676,-0.870840733572819,0.43059538309392986,1.1877782483384485
-0.46725084840837033,1.3698802374326133,1.8225260910047674,-0.2142270034122291,-0.5930121240575195,1.697515320418915,0.030348498301983464,-0.8978065830114951,1.7300994667925673,0.473401772819065
0.7106721288927605,-0.6039851400964361,0.06507638367069074,-0.05489072943959898,-0.5569463847872261,-0.5051344374581427,-0.6926388403449356,0.6585081560206653,-0.2712809815620568,1.384712605889508
-0.5249921708250925,0.027492918308229794,0.07539331579773649,-0.43426281032681374,0.2996149228822368,-0.5058431199974579,3.821431197679646,-0.023342608357286018,1.323950213988497,1.3990526282780134
-2.833490241045642,-2.5185154094961417,-5.9885819444143555,-0.44754083315786625,1.9736663206783456,2.435189418160654,-0.6116642584164808,-1.0904197932877526,-1.9080581322306007,-0.39414469486171333
-0.11502878166636508,-1.1838329169963178,-0.4382708626046028,-0.5167762379197829,1.9195677117729057,-0.5022352816154896,-0.527009013673096,-0.281444310127471,0.19486797188630925,0.30569029245002904
0.8146065092428604,-0.9733402308614292,-0.5975881029510993,-0.37166641698042324,1.6280363193380358,-0.5058317166511435,-0.701051783921918,1.6446877926351036,-0.6011458541253822,-0.24611420266238748
-1.0273416758505747,-1.3943256031312063,-0.7146456020848885,-0.42952065931572353,0.27256561842951704,-0.5057100809571229,-0.7226099518379352,-1.2175445120700823,2.0980731592311903,-0.45678631877517045
-1.3333706846592017,-0.7628475447265406,-1.0578819978500669,-0.49401391306655007,1.0179242300155762,-0.5058273357045369,-0.2062655398006447,-0.7283069579683886,-1.582231059321313,1.1945758698028315
-1.3506930813842184,-1.295036600237391,-0.3033571347893882,-0.5044466452909485,1.904540320410283,0.1448563024646873,-0.05903902720345375,-1.592755045688232,-0.07272802336764225,0.7574822329664953
0.07551758230881735,0.7940040206484842,0.38728211009996827,-0.40960362506914477,-0.6492145677537262,-0.5052697313974664,3.2588155959689526,0.6045764571433131,-0.2898014675785104,-0.22818472844019225
-0.2767044844331872,1.0322976275936413,0.8037290434589913,-0.41813949688910707,-0.9467178455161023,2.531827946249091,2.44381168694879,-1.3408169666468872,-0.9052822677361209,0.7699221297803837
-2.1071044050432777,-1.7358797730859314,-1.520953528321701,-0.5053950754931665,-0.1902780355392455,-0.5058431199974579,0.2511882671977697,-1.583894838015524,0.9990575079412999,0.36955293786540255
1.2476664273682767,-0.6754732221799832,0.05178341343007384,-0.5234152493353093,1.5679267538875472,-0.5056192407407197,-0.9224173617912657,1.583051565346701,-0.9968168499759996,0.22782614271039164
-0.7386350637669642,1.250733433960035,1.3729459333146548,0.8574991250941525,-0.9076856991908276,-0.5058431199974579,-0.7052582557104091,-1.2136922478645573,1.099735537331644,-0.4550145521630948
0.8319289059678772,0.8098902611114948,0.6467926336033518,-0.5139309473131288,0.885683186024501,-0.5028795384694125,-0.400814860018361,1.2787226931102142,-0.07246106140704484,0.556064067180225
0.4797068392258725,0.3611039680314493,0.29839777177465043,-0.5167762379197829,-0.9275819653549391,-0.5057133022413924,-0.8025329158192674,-1.1366469637540544,-0.6395550062063525,0.10849233780308301
-0.4210577904749926,-0.33789061234101064,0.3805364237092075,-0.5585071668173766,0.35371353178767667,-0.5058431199974579,-0.6116642584164808,-0.5742163897473825,-1.206381989045062,-0.4090961014593717
0.44506204577583924,0.23798560444311812,0.6035408796861212,-0.22560816583884563,-0.9474283405797271,-0.5036429828413113,1.0399017275398632,0.10378211042504369,-0.6731254727514923,-0.40477139528330536
0.2545156818006561,1.0720132287511674,0.7890472554320416,-0.4058099042602727,-0.9462309580359533,0.9501773698683322,0.6297707281619747,0.6353945707875143,0.3611852733385721,-0.875110565482334
-0.6404748156585366,0.8932930235422997,1.2662053663079111,0.6203915745396433,-0.4156889059785779,-0.5058431199974579,-0.39029868054713307,1.0629958976008058,-0.13409590405999983,-0.5226403041314971
-2.667195232485483,1.2427903137285297,0.5527498292145109,0.2505037956746089,-0.9476344863344395,-0.5036011061458062,-0.6616161109048133,-1.466400779747007,-1.3002524884401694,0.036634993481535656
-0.09770638494134846,0.8615205426162788,1.1281171978382207,-0.4636641465955728,-0.8244339510419008,0.13519244965584354,-0.8256685106559688,0.3965541900449549,0.768569225210406,0.6411287596357865
0.23141915283396722,0.12678192120204526,0.3535536781461646,-0.22276287523219143,-0.4036669928884802,-0.5058431199974579,-0.7583649620401101,-0.9979654523551491,-1.107405842153527,0.07201527994110178
2.362073950011014,-1.8669412569057673,-0.9868538882061746,0.19359798354152663,0.5881408370445824,-0.3383363379774998,-0.6584612570634449,0.839564573680347,-0.4066640658300804,-2.6629594278011983
-0.2074148975331206,1.0124398270148782,0.985862576009531,0.21256658758588737,-0.8526854468036302,-0.48255323472814454,-0.9650078886497386,-0.5164324266645052,1.59568411963171,0.6339382076097138
0.8261547737262049,1.056126988288157,0.7920232935456124,-0.027386253575275903,0.22447796606912607,-0.5058273034916941,2.480618315098088,0.9820983492847776,0.3287493951259716,0.84390809247218
-0.380638864783287,1.322221516043582,1.1695833288873088,0.05986932502878341,-0.8923577600009527,-0.5058431199974579,0.7244163434030257,0.43892909630573157,1.530411920265613,-0.6355168442969827
0.3642241943924282,-0.05193828400682257,0.5464009479055598,-0.5082403660998206,-0.6380942981453859,-0.5058034982009417,-0.521750923937482,-0.4162735573208514,0.12909521884409206,0.029579712910706026
-0.2767044844331872,0.952866425278589,0.40236070320872747,-0.07860148449504979,-0.4757984714290665,-0.5058431199974579,3.0484920065443957,1.2825749573157392,1.0287903963028506,-0.7050475509623283
-0.732860931525292,1.385766477895624,0.6051281000133589,-0.09377636773053837,-0.9474328487971357,2.386870154116435,-0.5007185649950263,-0.7321592221739138,0.7622288786462147,-0.003695876284558633
0.6644790709593835,0.9369801848155785,0.6702041334301096,-0.4133973458780169,-0.8547892815943975,-0.5058431199974579,-0.675812953190971,1.3596202414262424,-0.3394897624947262,-0.6673637163070625
-0.8367953118753918,-1.4936146060250217,-1.0443906250685453,-0.5044466452909485,-0.2293492530820632,-0.3480001907863435,2.186165289903706,-1.3138511172082112,-1.5910408040210315,-0.5538539471188619
0.24296741731731167,-0.26640253025746397,0.38827412280449186,0.2694723997189697,1.3214775355405437,-0.5055209915704965,-0.3850405908115191,1.3249498635765158,0.6767009405197798,-0.6522050700902413
-2.314973165743478,1.417538958821645,-3.7273881857231763,-0.42003635729354316,2.036781364401359,1.575106518173561,3.8845282745070135,-1.826163733901001,-1.3574157182531164,-1.3139665279378783
-1.1255019239590025,-0.8224209464628298,-0.4384692651455078,-0.38209914920482174,1.1321324043715042,2.2837890574887685,1.339612842469859,-1.5819687059127614,-0.823291575587604,1.0395004365313638
1.057120063393094,0.0950094402760243,1.028320719763143,0.3737997219629537,-0.1512068179964278,-0.5058431199974579,-0.8503815324133545,0.8588258947079727,-0.8976071113689417,0.048357698392709356
-0.4326060549583369,0.28961588594790216,0.5831054179729344,-0.38304757940703965,-0.695799480977855,-0.5057429380566729,-0.4376214881676587,-1.2637716825363845,-0.7520127321080626,-0.12182201136733453
-2.0897820083182617,-2.2942811253607487,-4.269027122393083,-0.40011932304696446,1.7813157112367815,2.2193633720964767,-0.5743318212936217,-1.0634539438490764,-1.120320126997433,-2.415495593696487
-0.7155385348002753,0.6947150177546688,0.5537418419190346,-0.18103194633459788,-0.3195136012577961,-0.5058431199974579,3.9371091718631535,0.30795211331787686,0.061220140362169335,-0.1992815114483123
0.05242105334212845,-0.9336246297039029,-0.2890721518442479,-0.465561007000009,1.4356857098964722,-0.49695237541332166,-0.32720160371976564,-1.3292601740303118,0.1329995375178312,-0.4872194846834259
0.48548097146754476,0.4723076512725226,0.4596990375301938,-0.3792538585981676,-0.8656090033754854,-0.5041100690604052,0.5351251129209234,-1.2984420603861107,0.027749784552253753,-0.3902872701114158
0.17945196265891725,-1.1560319961860495,-0.9771321637018431,-0.49306548286433205,1.2854117962702505,-0.5058397054361321,-0.4691700265813425,0.1769751303300216,1.3509133720088473,0.47150234462362617
-0.08615812045800401,1.2149893929182614,0.7132574848064355,0.6203915745396433,-0.9456989883817163,-0.5050377989300543,-0.7862328376388641,-0.0348994009738615,0.1833218670904658,0.7535905753933384
-0.12657704614970955,0.22209936398010766,-0.9799097992745093,7.344761708265525,1.5198391015271562,-0.5058431199974579,3.474397275129126,0.07296399678084246,-1.1590963517742243,1.0330765094481762
1.3169560142683432,0.10295256050752954,0.6815130782616791,-0.43046908951794155,0.19141770507135725,-0.5058431199974579,0.040864677773211386,1.0784049544229064,-0.8059056779036897,0.1923237862983064
-1.1485984529256912,0.9171223842368154,0.7823015690412806,-0.5006529244820762,-0.9333825384209113,-0.5058431199974579,-0.6600386839841291,0.3233611701399774,1.5316132490883019,0.7007362814084909
0.3930948556007893,1.1554159911819726,0.4216057496764862,-0.35838839414937074,-0.8947621426189724,-0.5050893394783681,-0.9239947887119497,0.25016815023499955,1.463437838400707,-0.3187653338290423
-1.2814034944841521,-0.9455393100511608,-0.9388404733072303,-0.5234152493353093,1.1982529263670418,2.0808481485030503,-0.3534920523978355,0.41581551107258063,1.7930357490034352,-0.40420831479193975
0.6818014676844001,0.9727242258573521,0.8108715349315614,-0.4797874600332795,-0.8635051685847183,-0.5058431199974579,1.4079680090328401,0.5429402298549106,0.09665934063149208,-0.7555938001422176
-0.32289754236656487,-0.7985915857683141,-0.16745139426964975,-0.5101372265042567,1.282406317997726,-0.505809296512627,0.6034802794839049,0.52753117303281,-0.6064183528471836,-0.8166028207194178
0.9936046087346991,0.3253599269896757,0.6535383199941125,-0.4816843204377156,-0.08208081772836597,-0.5058431199974579,-0.4954604752594123,-0.17358091237276702,0.0631556145765017,-0.5753683750791502
1.4901799815185093,0.17046908247532405,-0.06626609840823879,1.635211890912943,0.38677379278544544,-0.5058431199974579,-0.5638156418223937,0.5699060792935867,-0.5651059894447155,-0.2959507215340237
0.5663188228509557,0.20224156340134455,0.5624715537188426,0.25998809769678927,-0.4307162973412001,-0.5058431199974579,-0.11687801429520733,0.7933374032140457,-1.590540250344911,-0.8055633813269166
0.029324524375439653,0.8138618212272474,0.8791220090027877,0.5540014603843807,-0.38262864498080906,-0.5058374183243006,0.31428534402513725,0.8087464600361463,-1.158829389813627,-0.6452091204542195
0.3469017976674116,0.249900284790376,-0.029561628340864097,-0.3308839182850477,-0.8100076553337834,-0.2291348012375655,-0.527009013673096,1.1824160879720855,0.6591815618555665,0.4075818838133175
-0.16699597184141504,-1.0408567528292236,-0.35018013444290397,-0.47030315801109907,-0.2804423837149784,1.9874309046842273,-0.5375251931443239,0.22705456500184856,1.7957053686094109,0.42223378630349684
-0.2767044844331872,0.6589709767128956,0.6588951885985401,-0.13645572683035015,0.01108900871989135,-0.5058431199974579,0.7927715099660072,0.3657360764007537,-0.5301006023613644,-0.2440308340840786
-0.03996506252462623,1.218960953034014,0.8108715349315614,-0.3631305451604609,-0.9289344305775752,-0.5058431199974579,-0.7678295235642154,0.30409984911235166,-0.7727690245445207,0.43888562296235545
1.617210890835298,0.19429844316983932,0.07717893866587917,-0.33467763909391984,-0.9094889861543421,-0.505649842941281,-0.844597633704179,0.839564573680347,0.09565823327925131,-0.38090720323318866
0.5432222938842669,-0.09165388516434875,0.15634155248686538,-0.42857222911350545,1.1591817088242242,-0.5058431199974579,-0.6752871442174097,1.4983017528251477,-0.40529588578201764,0.18884107130577393
2.159979321552486,0.14266816166505572,1.0332807832857611,0.9428578432937758,-0.12716299181623236,-0.5058431199974579,-0.7073614916046548,0.6931785338703916,-0.6049500620638972,-0.823955632365701
-2.4535523395436107,-1.3069512805846488,-0.5333056796979676,-0.364078975362679,-0.49383134106421317,2.5672620732148514,-0.673183908323164,-1.5295779127176194,0.5730195890727132,1.4829669899105582
-0.894536634292114,-1.8033962950537257,-2.992108369130256,0.06745676664652775,1.991699190313492,0.00634107887126032,2.3071013538228273,-0.9594428102998974,-0.5123142617365537,1.8660036918779832
-0.09770638494134846,0.7264874986806897,0.08293261235211619,-0.47314844861775324,-0.9465705770807484,-0.5021386430874011,-0.6663483916668659,-0.5472505403087065,0.30866050759100716,1.797153769394197
1.3804714689267377,0.5080516923142961,0.6227859261538798,0.2505037956746089,-0.47279299315654205,-0.5057706411013916,-0.6879065595828832,0.015180033697965159,-0.5725141838512973,0.16344386162823932
-0.6751196091085698,0.1903268830540867,0.32676933512402645,-0.34700723172275433,1.3996199706261792,-0.5058431199974579,1.0819664454247748,1.1130753322726328,0.9592801758122671,1.3328953339360565
-0.9753744856755248,0.9131508241210627,-0.22181369047754532,-0.4646125767977909,-0.9474635046755157,-0.4862899244808975,-0.43236339843204474,1.1015185396560572,0.5665123912831486,-0.9384387582123672
-0.5134439063417481,0.9687526657415995,1.0080836605908605,-0.28441083837636383,-0.9474027940144105,-0.5056656272342022,-0.400814860018361,1.436665525536745,1.128233726625431,-0.8357719797468612
0.8665736994179104,0.42067736976773856,0.7350817643059556,-0.1032606697527188,-0.611044993692666,-0.5058393188820198,-0.47442811631695647,-0.08883109985121358,-0.876617227216961,-0.8147948118819796
0.1505813014505562,0.5040801321985435,-0.43509642195012715,-0.3138121746451231,-0.7868654726353453,-0.4900588270763465,-0.8708880823822488,1.5406766590859244,-0.3913471233407969,-0.5157857552086906
-0.2016407652914483,-0.6317860609067044,0.1295572094647271,-0.5385901325707979,1.4867788405293876,-0.5058431199974579,-0.5974674161303231,-0.5318414834866058,-1.2402194175508,-0.25274903923594444
-1.0850829982672971,0.654999416597143,0.3176428182424089,-0.008417649530915151,-0.4908258627916887,-0.5058431199974579,1.5183878934807333,0.5352357014438603,-0.5677422388056164,1.6212291865862158
-1.627851428984485,-1.3228375210476593,-0.4698168666084547,-0.4522829841689564,1.964649885860772,-0.5058431199974579,0.8348362278509189,-1.3716350802910884,-1.1467493610965886,0.49152462850166523
1.4670834525518206,-0.8780227880833665,-0.7438107755978836,1.407588642380614,-0.927942622747642,-0.5058189281525931,-0.7483745915424436,0.866530423119023,1.4318695865600486,0.2929839053496103
1.1148613858098158,-0.40540713430880515,0.2186399503309499,-0.32803862767839354,0.13130813962086854,-0.505675613215438,-0.7441681197539526,1.7255853409511317,-0.4730041130385671,-0.36595196315873196
0.5489964261259391,-0.46895209616084704,0.6858779341615832,-0.4959107734709861,0.2575382270668949,2.2741252046799247,-0.5480413726155519,-1.179021870014831,-1.072634046785699,-1.4041398887886882
0.9820563442513546,-2.150510649170504,-1.900100783990635,-0.39632560223809227,2.024759451311261,2.547934367597164,-0.5690737315580077,0.1769751303300216,-0.9430907554057463,-1.208362052104491
0.6298342775093502,0.5596819738190802,0.3228012843059317,-0.4759937392244073,-0.9034780296092932,0.02566878448894782,2.5805220200747527,0.17312286612449648,0.09742685626820986,-0.03237632055922634
-1.2871776267258244,1.15144443106622,0.894200602111547,-0.05963288045068914,-0.9445328628119769,-0.5058431199974579,-0.6463676506715328,-0.8592839409562435,0.8665108945046256,0.10487530406476751
1.3285042787516879,-1.5174439667195374,-1.3733420378885839,-0.21043328260335703,1.8203869287795997,2.4061978597341227,-0.527009013673096,0.007475505286914903,0.1406746938850099,-3.3925092595369115
-1.0504382048172634,1.036269187709394,0.3315309961057399,-0.15732119127914687,-0.9470153878650822,-0.5054726723064522,-0.34297587292660753,0.5121221162107094,0.6184698628644428,0.46684759955379984
0.49125510370921693,-0.8541934273888508,-0.8590826518635302,-0.5091887963020387,-0.9340437436408668,-0.3995407391001768,-0.8098942414491269,-1.2907375319750602,-0.13856751690000854,0.6409624329429808
-1.7548823383012733,-0.8661081077361087,-0.37716288000594683,-0.4636641465955728,1.2854117962702505,-0.5028376617739075,-0.754158490251619,-0.6088867675971089,1.7989422823816554,0.679429379310517
0.7684134513094827,0.17046908247532405,-0.48053060381731005,-0.49401391306655007,1.4597295360766676,2.319223184454529,-0.6395321340152347,1.2556091078770635,-0.9725233115616242,0.6658222195947903
-1.5123687841510405,-1.2553209990798648,-0.32974467272971714,-0.47883902983106147,1.2192912742747128,-0.5017198761323513,-0.17471700138696092,-1.4621632891209293,-0.17197113221977492,0.5702483186299728
0.43351378129249485,1.056126988288157,0.1470166330643431,-0.31760589545399515,0.702349011400511,-0.5058431199974579,-0.7630972428021627,0.7663715537753696,0.0334560964600262,0.2732983685731629
-0.35176820357492594,0.6510278564813904,0.8227756873858452,-0.3574399639471528,-0.9262896096977536,-0.4996260413571018,-0.6710806724289184,-0.3507850658269238,0.1291619593342413,0.1423179025625938
1.0224752699430604,0.5159948125458014,0.04186328638483763,-0.12033241339264346,-0.8656090033754854,-0.5058431199974579,-0.5532994623511658,0.7856328748029953,0.1947344909060103,-0.13706852927700908
0.3642241943924282,0.3372746073369336,-0.23094020735916262,-0.514879377515347,-0.9106911774633519,1.1273480046971343,-0.5585575520867798,-0.4278303499374268,0.19563548752302695,1.3628498339148365
-0.7270867992836197,-0.40937869442455777,-0.004761310727773076,-0.5376417023685797,-0.7153350897492639,-0.5058431199974579,-0.521750923937482,-0.9632950745054227,-1.4387056352550647,0.2952600331937013
0.4161913845674781,0.4723076512725226,0.44839009269862423,-0.517724668122001,-0.5719737761498483,-0.5053856976311727,0.214381639048472,1.3981428834814937,-0.409734128376952,-0.5987747742062818
0.5547705583676114,-0.26243097014171135,0.29641374636560297,-0.5215183889308731,-0.38262864498080906,-0.5045674914266906,0.7980295997016212,1.1284843890947334,-1.173879370342313,0.9405183978046988
-2.2225870498767226,-1.2275200782695965,-6.2217049299774105,-0.3877897304181298,1.664102058608329,2.654236748494445,3.947625351334381,-1.826163733901001,-2.164241503669008,-2.044479449300386
0.16790369817557282,1.417538958821645,1.2378338029585352,2.052521179888879,-0.499842297609262,-0.5024285586716665,-0.006458129847314272,-1.0596016796435512,1.0970325474805944,-0.3712319019343378
1.3573749399600488,-0.22668692909993776,-0.261295796117586,0.16514507747498547,-0.9216311183753408,0.48631243504383276,-0.6889581775300059,1.1015185396560572,0.1625989448990825,1.511780425264537
0.15635543369222837,-0.004279562617791151,0.2779623100614634,-0.4892717620554599,-0.8968659774097395,-0.5058431199974579,-0.41133103948958893,0.06911173257531734,-0.9766278517058116,-0.6152408267273939
1.5883402296269369,-1.3506384418579276,0.030951146635077736,-0.34226508071166406,1.622025362792987,-0.5058431199974579,-0.8624751388052665,1.6061651505798522,-0.40429477842977685,-1.264497300226377
-0.31712341012489265,-1.3109228407004014,0.23471055614423275,-0.5044466452909485,1.7242116240588174,-0.5058431199974579,-0.53226710340871,-0.7822386568457405,-1.3766369794161384,1.230240179527207
-0.31712341012489265,-1.120287955144276,-0.6594896957133742,-0.5395385627730158,0.7564476203059505,-0.4330420955041684,-0.4376214881676587,-1.3177033814137364,0.25670303600971284,0.5946309657585245
-2.314973165743478,-2.400321780451344,-4.51445106549223,-0.3270901974761755,1.6881458847885245,2.6735644541121326,-0.5901060905004635,-1.7237320286760869,0.3574144356451319,-1.4809841623793931
0.012002127650422936,-1.8192825355167361,-1.2112471619694214,-0.5196215285264371,1.7993485808719283,0.7955557249268326,-0.5638156418223937,-1.3254079098247866,-1.7378365121045993,-0.2255240450367005
1.4151162623767706,-0.9415677499354081,-0.03610891219072031,1.3886200383362535,0.10425883516814866,0.943734801329103,-0.5638156418223937,-0.35463733003244896,-1.543287983319148,-1.1222721358780372
-0.8252470473920474,-1.5095008464880322,-2.429835568206258,-0.34036822030722813,2.036781364401359,2.1388312653561123,-0.39029868054713307,-0.7360114863794389,-0.5906675971719294,-2.3131437521207228
1.2707629563349656,0.3690470882629545,0.35732332642335446,-0.13550729662813205,0.14633553098349078,-0.5026379421491914,-0.7925425453216008,0.6546558918151401,-0.7724686923388485,-0.40634850995044947
-0.19009250080810386,-1.2870934800058857,-0.18133957213298077,-0.5404869929752338,1.4176528402613258,-0.5035141314705266,-0.6458418416979714,-1.3870441371131892,0.7295927789631661,-0.40050834833952753
0.2371932850756394,-0.7350466239162723,-0.061504437426525456,-0.20569113159226676,1.63104179761056,-0.5058431199974579,-0.7431165018068295,-0.43168261414295195,-0.33405041254755163,-0.21983520214580124
0.722220393376105,0.8098902611114948,0.46386549088919304,-0.28725612898301806,-0.912795012254119,-0.30000305516908626,0.7191582536674117,-1.2175445120700823,0.029251445580614887,0.20904859056475147
0.43351378129249485,0.6192553755553695,0.2168543274628072,-0.5310026909530535,-0.6774660635154559,-0.5057986662745372,2.727748532671943,0.34262249116760274,-0.403193560342312,-0.04740932139910232
1.0744424601181102,0.249900284790376,0.8328942169719863,1.2653241120479084,-0.8656090033754854,-0.5058070416136383,-0.7389100300183385,0.06911173257531734,1.998830050379058,0.3515108128521915
1.2245698984015878,1.3778233576641188,0.39382939394982436,-0.3451103713183183,-0.9442323149847247,2.2451336462533935,-0.6900097954771286,0.5352357014438603,-0.004319020964524696,1.4610154724015303
0.6471566742343668,0.48819389173553307,0.5882638840364571,-0.4314175197201596,-0.8544887337671451,-0.5058139673748179,-0.6211288199405859,-0.011785815740710734,0.09475723666223466,-0.22572452754277111
0.3642241943924282,-0.23463004933144302,-1.1564880606797165,-0.03307683478858406,0.5400531846841915,-0.5058431199974579,0.6139964589551328,1.794926096650584,-1.1117106037681628,-0.6005623784597179
-0.22473729425813718,-0.1035685655116066,0.22776646721256721,-0.44943769356230234,0.5280312715940937,-0.5054855574435307,-0.5743318212936217,-0.9594428102998974,0.061754064283364586,0.5046571220136407
-1.2294363043091023,1.3500224368538503,1.2130334853454443,0.6298758765618236,-0.9435711097647692,-0.5058431199974579,0.13551029301426257,-0.5472505403087065,1.0952639244916358,-0.22556414060552596
-0.7444091960086364,0.1903268830540867,0.5712012655186507,-0.34795566192497235,-0.5960176023300437,-0.5058198301121887,-0.31142733451292376,0.12689569565819464,-0.04903514936461095,-0.04455472541616702
0.6125118807843336,0.436563610230749,0.4222009572992003,-0.4579735653822647,1.2373241439098595,-0.5058431199974579,0.4825442155647838,1.8758236449666121,-0.09575349246917923,-0.8211746486644388
1.565243700660248,0.4286204899992438,0.6979804891567715,0.5540014603843807,-0.6954989331506025,-0.5057722517435265,-0.3377177831909936,0.5814628719101622,-0.7401662951065475,0.15391488002997422
-0.3575423358165982,0.7622315397224633,0.7209951839017199,-0.3517493827338445,-0.9244562679515137,-0.5055886385401583,-0.7583649620401101,0.35032701957865303,0.26641377732644805,0.10924439850428441
1.83085378377717,0.6470562963656378,0.26645496268898916,0.6203915745396433,-0.46077108006644435,-0.5058431199974579,-0.32720160371976564,1.3904383550704433,-0.5403786378443691,-1.0203092921329726
0.8261547737262049,-1.5492164476455583,-1.7314586242216163,-0.5224668191330911,1.3455213617207393,2.512500240631404,0.8716428560002166,-0.23906940386669456,-0.13749966905761846,-0.9609614844471979
-1.1197277917173303,-0.19491444817391682,-0.3116900415073867,0.3927683260073145,0.9277598818398431,1.919783935022321,-0.09584565535275148,-1.4063054581408148,-1.2654806930723412,-1.7188117529427287
-0.5885076254834866,0.9608095455100942,0.6888539722751541,-0.32424490686952145,-0.9473550069098774,0.8632026945887386,2.2334880975242317,-1.3138511172082112,-0.9042477901388053,-0.18041902068446275
-0.17277010408308724,1.0402407478251465,0.26089969154365683,-0.3251933370717394,0.4108176189656409,2.238691077714164,-0.4586538471101146,1.4212564687146445,-0.3449291124419008,0.10635656178319601
0.06974345006714518,0.34918928768419144,-0.49580759946697395,-0.30527630282516066,0.6783051852203154,-0.4420616914590892,-0.8162039491318637,1.8835281733776623,-0.5932704762877554,1.4905078384192083
0.5085775004342336,-0.7946200256525615,-2.3353959587356075,7.932788433640709,0.04414926971766015,-0.5058431199974579,3.6321399671975447,0.9243143862019003,0.007727637507439038,0.34792498620010553
-0.08615812045800401,0.8059187009957421,-0.14701593255646292,0.4307055340960359,-0.21432186171944095,-0.5044321974873668,-0.6936904582920586,1.3403589203986161,-1.4230549903150345,0.533852077974389
0.7915099802761716,0.11089568073903477,0.5108868930836135,-0.5091887963020387,-0.6885863331237964,0.6151638058284159,-0.5532994623511658,-0.6512616738578856,-0.03778937677444029,-0.6331093069418108
0.01777625989209521,-0.37363465338278423,-0.16745139426964975,-0.5338479815597077,1.0630064041034428,-0.5057783721836386,-0.6747613352438482,0.9243143862019003,-0.23330564266705775,-1.0663400328172694
-0.24205969098315383,-0.6397291811382096,0.04325210417117066,-0.5091887963020387,0.49497101059632487,-0.5058431199974579,-0.5532994623511658,-0.3584895942379741,0.7272568618079378,0.24242018798372175
0.7799617157928271,0.7423737391437002,1.0312967578767138,-0.5063435056953846,-0.8986692643732542,-0.5058186060241662,-0.7362809851505315,1.4944494886196227,-0.5710792633130852,-0.5332765101753355
0.4797068392258725,0.8972645836580523,0.6813146757207744,0.3358625138742322,-0.9170026818356534,-0.5058431199974579,0.0671551264512812,1.0283255197510797,0.26244271816255976,-0.5403709399338489
-0.03996506252462623,-0.05988140423832781,0.23649617901237535,2.5362205830200777,-0.7967835509346759,-0.4975966322672446,-0.6563580211691993,-0.33922827321034826,2.1343799858724553,1.002386666052768
1.4613093203101482,0.5040801321985435,0.2779623100614634,-0.4266753687090694,-0.8617018816212035,2.448074555239112,-0.6079835956015509,0.6238377781709389,-0.6731254727514923,0.37330735205338456
-0.9580520889505082,1.3341361963908398,1.0541130500807574,0.563485762406561,-0.9224425975089222,-0.5058396732232895,1.7970666494682734,-0.47405752040372867,-1.617503408365262,-0.7670370863237936
-0.484573245133387,1.0442123079408991,0.43886677073519736,-0.2578547927142588,-0.9463541826451268,-0.5058431199974579,0.18809119037040217,-0.31226242377167224,0.7965001203379224,0.44919876113783824
0.26028981404232826,0.051322279002745504,0.8880501233435005,-0.518673098324219,0.8946996208420744,-0.5058431199974579,1.2239348682863518,-0.33922827321034826,0.09155369313506409,0.5056411271250516
-0.2478338232248261,-1.0726292337552445,-0.5126718154438757,-0.4902201922576779,1.721206145786293,-0.5058431199974579,-0.53226710340871,-0.37775091526559984,0.7306606268055555,0.3191604124372648
-0.34599407133325377,-0.3220043718780002,0.2160607172991884,-0.4797874600332795,1.6911513630610486,-0.5040005453952384,0.6560611768400445,0.4543381531278322,0.1728769803820873,0.7789929805535041
0.8550254349345661,-0.6715016620642306,-1.0332800827778807,-0.39822246264252836,-0.5539409065147017,-0.5027249168244711,-0.02749048878977012,1.1978251447941861,0.20050754330393145,-0.04842485856212601
-1.246758701034119,0.4286204899992438,-0.2319322200636864,-0.20663956179448487,-0.07907533945584161,-0.5058431199974579,-0.6206030109670244,1.898937230199763,1.2859415048484233,-0.6907473601654036
-0.10348051718302065,1.1752737917607357,0.07817095137040277,-0.016005091148659393,-0.9468350591687307,2.4545171237783414,-0.4428795779032727,-0.6666707306799862,0.19677007585556625,1.1150886181468063
-0.34599407133325377,-1.3744678025524433,-1.0670085147316843,-0.47030315801109907,0.452894314780983,-0.5058351312124693,0.5456412923921513,0.7509624969532689,-0.0018829930740719377,-0.7866867580123228
1.5363730394518869,0.003663557613714085,0.7328993363560036,0.5824543664509217,1.760277363329111,-0.505800921173526,-0.6284901455704454,-0.4509439351705778,-0.904214419893731,-0.28146730410469345
1.3977938656517543,0.05926539923425074,0.22459202655809157,1.530884568668959,-0.6976027679413697,-0.5058431199974579,-0.5953641802360774,1.3288021277820408,1.6613901321837776,0.38708716280041067
0.7164462611344328,0.6470562963656378,0.6013584517361691,-0.3792538585981676,0.6903270983104132,-0.5058431199974579,-0.7357551761769701,1.8026306250616344,-1.005326262470046,0.14617189720256502
0.722220393376105,1.3539939969696029,0.6878619595706303,-0.43615967073124984,-0.9363880166934359,2.3127806159152997,-0.6006222699716914,0.08066852519189283,0.6292150817784937,1.5015331477868523
1.1956992371932267,-0.44909429558208397,0.7662309632279978,-0.4987560640776403,0.8977050991145988,-0.5058431199974579,1.066192176217933,1.436665525536745,0.32424441204088855,-0.1491523614596367
0.6933497321677445,0.4008195691889755,0.13789011618272579,-0.40865519486692664,-0.8436690119860569,-0.4908641481437502,-0.6342740442796208,1.5368243948803992,1.1300023496143898,0.5979798750496006
0.012002127650422936,0.21018468363284978,0.4714047874435728,-0.5404869929752338,-0.5389135151520796,1.6717450462619985,0.49831848477162566,0.5198266446217598,-0.2559306688276985,-0.005526103349093354
-1.5008205196676963,-1.9463724592208198,-1.3552874066662535,-0.5300542607508355,-0.5839956892399462,1.2529780912121031,-0.4586538471101146,-1.5503801394274552,-0.8906327301483316,-0.00685550721589927
1.3573749399600488,0.9886104663203625,0.10773292996520711,0.15566077545280524,-0.6642419591163484,-0.5058141284390314,-0.7394358389918999,1.2132342016162867,0.26157509179061733,1.392613266109716
-0.005320269074593587,-0.8819943481991191,0.9580862202828693,-0.567043038637339,1.4687459708942407,-0.5058431199974579,0.4509956771511,-0.2698875175108955,0.3986934288025252,1.1735547969678846
0.2718380785256727,0.32933148710542837,0.1478102432279621,-0.567991468839557,-0.2954697750776006,-0.5050184712244365,-0.3534920523978355,1.6485400568406285,-0.8100435882929514,0.7799217205803379
1.750015932393759,-0.6437007412539623,0.09662238767454244,0.7626561048723489,-0.4637765583389688,-0.5053373783671284,-0.02223239905415616,0.9358711788184758,-0.6032815498101627,-0.7891567598035192
0.2776122107673449,-0.3577484129197737,0.29819936923374557,0.563485762406561,-0.0910972525459393,-0.5024607715143626,-0.5480413726155519,-0.4278303499374268,0.6634529532251274,-0.24378897605435093
1.3746973366850657,-1.223548518153844,-0.960267947724941,-0.3024310122185066,1.9105512769553323,2.341772174341831,-0.6064061686808667,-0.20439902601696824,0.013433949415211487,-0.8996588802853462
-1.6393996934678292,0.28167276571639693,0.4511677282712905,-0.3934803116314381,-0.8343520293412313,-0.5057680640739759,1.5972592395149428,-0.9979654523551491,-1.3664256844232827,0.2525807803867468
-2.430455810576922,-2.1131779840824296,-1.6149963327105414,-0.39632560223809227,1.907545798682808,-0.41790205943697994,-0.5585575520867798,-1.6898321036674657,-1.6348559358041013,0.04122742357748991
-0.23051142649980938,-0.5722126591704151,-0.23470985563635247,-0.4646125767977909,-0.8139147770880651,-0.5058431199974579,-0.7157744351816371,-0.44709167096505265,0.559771601778061,-0.003608150068986595
0.6413825419926946,0.7622315397224633,0.8596785599941246,-0.3934803116314381,-0.8493794207038534,-0.5058431199974579,-0.7578391530665488,0.6007241929377879,0.10139791543209813,-0.22877329747095593
0.9069926251096159,0.23798560444311812,0.03948245589398082,-0.4883233318532418,-0.94490554211777,-0.27230001045040086,-0.6900097954771286,-0.2005467618114431,-0.24845573393096795,0.4269601600768591
-0.7213126670419475,-2.170368449749267,-1.54734106626203,-0.07196247307952365,1.5919705800677428,-0.5058431199974579,-0.5059766547306401,-0.9787041313275233,1.9119673024496358,-0.03889059531756725
-1.9454287022764567,1.4016527183586345,1.210057447231873,2.9535298719960146,-0.9475344339627472,-0.5047962026098333,-0.7730876132998293,-0.5742163897473825,2.547136547201314,0.39644036593978754
-0.016868533557938038,-0.9296530695881505,-0.4956091969260691,-0.42098478749576124,1.0960666651012114,-0.5057087924434149,-0.7015775928954795,0.19238418715212222,0.9384905131307347,0.34984844832103806
-0.46147671616669805,0.9846389062046099,0.05317223121640697,-0.10989968116824514,-0.6441052546904347,-0.4175799310100184,-0.2956530653060819,-0.8053522420788913,-1.1679394667190175,0.2868492775086263
0.09861411127550625,0.3055021264109126,0.08769427333382973,0.3927683260073145,-0.8860462556286515,-0.5058334883574918,3.642656146668773,-1.229101304686658,-0.7440372435352117,-0.3788945155725147
-2.6845176292104993,-2.434874353458391,-5.733833081892684,-0.25880322291647695,1.8835019725026123,2.599474915910997,-0.5953641802360774,-1.60007434767873,-1.8308727553728392,-0.32137528742013877
-1.8183977929596677,0.6391131761341325,0.8511472507352211,-0.4314175197201596,-0.5569463847872261,-0.4588123696610851,0.5035765745072396,-0.8515794125451932,0.9316496128904234,1.0049974841859828
0.9069926251096159,0.17046908247532405,0.6223891210720703,-0.4778905996288434,-0.9436312193302197,-0.5044225336345579,-0.32720160371976564,-1.1982831910424567,-0.571880149194878,0.19311697438806552
-2.4824230007519716,-2.515139583397752,-5.030694476926331,-0.2037942711878307,2.0397868426738834,2.6993347282690494,-0.53226710340871,-1.738755859077635,0.6563117207791436,-1.7413683028327507
0.2833863430090172,1.0640701085196622,0.7632549251144269,-0.492117052662114,-0.7435865855109934,-0.5058281088127615,1.2554834067000356,1.55993798011355,-0.6556394643323538,-0.33067727634968824
0.3469017976674116,-0.26243097014171135,0.17578500149552873,1.3981043403584337,1.3966144923536545,-0.5058431199974579,0.6455449973688165,0.0768162609863676,-1.454656612400767,-0.4260810444482096
0.18522609490058942,0.4286204899992438,-0.5404481711705378,-0.44659240295564817,-0.18727255726672107,-0.5058431199974579,-0.6952678852127425,1.6023128863743268,1.8151602214879563,1.1416955533121083
-2.4362299428185943,-2.0218321014201193,-1.1741458868202372,-0.4541798445733925,1.9586389293157231,2.5414917990579347,-0.3587501421334494,-1.4571553456537467,-1.6627534606865435,0.30736262319132845
0.5028033681925614,1.004496706783373,0.7971817596091352,-0.03307683478858406,0.6091791849522534,-0.5058431199974579,0.014574229095141576,1.5637902443190752,1.9952594341560659,-0.6310341551068324
0.5894153518176447,1.3659086773168607,1.1677977060191664,0.7247188967836274,-0.6260723850552883,-0.5058431199974579,0.6297707281619747,0.9666892924626769,0.39455551841326353,-0.8443490277850589
0.6702532032010557,-0.3498052926882685,-1.3818733471474869,-0.33847135990279203,0.7925133595762437,-0.5058431199974579,-0.5953641802360774,1.5483811874969746,-1.0330569361271142,0.9306207960611247
0.20254849162560606,-0.3498052926882685,-0.21229036851411834,-0.49116862245989595,-0.6230669067827638,-0.5058431199974579,-0.8519589593340386,1.9143462870218635,0.2821979032467766,-1.4897083542316196
1.5998884941102813,0.7384021790279476,0.8531312761442684,-0.3953771720358742,-0.5298970803345063,-0.504412869781749,-0.8530105772811615,1.4328132613312201,0.4292272030458676,0.07152483174832433
0.5663188228509557,0.817833381343,0.04186328638483763,-0.3612336847560249,-0.855991472903407,-0.5058360653849074,-0.6390063250416733,1.848857795527936,-0.40723135999635,0.024312949673689726
-0.3344458068499093,1.1792453518764878,0.8695986870393608,-0.12412613420151573,-0.9457230322078968,-0.4979187606942061,-0.3850405908115191,-0.535693747692131,-0.9383188103600654,-0.14211353464935536
-0.19586663304977614,0.9091792640053101,0.45037411810767153,-0.15826962148136497,-0.6200614285102394,-0.5058431199974579,3.8792701847714004,0.43892909630573157,1.0049974115645948,-0.13902308188113444
1.4151162623767706,0.8496058622690209,0.9009462885023077,-0.2768233967586196,-0.7105263245132247,-0.5053051655244323,-0.5532994623511658,0.38114513322285426,-1.0710990155122628,-0.3005370985528421
1.7095970067020536,-0.15519884701639064,0.17975305231362318,1.3127456221588103,-0.703914272313671,-0.5058378693040985,-0.5427832828799379,-0.8169090346954668,-1.0048257087939256,0.08560967993838967
0.6413825419926946,-0.7628475447265406,-0.22082167777302142,0.021932116940062005,0.4859545757787516,-0.5058431199974579,1.697162944491608,0.5082698520051843,-0.7376301564808706,0.082005228112869
0.34112766542573936,0.8257765015745052,0.9134456485793057,0.3643154199407734,-0.727657550666614,-0.5058431199974579,1.9968740594216035,1.633131000018528,0.56260807260941,-0.9266262716276267
-0.02264266579961021,0.7781177801854737,0.6430229853261619,-0.3688211263737692,-0.9091884383270897,-0.47614287903161145,-0.9103237553993535,0.6045764571433131,-1.13850691056314,-0.02471409632356606
-0.40373539374997586,-0.46498053604509443,0.03075274409417276,-0.5243636795375273,-0.37361221016323587,-0.5058431199974579,-0.6500483134864626,-1.0210790375883,0.7282579691601787,-0.11836097395536933
0.06974345006714518,-0.13136948632187492,-0.33629195657957306,-0.5272089701441813,-0.5749792544223729,-0.5010756192784284,-0.32720160371976564,0.09607758201399344,-0.3569424006687897,0.23032132828577495
0.3238052687007226,0.6152838154396169,1.048557778935425,1.0851223736264817,1.0329516213781982,-0.5058431199974579,-0.5164928342018681,0.5121221162107094,2.5156684060958803,-0.6248912107655333
0.30070873973403384,0.9012361437738049,0.643816595489781,0.8290462190276113,-0.6320833416003371,-0.19949898595711135,0.971546560976882,1.2324955226439125,2.130609148179015,0.318795195213135
-1.2294363043091023,-1.3506384418579276,-0.8940014990627622,-0.44848926336008427,0.2845875315196147,1.1337905732363636,-0.6794936160059006,-1.3986009297297646,0.09522442009328017,-1.1648290843515976
-0.2074148975331206,-0.012222682849296387,0.6192146804175949,-0.03497369519302014,-0.9353661540807775,-0.5058431199974579,-0.6889581775300059,-0.11194468508436455,1.3996005595728225,0.25837010197980537
-0.5480886997917813,-0.2981750111834849,0.5096964778381851,-0.24931892089429655,-0.7225482376033224,-0.5058431199974579,-0.5848480007648496,-0.8014999778733662,-0.7355612012862399,-0.8050257749998404
0.39886898784246144,0.04735071888699289,-0.07836865340342714,8.056084359929054,1.5528993625249246,-0.5058431199974579,2.364940340914581,0.801041931625096,0.06405661119351838,-0.6079311238813132
0.8607995671762383,0.38096176861021236,0.4345019148352935,-0.23319560745658985,-0.5930121240575195,-0.5058431199974579,-0.0800713861459096,0.42737230368915613,-0.9052822677361209,0.025555835828761704
0.4970292359508891,-0.31406125164649495,-0.8793197110358123,-0.5243636795375273,1.0569954475583938,-0.5052922803873539,0.6508030871044306,0.4119632468670555,0.8406823248168144,1.6462051569108216
1.3573749399600488,0.21018468363284978,0.2801447380114153,-0.39822246264252836,0.18841222679883282,-0.5049218326963482,-0.7383842210447771,1.5676425085246004,1.2634833299131556,0.2537324438669735
1.9809812220606478,0.7781177801854737,1.1751386000326414,0.009602524311227404,0.33568066215253,2.386870154116435,-0.849855723439793,1.9066417586108133,-0.6888762284267465,-0.12765010135416957
0.3642241943924282,0.9965535865518678,0.6237779388584034,-0.4133973458780169,-0.9161010383538959,-0.48361625853711737,-0.3640082318690634,0.31950890593445225,0.2627764206133063,0.23653387145721355
-1.27562936224248,0.9727242258573521,0.9485628983194424,0.13764060161066238,-0.9439918767229226,-0.5058431199974579,-0.5112347444662542,0.18467965874107187,1.772479678037425,-0.8882859902989313
-0.299801013399876,0.5080516923142961,0.5098948803790899,-0.5082403660998206,-0.8106087509882881,-0.49179832058193834,-0.6158707302049719,0.6546558918151401,1.0314266456637504,0.6669779778253901
-0.1612218395997428,-1.3307806412791645,-1.4159985841831002,-0.35933682435158887,1.3665597096284101,2.396534006925279,-0.5480413726155519,0.15771380930239587,2.86725730820283,-0.6105751784761287
-0.9580520889505082,0.6708856570601535,0.45473897400757557,-0.41624263648467097,-0.9340136888581414,0.9856114968340927,0.9557722917700401,-1.4914404970829205,1.7649380026505448,0.8479243875276871
-1.4834981229426796,0.6510278564813904,0.7499619548738102,-0.3726148471826413,-0.9475966473629885,-0.443994462020858,0.9242237533563563,-0.011785815740710734,-0.6741265801037325,-0.9921014495676093
-1.1024053949923134,-2.0337467817673773,-3.0575812076288154,-0.4257269385068514,2.036781364401359,2.3900914383860496,-0.3745244113402913,0.3349179627565529,-2.187133491790246,-2.8756803007938463
-0.8714401053254253,-0.3259759319937528,-0.4930299638943076,-0.47125158821331714,-0.9372596053924677,-0.23815439719248635,-0.34297587292660753,-1.2406580973032333,0.5019743373086953,1.7108391913626504
-0.3690906002999427,-0.23463004933144302,0.782103166500376,-0.5623008876262487,0.4709271844161294,-0.5058431199974579,-0.5795899110292356,-0.5703641255418573,-1.4955351626172644,0.32917737983375916
0.8896702283845993,0.5715966541663381,0.22538563672171058,-0.34700723172275433,0.0471547479901846,-0.5058431199974579,-0.527009013673096,1.5907560937577514,0.16283253661460506,0.6873772090954688
-2.21681291763505,0.9131508241210627,0.8249581153357972,-0.24931892089429655,-0.9476499044379775,1.8005964170465814,-0.53226710340871,0.04214588313664125,-0.24508533917842365,0.7227347634995437
1.3227301465100154,0.3690470882629545,0.8376558779536998,-0.43236594992237765,0.0742040524429045,-0.5057854590090318,-0.0012000401117003097,0.4697472099499328,0.09842796362045061,-0.8498066280415859
-2.5228419264436774,0.9171223842368154,-0.011705399659438639,-0.007469219328697058,-0.947646568357095,-0.4240224995492476,-0.7457455466746366,-1.0480448870269758,-1.185959399059351,-0.6264972325320814
0.9762822120096823,0.0950094402760243,0.3648626229777341,-0.34036822030722813,-0.8076032727157637,-0.5058431199974579,-0.2588464371567842,0.34262249116760274,-0.9062166345982124,-0.3682217641231936
-1.2640810977591355,-0.5920704597491782,0.6789338452299176,-0.49496234326876815,-0.43372177561372444,-0.5058431199974579,-0.5112347444662542,-0.6705229948855114,1.6518128718473408,1.3731470575338267
0.8203806414845326,-0.2783172106047218,0.4434300291760062,-0.03307683478858406,0.20043413988893058,-0.5058431199974579,-0.6316449994118137,-0.004081287329660479,-1.1215214558201219,-0.7126893994753082
1.1899251049515545,0.8376911819217631,0.951142131351204,1.0566694675599406,-0.7775484899905196,-0.5058431199974579,0.5088346642428536,-0.5279892192810807,-0.9034802745020876,0.11541238190811294
1.010927005459716,-0.6079567002121887,-0.21486960154587975,-0.5594555970195947,-0.8054994379249967,-0.38472283145994973,-0.39029868054713307,-0.870840733572819,0.06148710232276716,0.5946941828370974
-0.21318902977479276,1.187188472107993,0.871582712448408,-0.38020228880038565,-0.8971665252369919,-0.5057687083308299,-0.4481376676388866,0.41581551107258063,0.42926057329094247,0.7305733967680013
-0.2016407652914483,0.9409517449313312,0.8596785599941246,1.2368712059813673,-0.9170026818356534,0.1416350181950727,-0.23255598847871434,-0.34308053741587347,1.5959177113472323,-0.5325313453086957
-0.680893741350242,-0.05988140423832781,0.3646642204368293,-0.3024310122185066,0.21546153125155282,-0.5058431199974579,0.7559648818167095,-0.6397048812413101,1.391157887568925,-0.48476916025057915
-0.4557025839250259,0.7304590587964424,-1.3181861315170695,-0.18577409734568806,0.005078052174842558,-0.40018499595409973,3.8003988387371916,-0.4393871425540023,-0.050570180638046955,-2.8285917818058506
0.9474115508013213,0.3690470882629545,0.11368500619234899,-0.47030315801109907,-0.9324808949391541,-0.5058028539440877,1.0030950993905656,1.066848161806331,0.09408983176074044,-0.5502396153126022
0.173677830417245,-0.26243097014171135,-0.33589515149776344,-0.45323141437117453,1.0630064041034428,2.2580187833318517,-0.527009013673096,-1.4459837794577237,-1.0723003443349517,0.5023636249363412
-2.2052646531517057,-2.2128641429878204,-3.5222399584276873,-0.465561007000009,1.805359537416977,2.380427585577206,-0.5585575520867798,-1.3138511172082112,-1.6140662731225683,-0.6352007591798206
0.3353535331840671,-2.3617976473285434,-2.384996593961789,0.2884410037633304,2.03077040785631,2.5414917990579347,-0.3482339626622215,-0.07342204302911298,-0.040892809566386246,-0.7175107776646074
-2.043588950384884,-1.9582871395680777,-1.7705439247798485,-0.2711328155453114,2.03077040785631,-0.5058431199974579,-0.4796862060525704,-1.205987719453507,1.5656842693095623,-0.7853973963317104
0.01777625989209521,-0.36171997303552633,-0.015276645395723812,-0.47030315801109907,0.6272120545874,-0.5057229660942013,-0.6369030891474278,-0.15046732713961603,-0.13810033346896303,1.0284899434640018
-2.7497653235413955,1.238818753612777,0.5967951932953606,0.5729700644287414,0.09223692207805097,2.277346488949539,-0.29039497557046795,-1.6963809528168583,1.3656630203318614,-3.411613004489355
0.9820563442513546,0.5993975749766064,0.8231724924676546,-0.4077067646647087,-0.6410997764179104,-0.5058431199974579,-0.8414427798628107,0.26557720705710014,-0.6048165810835984,-0.4164337323924334
0.8723478316595826,1.2348471934970244,0.40732076673134576,-0.23983461887211613,-0.7760457508542573,2.335329605802602,-0.748900400516005,1.6061651505798522,0.09579171425954977,-0.15248743155902428
-0.3690906002999427,-0.7231319435690144,-0.4047408331917038,-0.4636641465955728,1.234318665637335,-0.39213178528006326,-0.5901060905004635,-0.3700463868545495,1.9317558577789282,0.4515059122041789
-0.6000558899668309,0.8575489825005261,1.0322887705812376,-0.20284584098561262,-0.7955813596256662,-0.5058431199974579,-0.15368464244450505,1.4713359033864715,-0.35006813018340316,-0.7454157837649975
0.3642241943924282,1.0283260674778887,0.8553137040942205,-0.43521124052903176,-0.9457380595992593,2.238691077714164,-0.05378093746783978,-1.229101304686658,0.4288267601049713,-0.2828259406982426
1.039797666668077,-0.5960420198649309,0.4410491986851494,-0.19620682957008645,-0.35557934052808926,-0.5057861032658857,-0.6810710429265849,1.3596202414262424,0.764064242125322,0.5859381272571549
0.6702532032010557,-1.2791503597743805,0.08828948095654385,-0.442798682146776,1.874485537685039,-0.5057890024217284,-0.36926632160467737,1.0283255197510797,-1.2397188638746792,-0.7892511898818853
-0.40373539374997586,-1.4141834037099694,-1.2441819837596062,-0.5518681554018503,0.9848639690178075,-0.5057886802933015,0.9242237533563563,0.7432579685422186,1.0868546227328133,-0.5705052038868361
-1.194791510859069,-1.5611311279928162,-1.4411957068780004,-0.5509197251996323,0.8886886642970255,-0.5055725321188103,-0.16945891165134694,-0.38160317947112504,-1.3635558433468598,-0.7963565961879414
-0.49612150961673135,-2.2446366239138413,-1.1773203274747128,-0.23224717725437186,1.9255786683179545,-0.5058431199974579,-0.31142733451292376,-0.924772432450171,-0.7728023947895956,0.9769048701368293
-0.680893741350242,-0.44115117535057874,-0.10336737355742305,0.09970339352194107,1.0539899692858692,-0.5058196046222898,0.10921984433619289,0.26557720705710014,-1.293945512121053,0.11990116196592941
-0.1612218395997428,0.9131508241210627,0.7942057214955643,-0.28156554776970977,-0.9395437688795865,-0.49495517916616066,-0.27987879609924,-1.2714762109474345,0.596578982095445,0.17463692341669904
-0.3864129970249593,1.0600985484039096,0.7862696198593753,-0.4058099042602727,-0.8977676208914968,-0.5058431199974579,-0.4481376676388866,1.039882312367655,0.5571687226622349,0.025270011675766937
0.16790369817557282,1.3063352755805715,1.1043088929296536,-0.14688845905474854,-0.9414071654085516,-0.49234593890777284,-0.5901060905004635,-0.7514205432015394,0.929880989901464,-0.17812447293168127
-0.10925464942469282,-0.5364686181286416,-1.074944616367873,-0.3327807786894838,0.5310367498666181,-0.5044193123502883,-0.12739419376643527,0.6430990991985647,-1.218328536781802,2.2764128306738516
0.9647339475263382,-2.422165361087983,-1.3249318179078304,1.1609967898039244,2.0397868426738834,2.4674022608567996,-0.4586538471101146,-0.6474094096523604,-2.0600595985458208,-2.589659494294239
-2.263005975568428,-2.2422536878443897,-6.818102967937021,-0.33562606929613786,2.024759451311261,2.5672620732148514,-0.5638156418223937,-0.5318414834866058,-1.6712962434256646,-1.11522432440666
-1.2987258912091686,0.734430618912195,-2.9863546954440183,-0.439953391540122,0.38677379278544544,2.3127806159152997,3.5743009801057903,-1.7522387837969733,-0.7021242157213992,0.3076603504651604
1.565243700660248,-0.15519884701639064,-0.0025788827778212365,0.8385305210497916,-0.8541881859398924,-0.5056359914189218,-0.6547805942485152,1.2286432584383873,-0.13733281783224474,-0.15462095167298956
0.8146065092428604,0.5477672934718223,-1.0503427012956874,1.094606675648662,-0.7498980898832948,2.2934529102976122,-0.5585575520867798,-0.6705229948855114,0.6297823759447633,0.6728230672329886
1.0802165923597826,-0.7628475447265406,-1.140219052325529,-0.21896915442331935,1.2283077090922863,-0.5058431199974579,-0.2693626166280121,1.922050815432914,-1.3143347318616894,-0.04520156010712529
-0.9407296922254914,1.036269187709394,0.8701938946620751,-0.17154764431241745,0.7865024030311948,0.45087830807807233,0.38789860032373247,0.08837305360294308,-0.21585300449299413,1.9425411953333818
-1.339144816900874,1.417538958821645,0.9686015549508198,0.8385305210497916,-0.944412643681076,-0.5058360975977502,0.20386545957724406,-1.2522148899198087,1.6330587941153638,-0.7194072871017689
1.0859907246014546,-0.7429897441477775,-0.2664542621811089,-0.4684062976066631,1.3274884920855923,-0.5058431199974579,0.11973602380742067,-0.5549550687197568,-0.0693242583700235,0.945366152579552
0.08129171455048961,0.7145728183334319,0.7696038064233782,-0.5006529244820762,0.5761189239544847,-0.5058431199974579,-0.5532994623511658,1.902789494405288,0.4674361336563897,-1.541778141839121
-2.0955561405599337,1.3738517975483662,0.8989622630932605,0.4401898361182163,-0.9326912784182307,1.9391116406400084,2.817136058177381,-1.5835096115949716,0.12762692806080578,-2.4499935324810256
-1.9281063055514396,1.199103152455251,0.9568958050374411,0.8195619170054312,-0.9212704609826378,-0.5058431199974579,0.7664810612879374,-1.633203819846246,0.9295139172056424,-0.02294927519853468
-0.10925464942469282,0.4008195691889755,0.5009667660383771,-0.3299354880828297,-0.8923577600009527,-0.5058431199974579,-0.31668542424853774,-0.6320003528302598,-0.004352391209599061,0.18410889679089124
-0.8772142375670975,-2.4428174736898964,-5.641377497831082,-0.3318323484872658,2.042792320946407,2.5157215249010183,-0.5585575520867798,-0.793795449462316,0.4689711649298253,0.7806106241700078
0.8261547737262049,0.37301864837870713,-0.16507056377879323,-0.3526978129360626,0.8826777077519766,2.5898110631021534,-0.5480413726155519,-1.2252490404811327,-0.2048741938634204,-0.5287933405723209
0.16212956593390054,-0.020165803080801625,0.45335015622124253,-0.5063435056953846,-0.9473745425186488,-0.33543718213484663,-0.09058756561713752,-1.259919418330859,-0.3380214717114398,0.08896637263255158
1.172602708226538,1.1633591114134778,-0.5297344339616824,-0.27966868736527367,-0.8983687165460016,2.4448532709694977,-0.6248094827555156,0.41581551107258063,0.46636828581399925,3.5101295148791922
-0.23628555874148166,0.702658137986174,0.7162335229200065,-0.45702513518004656,-0.8941610469644675,-0.5058431199974579,-0.5112347444662542,1.1824160879720855,0.8756209714100164,-0.9443602092819001
1.2649888240932934,0.6629425368286482,0.9055095469431166,0.03331327936667841,-0.6933950983598354,-0.5049121688435393,-0.6889581775300059,0.5159743804162346,-0.570912412087712,0.9393459133803103
0.803058244759516,0.35316084779994406,0.5128709184926608,-0.30907002363403285,1.0419680561957716,-0.5057809492110543,0.41944713873741624,0.07296399678084246,-0.9711885017586365,-1.2551708180189658
0.4797068392258725,0.20621312351709717,-0.14066705124751158,-0.3508009525316264,-0.3044862098951739,-0.5058343258914019,-0.8661558016201963,-0.31226242377167224,-0.7374966755005717,-0.6289452274841073
0.7857358480344994,-1.2473778788483596,-1.0676037223543986,-0.4617672861911367,1.6580911020632803,0.5056401406615202,-0.5953641802360774,-0.770681864229165,0.32931668929224117,-0.0044353716443089495
-0.22473729425813718,0.6192553755553695,0.15455592961872278,-0.34226508071166406,-0.9464834182108454,-0.47040899303169753,-0.3850405908115191,1.066848161806331,0.7223848060270325,-1.1638640005793763
1.363149072201721,-0.15122728690063802,-0.5408449762523473,-0.08429206570835804,-0.9322705114600773,2.332108321532987,-0.6489966955393398,-1.2753284751529599,0.0958584547496995,2.106233653039409
-1.1774691141340523,-1.2791503597743805,-1.0969672984082983,-0.4816843204377156,1.7993485808719283,2.547934367597164,-0.7599423889607945,-1.5615517056234784,-1.4106078889021743,1.198999971066033
-1.9223321733097674,0.9886104663203625,0.13669970093729736,-0.08808578651723022,-0.9476518880536374,2.4609596923175707,0.2722206261402256,-1.309998853002686,-0.6574748278114616,0.2891524810015062
1.6345332875603147,0.3611039680314493,0.7067102009565795,-0.22086601482775536,-0.7703353421364608,-0.5058431199974579,-0.8346072632065126,1.4674836391809465,0.2282715872060756,0.3564818142932718
0.676027335442728,-1.5651026881085688,-1.0801030824313966,-0.5357448419641437,1.673118493425902,-0.5053083868087019,-0.527009013673096,1.1323366533002586,-0.5210906361911973,-1.5326675636085967
-0.6924420058335865,-0.3498052926882685,0.6842907138343454,-0.4968592036732042,-0.3104971664402228,-0.5058431199974579,-0.2535883474211702,-0.8554316767507184,0.9256763390220535,-0.6504207370380077
0.9589598152846659,0.2141562437486024,0.11269299348782522,0.8480148230719721,0.6392339676774977,-0.5058349057225704,-0.751529445383812,0.9936551419013532,-0.06725530317539276,-0.8847406513967426
0.5085775004342336,0.46833609115677,-0.6860756361946078,-0.45702513518004656,-0.09410273081846375,-0.5058431199974579,-0.7788715120090046,1.0514391049842302,0.2874370317235035,-0.05395208203512049
-0.19009250080810386,-0.18697132794241159,-0.052179518004003174,-0.5034982150887304,-0.8334503858594741,-0.5058431199974579,-0.678441998058778,0.3965541900449549,0.997288884952341,0.6597377866943062
-1.0273416758505747,1.0521554281724044,0.4553341816302898,-0.25500950210760476,1.1501652740066508,-0.5058431199974579,0.829578138115305,1.2132342016162867,-0.6676527525592427,1.2827394855512548
0.4797068392258725,-0.31803281176224757,0.3337134240556919,-0.3745117075870774,-0.7592150725281204,-0.505817671851728,0.27747871587583955,0.24246362182394918,0.3605178684370779,-0.15855112938406615
0.16212956593390054,0.6629425368286482,0.3105003267698388,0.8574991250941525,-0.8532865424581353,-0.5045256147311856,-0.2641045268923981,-0.36619412264902435,0.9931176043180047,-1.035962247730752
0.36999832663410037,0.9727242258573521,0.6719897562982523,-0.3289870578806116,-0.9212404061999127,-0.5058431199974579,-0.8808784528799154,1.4674836391809465,0.09632563818074501,-0.2875989962254729
-0.6866678735919143,0.921093944352568,-0.3968047315555149,-0.28535926857858196,-0.921420734896264,-0.505750347010493,0.7033839844605698,1.902789494405288,2.3504189524860077,-1.3233249772677056
-0.7444091960086364,0.2737296454848917,-0.8225765843370604,0.06935362705096383,-0.16022325281400113,1.223986532785572,0.040864677773211386,0.21549777238527307,0.7938972412220965,-0.06436985674295391
1.1495061792598489,-1.6485054505393737,0.4743808255571436,-0.2806171175674917,1.411641883716277,-0.5058431199974579,-0.2535883474211702,1.5522334517024998,-0.9706545778374418,-3.204031382605273
-0.03996506252462623,1.3063352755805715,1.0729612914667066,-0.3185543256562133,-0.9471957165614338,1.8070389855858107,-0.7199809069701282,-0.7899431852567907,-0.7357280525116132,0.7217904919026272
1.1552803115015213,0.12281036108629263,0.7561124336418567,0.9238892392494151,-0.5870011675124706,-0.5056440446295958,2.533199212454227,0.42737230368915613,1.6637927898291553,0.1655445840857212
-1.9454287022764567,0.889321463426547,0.5368776259421328,-0.2673390947364392,-0.9447402408127812,-0.5056852770682468,-0.6815968519001463,0.03829361893111612,-0.4331600404193854,0.7482235477169784
0.41041725232580595,0.1903268830540867,0.5585035029007481,-0.4579735653822647,-0.25339307926225857,-0.5054694510221827,-0.6090352135486737,-1.47449053457861,-0.1704694711914137,0.12940388428726363
-0.5596369642751258,-0.07179608458558566,0.5180293845561836,-0.5158278077175649,0.23048892261417497,-0.5044289762030971,-0.5995706520245686,-0.6782275232965617,-1.4775152302769308,0.1290783030639015
-1.5008205196676963,-2.536983164034391,-5.299529919852237,-0.3100184538362508,2.0337758861288346,2.4931725350137164,-0.6058803597073054,-0.743716014790489,-1.8140875221002692,0.7589593093552588
-0.46147671616669805,-1.0646861135237393,-1.6382094299963947,-0.5291058305486175,0.9998913603804296,-0.5058431199974579,-0.3640082318690634,0.3002475849068265,-1.268617496109362,1.4110473470699094
0.9878304764930269,0.15061128189656095,0.12598596372844204,-0.5063435056953846,0.26054370533941934,-0.5055928262097088,-0.31668542424853774,1.5368243948803992,0.06035251399022745,0.552802165692629
0.7915099802761716,0.7384021790279476,0.955308584710203,-0.20474270139004877,-0.727056455012109,-0.5058431199974579,0.4089309592661883,1.0437345765731805,-0.6071191279937521,0.40193763286663065
-0.016868533557938038,0.8535774223847735,0.6491734640942086,-0.4579735653822647,-0.30148073162264943,-0.5058431199974579,0.6508030871044306,0.9705415566682022,-0.05370698367506778,-0.010545405846655892
1.7615641968771032,1.1395297507189621,0.9398331865196342,-0.32424490686952145,0.45890527132603187,-0.5058431199974579,0.030348498301983464,1.9297553438439643,-0.5378424992186926,-0.5239224961256058
-2.2052646531517057,1.1911600322237457,0.6424277777034478,0.4212212320738556,-0.8604996903121938,-0.5058431199974579,-0.5480413726155519,-1.1751696058093057,1.4041389129029807,0.8451428664412642
1.5479213039352313,-0.7469613042635301,0.3868853050181588,-0.28725612898301806,-0.38863960152585797,0.23183097774428096,-0.39029868054713307,0.4890085309775586,-0.9723564603362509,-0.9276091015763401
0.5951894840593169,-0.49278145685536273,0.25851886105280003,-0.43236594992237765,0.4979764888688493,-0.5057629100191445,0.01983231883075554,0.5429402298549106,-1.4890947053178492,0.7709934723001073
0.6644790709593835,0.6708856570601535,0.24006742474866044,-0.22560816583884563,-0.49383134106421317,-0.5058431199974579,2.6015543790172084,1.5676425085246004,-0.7737033914066124,-0.23859312691058124
-0.03996506252462623,1.0998141495614357,0.9693951651144388,-0.4759937392244073,-0.6471107329629592,-0.5058396732232895,-0.5164928342018681,0.4658949457444076,-0.6746938742700026,0.1864817257758716
-1.5643359743260905,-2.0019743008413564,-2.6685138249146454,-0.4579735653822647,1.9886937120409676,1.6040980766000923,-0.7368067941240929,-0.712897901146288,0.755988642817247,-1.9609078418581785
0.02355039213376738,1.3500224368538503,0.8239661026312733,1.6162432868685823,-0.8935599513099626,-0.5055451512025186,-0.29039497557046795,-0.4278303499374268,1.0952972947367106,0.4846458943843656
-0.09193225269967618,-0.46498053604509443,0.10059043849263687,-0.3612336847560249,1.33951040517569,-0.5056076441173492,-0.32720160371976564,1.871971380761087,-0.8061726398642871,-1.2657439437981939
0.012002127650422936,-0.5126392574341259,0.04245849400755186,-0.3119153142406869,1.5919705800677428,-0.5040263156693953,2.464844045891246,-0.5010233698424048,0.7669340832017459,0.4183992279109426
-0.8310211796337196,1.2745627946545506,0.2755814795706067,0.2884410037633304,-0.9442623697674497,-0.5046190319750045,2.72249044293633,-1.605467517566465,0.16219850195818622,2.4119176820948898
-0.22473729425813718,0.7225159385649371,0.5896527018227904,-0.41624263648467097,-0.8869478991104088,-0.5058431199974579,0.01983231883075554,0.8164509884471965,0.12862803541304654,-0.5033485189300392
0.722220393376105,0.5318810530088118,0.7985705773954684,-0.21707229401888328,-0.8641062642392232,-0.5058431199974579,1.1240311633096864,0.6161332497598886,-0.004786204395570209,-0.8719494913718615
-1.004245146883886,0.24195716455887073,0.6166354473858332,-0.16870235370576336,-0.2443766444446852,-0.5058431199974579,-0.6227062468612701,-0.10038789246778906,0.9940853414251708,-0.43024819559701255
0.06974345006714518,1.3381077565065924,0.5831054179729344,-0.2825139779719278,-0.9474015918231015,-0.5053889189154422,-0.6190255840463402,0.3233611701399774,0.09796078018940461,0.09173471039693776
0.6413825419926946,0.9290370645840732,0.9191993222655428,-0.4333143801245957,-0.03399316536797503,-0.5058431199974579,-0.1904912705938028,1.506006281236198,0.3630540070627542,0.2649845277234746
0.7395427901011217,0.9647811056258468,1.252515590985485,0.8290462190276113,-0.6290778633278127,-0.5058431199974579,-0.41658912922520286,1.2671659004936389,-0.7357947930017629,-0.8338741770720646
1.5594695684185758,-0.17108508747940113,-0.15495203419265213,0.9144049372272346,0.22748344434165052,0.2608225361708121,-0.8067393876077585,1.9605734574881657,0.7702377374641399,-0.3138255689878219
0.6125118807843336,0.519966372661554,0.8588849498305057,0.4022526280294948,-0.2744314271699296,-0.5058431199974579,-0.6179739660992175,-0.7206024295573383,-0.7316235123674264,0.467394256678144
0.8261547737262049,0.436563610230749,0.4596990375301938,0.9523421453159563,-0.7495975420560423,-0.5058431199974579,-0.6873807506093216,0.8973485367632242,1.2603131566310601,0.4398444928253966
0.4566103102591837,-0.8184493863470772,0.47993609670247595,-0.545229143986324,0.7594530985784748,-0.5058431199974579,-0.3587501421334494,-0.36619412264902435,-0.37516255447957153,-0.10750783131460691
-0.299801013399876,-1.1520604360702968,-0.27022391045829874,-0.46935472780888104,1.754266406784062,-0.5058431199974579,-0.5532994623511658,-0.13891053452304064,-1.454656612400767,0.4701917843340931
-2.667195232485483,-1.934457778873562,-1.2080727213149456,-0.4854780412465877,1.8955238855927106,2.3772063013075915,-0.7620456248550399,-1.5349710826053549,-1.7064684817343894,0.9544053291518718
-0.25938208770817056,0.9012361437738049,0.5870734687910287,-0.4115004854735808,-0.8136142292608126,-0.5058389323279074,2.2177138283173896,0.15386154509687064,1.7293319511558494,0.1633125239760669
-0.3055751456415482,1.3261930761593346,0.7604772895417607,-0.22465973563662753,-0.9474286411275543,1.3012973552563218,1.2817738553781055,-0.635852617035785,1.064830260983517,0.059068617217251096
0.9993787409763715,0.4961370119670383,1.0568906856534237,0.8859520311606935,-0.5990230806025683,-0.5058431199974579,-0.9076947105315465,1.2825749573157392,1.614905380794732,0.2378077559611668
1.0340235344264048,-0.7271035036847671,-0.11467631838899218,-0.5063435056953846,-0.7580128812191107,-0.5058431199974579,-0.24307216794994227,1.8026306250616344,-0.7244155394312929,-0.8879782593870507
-0.016868533557938038,-0.5841273395176729,-0.8638443128452433,8.302676212505743,1.5949760583402668,-0.5058431199974579,2.464844045891246,0.1885319229465971,-2.025421284158291,-0.6663308142697068
0.046646921100456276,1.0799563489826727,0.7563108361827614,0.2884410037633304,-0.9392432210523339,-0.43884040718947465,-0.4586538471101146,-0.5125801624589801,0.0614537320776923,1.2926243724021103
-0.5307663030667646,-0.2981750111834849,-0.34383125313395274,-0.33657449949835594,-0.9396639880104873,2.3224444687241435,0.7454487023454816,-0.8438748841341429,1.1293349447128955,0.5190108739949731
-0.028416798041281784,0.6629425368286482,0.6805210655571555,-0.364078975362679,-0.9121939165996141,0.0031197946016457375,-0.400814860018361,-1.0711584722601268,-0.7401996653516218,0.6358335560837505
1.992529486543992,-0.8144778262313246,-0.7936098133649699,0.21256658758588737,-0.6140504719651905,0.3381333586415621,-0.5743318212936217,-0.25062619648327006,0.3955899960105782,-1.8646854990709882
-1.2121139075840857,1.199103152455251,0.31486518266974267,-0.22560816583884563,-0.9472918918661544,0.5024188563919056,0.0671551264512812,-0.8361703557230926,-1.3026551460855473,0.4262189793993272
-1.4719498584593351,-0.44909429558208397,0.1868955437861934,-0.48642647144880574,-0.14519586145137903,-0.5058306214144918,-0.9271496425533182,-0.29685336694957165,2.6360015098352174,0.8453290241614191
1.3054077497849987,0.38096176861021236,0.7013533323521519,-0.057736020046253056,-0.7177394723672832,-0.5058431199974579,-0.7283938505471106,0.8588258947079727,1.529410812913372,1.2324389382255991
-0.8829883698087696,0.8575489825005261,0.8309101915629389,-0.03592212539523823,-0.8614013337939511,-0.48735294828987025,0.6823516255181143,-0.48561431302030406,0.19643637340481962,-0.031529736244056174
0.02355039213376738,1.1752737917607357,1.045780143362759,-0.3508009525316264,-0.9400547001859157,-0.5058298160934245,1.71293721369845,-0.5973299749805334,2.5963576586864847,0.5167807908423407
-2.905666894066545,-1.8351687759797466,-1.1176011626623896,-0.3792538585981676,1.670113015153378,2.457738408047956,-0.5112347444662542,-1.7148718210033793,-1.9703270095399752,1.6875490833216393
0.5547705583676114,0.6311700559026273,0.3339118265965965,-0.44185025194455807,1.225302230819762,-0.5054018040525208,-0.5848480007648496,1.9143462870218635,-1.4056357223860454,-0.7651142090726422
-1.310274155692513,0.9171223842368154,0.14900065847339056,0.25998809769678927,-0.9468350591687307,0.6731469226814784,-0.6421611788830417,-0.23521713966116944,-0.9378849971740946,1.0053996926091626
-1.0215675436089027,0.1148672408547874,0.028967121226030474,-0.30337944242072457,1.207269361184615,-0.5058431199974579,-0.4586538471101146,-0.06956977882358785,-1.1653699578482664,0.3100412437740394
1.2765370885766378,0.41273424953623333,0.7636517301962363,-0.37735699819373153,0.11026979171319755,-0.5056962294347634,-0.6095610225222352,1.217086465821812,-0.9388861045263354,-0.33233114248083595
-0.40950952599164814,0.9330086246998259,0.8910261614570714,-0.1668054933013273,-0.6290778633278127,-0.5058431199974579,-0.03800666826099804,0.8164509884471965,1.926116286361305,0.030485679457542086
-0.23051142649980938,1.1673306715292304,0.8229740899267498,0.7816247089167097,-0.8595980468304365,-0.5058312012456604,-0.6437386058037259,-0.21980808283906883,0.5962119093996237,0.9539876351060377
0.05242105334212845,-2.0297752216516245,-2.5859783678982784,-0.17059921411019935,1.9856882337684436,-0.5040907413547876,-0.8577428580432139,1.583051565346701,-0.5933038465328297,-1.2991551102019
-0.218963162016465,-0.09959700539585399,0.7592868742963323,-0.5528165856040683,0.2996149228822368,-0.5058431199974579,-0.6363772801738663,-0.6936365801186622,-0.2988781742388266,0.05299619561171878
1.1090872535681435,0.2777012056006443,0.6085009432087395,-0.4380565311356859,-0.8042972466159869,-0.5058392866691771,-0.36926632160467737,-0.1466150629340909,-0.34155871768935697,-0.809455620084645
0.21987088835062277,1.0958425894456831,0.30673067849264896,-0.2919982799941082,-0.6020285588750927,-0.4733081488743507,0.6455449973688165,1.3249498635765158,0.3937546325314709,-1.3601046816769935
-0.4499284516833537,0.8972645836580523,0.6489750615533038,-0.43236594992237765,0.4919655323238004,-0.505815964571065,-0.8319782183387056,1.7679602472119085,-0.9256047469866078,0.5871843205587898
-0.2767044844331872,0.32933148710542837,0.8434095516399369,-0.467457867404445,-0.13918490490633012,-0.5058431199974579,3.4481068264510553,0.20394097976869768,-0.2043736401873,0.04060885414000124
-0.9118590310171308,1.385766477895624,1.2265248581269659,0.2884410037633304,-0.8875489947649137,-0.5058431199974579,1.576226880572487,1.8796759091721371,1.6877859960378585,-3.4113100111113246
-1.0331158080922471,1.2547049940757875,1.1644248628237859,-0.41244891567579894,-0.9332923740727355,2.2966741945672267,-0.6011480789452528,0.19623645135764733,1.7298325048319694,1.0572268653614092
0.8261547737262049,-0.33789061234101064,-0.9386420707663258,-0.2682875249386572,-0.8406635337135325,-0.5009467679076438,-0.7304970864413561,-0.6512616738578856,-0.04379602088788452,-0.009704163165883075
1.010927005459716,1.2149893929182614,0.8961846275205942,-0.4978076338754222,-0.6753622287246889,-0.43465273763897566,-0.7420648838597069,1.5637902443190752,0.2638108982106219,-0.004911740760876761
-2.026266553659867,1.2785343547703032,0.6638552521211584,0.1347953110040084,-0.9471686672569809,1.552557528286259,0.587706010277063,-1.2714762109474345,0.31863821086834015,0.4620332766602694
-1.4661757262176627,1.1037857096771884,0.48489616022509413,0.0978065331175049,-0.9476282048848498,1.0951351620009884,1.707679123962836,-0.9787041313275233,0.3923864524834077,-3.7705427674768472
1.3573749399600488,0.7423737391437002,0.925548203574494,-0.08524049591057614,-0.8824396817016221,-0.5058431199974579,-0.7573133440929875,0.9551324998461015,-1.0062606293321372,-0.9100749724327672
0.6702532032010557,-0.4371796152348261,-0.6626641363678498,0.2979253057855108,0.8315845771190613,-0.5058233090991998,-0.8114716683698111,1.2748704289046893,-1.326314649843504,-0.036080991124940696
-0.5307663030667646,-0.552354858591652,-0.9576887146931797,-0.38020228880038565,0.6873216200378888,-0.5058431199974579,-0.4428795779032727,0.866530423119023,-1.155325514080784,-0.14280502764583408
-0.12657704614970955,0.5715966541663381,0.439263575817007,8.046600057906874,1.6971623196060974,-0.5058431199974579,2.548973481661069,-0.01563807994623596,-1.426992679233848,-0.839379087747126
-1.6624962224345181,0.04337915877124027,-0.32895106256609796,-0.44848926336008427,-0.5178751672444086,2.53827051478832,-0.5990448430510072,-1.3369647024413622,-1.589272181032073,2.7079060309572642
1.38624560116841,-0.5801557794019203,-0.01745907334567565,1.7016020050682057,-0.12115203527118346,-0.5052858378188145,-0.6489966955393398,0.48515626677203344,-0.6414237399305351,-0.5846258537074206
0.8319289059678772,0.35713240791569667,0.3204204538150751,-0.26259694372534903,-0.24738212271720966,-0.5058431199974579,-0.18523318085818882,-0.00022902312413535192,0.26237597767241005,-0.26088165870824265
0.31803113645905046,0.5437957333560697,0.08055178186125939,-0.46081885598891875,-0.7138323506130017,-0.5058431199974579,-0.36926632160467737,0.8164509884471965,0.2963802574035208,0.05696357241558395
0.04087278885878401,-0.06385296435408043,0.40017827525877564,-0.5139309473131288,-0.8376580554410081,-0.5050603479199416,-0.521750923937482,-0.743716014790489,0.15969573357758424,-0.3430315064203154
-1.4084344038009406,-0.22668692909993776,-0.4259699050685099,0.0352101397711145,1.92257319004543,-0.5012044706492129,3.5953333390482465,-0.054160722001487235,-1.456425235389726,0.07887424092695212
-0.23628555874148166,0.003663557613714085,-0.7783328177153059,-0.15542433087471086,0.20644509643397949,-0.5058431199974579,3.900302543713856,1.1978251447941861,-0.9915109810091239,-0.8312285654449094
-2.1532974629766555,1.3460508767380976,1.067604422862279,0.6393601785840041,1.5559048407974494,2.0840694327726648,-0.1484265527088911,0.7239966475145928,1.1882334272697264,-0.597196494181754
0.44506204577583924,-1.5770173684558266,-1.6149963327105414,-0.33372920889170177,1.2132803177296643,-0.5058307502658625,-0.6258611007026383,-0.3970122362932256,-0.857162374338416,-0.0659007871170038
-1.6855927514012068,-0.953482430282666,-0.47120568439478766,-0.47125158821331714,1.456724057804143,-0.47675492304283823,-0.4691700265813425,-1.1096811143153784,0.8517612461816118,1.0346812948945263
1.5594695684185758,-1.1163163950285233,-0.118644369207087,-0.312863744442905,1.3755761444459835,0.05466034291547898,-0.4271053086964308,-0.06571751461806272,-1.0881512107454305,-0.9330689048488408
1.2072475016765711,0.4921654518512857,0.3420463307736904,1.6162432868685823,0.10425883516814866,-0.5058431199974579,-0.10110374508836545,-0.16202411975619152,0.40089586497745483,-0.39875119991003727
-1.142824320684019,-1.6286476499606106,-1.5784902651840724,-0.5034982150887304,1.6130089279754132,-0.19659983011445822,-0.5532994623511658,-1.6274254235379584,1.4449507226293279,2.207636486133486
0.5489964261259391,-0.9058237088936348,0.1803482599363374,-0.518673098324219,-0.30749168816769834,-0.5058431199974579,-0.41658912922520286,-0.027194872562811143,-0.9721562388658029,-0.7537551772477402
-1.2640810977591355,0.05926539923425074,0.7896424630547557,-0.43426281032681374,-0.7255537158758468,-0.5058431199974579,-0.5953641802360774,-0.8323180915175674,0.9223393145145838,0.20902502506879073
-1.0446640725755914,1.0521554281724044,1.0678028254031837,0.06650833644430976,-0.9475479586149735,-0.5054887787278003,0.07241321618689515,0.022884562109015516,1.3231159578616294,0.3061485459171447
-2.9339601420507395,-2.361003335305393,-2.453247068033016,-0.4010677532491824,0.3386861404250544,2.373985017037977,-0.5532994623511658,-1.715642273844484,-2.1163885722318994,2.0928854996691246
0.8550254349345661,1.2427903137285297,0.38033802116830273,-0.42857222911350545,-0.7874665682898502,-0.2996809267421248,-0.847226678571986,1.9143462870218635,0.21455641648037732,-1.2150509464069694
-0.7097644025586031,0.11089568073903477,0.30534186070631575,0.3832840239851341,-0.7465920637835178,-0.5058431199974579,-0.4691700265813425,-0.1312060061119903,2.0457152447089997,-0.517123577714132
0.9589598152846659,0.8654921027320314,0.6307220277900689,0.5824543664509217,-0.8181224466695994,-0.5058431199974579,3.2009766088771996,1.428960997125695,1.5987541821785813,0.2756106370610572
1.0455717989097493,-1.366524682320938,-0.4656504132494552,0.44967413814039675,0.5099984019589472,0.36390363279847876,-0.39555677028274705,-1.3870441371131892,0.06158721305799126,-1.2522895826218052
0.012002127650422936,-1.7676522540119521,-1.4469493805642375,0.6583287826283648,1.4747569274392898,-0.5058387712636939,-0.6973711211069882,-1.1135333785209034,-1.1341020382132805,-0.8946086464641232
1.1841509727098822,0.3889048888417176,-0.5126718154438757,1.4265572464249747,-0.23836568789963644,-0.5058431199974579,1.1450635222521424,1.7101762841290309,-1.5707183247705443,0.6906372951763557
-1.0215675436089027,1.3778233576641188,1.2675941840942442,0.5729700644287414,-0.9443525341156256,-0.5058041424577956,0.07767130592250912,-1.0596016796435512,0.8349426426639667,-0.329189474678159
0.8377030382095494,0.6589709767128956,0.004563608694748707,0.08358008008423432,-0.1572177745414767,2.3675424484987477,-0.5480413726155519,1.4443700539477955,0.0026887305011606935,1.4658229270053462
0.18522609490058942,1.2269040732655192,0.7634533276553316,-0.4247785083046333,-0.9467088290812847,-0.5058391578178063,2.2965851743515993,-0.5703641255418573,-0.0032845433672090757,-0.2802857255196514
-0.6347006834168644,1.0005251466676204,1.2578724595899127,-0.2644938041297851,-0.9475079857539489,-0.5052149695648831,0.6455449973688165,0.5390879656493854,1.0987010597343292,0.47223385750767877
0.9705080797680105,-0.2703740903732166,0.20991023853114174,8.112990172062135,1.3124611007229703,-0.5058431199974579,3.0590081860156233,0.3233611701399774,-1.4964027889892062,-1.6233511436820178
0.5143516326759058,-1.0924870343340076,-0.2543517071859205,-0.3792538585981676,1.8774910159575635,-0.5058002769166721,0.030348498301983464,1.3442111846041416,2.0789186385583176,-0.8193483654141214
0.36999832663410037,-1.5968751690345897,-2.63974545648346,-0.4778905996288434,1.5438829277073516,2.2161420878268623,-0.4691700265813425,0.12304343145266942,-0.8206553262267032,0.4000095694815146
1.3342784109933599,0.14663972178080834,-0.08412232708966424,2.099942689999781,-0.7192422115035455,-0.5058431199974579,-0.3640082318690634,-0.5202846908700304,1.2282443511142809,-0.5855158804142224
-0.25938208770817056,-0.7946200256525615,-0.3450216683793811,-0.5623008876262487,1.5198391015271562,-0.4996904670424941,-0.5638156418223937,-0.612739031802634,-1.3710641484886648,0.8554252612621482
0.13325890472553947,-0.3537768528040211,-0.4424373159636023,-0.41624263648467097,1.0179242300155762,-0.5046866789446663,-0.4481376676388866,0.6199855139654137,1.100002499292242,-0.09892971888109377
1.9521105608522866,-0.3100896915307428,0.4227961649219145,0.16514507747498547,-0.8713194120932819,-0.5058118413272,-0.527009013673096,-0.5780686539529076,-0.5052063995356442,-0.563407537910002
0.08129171455048961,0.1148672408547874,0.45910382990747967,-0.5480744345929782,-0.15421229626895225,-0.5058431199974579,-0.5427832828799379,0.5544970224714861,-0.6062181313767354,-0.2717008896491372
-2.0089441569348505,1.3381077565065924,0.34978402986897467,0.6014229704952826,-0.9476585602154023,2.486729966474487,-0.6947420762391813,-1.535356309025907,-0.31452881917885683,-1.1278409068698012
-0.2016407652914483,0.7264874986806897,0.19403803525876356,-0.4446955425512122,-0.8854451599741466,-0.5053760337783638,0.05663894698005327,-1.0942720574932776,0.3641552251502196,0.8881514986935197
1.0917648568431269,-0.16314196724789587,-0.27617598668544047,-0.28346240817414586,-0.024976730550401692,0.7085810496472388,-0.6200772019934631,-1.363930551880038,-0.07172691601540139,-0.37755337609073486
0.058195185583800726,-0.7549044244950354,-0.10058973798475666,1.198933997892646,1.904540320410283,-0.5058226326295031,1.060934086482319,-0.8323180915175674,-0.5481205347016975,-0.049605796534514586
0.6587049387177113,0.3611039680314493,0.1654680693684828,-0.4873749016510238,-0.24738212271720966,-0.5058073637420651,-0.5112347444662542,1.871971380761087,-1.0728008980110721,0.006827862441897826
0.4739327069842003,-1.2036907175750808,-1.1164107474169616,-0.07575619388839572,1.1952474480945174,2.2709039204103103,-0.5901060905004635,0.40811098266153034,-0.6904780001903317,-3.333223964969508
-0.2016407652914483,0.5874828946293486,0.2120926664810938,-0.517724668122001,-0.9449836845528555,-0.5032467648761486,-0.8198846119467935,1.4135519403035943,0.49560062049942916,-0.028170719091156263
1.4728575847934926,0.1903268830540867,0.37736198305473184,-0.415294206282453,-0.3615902970731381,-0.49424649662684544,0.30376916455390934,1.1015185396560572,-0.8928351663232609,0.39063251992068543
-2.1302009340099666,1.3103068356963241,0.5926287399363612,0.5160642522956594,-0.9439918767229226,2.280567773219154,0.9137075738851284,-1.6794309903125477,-1.6475032586874099,-2.0021608310734726
0.07551758230881735,0.10295256050752954,-0.41386735007332154,-0.3612336847560249,0.2785765749745658,-0.5058431199974579,1.5183878934807333,1.1978251447941861,-1.1376059139461232,-0.08054269645171025
-0.4326060549583369,-0.8025631458840667,0.2785575176841775,-0.5490228647951962,1.5198391015271562,-0.5058345835941435,-0.5007185649950263,-0.33152374479929797,0.8603707694108815,0.09319725146067237
-0.09770638494134846,-1.6326192100763632,-0.8582890416999113,-0.5082403660998206,1.8384197984147461,-0.5058431199974579,-0.4639119368457285,-0.8284658273120423,-0.6103894120110719,0.054315053940835537
-0.7617315927336531,-1.160003556301802,-0.7503580594477394,-0.23509246786102594,1.6821349282434757,-0.4723417635934663,0.8085457791728491,0.05370267575321674,-1.0427676774438501,-0.8351020477765414
1.5305989072102146,0.8456343021532683,0.5491785834782258,-0.3839960096092578,-0.9466877907333768,1.2819696496386344,-0.9618530348083704,1.7101762841290309,0.2635439362500241,1.7869385958438844
-0.31712341012489265,1.385766477895624,0.1468182305234385,0.6298758765618236,-0.9474770293277417,2.4674022608567996,-0.21152362953625864,-1.5919845928471268,0.46233048615996125,0.10216611377122264
-0.17854423632475952,-0.4808667765081049,0.27320064907974984,-0.34036822030722813,1.33951040517569,-0.5058431199974579,-0.6626677288519361,0.40811098266153034,-1.6531428301050324,-0.013120632584988863
-0.4903473773750592,1.3778233576641188,1.422149763459027,1.9766467637114362,-0.9170026818356534,-0.40243989494282995,1.9863578799503754,-1.5657891962495558,1.9307547504266873,-0.17601589049869978
0.17945196265891725,0.9727242258573521,0.5275527065196105,-0.4778905996288434,-0.9440219315056478,-0.30386859629262375,1.7444857521121337,1.1246321248892082,0.763129875263231,-0.34337723284008803
0.5663188228509557,-0.8343356268100877,0.22756806467166263,-0.5120340869086928,0.30262040115476124,-0.5058431199974579,-0.2062655398006447,0.8626781589134979,0.9276118132363854,-0.12910541497183678
1.4670834525518206,-0.1472557267848854,-0.08590794995780683,0.011499384715663589,1.0089077951980028,-0.5058431199974579,-0.43236339843204474,1.6639491136627294,-0.7376301564808706,-0.41831298255891136
-0.5365404353084369,-1.799424734937973,-1.0878407815266808,-0.5224668191330911,1.7362335371489153,-0.0033227739375834286,-0.6158707302049719,-1.182874134220356,0.25560181792224757,0.3363956964776737
-0.9003107665337863,-0.15917040713214325,0.2835175812067958,-0.17154764431241745,-0.14219038317885457,-0.5049476029705051,-0.6484708865657784,0.20008871556317245,-1.150920641730925,-0.6490453138341432
0.7741875835511549,-0.1671135273636485,0.3541488857688788,1.0756380716043012,-0.2804423837149784,-0.5058431199974579,-0.5743318212936217,0.15386154509687064,-1.0751034449212258,-0.9909999473467273
-0.3690906002999427,1.4215105189373975,1.2245408327179188,1.4739787565358766,-0.9375000436542699,-0.5054984425806092,-0.7552101081987418,-0.6705229948855114,2.0643024712156026,0.1973757597046468
-1.0793088660256247,-1.2672356794271227,-1.9953340036249043,-0.46271571639335485,-0.09410273081846375,-0.5057400389008303,0.5088346642428536,1.4251087329201697,1.2931161075394815,-1.3057483915732184
-0.6347006834168644,0.6867718975231636,0.7608740946235701,-0.3014825820162885,-0.7883682117716075,-0.5058431199974579,0.6718354460468864,0.15386154509687064,1.1993123486345236,0.0011883289574682286
-2.4997453974769885,0.8376911819217631,0.8807092293300256,0.2979253057855108,-0.9474845430234233,2.457738408047956,0.692867804989342,-1.6567026314999496,-0.7374299350104225,1.468906978045847
0.6991238644094161,0.6391131761341325,0.7826983741230903,-0.1544759006724928,-0.9465044565587529,-0.5032660925817662,-0.7783457030354433,0.6739172128427658,-0.35063542434967326,-0.9832160205544619
-0.11502878166636508,-1.7636806938961995,-1.1425998828163857,-0.4020161834514004,1.3936090140811301,-0.5058431199974579,0.44047949767987205,-0.20825129022249333,0.6120961460551768,-0.19905603432018157
0.387320723359117,0.1903268830540867,0.5674316172414609,-0.5110856567064747,-0.9148988470448861,-0.5058431199974579,-0.521750923937482,1.6369832642240532,0.5984477158196282,-0.9934370756345371
-0.19586663304977614,0.3253599269896757,0.7866664249411847,-0.21991758462553737,-0.09710820909098819,-0.5058431199974579,-0.7646746697228469,0.45048588892230707,-0.8105441419690718,0.6636747832727581
-0.21318902977479276,0.921093944352568,-0.4575159090723613,-0.3915834512270021,-0.8265377858326678,-0.5054630084536433,-0.4954604752594123,-0.06956977882358785,0.1342342365855945,0.3433609588874195
0.8665736994179104,0.4643645310410174,1.1703769390509278,-0.12128084359486145,0.16436840061863736,-0.5048670708637647,-0.6684516275611114,1.871971380761087,1.7957721090995598,0.08554861890966865
-0.7675057249753252,0.5835113345135959,0.5126725159517559,-0.14214630804365838,-0.9345847297299209,-0.5058431199974579,1.8286151878819572,-0.6474094096523604,0.5924077014611087,0.37012648115461655
0.5432222938842669,-2.0019743008413564,-1.9967228214112371,0.12910472979070017,1.6971623196060974,2.290231626027998,-0.6553064032220766,-1.2637716825363845,-0.35737621385476087,-1.4751994737817953
0.20254849162560606,-0.3498052926882685,-0.21229036851411834,-0.49116862245989595,-0.6230669067827638,-0.5058431199974579,-0.8519589593340386,1.9143462870218635,0.2821979032467766,-1.4897083542316196
-0.2074148975331206,-0.6873879025272408,-0.05396514087214576,-0.49970449427985825,-0.41869438425110234,-0.5058431199974579,-0.3377177831909936,-0.5857731823639579,-0.07246106140704484,1.027133231007412
0.5028033681925614,0.4008195691889755,0.34244313585549985,-0.5566103064129405,0.7985243161212926,-0.5057712853582456,2.622586737959664,1.1978251447941861,-0.29584148193702947,1.5308993339137356
0.26028981404232826,0.17841220270682928,-0.09503446683942414,-0.49116862245989595,0.34770257524262776,-0.5058431199974579,3.395525929094916,0.9050530651742744,0.8294699224717176,0.15039313928652687
0.8434771704512216,-0.8740512279676139,-0.0845191321714738,-0.45892199558448266,1.0269406648331494,-0.5058356466179524,-0.39029868054713307,0.44663362471678186,-1.439339669911484,-0.29276023685606417
0.24296741731731167,0.6351416160183799,-0.043053001122385776,-0.14404316844809437,-0.8737237947113013,-0.49762884510994077,0.824320048379691,-1.0480448870269758,0.027382711856432235,-0.3315454571708903
0.7684134513094827,0.7106012582176793,0.5489801809373213,-0.4902201922576779,-0.23235473135458762,0.5185252777399786,2.338649892236511,0.7432579685422186,-0.40509566431156957,-0.652810138336675
-0.005320269074593587,-0.1671135273636485,0.3884725253453966,-0.5566103064129405,0.9938804038353807,-0.5058431199974579,-0.41133103948958893,0.19623645135764733,-1.0002206149736184,-0.1297813051138269
-0.813698782908703,0.249900284790376,-0.11308909806175457,-0.46935472780888104,-0.745990968129013,-0.5058206032204133,3.0695243654868514,0.3349179627565529,0.21769321951739812,1.2945773123622386
0.8550254349345661,0.6788287772916588,0.8844788776072154,2.545704885042258,0.48896005405127607,-0.5058431199974579,0.356350061910049,0.04214588313664125,0.20140853992094862,-0.20861858739358138
-0.08038398821633175,1.2110178328025087,0.8826932547390728,-0.029283113979711884,-0.8851446121468942,-0.5053792550626334,-0.746271355648198,1.5984606221688014,-1.0795750577612344,-0.706276484246911
1.2765370885766378,0.6669140969444008,0.22994889516251923,-0.46935472780888104,-0.009949339187779568,-0.5058225682038178,-0.7005259749483566,1.6755059062793047,0.26457841384733977,0.4572122234408742
-0.8541177086004085,-1.0607145534079867,0.2309409078670428,-0.5537650158062865,0.9548091862925633,-0.5058208287103122,-0.29039497557046795,-0.9555905460943721,0.8561661185314712,0.04839473238088426
-0.5365404353084369,-1.2553209990798648,0.3648626229777341,-0.3138121746451231,1.579948666977645,-0.5058431199974579,2.538457302189841,-0.3584895942379741,-0.3302462046090366,-0.1521995728603395
1.617210890835298,-1.4141834037099694,-0.06567089078552457,0.09116752170197875,1.9736663206783456,-0.5058431199974579,-0.5901060905004635,1.760255718800858,-0.4148397758733795,-3.057954393863747
0.2718380785256727,0.17444064259107667,-0.055750763740288346,3.4561978791715737,0.9818584907452829,-0.5058431199974579,-0.6337482353060593,0.5622015508825364,0.5686147167228538,-0.3070586098703192
-0.3113492778832205,-1.8669412569057673,-1.9122033389858237,-0.4020161834514004,1.3815871009910323,0.9695050754860197,-0.39029868054713307,-0.5896254465694831,-0.12268328024445545,0.897708404456673
0.26028981404232826,-1.0964585944497602,-0.8608682747316727,0.7626561048723489,1.1110940564638334,-0.5057451929556616,-0.5901060905004635,0.2578726786460498,1.8021791961539007,-0.5542949785493365
1.7788865936021199,-0.2505162897944535,0.5450121301192266,1.113575279693023,1.225302230819762,-0.5058431199974579,-0.6374288981209891,-0.011785815740710734,-0.7400328141262486,-0.876821333993711
-0.7444091960086364,0.2737296454848917,-0.8225765843370604,0.06935362705096383,-0.16022325281400113,1.223986532785572,0.040864677773211386,0.21549777238527307,0.7938972412220965,-0.06436985674295391
-0.3055751456415482,-0.15917040713214325,0.04364890925298021,-0.16016648188580104,-0.04000412191302392,-0.5058431199974579,-0.7268164236264263,-0.08497883564568845,-0.9840694163574676,0.41432727105379463
-1.3506930813842184,-0.16314196724789587,0.43093066909900823,-0.4522829841689564,-0.9466276811679265,-0.505832296482312,0.7559648818167095,-1.229101304686658,-1.0131015295724488,-0.10956200330049612
1.7615641968771032,-0.2981750111834849,-1.0013372736922197,0.4212212320738556,-0.9445929723774275,2.42552556535181,-0.6631935378254975,-0.2621829890998453,0.3958235877261012,0.6542536391485885
-0.5538628320334535,1.1554159911819726,0.5870734687910287,-0.2275050262432816,-0.9276721297031147,-0.5057658091749871,-0.9318819233153707,0.030589090520065768,0.8716165420010532,1.08269121740315
0.6529308064760391,0.41670580965198595,0.8043242510817056,0.21256658758588737,-0.9064835078818178,-0.3051571100004696,-0.7673037145906538,-0.08883109985121358,-1.5729875014356234,1.8395215545916483
0.8088323770011882,1.0402407478251465,0.7642469378189506,-0.27208124574752945,-0.9399344810550144,-0.5057725738719534,0.4509956771511,0.29254305649577617,0.26094105713419813,-0.388016914170985
-2.263005975568428,-1.7716238141277048,-3.0686917499194806,-0.36218211495824293,1.6280363193380358,2.2000356664787892,0.8348362278509189,-1.4255667791684405,-1.9724627052247559,-1.8941992517153823
0.3815465911174448,0.889321463426547,-0.3335143210069066,-0.4039130438558365,-0.9407159054058711,2.1807079608611017,-0.698422739054111,0.011327769492440031,0.32467822522685874,1.9760624774793012
-1.4834981229426796,0.4723076512725226,0.15058787880062838,-0.07575619388839572,-0.8902539252101856,-0.5058258539137728,-0.754158490251619,-1.0557494154380263,0.2617753132610655,0.7616505834985435
1.3804714689267377,1.1276150703717043,-0.3124836516710055,-0.33752292970057396,-0.9031774817820408,2.119503559738425,-0.7951715901894079,0.7509624969532689,-0.03792285775473875,1.6882627403567905
0.9474115508013213,0.8972645836580523,0.47319041031171516,-0.4987560640776403,-0.8292427162779398,-0.5058431199974579,-0.6684516275611114,1.1631547669444597,-0.6045829893680759,-0.1943376616693424
-0.6635713446252254,-1.3506384418579276,-0.7912289828741131,-0.45512827477561046,-0.12115203527118346,-0.5058431199974579,-0.630593381464691,-1.3986009297297646,-1.2708199322842915,-0.07135386611459713
-1.0735347337839525,-2.1250926644296877,-1.9552566903621493,-0.466509437202227,1.9406060596805763,-0.5056456552717306,-0.5164928342018681,-1.3022943245916359,-1.0884849131961771,-0.5432274582406059
-0.3921871292666315,1.0998141495614357,1.1001424395706543,0.08642537069088858,-0.9244863227342389,-0.5058431199974579,0.2827368056114535,0.17312286612449648,1.6960284465713067,0.7068610602812163
0.3238052687007226,0.3412461674526862,0.5348936005330855,-0.2692359551408753,-0.3946505580709069,-0.5057780500552117,0.5035765745072396,-0.28529657433299616,0.1280607412467764,-0.6856424859292105
0.2833863430090172,0.5159948125458014,0.03075274409417276,0.4022526280294948,-0.896565429582487,-0.5050861181940984,-0.6579354480898835,1.120779860683683,-0.38831043103899965,0.06152902874382019
-0.2767044844331872,-1.4102118435942168,0.17142014559562468,-0.2749265363541835,1.9436115379531007,-0.5037847193491742,-0.4586538471101146,-0.47020525619820347,-0.14881218213793887,-0.0718012223925826
1.2187957661599156,0.3253599269896757,0.7652389505234742,-0.38684130021591184,0.7113654462180843,-0.5058431199974579,-0.4954604752594123,1.8950849659942377,0.2620089049765885,-1.716092615989192
0.5085775004342336,-1.6604201308866315,-0.9273331259347561,-0.5205699587286551,1.044973534468296,-0.5058385457737951,-0.7757166581676364,0.2347590934128989,-0.26620870431070365,-0.7990860629907235
0.9589598152846659,0.9091792640053101,0.9263418137381131,1.170481091826105,-0.9199781053254523,-0.5056305152356634,-0.5532994623511658,0.22320230079632342,0.7719396199629498,-0.19780954449102656
-0.2478338232248261,-0.10754012562735922,0.042855299089361115,-0.4579735653822647,-0.340551949165467,-0.5058431199974579,-0.6994743570012338,1.066848161806331,-1.3317539997906784,-0.972128885276149
0.7337686578594494,0.9806673460888573,1.0481609738536157,-0.1165386925837713,-0.8415651771952899,-0.5058431199974579,0.3248015234963652,0.8357123094748219,0.09539127131865349,-0.4682820232438612
-0.6116041544501754,-1.366524682320938,-0.8051171607374442,-0.47504530902218933,1.0569954475583938,1.9938734732234564,-0.6737097172967254,-1.6073936496692278,0.7316283639127225,1.986169668053987
1.2880853530599823,0.6867718975231636,0.3785523983001603,-0.5480744345929782,-0.2173273399919654,-0.4729860204473892,1.6550982266066965,1.6947672273069305,0.0631556145765017,0.5318354485092202
0.9127667573512882,0.39287644895747026,0.632110845576402,-0.4959107734709861,-0.9429700141102643,-0.5043484440963568,0.6560611768400445,1.3596202414262424,-0.9730572354828195,-1.553819075110734
-0.7848281217003419,0.9131508241210627,0.28173195833865317,-0.43236594992237765,-0.9445929723774275,2.332108321532987,0.8716428560002166,0.7432579685422186,0.5258340625370999,-0.6437452427421223
-1.1255019239590025,-2.3844355399883335,-4.262479838543226,-0.33847135990279203,2.03077040785631,2.5414917990579347,-0.5901060905004635,-1.6089345553514376,-1.3416983328229362,-0.6978823797425349
-0.813698782908703,-0.667530101948478,0.06785401924335681,-0.48452961104436965,0.11327526998572199,-0.5058431199974579,-0.9981338539841066,1.783369304034009,1.9893529007778454,-1.5734213725778319
-0.9060848987754585,-1.0289420724819658,-0.01587185301843804,-0.5366932721663618,1.6400582324281336,-0.5058431199974579,0.7349325228742536,-1.2136922478645573,-1.1326337474299941,0.5638864439904403
0.6644790709593835,0.46039297092526477,0.5967951932953606,-0.4077067646647087,-0.811810942297298,-0.5058431199974579,-0.3587501421334494,1.7486989261842827,-1.4046679852788795,-0.5726624821249467
0.4739327069842003,-0.6476723013697149,-0.4886651079944036,-0.48642647144880574,1.0209297082881006,-0.054863322251416664,-0.13791037323766317,-0.38930770788217534,0.8637411641634254,-0.3740353644413424
-1.8068495284763233,-1.1719182366490601,-0.08352711946695003,-0.4892717620554599,1.2433351004549085,-0.5049282752648874,-0.5848480007648496,-1.2637716825363845,-1.1001311287272444,1.0334476244834228
-0.02264266579961021,0.11883880097054002,0.557114685114415,-0.5224668191330911,-0.9271311436140605,-0.5058431199974579,-0.39029868054713307,-0.3854554436766502,-1.4055356116508213,-0.5635549499378651
-0.028416798041281784,-0.6397291811382096,-0.1493967630473197,-0.5063435056953846,0.5731134456819602,-0.5057896466785823,-0.5427832828799379,-0.9286246966556962,0.7338641703327261,0.5106972945462734
1.120635518051488,-1.3109228407004014,-0.4624759725949796,-0.14594002885253043,0.9968858821079051,-0.5058431199974579,-0.3324596934553796,0.30409984911235166,-0.40866628053456155,-0.18992996361174294
0.5951894840593169,0.519966372661554,0.6045328923906448,0.07599263846649008,-0.5389135151520796,-0.5058431199974579,0.5088346642428536,-1.0326358302048755,0.031287030530171366,0.36056622685111306
-1.1774691141340523,1.1832169119922404,0.7166303280018159,0.8669834271163328,-0.9297459097111567,2.61558133725907,0.10921984433619289,-1.414009986551865,-0.028779410604273182,-3.6118453701549034
-0.37486473254161484,0.28961588594790216,0.37835399575925555,-0.30622473302737874,0.18841222679883282,-0.5058431199974579,1.8549056365600263,-0.5318414834866058,-1.3415982220877123,-2.3473696989499846
-1.0100192791255584,-1.9145999782947987,-0.8084900039328243,-0.45133455396673844,1.498800753619485,-0.5058431199974579,-0.6169223481520947,-0.8592839409562435,-0.8535583878703491,0.11277204206209805
-1.1312760562006747,-1.9980027407256038,-2.152270413480544,-0.20758799199670286,2.027764929583786,-0.5048284154525293,-0.7194550979965669,-0.3584895942379741,-0.9549371924072618,-0.6142982159314545
-0.25938208770817056,0.9846389062046099,0.5198150074243263,-0.3925318814292201,-0.9401749193168166,-0.502331920143578,-0.5164928342018681,-1.3485214950579376,0.1284611841876728,0.062143857443100456
1.1668285759848658,-0.3934924539615473,0.20098212419042902,-0.24647363028764244,-0.4006615146159557,-0.5058383202838962,-0.6195513930199017,-0.08497883564568845,0.1585611452450445,-0.53696086653089
-0.5423145675501091,-0.6715016620642306,0.06805242178426157,-0.5471260043907601,-0.9462550018621333,-0.5058431199974579,-0.7005259749483566,0.34262249116760274,-1.57282065021025,0.5269928699427519
-0.5307663030667646,1.238818753612777,0.26089969154365683,0.6203915745396433,-0.9467839660380979,-0.49495517916616066,-0.5743318212936217,-0.9324769608612213,-0.13696574513642332,-0.2095629992723646
-1.77220473502629,1.4016527183586345,0.5902479094455044,0.05986932502878341,-0.9476391147709792,1.7619410058112064,-0.6174481571256561,-0.4393871425540023,0.7933966875459765,-0.1080115715778942
0.751091054584466,-1.140145755723039,-1.3487401228163975,1.1515124877817442,1.7332280588763909,-0.5058351312124693,-0.8377621170478808,0.3888496616339046,-1.4726431744960258,-0.7270037717191329
1.1610544437431936,-0.13931260655338018,0.23629777647147057,1.2273869039591871,-0.6921929070508256,-0.5058431199974579,-0.5059766547306401,0.7971896674195708,-0.8736139051602387,-1.1840288636353529
-0.21318902977479276,0.8972645836580523,0.6501654767987323,-0.32424490686952145,-0.8875489947649137,-0.5050442414985935,2.7540389813500137,1.0244732555455542,1.7967732164518004,-0.2541907419229372
-0.6924420058335865,-0.6635585418327253,-0.9138417531532349,-0.47314844861775324,1.9556334510431994,-0.47891318350348,-0.5007185649950263,0.8241555168582464,-0.9278071831615377,-0.2986799730103611
0.9820563442513546,-0.13534104643762757,0.9259450086563036,-0.010314509935351135,-0.36459577534566256,-0.1515018503398541,-0.4271053086964308,0.2077932439742228,1.929453310868774,-1.397618812648164
1.3689232044433932,0.48025077150402784,-0.6418318695728533,0.06745676664652775,-0.7736413682362377,1.3141824923347798,-0.8319782183387056,1.8835281733776623,0.21171994564902827,-0.9551435945721654
0.48548097146754476,0.4961370119670383,0.7995625900999921,-0.3413166505094461,-0.9325410045046045,-0.35701978674126433,-0.7231357608114967,-1.0865675290822272,0.9524726458170308,-0.12670187921957743
-0.299801013399876,-0.8383071869258403,-0.3311334905160502,-0.44943769356230234,-0.9185054209719156,-0.5054146891895992,-0.4428795779032727,-1.4255667791684405,-1.0108990933975195,0.2785449850262075
0.7395427901011217,0.3412461674526862,1.1858523372414964,0.9144049372272346,-0.2834478619875029,-0.5058431199974579,-0.6421611788830417,0.5467924940604358,-1.3979271957737918,-0.7197157612252988
0.9878304764930269,0.5954260148608538,0.12796998913748928,4.0442246045467565,0.09824787862309986,-0.5058431199974579,-0.4586538471101146,1.0013596703124035,-0.9762274087649152,-1.0530964531333984
0.6413825419926946,0.22607092409586027,0.7332961414378129,-0.24552520008542436,-0.9412268367122002,-0.505827206853166,-0.6242836737819543,1.3018362783433655,2.3314980235286575,-0.4394934176179142
0.3469017976674116,-1.1044017146812655,0.02757830343969704,-0.5262605399419633,-0.10913012218108578,-0.5058431199974579,-0.633222426332498,-0.6666707306799862,-0.7419015478504313,0.34895473759129664
-0.8021505184253586,1.250733433960035,1.1674009009373572,0.8859520311606935,-0.8632046207574658,-0.5058431199974579,1.9285188928586219,0.8164509884471965,2.53408878137711,-0.5827278974340312
-0.5307663030667646,0.2935874460636548,0.5743757061731262,-0.2521642115009506,-0.6882857852965439,-0.5057571117074593,-0.41133103948958893,-1.2136922478645573,2.5946891464327493,-0.12130328262802964
0.9531856830429937,0.6708856570601535,-0.4723960996402161,-0.41624263648467097,-0.9154999426993911,-0.5058431199974579,-0.6337482353060593,0.5198266446217598,0.1956688577681018,0.07903330489975262
0.5316740294009225,0.39287644895747026,0.0579338921981205,2.0240682738223374,-0.7438871333382459,-0.5058431199974579,2.322875623029669,0.5814628719101622,-0.9062833750883617,0.32335763290333897
-0.42683192271666476,1.107757269792941,0.37220351699120907,-0.4883233318532418,-0.9462399744707708,1.7071791732277588,-0.6442644147772872,1.2710181646991638,0.7298597409237629,-0.41831298255891136
1.7211452711853978,-0.13534104643762757,0.04503772703931325,-0.2948435706007623,-0.2954697750776006,2.325665752993758,-0.8209362298939163,-1.4914404970829205,0.19556874703287772,-0.8147948118819796
0.22564502059229496,1.322221516043582,1.1626392399556433,-0.2037942711878307,-0.9349754419053491,-0.5058431199974579,0.4509956771511,0.7471102327477438,0.5949438400867859,-0.19388736811020232
-0.5885076254834866,1.3103068356963241,1.0999440370297497,0.08168321967979833,-0.07907533945584161,-0.5058431199974579,3.6742046850824566,0.6739172128427658,0.2362137055338521,-0.13786324702653843
0.21987088835062277,0.9250655044683206,0.6581015784349213,-0.5224668191330911,-0.9459664759479711,2.1098397069295816,-0.53226710340871,1.3942906192759685,0.12856129492289678,-0.8158731592158452
-2.003170024693179,-0.8661081077361087,-0.9316979818346605,-0.28725612898301806,2.0007156251310656,-0.48455043097530553,-0.5427832828799379,-1.1713173416037805,-1.408772525423066,-0.8233674659734141
1.5998884941102813,1.1633591114134778,1.3973494458459361,-0.062478171057343226,-0.4367272538862489,-0.5054533446008346,-0.41658912922520286,0.6662126844317156,-0.8394094039586798,-0.13515414189267927
0.387320723359117,-1.0448283129449762,-0.02003830637743744,-0.5224668191330911,0.753442142033426,-0.5058431199974579,-0.6379547070945505,0.20394097976869768,0.06045262472545154,-0.19349009908544443
1.0340235344264048,0.48819389173553307,0.6348884811490682,-0.4010677532491824,-0.944172205419274,-0.5058167376792898,-0.665296773719743,0.16927060191897125,0.5286705333684479,-0.5642036377294226
0.29493460749236156,-1.573045808340074,-0.7021462420078906,7.96124133970725,1.0840447520111138,-0.5058431199974579,1.1660958811945983,0.18467965874107187,-1.5683490373702413,0.7216686315707467
-0.25938208770817056,0.22209936398010766,0.5908431170682186,0.1746293794971659,-0.8601991424849413,-0.5058431199974579,0.5561574718633793,-0.920920168244646,1.5896774755182654,-0.28035362137122427
-0.4326060549583369,0.6907434576389162,0.5489801809373213,-0.34036822030722813,-0.9283333349230701,-0.5057786943120657,-0.661090301931252,1.3018362783433655,1.6432033486180702,0.839052910051269
-1.3737896103509075,-2.3971445323587415,-3.9444405654729477,-0.4020161834514004,2.03077040785631,2.370763732768362,-0.34297587292660753,-1.0904197932877526,-0.46462818152481933,-1.1387268140852442
-2.135975066251639,-2.0774339430406563,-2.1389774432399276,-0.4446955425512122,2.0337758861288346,-0.5023963458289704,-0.7578391530665488,-1.0018177165606745,-1.2296410498621224,-0.9628477934643885
-0.8829883698087696,-2.48531316692845,-3.695445376637515,-0.39632560223809227,2.0007156251310656,2.4996151035529457,-0.6705548634553571,-1.571952818978396,-1.4929322835014387,-0.5479202114215563
-1.575884238809435,-1.541273327414053,-0.9682040493611305,-0.47125158821331714,1.7091842326961952,-0.5058228259065594,-0.4271053086964308,-0.924772432450171,-1.2307422679495872,-0.35854026558833557
0.07551758230881735,-1.0646861135237393,-1.3370343729030187,-0.45323141437117453,0.5069929236864227,-0.5058431199974579,1.6656144060779243,1.5753470369356506,0.8153876790501979,-0.8553049646726087
-0.19009250080810386,-0.24257316956294825,0.5862798586274099,-0.5509197251996323,1.0299461431056738,-0.5058431199974579,-0.40607294975397495,-0.4894665772258292,0.6655219084197579,0.6847607607714787
0.6587049387177113,-1.2394347586168544,-0.9368564478981831,-0.43615967073124984,1.754266406784062,1.8489156810908003,-0.19574936032941676,-1.1058288501098534,-0.20417341871685182,-0.8830259507481468
-0.4383801872000092,1.2983921553490663,0.61901627787669,0.2505037956746089,-0.946940250908269,-0.39986286752713823,0.7927715099660072,-0.33152374479929797,-0.9048484545501498,0.27682395766886725
-0.9869227501588691,-0.24654472967870086,0.10574890455615996,-0.3915834512270021,-0.35557934052808926,-0.47669049735744595,-0.6090352135486737,-1.60007434767873,0.9332847548990827,0.5302577939469246
0.5028033681925614,0.2141562437486024,0.8489648227852692,0.8385305210497916,-0.7544063072920816,-0.5058431199974579,-0.6058803597073054,0.41581551107258063,-1.3676603834910463,0.2988091731832141
-2.5921315133437437,0.7781177801854737,-2.5407425885720003,0.09211595190419665,-0.568968297877324,-0.4375518934816288,3.2220089678196557,-1.826163733901001,-1.3712309997140382,-2.735221480854853
-1.7953012639929788,0.734430618912195,0.24145624253499337,-0.3138121746451231,-0.6537227851625129,-0.38150154719033513,-0.8209362298939163,-1.5234142899887795,0.48872635001404213,0.6242055517356879
-2.1937163886683617,1.1752737917607357,0.6989725018612951,-0.01790195155309548,-0.9475272208148932,-0.13861671326139577,0.6981258947249559,-0.5896254465694831,0.03308902376420478,1.1803182514868005
0.6413825419926946,0.8098902611114948,1.034868003612999,-0.3517493827338445,-0.7520019246740619,-0.5058431199974579,-0.6789678070323394,1.1130753322726328,-0.07135984331957997,-0.2649889689720459
-1.4777239907010074,-0.7747622250737984,-0.35057693952471325,-0.41434577608023493,1.3455213617207393,-0.5058431199974579,-0.8025329158192674,0.27713399967367564,-1.9861111354603043,-0.3661329354164937
0.8723478316595826,-0.2306584892156904,0.07579012087954594,-0.5291058305486175,0.9247544035673188,-0.5036494254098505,-0.799378061977899,-0.2005467618114431,-0.07229421018167101,-0.039625013345666
0.7626393190678105,0.6311700559026273,0.7041309679248182,0.05228188341103916,-0.8995709078550114,-0.5058392866691771,-0.6447902237508487,0.3349179627565529,0.196336262669595,0.13534335794329597
0.12748477248386728,-0.6873879025272408,0.13610449331458319,-0.3100184538362508,1.2794008397252015,-0.5058431199974579,-0.5480413726155519,-0.11964921349541481,1.5167301197849894,-0.24378897605435093
0.9243150218346325,0.6152838154396169,0.8626545981076954,0.3832840239851341,-0.7592150725281204,-0.5058431199974579,-0.24833025768555622,0.8742349515300734,1.9331907783171394,-0.5677440843314835
0.30070873973403384,-0.15917040713214325,-0.09146322110313927,-0.48642647144880574,-0.5028477758817865,-0.4982731019638637,-0.3534920523978355,-0.38930770788217534,0.16203165073281248,-0.0032447366617585137
-1.8934615121014065,-0.3299474921095054,0.42061373697196247,-0.47030315801109907,-0.4848149062466398,-0.5058431199974579,-0.5112347444662542,-1.2637716825363845,1.8635470768462585,0.926240374973958
1.640307419801987,0.6271984957868747,0.3287533605330736,-0.06627189186621539,-0.9390628923559826,2.006758610301915,-0.5690737315580077,0.9551324998461015,0.12859466516797166,1.4388903366543475
0.13325890472553947,0.6311700559026273,0.6392533370489722,-0.3839960096092578,-0.9456959829034439,2.409419144003737,-0.8519589593340386,-1.017226773382775,0.1955020065427281,1.462441209032018
0.37577245887577265,0.3968480090732229,-0.6333005603139502,-0.37166641698042324,-0.9139972035631289,2.3900914383860496,-0.4639119368457285,0.2540204144405247,0.06205439648903677,2.4666204857758456
0.9127667573512882,1.0998141495614357,1.1503382824195503,-0.4684062976066631,-0.9472137494310688,-0.5017520889750474,-0.7836037927710573,0.11148663883609405,0.1961694114442218,0.8837748981681826
-0.22473729425813718,0.7384021790279476,0.68448911637525,-0.3232964766673034,-0.9205190914145068,-0.40791607820117465,0.3195434337607512,0.7933374032140457,0.2674816251688375,-0.37469122933884935
0.16212956593390054,-1.3347522013949171,-1.0785158621041586,-0.3934803116314381,1.8925184073201853,2.3514360271506747,-0.6090352135486737,-0.1427627987285658,-0.6707561853511887,-0.17849360744583614
-0.3690906002999427,1.036269187709394,0.2587172635937049,-0.389686590822566,-0.9397842071413884,-0.1891908762943447,0.7875134202303933,-1.5565437621562956,-0.8204884750013298,1.767092046263734
-1.5008205196676963,-0.6000135799806835,0.0803533793203548,-0.4959107734709861,0.3386861404250544,-0.5058431199974579,-0.7268164236264263,-0.10038789246778906,-0.3881435798136263,0.7833848133993158
-0.02264266579961021,1.3500224368538503,0.8922165767024998,0.47812704420693786,-0.9473943786752475,-0.5058431199974579,-0.3797825010759053,-0.18513770498934248,0.46263081836563397,-0.44219639504578384
-0.7848281217003419,-2.12906422454544,-2.206831112229344,-0.36218211495824293,1.9466170162256253,-0.5056910753799321,-0.5585575520867798,-1.0326358302048755,-1.53114121411196,-1.4377482028905362
0.6356084097510224,0.015578237960971941,0.4660479188391451,-0.5063435056953846,-0.8346525771684837,-0.28260812011316755,-0.5690737315580077,1.120779860683683,-1.3388284917465132,0.9993803742070949
-2.1532974629766555,1.290449035117561,1.320369259974902,0.050385023006602976,-0.9453172926411059,2.2451336462533935,-0.27462070636362607,0.9628370282571518,1.1316374916230498,-2.5140940165357892
0.3238052687007226,-0.012222682849296387,0.3870837075590634,-0.24078304907433418,0.020105443537464688,-0.5058431199974579,0.5666736513346071,0.7124398548980174,-1.2720212611069803,-0.22432139469339296
-0.16699597184141504,-2.121121104313935,-2.064774892941559,-0.3953771720358742,2.018748494766212,2.135609981086498,-0.6153449212314105,-0.22751261125011907,-0.24194853614140283,-2.0641263322645047
1.068668327876438,0.11089568073903477,-0.30772199068929224,1.578306078779861,-0.4457436887038222,-0.5058431199974579,-0.7031550198161635,0.5891674003212125,1.129902238879166,-1.3945035751326083
1.28231122081831,0.31344524664241785,0.5186245921788978,1.2558398100257282,-0.277436905442454,-0.5058431199974579,-0.4428795779032727,0.7317011759256432,-0.003551505327806397,-0.6705098972621885
1.0282494021847326,0.8098902611114948,0.8408303186081754,-0.37546013778929543,-0.6994060549048843,-0.5057364954881337,-0.8177813760525479,1.1901206163831357,-0.0028173599361634633,-0.39727588681378345
0.11016237575885068,-0.4332080551190735,-0.11328750060265916,-0.49116862245989595,1.3936090140811301,-0.5040230943851256,-0.4691700265813425,0.0768162609863676,-0.7389315960387837,1.6131771915167097
1.3977938656517543,-1.4737568054462586,-1.082682315463158,-0.06152974085512513,-0.7715375334454707,2.396534006925279,0.23015590825531387,-1.41015772234634,-1.4058359438564936,-0.7675531626874602
0.5489964261259391,-0.6238429406751992,0.3112939369334576,-0.10895125096602705,1.1110940564638334,2.3385508900722165,-0.43236339843204474,-1.0673062080546016,-1.2812981892377449,-0.6823298911409224
1.5767919651435924,-0.4768952163923523,-0.04047376809062438,-0.14688845905474854,-0.9236447888179321,0.4412144552692286,-0.6926388403449356,0.8973485367632242,0.24699229469297676,0.17466072507426178
-0.218963162016465,-0.8422787470415929,0.29760416161103137,-0.5357448419641437,-0.7748435595452475,-0.5057574338358862,-0.5795899110292356,-1.0904197932877526,-0.9061498941080628,-0.3330756410861995
1.057120063393094,0.37699020849445974,0.455929389253004,-0.39917089284474633,-0.8100076553337834,-0.5058431199974579,0.24593017746215576,0.2347590934128989,-0.5713128550286084,-0.314662086959534
-0.10925464942469282,-0.8780227880833665,0.08412302759754466,-0.5395385627730158,-0.3525738622555648,-0.5058287530696154,-0.6484708865657784,-1.0711584722601268,0.1960359304639233,1.0994968451989486
0.8492513026928938,0.11883880097054002,0.6243731464811176,2.6310636032418815,-0.07005890463826828,-0.5058431199974579,0.587706010277063,0.6430990991985647,1.58807570375468,0.17523191557860626
-1.4084344038009406,-2.0774339430406563,-1.6151947352514466,-0.4617672861911367,1.9736663206783456,-0.5048316367367989,-0.5848480007648496,-0.8477271483396681,0.473309296789535,0.8730423008420461
-0.9407296922254914,-2.0416899019988826,-1.9197426355402036,-0.42952065931572353,1.8534471897773679,-0.3087005226970456,-0.3587501421334494,-1.2329535688921829,-0.13199357862029423,0.2681364194415943
-0.31712341012489265,-1.1560319961860495,-0.7096855385622702,-0.5072919358976026,0.48896005405127607,-0.5058394155205479,-0.6716064814024797,-0.5048756340479298,0.997288884952341,0.08490130552723753
0.8146065092428604,0.23798560444311812,0.5503689987236543,0.5445171583622003,-0.6642419591163484,-0.5058431199974579,4.047529056311047,-0.8169090346954668,0.2601735414974803,-0.2847697214876985
-0.4326060549583369,-0.8462503071573456,-0.9654264137884639,-0.4684062976066631,0.4649162278710805,-0.5058431199974579,-0.04852284773222597,1.5291198664693488,1.4562298654645742,-1.3679695316214049
-0.9118590310171308,0.9886104663203625,0.28312077612498615,-0.2730296759497475,-0.6831764722332523,-0.16116570314869785,-0.6295417635175682,-0.793795449462316,-0.7250829443327865,0.8315851589441509
-1.9742993634848172,-1.644533890423621,-2.3036515521908507,-0.3811507190026036,1.2914227528152993,2.2966741945672267,-0.5480413726155519,-1.4063054581408148,-1.2934449584449328,0.48937446084663544
-0.2016407652914483,0.7979755807642368,0.4194233217265341,-0.42003635729354316,-0.9437213836783954,-0.5058392544563344,0.6139964589551328,0.9281666504074254,0.130296547666781,0.5966006868053501
-0.6462489479002088,0.5279094928930592,0.10356647660620792,-0.26259694372534903,1.5859596235226938,-0.5058431199974579,-0.43236339843204474,-0.9979654523551491,0.6638867664110987,0.332771375581101
0.7799617157928271,-1.4300696441729799,-0.4876730952898802,-0.4276237989112875,1.5528993625249246,-0.3415576222471144,-0.4849442957881844,-0.9401814892722716,-1.371164259223889,0.7155497717423664
-1.142824320684019,-0.5642695389389099,-0.20534627958245288,-0.37735699819373153,1.5438829277073516,-0.5058374827499861,-0.31142733451292376,0.8318600452692967,2.3566925585600487,-1.5546049612989055
0.20254849162560606,-2.277997728886163,-0.775356779601735,-0.19051624835677822,2.0067265816761144,1.6749663305316131,-0.527009013673096,-1.2984420603861107,-1.739338173132961,-0.2770147294550367
0.6413825419926946,-1.108373274797018,-0.32220537617533745,-0.33847135990279203,0.7384147506708041,1.0081604867213947,-0.4533957573745006,-0.22751261125011907,1.1320713048090207,0.7299858636406903
1.3227301465100154,0.4047911293047281,-0.5592964125564869,-0.44659240295564817,-0.1962889920842944,-0.505836226449121,-0.909797946425792,1.8835281733776623,0.6977241949168352,0.13047687886526632
1.1437320470181769,-0.6873879025272408,0.29403291587474634,-0.261648513523131,1.123115969553931,-0.5058431199974579,-0.6589870660370063,0.9666892924626769,-0.871311358250085,-0.8121637911661619
0.7915099802761716,-0.1472557267848854,0.4932290669430927,0.7626561048723489,-0.8337509336867265,-0.5058431199974579,-0.864578374699512,0.18467965874107187,0.863607683183127,0.21592283592612502
0.9243150218346325,-0.17505664759515374,0.40474153369958427,-0.5385901325707979,-0.7913736900441319,0.39289519122501,0.829578138115305,-0.31226242377167224,0.06245483942993316,-0.0241719480165465
-0.299801013399876,-1.326809081163412,-0.7362714790435038,-0.40960362506914477,2.0217539730387366,-0.5058431199974579,-0.03800666826099804,1.2093819374107615,1.8807994935498737,-0.9772275324317496
0.5547705583676114,0.5954260148608538,-0.6967893734034631,-0.4010677532491824,-0.8595980468304365,-0.5031114709368248,-1.0693283890043195,1.945164400666065,1.2653520636373385,-0.37431444064124214
1.1956992371932267,1.0839279090984253,0.6997661120249141,0.7057502927392666,-0.36760125361818696,-0.5058431199974579,1.1240311633096864,1.3172453351654654,-0.8044373871204029,-0.34799946561004713
-0.565411096516798,1.0600985484039096,1.015027749522526,-0.07670462409061381,-0.940956343667673,-0.5058431199974579,-0.7473229735953208,0.7008830622814419,-0.9371174815373765,-0.43861185166389594
-1.9800734957264898,-2.1171495441981825,-1.8838317756364473,-0.40960362506914477,2.018748494766212,1.942332924909623,-0.13791037323766317,-0.8862497903949196,1.8799652374230063,-0.22984368040279982
-0.484573245133387,-0.6635585418327253,0.1944348403405731,-0.3688211263737692,0.8977050991145988,-0.5058431199974579,1.9548093415366916,-0.17743317657829213,-1.670829059994619,-0.2268474450118851
-0.732860931525292,0.921093944352568,1.0418120925446643,-0.2559579323098228,-0.9103906296360994,-0.19466705955268948,0.6981258947249559,0.09992984621951856,-0.36832165423925983,-0.5383508326883519
0.48548097146754476,1.3301646362750872,0.44839009269862423,3.2475432346836053,-0.18126160072167216,-0.3779581344937591,-0.3587501421334494,-0.6281480886247347,0.9255762282868292,0.8957778994637076
0.6182860130260058,-1.8272256557482414,-0.5569155820656301,-0.4560767049778286,-0.16623420935905003,-0.5057480921115043,-0.53226710340871,-1.472179176055295,-0.24028002388766836,1.046901375516291
0.8781219639012549,-0.06385296435408043,0.30831789881988675,2.1758171061772233,0.7865024030311948,-0.5058431199974579,-0.5532994623511658,-0.5549550687197568,0.36492274078693726,-0.6909920948095966
-1.956976966759801,1.0720132287511674,-0.02837121309543604,0.8005933129610704,-0.42169986252362673,2.3063380473760704,0.9820627404481098,-1.360078287674513,0.16787144362088383,-0.17005294944497207
1.1668285759848658,-0.18299976782665897,0.1311444297919649,-0.2806171175674917,0.6993435331279865,-0.5058431199974579,-0.6668742006404272,0.7894851390085205,1.1982445007921332,-0.5303260164978121
-0.2536079554664983,-0.7707906649580458,-0.5311232517480154,-0.5072919358976026,-0.9368388384343145,-0.5047768749042155,-0.5585575520867798,-1.5731084982400538,-0.10533075280561595,0.14511577884167587
0.8434771704512216,0.786060900416979,0.12261312053306173,-0.2863076987807999,-0.9270409792658848,-0.5058431199974579,0.9452561122988121,1.752551190389808,0.6269459051134152,-0.3851180772281801
-0.680893741350242,-0.07179608458558566,-0.6444111026046148,0.9333735412715957,-0.6606353851893191,-0.505837063983031,0.5982221897482909,1.1747115595610351,-0.7739703533672098,4.750865106131935
1.680726345493692,-0.7707906649580458,0.06924283702969004,-0.47694216942662543,1.066011882375967,-0.5055470839730803,-0.7331261313091632,-0.8400226199286178,-0.07199387797599881,-0.024461923718305797
-0.4903473773750592,1.1911600322237457,0.5971919983771699,-0.2597516531186949,-0.9474064005883374,-0.4974033552110677,0.7612229715523234,-0.8823975261893945,0.5294046787600918,0.839838049237599
1.28231122081831,-0.012222682849296387,0.14900065847339056,-0.37546013778929543,-0.43372177561372444,-0.3972858401114466,0.3195434337607512,-0.18128544078381725,-0.1705695819266378,-0.6649338508116418
0.26028981404232826,1.4135673987058923,1.1392277401288853,1.1325438837373831,-0.8920572121737003,-0.5058431199974579,0.6402869076332026,0.27328173546815043,0.5957113557235036,-0.37543097133756337
-0.2709303521915149,0.35713240791569667,0.5809229900229822,-0.27397810615196544,0.08021500898795338,-0.5025896228851472,0.5140927539784675,0.7239966475145928,1.7283308438036087,-0.662763606456001
-0.3979612615083037,0.39287644895747026,0.8600753650759339,-0.4617672861911367,-0.25339307926225857,-0.5058431199974579,1.5604526113656452,-0.05030845779596211,1.4660407175165329,0.09481751010830923
-0.3402199390915816,1.3778233576641188,0.9231673730836373,0.7626561048723489,-0.947404597301374,-0.5058431199974579,-0.02223239905415616,-1.1559082847816802,-1.5723868370242788,0.3648597960687609
-1.749108206059601,1.405624278474387,0.8440047592626511,0.8574991250941525,-0.9424290280212098,0.7504577451522284,0.6139964589551328,-1.4294190433739655,-0.5156846564890976,-2.351873095102861
1.0051528732180437,0.5080516923142961,0.7993641875590872,-0.5660946084351208,0.6873216200378888,-0.5042485842839988,-0.29039497557046795,0.46204268153888245,-0.47153582225528035,0.6706387611424999
-0.46147671616669805,0.9846389062046099,0.05317223121640697,-0.10989968116824514,-0.6441052546904347,-0.4175799310100184,-0.2956530653060819,-0.8053522420788913,-1.1679394667190175,0.2868492775086263
-0.5596369642751258,0.6271984957868747,0.5575114901962244,-0.5016013546842943,-0.9392732758350592,1.0693648878440718,2.207197648846162,-1.437123571785016,0.29374400804262,0.29574265512027537
-1.4892722551843518,-1.3585815620894328,-0.15336481386541415,-0.4854780412465877,0.7173764027631331,-0.5057432601850999,-0.6484708865657784,-1.0827152648767022,0.1430439812853134,-0.4892531342905658
-0.37486473254161484,0.45642141080951215,0.4261690081172948,-0.4579735653822647,-0.9347650584262724,1.9713244833361543,0.8611266765289888,-1.5873618758004966,0.1998067681573634,0.3899729345005303
-1.6855927514012068,-1.2870934800058857,-1.0570883876864479,-0.389686590822566,1.8985293638652343,0.17062657662160388,2.680425725051418,-1.0827152648767022,-0.4442389617841827,2.1255715147083345
-0.3055751456415482,0.3650755281472019,0.3045482505426969,-0.5063435056953846,-0.939724097575938,-0.48819048219996997,0.824320048379691,0.007475505286914903,0.09685956210194026,-0.258276593535319
0.751091054584466,0.003663557613714085,0.4089079870585836,-0.21707229401888328,-0.7979857422436857,-0.5058431199974579,1.171353970930212,1.8257442102947852,-0.5672750553745703,-0.7933456456503571
-0.5134439063417481,1.417538958821645,-0.17935554672393353,0.4022526280294948,-0.9452902433366531,1.8553582496300294,-0.4271053086964308,-1.6636367070698947,0.37927194616905396,-1.530579043080294
-0.028416798041281784,-1.3903540430154537,-0.8682091687451474,-0.544280713784106,1.8414252766872705,-0.5057935122197059,-0.6269127186497612,-0.8477271483396681,0.2100848036403682,0.5910995056410944
0.046646921100456276,0.4325920501149964,0.32339649192864595,-0.2436283396809883,-0.06404794809321938,-0.5058431199974579,-0.39555677028274705,-0.6782275232965617,-0.7434032088787924,-0.5094817123593681
-0.9638262211921804,-1.0924870343340076,-0.06586929332642953,-0.4778905996288434,1.6671075368808532,-0.5005924266379862,-0.5848480007648496,0.13074795986371976,-1.3871819768597409,-0.2071559246168393
0.7279945256177772,0.952866425278589,-0.044640221449623485,-0.2825139779719278,-0.8580953076941743,-0.4005071243810611,-0.8666816105937577,1.9259030796384389,0.22983998872458597,0.2297006292148676
-2.1532974629766555,-1.2592925591956174,-0.8225765843370604,-0.4816843204377156,1.7632828416016353,0.1255285968469998,-0.5480413726155519,-1.2213967762756075,1.5891101813519957,-0.021815224065479366
0.5720929550926279,0.9012361437738049,0.30930991152441034,-0.26070008332091305,0.8285790988465369,-0.5058392544563344,-0.7499520184631279,1.898937230199763,1.9953595448912897,0.10994779071376412
0.6009636163009892,-0.1671135273636485,0.4138680505812018,-0.41813949688910707,-0.7498980898832948,-0.5058431199974579,-0.5901060905004635,-0.10038789246778906,-0.00962488993140036,-0.777953689313476
-1.77220473502629,-1.0090842719032027,-0.7380571019116464,-0.4778905996288434,0.42885048860078745,1.230429101324801,-0.7189292890230053,-0.7552728074070645,0.27111898188197925,-1.4424811345847528
-0.5307663030667646,0.2935874460636548,0.5743757061731262,-0.2521642115009506,-0.6882857852965439,-0.5057571117074593,-0.41133103948958893,-1.2136922478645573,2.5946891464327493,-0.12130328262802964
0.5432222938842669,-0.33789061234101064,-0.3918446680328966,-0.5319511211552715,-0.7817561595720538,-0.5049604881075835,-0.7820263658503729,0.3580315479897034,-0.23754366379154332,-0.14663031375366323
-1.2525328332757912,-1.4658136852147534,-2.3088100182543734,-0.08524049591057614,1.721206145786293,-0.3489665760672279,-0.016974309318542196,0.007475505286914903,0.6785029337538132,-0.9869974479332463
-0.34599407133325377,1.3301646362750872,0.8719795175302175,1.2368712059813673,-0.9475960462673337,-0.49318347281787267,0.05663894698005327,-1.3986009297297646,0.26314349330912773,0.006665432846904427
0.035098656617111826,0.24592872467462334,0.22776646721256721,-0.5291058305486175,0.06518761762533115,-0.5053277145143196,-0.7457455466746366,0.7702238179808947,0.5304057861123327,0.6706387611424999
-0.17277010408308724,-0.6794447822957358,-0.146222322392844,-0.543332283581888,-0.298475253350125,-0.5058274967687503,-0.721032524917251,-0.8785452619838693,-1.4127769548320295,-0.10766282048169559
0.0004538631670784859,1.3778233576641188,0.8878517208025957,0.6109072725174629,-0.9436612741129448,-0.3302831273034633,-0.6705548634553571,-0.8823975261893945,0.4269246561357143,-0.036422577500429085
1.1379579147765047,-0.5722126591704151,-0.33033988035243095,-0.40675833446249066,-0.9405656314922448,2.4448532709694977,-0.6121900673900421,-1.5677153283523184,-0.004385761454673927,1.5589423041811514
0.9243150218346325,-0.3934924539615473,-0.1053513989664703,-0.5016013546842943,1.315466578995495,-0.5047382194929801,0.07241321618689515,1.6678013778682543,-0.7370962325596754,1.228022481238781
1.38624560116841,-0.1234263660903697,-0.4700152691493593,-0.1658570630991092,-0.9472227658658862,1.0339307608783115,-0.6894839865035672,1.5637902443190752,-0.006087643953483252,2.197046778557224
-0.8714401053254253,0.436563610230749,0.29601694128379363,0.1746293794971659,0.8706557946618789,-0.5058431199974579,3.316654583060707,1.0283255197510797,-1.0497086884193858,-0.0017163133550493507
1.3054077497849987,-0.09562544528010138,0.7828967766639948,-0.07575619388839572,-0.8082043683702687,-0.49289355723360734,-0.2535883474211702,-0.21595581863354368,0.42619051074407044,0.1126387603144835
0.30070873973403384,0.6470562963656378,0.9850689658459122,-0.40011932304696446,-0.9070846035363225,-0.5058431199974579,-0.4533957573745006,-0.6165912960081592,-0.5726142945865214,0.5929869148270195
0.09861411127550625,0.17046908247532405,-0.28966735946696215,-0.4892717620554599,-0.883641873010632,2.2451336462533935,-0.7362809851505315,-0.7629773358181147,-0.07092603013360883,1.235275105359914
0.173677830417245,-1.036885192713471,-0.24760602079515964,-0.09377636773053837,2.0217539730387366,-0.505099003331177,-0.10110374508836545,0.9936551419013532,-0.6321801820448456,-0.35339066570655037
-0.2074148975331206,-1.6326192100763632,-0.8890414355401438,-0.389686590822566,1.7302225806038667,-0.5058318132896715,0.30376916455390934,1.0052119345179287,-0.23313879144168442,-0.24984052126742387
0.8492513026928938,0.1823837628225819,0.007738049349224425,0.25998809769678927,-0.8397618902317753,-0.505800921173526,2.24400427699546,0.5352357014438603,-1.555501493016485,0.7519803373075724
-1.575884238809435,-0.7946200256525615,0.12717637897387038,-0.492117052662114,1.5649212756150224,0.998496633912551,-0.5848480007648496,-0.562659597130807,0.7135416910822396,-0.23734567779288424
-0.03419093028295405,1.07598478886692,0.8025386282135629,-0.03781898579967422,-0.13317394836128124,-0.5029600705761529,-0.03800666826099804,0.8087464600361463,1.397398123397893,-0.5085095336034838
-1.2814034944841521,-1.9066568580632934,-1.724316132749047,-0.3413166505094461,1.9496224944981502,2.5092789563617894,-0.5375251931443239,-1.309998853002686,-1.123790632485201,-0.5255404866798488
0.8088323770011882,-0.5364686181286416,-0.18887886868736045,0.8574991250941525,0.49497101059632487,-0.5054758935907219,-0.8630009477788279,1.733289869362182,1.188567129720473,-0.39727588681378345
0.6413825419926946,0.0076351177294667035,-0.3702187910742813,3.0673414962621783,0.04414926971766015,-0.5058431199974579,-0.5112347444662542,1.7140285483345563,1.8644480734632747,0.7501074899861921
-0.9349555599838193,-0.23860160944719563,0.5489801809373213,-0.5082403660998206,-0.2503876009897341,-0.5058431199974579,0.6245126384263607,-1.1327946995485292,-1.4990056681050323,0.8206886440443584
-1.933880437793112,-1.4658136852147534,-1.3096548222581663,-0.29958572161185254,1.9466170162256253,-0.5052729526817361,-0.41133103948958893,-1.66748897127542,-0.3120260507982548,1.4263134691759711
0.5720929550926279,-0.1671135273636485,0.21229106902199857,-0.5518681554018503,1.2794008397252015,-0.5058431199974579,0.7244163434030257,0.6585081560206653,-0.6039489547116564,0.3303492519817633
-1.5989807677761239,1.2030747125710035,0.41982012680834346,0.10065182372415908,-0.9474343515362721,-0.5048831772851128,-0.8288233644973373,0.38114513322285426,0.7361667172428804,-1.2364856737893795
-0.22473729425813718,-0.2703740903732166,-1.4963516132495147,8.056084359929054,1.072022838921016,-0.5058431199974579,3.942367261598768,0.030589090520065768,-1.4026991408194727,1.4236964804166956
0.8954443606262715,0.03940759865548765,0.16983292526838686,-0.5338479815597077,-0.5749792544223729,-0.08385488067794791,2.2545204564666874,1.509858545441723,-0.9856044476309034,-0.1442014833477413
-0.14967357511639834,1.2983921553490663,0.8207916619767979,-0.4266753687090694,-0.9469132016038161,-0.5058164477637055,1.1029988043672307,0.1191911672471443,0.09685956210194026,1.0343103126024729
-0.6866678735919143,0.734430618912195,0.9963779106774817,-0.49970449427985825,-0.9249371444751175,-0.5058431199974579,-0.5059766547306401,-1.0942720574932776,-1.503143578494294,0.4603357199133641
0.5432222938842669,0.654999416597143,-0.2789536222581068,-0.544280713784106,-0.41268342770605343,-0.5056984843337523,-0.5059766547306401,1.1593025027389345,-0.6126919589212256,0.3183386192856428
-2.16484572746,1.290449035117561,-0.4614839598904561,-0.2910498497918901,-0.9475191060235574,-0.47137537831258197,0.5771898308058351,-0.5241369550755555,-0.7280528961444346,0.5553607807191372
-0.2478338232248261,1.1832169119922404,0.8475760049989361,0.2694723997189697,-0.9469973549954469,-0.5058431199974579,2.154616751490022,0.7201443833090677,0.9359210042599834,-0.4060949964452664
-0.8194729151503752,0.8774067830792892,0.6116753838632151,-0.3413166505094461,-0.9451219365533916,-0.5047543259143282,2.1230682130763383,0.10378211042504369,0.9297808791662403,0.8647419345268028
1.0744424601181102,-1.6087898493818475,-1.337431177984828,0.017189965928971842,2.036781364401359,2.464180976587185,-0.5795899110292356,0.7355534401311683,0.2665472583067465,-0.8815060800925615
0.09861411127550625,0.519966372661554,-0.3426408378885243,-0.5224668191330911,1.3274884920855923,2.3514360271506747,-0.5164928342018681,1.818039681883735,0.2623426074273352,-0.8307347302650182
-0.9060848987754585,0.2777012056006443,1.0320903680403328,-0.3925318814292201,0.1733848354362107,-0.5000770211548479,-0.39029868054713307,-0.8014999778733662,1.2580439799659804,0.35404239987875585
-1.956976966759801,1.3500224368538503,0.4299386563944846,0.48761134622911817,-0.9476026583195334,-0.4034062802237143,-0.11161992455959337,-1.6802014431536527,0.026648566464789303,2.8155678951277165
-0.865665973083753,0.16252596224381882,0.6338964684445446,-0.5224668191330911,-0.867412290339,-0.5036880808210857,-0.5480413726155519,-0.47405752040372867,-0.5537934763643951,0.20586579118293274
1.7731124613604476,-0.29023189095197965,-0.6457999203909481,0.04564287199551281,-0.9343142366853938,2.1549376867041854,2.5962962892815944,0.0768162609863676,-0.07172691601540139,1.0217941264704082
-0.09193225269967618,-1.3824109227839485,-0.8406312155593904,-0.544280713784106,0.5130038802314715,-0.5049637093918532,-0.6668742006404272,-0.5857731823639579,-0.5118804485505826,-0.9253162672579506
-0.6924420058335865,-0.7906484655368089,-0.5862791581195298,-0.3555431035427167,-0.8057999857522491,-0.5040424220907433,0.6192545486907468,1.1631547669444597,1.2623821118256915,-0.3513246599200793
-0.3864129970249593,1.417538958821645,1.1747417949508319,1.1609967898039244,-0.9453954350761915,2.0711842956942066,0.11973602380742067,0.026736826314540642,0.9278120347068337,-0.8105798072043352
0.12748477248386728,0.6470562963656378,0.42874824114905624,-0.4987560640776403,-0.8746254381930587,2.486729966474487,-0.39029868054713307,1.737142133567707,0.029818739746884995,1.2367972700231995
-0.894536634292114,-0.15917040713214325,-0.4418421083408881,-0.29389514039854425,-0.9450558160313963,-0.35927468572999455,0.5666736513346071,0.06140720416426699,-0.25342790044709657,-0.42020739863827977
-1.1197277917173303,0.8575489825005261,0.9364603433242541,-0.3014825820162885,-0.9446560874211505,-0.5013977477053898,1.0241274583330213,-0.920920168244646,0.49877079378152483,0.29666174817184593
-0.3402199390915816,-2.0218321014201193,-0.6922261149626544,-0.4883233318532418,1.7392390154214397,-0.5058431199974579,-0.5638156418223937,-0.12735374190646517,-1.5709185462409927,-0.26948017966023813
-0.7213126670419475,0.6311700559026273,2.1506838936611867,-0.1516306100658387,-0.16022325281400113,-0.5058397698618176,2.370198430650195,-0.4047167647042759,-0.13629834023492962,-0.5323268184107385
0.7915099802761716,-0.2783172106047218,0.46168306293924105,-0.09377636773053837,1.3875980575360813,-0.5058431199974579,-0.41658912922520286,0.8973485367632242,0.1937333835537695,-0.31197497986177414
1.1552803115015213,-0.05988140423832781,-0.028172810554531063,-0.46081885598891875,-0.38262864498080906,-0.5058099407694809,0.5982221897482909,0.9281666504074254,0.1034335003816541,-1.086867393793155
-0.44415431944168143,-2.366960675479022,-3.3393128157135292,-0.5091887963020387,1.5018062318920093,2.251576214792623,-0.5480413726155519,-0.5241369550755555,-0.468999683629604,-2.1804104635210093
0.5894153518176447,0.39287644895747026,0.6515542945850652,-0.13645572683035015,-0.9296256905802556,-0.5058291718365705,-0.726290614652865,-0.06571751461806272,-0.8719120226614293,-0.32750958153964643
0.9243150218346325,-0.17505664759515374,0.24403547556675506,-0.4266753687090694,-0.7336685072116629,-0.5058431199974579,-0.5901060905004635,-0.37775091526559984,-0.7055613509640922,-0.9963438496477157
-0.3633164680582704,1.3023637154648189,0.5608843333916048,0.24101949365242856,-0.9464713962977553,-0.009765342476812594,3.9265929923919254,-0.3276714805937729,0.30799310268951297,-0.4562146816947642
0.8434771704512216,0.7820893403012263,0.7662309632279978,-0.38684130021591184,-0.741182202892974,-0.5056936524073478,0.7875134202303933,1.9297553438439643,0.8497590314771303,-1.0988467070840724
-2.026266553659867,-1.9384293389893146,-1.499724456444895,-0.4010677532491824,2.00372110340359,-0.2297790580914884,-0.6206030109670244,-1.309998853002686,-1.2678166102275696,0.2649613413770106
0.12748477248386728,0.9687526657415995,0.9654271142963442,-0.47030315801109907,0.6903270983104132,-0.5058431199974579,-0.4271053086964308,1.3750292982483427,-1.0387298777898117,2.939739017574468
-0.894536634292114,-0.15917040713214325,-0.4418421083408881,-0.29389514039854425,-0.9450558160313963,-0.35927468572999455,0.5666736513346071,0.06140720416426699,-0.25342790044709657,-0.42020739863827977
1.4324386591017868,0.8257765015745052,0.02400705770341217,0.27895670174115006,-0.9457681143819845,1.8070389855858107,2.16513293096125,0.18467965874107187,0.029318186070764616,1.786528463962728
-1.5816583710511072,1.2745627946545506,0.6604824089257779,0.7626561048723489,-0.9473757447099579,1.3560591878397694,1.045159817275477,-0.5279892192810807,-0.36244849110611405,-0.34799946561004713
-0.8079246506670308,-0.8462503071573456,0.17399937862738607,-0.46935472780888104,0.6813106634928399,0.25437996763158294,-0.8056877696606358,0.5930196645267376,-0.2972096619850922,0.06579368229705973
1.1610544437431936,0.4325920501149964,1.0441929230355211,-0.5224668191330911,-0.5839956892399462,-0.5058431199974579,-0.5112347444662542,0.13845248827477002,-0.33852202538756027,0.3271854214102965
-0.14967357511639834,-0.3220043718780002,-0.8547177959636261,-0.5129825171109108,-0.30749168816769834,-0.5058431199974579,3.763592210587893,0.23861135761842403,-0.7404332570671449,0.31726542785610073
1.4151162623767706,0.8496058622690209,0.9009462885023077,-0.2768233967586196,-0.7105263245132247,-0.5053051655244323,-0.5532994623511658,0.38114513322285426,-1.0710990155122628,-0.3005370985528421
0.46238444250085586,-0.7231319435690144,0.16665848461391114,-0.5585071668173766,-0.4757984714290665,-0.5058431199974579,-0.6390063250416733,0.13074795986371976,-0.30738758673287286,1.594557559748414
1.9405622963689417,0.1347250414335505,0.9564989999556315,1.2273869039591871,0.6813106634928399,-0.5058018875588068,-0.8083168145284427,-0.12350147770094004,-0.8552936406142329,1.9000859264515582
-0.08615812045800401,-0.09959700539585399,-1.2511260726912714,-0.49116862245989595,-0.8439695598133093,2.522164093440247,-0.698422739054111,-0.924772432450171,-0.07152669454495329,1.6584398910081781
0.16212956593390054,-0.5086676973183732,-0.03333127661805394,-0.4636641465955728,1.664102058608329,-0.5058378048784131,1.5972592395149428,0.5853151361156873,-1.407971639541274,0.7282834784508966
-0.0457391947662985,-0.3974640140772999,0.5438217148737982,-0.5053950754931665,0.0742040524429045,-0.5058281088127615,-0.5848480007648496,-0.635852617035785,-1.2733894411550433,0.5681785457589781
1.0917648568431269,-0.7668191048422932,1.0461769484445684,-0.41908792709132514,-0.7949802639711613,-0.5058306536273346,-0.5427832828799379,-0.16587638396171664,0.5637426609419492,-0.1350630070910282
-1.137050188442347,0.5001085720827909,0.5378696386466565,-0.4579735653822647,-0.9247568157787662,-0.5054404594637562,-0.8146265222111795,-1.017226773382775,-2.1237967666384816,0.9539876351060377
1.0455717989097493,0.7940040206484842,0.632110845576402,0.8764677291385132,-0.9342841819026686,-0.5058388356893794,-0.9040140477166168,0.9358711788184758,0.030285923177930506,-1.2842798564109132
0.16212956593390054,0.7741462200697211,0.3261741275013122,-0.4247785083046333,-0.9269508149177088,-0.5058289785595144,0.6665773563112725,-0.12735374190646517,-0.20480745337327114,0.3825747051767744
-0.6751196091085698,-2.170368449749267,-1.510041388571941,-0.415294206282453,1.9345951031355275,2.335329605802602,0.5088346642428536,-0.9093633756280706,0.9299811006366885,0.3512168475193738
0.13903303696721175,0.8734352229635366,0.7243680270971002,-0.5234152493353093,-0.7637232899369072,-0.5049121688435393,-0.4428795779032727,0.5814628719101622,-0.07286150434794111,-1.9789495004315183
0.3295794009423949,0.9250655044683206,0.8900341487525479,-0.4854780412465877,-0.5900066457849951,-0.5058332306547503,-0.53226710340871,0.31950890593445225,-0.0035848755728812623,-0.41022395206173234
1.7095970067020536,-0.5563264187074046,-0.09662168716666215,-0.3915834512270021,-0.8983687165460016,-0.5058431199974579,0.3090272542895233,-0.4509439351705778,-0.7389315960387837,0.37110465843386425
-0.3575423358165982,1.3182499559278293,0.7069086034974842,0.06935362705096383,-0.9435711097647692,-0.5054758935907219,-0.1484265527088911,-0.6974888443241875,0.427224988341386,-0.046406771835657334
-0.21318902977479276,0.3412461674526862,0.6124689940268339,-0.3839960096092578,-0.8313465510687068,-0.5058431199974579,-0.006458129847314272,-0.34308053741587347,-1.5081491152554978,0.0029899806469555444
-0.7559574604919809,0.9488948651628364,-0.055750763740288346,-0.18482566714346996,-0.9013741948185261,-0.5058431199974579,-0.04326475799661201,0.804894195830621,-0.33788799073114095,-0.5508564282542789
1.1956992371932267,1.1633591114134778,0.36585463568225773,-0.312863744442905,-0.5930121240575195,-0.4966946726717525,-0.6495225045129012,1.5714947727301256,-0.5395777519625764,1.3437655918305818
0.48548097146754476,-0.4967530169711154,0.12677957389206104,-0.4266753687090694,1.4086364054437523,-0.5058431199974579,-0.6064061686808667,-0.793795449462316,-1.0562826266991001,0.7967852089559688
-0.299801013399876,0.22607092409586027,0.534496795451276,-0.5376417023685797,-0.9474869474060413,-0.5055648010365633,-0.686329132662199,-1.078863000671177,0.5947436186163378,0.5035322008336917
0.21987088835062277,0.2538718449061286,0.7503587599556196,-0.009366079733133244,-0.48180942797411536,-0.5046834576603967,-0.4639119368457285,0.8164509884471965,-0.27418419288355467,-0.02405848590061299
-0.15544770735807062,-0.4133502545403104,0.373592334777542,-0.4978076338754222,-0.8662100990299902,-0.4687983508968902,-0.5901060905004635,-1.5523062715302178,-0.40462848088052394,-0.21918145305881617
-0.14967357511639834,-1.108373274797018,-0.5448130270704418,-0.5082403660998206,0.6813106634928399,-0.5050700117727505,-0.627964336596884,-0.9748518671219981,-0.05147117725506371,-0.3015890029161222
0.12748477248386728,0.1585544021280662,0.3243885046331696,-0.47314844861775324,-0.13918490490633012,-0.5058431199974579,0.5035765745072396,1.8064828892671596,-1.4710414027324406,1.4210111752098378
0.2718380785256727,1.0521554281724044,0.6334996633627349,0.14427961302618872,-0.9268907053522584,-0.5058431199974579,-0.7173518621023214,1.047586840778705,0.10206532033359182,0.415437272724783
-0.2478338232248261,-0.2544878499102061,0.014682138280889892,-0.5385901325707979,-0.2293492530820632,-0.5058431199974579,0.05663894698005327,-0.4162735573208514,0.4684706112537044,-0.34135868021159277
-0.894536634292114,-0.9018521487778822,-0.6479823483409,-0.4987560640776403,1.3064501441779217,-0.5058431199974579,-0.3377177831909936,0.2077932439742228,-0.07035873596733923,1.4159581301685846
0.7279945256177772,0.8098902611114948,-0.07757504323980834,-0.492117052662114,-0.8109092988155407,-0.3612074562917633,-0.9418722938130373,1.7217330767456063,-1.5002069969277212,-0.5204412894448603
-0.14967357511639834,-0.008251122733543769,-0.19463254237359748,-0.5471260043907601,1.2283077090922863,-0.5054018040525208,-0.4639119368457285,1.0360300481621296,-1.2681503126783162,-0.944146202059399
0.5432222938842669,0.023521358192477176,-0.0920584287258535,-0.49306548286433205,0.8406010119366345,-0.5007857036941631,-0.4271053086964308,0.5198266446217598,-0.10169339609247424,-0.45115981926249665
1.2707629563349656,-0.8343356268100877,-0.029760030881768974,-0.4039130438558365,1.0960666651012114,-0.5058431199974579,-0.3797825010759053,0.2193500365907983,-0.40409455695932867,0.7207037519289983
1.6691780810103478,-0.09165388516434875,0.6694105232664908,1.9102566495561735,-0.8565925685579121,-0.5058431199974579,-0.6658225826933044,-0.3199669521827226,-1.3396293776283057,-0.15709644154934072
-0.11502878166636508,-1.5253870869510426,-0.811862847128205,-0.5632493178284668,1.7783102329642575,0.08365190134201023,-0.6295417635175682,-1.1751696058093057,-1.5478930771394555,-0.3641010231430464
-0.6693454768668976,1.4095958385901397,1.0045124148545759,0.7816247089167097,-0.9475182043800754,-0.3734483365162987,1.9285188928586219,-1.1482037563706298,-0.15461860478093492,0.2783717661135426
1.4382127913434593,-0.7191603834532618,-0.9985596381195533,-0.4797874600332795,-0.80099122051621,0.33491207437194753,-0.5638156418223937,1.8835281733776623,-1.0867830306973683,-0.5633190937177759
1.4728575847934926,-1.2275200782695965,-0.6156427341734293,-0.32234804646508536,1.5589103190699733,-0.5058431199974579,-0.5427832828799379,1.3865860908649181,-0.3782659872715175,-1.11974227131172
1.2707629563349656,0.8615205426162788,0.8162284035359891,-0.44848926336008427,0.2695601401569926,-0.5058336172088626,-0.42184721896081684,1.3095408067544152,-0.571880149194878,-0.04469422851934738
-0.299801013399876,-0.11548324585886446,0.38728211009996827,-0.23319560745658985,-0.8442701076405619,-0.5058431199974579,1.9810997902147616,-0.281444310127471,0.13243224335156106,-0.3875125935449062
-0.7906022539420141,1.0958425894456831,0.8858676953935484,-0.4797874600332795,1.8023540591444531,2.2354697934445498,-0.7189292890230053,1.7140285483345563,-0.650500446590851,1.459047971407254
-1.5354653131177296,-1.501557726256527,-0.3176421177345288,-0.5366932721663618,-0.015960295732828457,0.0031197946016457375,-0.3640082318690634,-1.0095222449717245,-0.50894386698401,-1.3549641151474348
1.0859907246014546,0.4643645310410174,0.7910312808410888,-0.12317770399929763,-0.883040777356127,-0.5058431199974579,-0.5480413726155519,-0.30841015956614704,0.1264589694831917,1.0546921869874726
0.9993787409763715,0.03940759865548765,-0.5360833152706337,-0.12033241339264346,-0.49383134106421317,0.3510184957200204,0.5298670231853094,0.06911173257531734,-0.036888380157423524,0.9294449411443386
0.6413825419926946,0.8615205426162788,-0.07142456447176168,-0.25311264170316866,-0.661236480843824,-0.5032693138660359,-0.7557359171723032,0.015180033697965159,0.1454466389306908,0.49530046535164995
0.6298342775093502,-0.9256815094723979,0.06527478621159541,-0.03307683478858406,0.7834969247586704,2.287010341758383,-0.06429711693906771,-0.9555905460943721,-0.5213242279067203,-1.2176517307704138
0.8088323770011882,1.0442123079408991,0.8283309585311774,0.6014229704952826,-0.5569463847872261,-0.5058431199974579,0.23015590825531387,1.3442111846041416,-1.1822886721011352,-0.4571722273772807
0.08706584679216178,-0.5563264187074046,0.44223961393057776,-0.4456439727534302,0.7083599679455598,-0.5056740025733031,-0.6100868314957966,0.6315423065819892,-0.18588652441592132,-0.975167236442878
0.01777625989209521,1.0442123079408991,1.0693900457304217,-0.23224717725437186,-0.939123001921433,-0.5058431199974579,0.20912354931285804,0.015180033697965159,0.22850517892159855,0.3047736027950561
0.7972841125178438,-0.7946200256525615,-0.01230060728215277,-0.4010677532491824,1.044973534468296,-0.5058431199974579,-0.22729789874310038,0.07296399678084246,0.19189802007466164,-0.7446388826236593
1.8019831225688085,-1.5849604886873319,-0.710479148725889,-0.4257269385068514,1.6430637107006576,-0.18596959202473012,-0.47442811631695647,-0.7360114863794389,-0.40776528391754474,-0.9588778162857031
0.20832262386727834,0.1148672408547874,-0.07380539496261848,-0.3792538585981676,0.5671024891369113,2.148495118164956,-0.6952678852127425,-0.6165912960081592,-0.9386191425657376,1.4459107649723673
-0.16699597184141504,0.2141562437486024,1.0473673636899965,-0.4048614740580546,-0.055031513275646045,-0.5058431199974579,-0.6926388403449356,1.1169275964781578,-0.5273976125103143,-0.9626326359221894
-0.865665973083753,-0.043995163775317335,0.20356135722219051,0.04943659280438509,-0.8848440643196418,-0.46267791078462256,-0.8356588811536352,-0.5125801624589801,-0.9318116125705007,0.45735476031458283
-0.2016407652914483,1.3023637154648189,0.8529328736033636,-0.2512157812987326,-0.9475861281890343,-0.42047908685267155,-0.6416353699094802,0.2809862638792008,-0.6215684441110938,0.48993928116207386
0.6125118807843336,0.8138618212272474,0.06904443448878525,0.5729700644287414,-0.34956838398304035,-0.5058431199974579,1.0241274583330213,1.1477457101223592,0.8669780779356707,-1.0926026471812287
-0.08038398821633175,1.171302231644983,0.5362824183194186,-0.4579735653822647,-0.9196475027154747,-0.29774815618035605,-0.6106126404693579,-1.1713173416037805,0.2611746488497211,-0.25068858564361296
1.0859907246014546,-0.7271035036847671,0.03928405335307624,1.6446961929351234,-0.6660452460798632,-0.5058431199974579,-0.7399616479654613,0.16927060191897125,-1.4820869538521637,0.2321944593854953
1.0513459311514215,-0.6119282603279413,-0.4378740575227936,0.09211595190419665,1.6941568413335732,-0.5051183310367946,-0.5958899892096389,1.0861094828339566,-1.207282985662079,-1.3706323962773534
0.029324524375439653,-0.15122728690063802,0.9439996398786337,-0.2692359551408753,-0.44874916697634665,-0.5058431199974579,0.13551029301426257,0.16541833771344613,0.5902052652861798,1.1328103043738875
0.9762822120096823,0.09103788016027169,0.22776646721256721,2.128395596066322,-0.5990230806025683,-0.5058431199974579,-0.5585575520867798,0.4967130593886088,0.26451167335719,-0.7286735348488684
-2.101330272801606,-2.4467890338056493,-4.144628729245818,-0.3783054283959496,2.012737538221163,1.9713244833361543,-0.5848480007648496,-1.687135518723598,0.4007290137520806,4.647163801539339
0.4508361780175114,1.1117288299086936,0.8168236111587033,-0.5338479815597077,-0.8562920207306597,-0.5056614395646516,-0.6184997750727789,1.143893445916834,-0.5365410596607797,-0.9566797537556169
1.23034403064326,0.3253599269896757,0.09801120546087538,-0.3299354880828297,-0.9202786531527049,0.698917196838395,-0.8756203631443015,0.311804377523402,0.06302213359620275,1.4298382947713186
0.02355039213376738,1.1276150703717043,0.8402351109854612,-0.28156554776970977,-0.9442924245501751,-0.5058431199974579,-0.5585575520867798,0.04214588313664125,-0.23761040428169306,-0.45104567065251067
1.0917648568431269,-0.7112172632217565,-0.06309165775376308,-0.5253121097397453,-0.42169986252362673,2.212920803557248,-0.6021996968923756,-0.7552728074070645,-0.572113740910401,-0.14608171863548322
0.8665736994179104,1.0521554281724044,0.8703922972029798,-0.4266753687090694,-0.3195136012577961,-0.5058431199974579,-0.8761461721178627,1.9143462870218635,1.733236269829588,0.1321038179037464
-1.2698552300008077,0.08706632004451907,-0.21963126252759307,-0.43615967073124984,-0.9154999426993911,2.419082996812581,-0.5112347444662542,-0.2621829890998453,-0.03625434550100429,-1.4325475728705934
-0.7963763861836863,0.7106012582176793,1.0654219949123271,-0.3109668840384689,-0.9052813165728077,-0.5058431199974579,0.582447920541449,0.8588258947079727,0.46396562816862136,-1.1493676467347653
1.4208903946184424,-0.4133502545403104,-0.6392526365410919,2.156848502132863,1.432680231623948,-0.5058136452463909,-0.06955520667468167,1.845005531322411,-0.002683878955864602,-1.0588438435048877
1.039797666668077,0.5914544547451012,1.1969628795321614,-0.3526978129360626,-0.4307162973412001,-0.5058431199974579,0.7559648818167095,0.5429402298549106,-0.13906807057612894,-0.455914610154651
-0.7559574604919809,0.12678192120204526,0.7194079635744821,-0.5072919358976026,0.09824787862309986,-0.5058431199974579,-0.5427832828799379,-0.9324769608612213,0.390651199739524,0.8204814147562015
-0.028416798041281784,0.30947368652666524,-0.014284632691200031,-0.49116862245989595,-0.7664282203821791,1.8940136608654043,-0.6248094827555156,-0.9555905460943721,-0.037655895794141324,-0.4354997358461234
-1.137050188442347,1.2745627946545506,1.2771175060576714,-0.08524049591057614,-0.8944615947917199,-0.5058431199974579,0.5140927539784675,-0.6666707306799862,1.1968095802539223,-0.24575120275964873
-0.3979612615083037,1.1593875512977252,0.7862696198593753,0.5729700644287414,-0.9476200900935141,-0.5039844389738903,-0.4586538471101146,-0.11964921349541481,0.9299477303916136,-0.2868642498636761
-1.0793088660256247,0.7820893403012263,0.13173963741467914,-0.20758799199670286,0.7143709244906087,2.100175854120738,-0.6894839865035672,-1.2175445120700823,0.5965122416052964,3.5117080440847355
-0.9118590310171308,0.2737296454848917,0.4069239616495363,-0.4247785083046333,-0.4968368193367376,0.4122228968426973,-0.22203980900748643,-0.37775091526559984,-0.4862521003332193,-0.14785843819561334
0.7857358480344994,0.1545828420123136,0.4261690081172948,-0.3934803116314381,-0.8962648817552346,-0.5058431199974579,-0.18523318085818882,0.23861135761842403,-0.8059724183938389,-0.06422955545759264
-0.17854423632475952,-1.9225430985263041,-2.0344193041831353,-0.5215183889308731,1.5288555363447291,-0.5055309775517323,-0.5532994623511658,-1.0827152648767022,-0.8510222492446723,0.8509482145818591
0.2776122107673449,0.3889048888417176,-0.0436482087451,-0.4437471123489941,0.9548091862925633,-0.5058431199974579,3.6531723261400004,1.2132342016162867,-1.1899304582232395,-0.24121021194011227
0.34112766542573936,-0.7747622250737984,0.14761184068705732,-0.5575587366151585,0.5460641412292404,-0.5058431199974579,-0.6379547070945505,-0.6165912960081592,-0.32100264672334705,-0.08192698117843716
-0.40950952599164814,-0.7112172632217565,0.4120824277130592,-0.5110856567064747,-0.2113163834469165,-0.5058431199974579,0.3616081516456626,0.15386154509687064,1.5283095948259078,1.3210775810877404
0.7106721288927605,0.3889048888417176,-0.6442127000637101,-0.24267990947877027,-0.9094889861543421,2.409419144003737,-0.7299712774677948,-0.3469328016213986,0.0957583440144754,2.213604468936399
1.2187957661599156,-0.15917040713214325,-0.7017494369260813,-0.467457867404445,0.9367763166574166,-0.5058099407694809,-0.804636151713513,1.3750292982483427,0.3298172429683612,-0.5618011553392825
0.9589598152846659,-1.4260980840572275,-1.884426983259162,-0.44090182174233994,-0.8012917683434624,-0.4610672686498153,-0.6826484698472691,1.7178808125400813,0.3304512776247804,-0.1841146044573507
-0.17854423632475952,1.0481838680566518,0.7392482176649549,-0.4115004854735808,-0.9462219416011357,-0.5025896228851472,0.7507067920810955,-0.08112657144016332,-0.06735541391061685,-0.20246629215337508
0.006227995408750759,1.15144443106622,0.8836852674435967,-0.3669242659693331,-0.9473069192575171,2.225805940635706,-0.521750923937482,-1.6416788010984014,1.9215111925409973,1.6052635526143189
0.8781219639012549,0.03940759865548765,1.0281223172222382,3.408776369060672,-0.2654149923523562,-0.5058431199974579,-0.5848480007648496,0.15000928089134552,1.9300206050350435,-0.2348387311663458
0.08706584679216178,-0.1432841666691328,-0.5604868278019149,-0.39632560223809227,-0.8484777772220962,-0.495470584649299,-0.53226710340871,0.804894195830621,0.7560553833073967,-0.004849056854307647
-0.3921871292666315,1.3381077565065924,0.8029354332953723,0.2220508896080677,-0.18426707899419661,-0.5058396410104468,3.432332557244214,0.019032297903490387,1.7335699722803346,0.047999682668360306
-0.15544770735807062,1.0918710293299305,0.39501980919525254,-0.439953391540122,-0.9405355767095194,-0.5053599273570157,-0.794119972242285,-0.8169090346954668,0.16223187220326057,-0.16395588325952692
-0.14389944287472617,0.28961588594790216,0.009126867135557458,-0.3166574652517771,-0.07005890463826828,0.3993377597642392,-0.4533957573745006,-0.8785452619838693,0.056081122620667,-0.11267789429169785
1.1264096502931602,-0.028108923312306862,0.056545074411787466,-0.26544223433200315,-0.901975290473031,-0.4687983508968902,-0.6032513148394983,-1.0634539438490764,-1.003591009726162,0.6364998047683217
0.6991238644094161,0.7384021790279476,-0.015673450477533466,-0.3915834512270021,-0.9043796730910505,2.1935930979395604,0.961030381505654,-1.3215556456192616,0.02881763239464424,0.3220579530429561
0.676027335442728,0.1823837628225819,0.7128606797246261,1.1040909776708425,-0.8983687165460016,-0.5058431199974579,0.20912354931285804,-0.8053522420788913,2.0655038000382917,-0.918348861850354
-0.3633164680582704,0.9806673460888573,1.4919874578574912,0.7247188967836274,-0.9359071401698318,-0.4918305334246345,1.1766120606658261,-0.38930770788217534,1.9291863489081769,-0.16410030110114487
0.3238052687007226,0.10692412062328216,0.1952284505041919,-0.2986372914096344,0.47994361923370277,-0.5058431199974579,-0.6679258185875501,1.3442111846041416,1.328488567318655,-0.431539049265717
0.3295794009423949,-0.5642695389389099,-0.3364903591204776,-0.3327807786894838,1.5168336232546313,-0.5058431199974579,-0.49020238552379836,-0.6782275232965617,0.7044983546669978,-1.4195235226232492
0.20832262386727834,1.270591234538798,0.7727782470778537,-0.29958572161185254,-0.942098425411232,2.2451336462533935,-0.24307216794994227,-1.6748082732659177,0.5294714192502405,0.4790828931388047
-0.3402199390915816,0.8297480616902578,1.1023248675206063,-0.43900496133790395,0.4709271844161294,-0.5058431199974579,-0.7273422325999879,0.9243143862019003,0.5324747413069629,0.6198257698773807
1.0917648568431269,0.1863553229383341,-0.27220793586734593,-0.5528165856040683,-0.8731226990567965,-0.5058431199974579,0.004058049623913653,0.9320189146129507,0.4295275352515394,-0.15308939558439152
1.0340235344264048,0.6589709767128956,1.0614539440942323,-0.11274497177489923,0.02912187835503802,-0.5058431199974579,3.8792701847714004,0.8780872157355984,-1.5717194321227852,-0.17164469077596894
0.29493460749236156,0.07912319981301383,0.033530379666839125,-0.4646125767977909,-0.7610183594916351,-0.5058265303834694,0.7875134202303933,0.5390879656493854,0.7004939252580346,-0.08227313919954236
0.06974345006714518,-0.36171997303552633,-0.22756736416378234,-0.544280713784106,-0.6606353851893191,-0.5058431199974579,0.3405757927032071,-0.00022902312413535192,-0.4865524325388916,-0.24172043930349463
-0.565411096516798,-1.87091281702152,-2.0405697829511817,-0.4238300781024153,2.0217539730387366,0.2801502417884996,-0.7152486262080757,-1.0480448870269758,-0.07226083993659664,1.2783870191762043
-1.2525328332757912,-0.20285756840542207,-0.6092938528644781,-0.15542433087471086,0.49497101059632487,0.7665641665003012,0.2406720877265418,1.2517568436715383,0.4201838666306267,-0.1494268924550594
-0.3113492778832205,1.3976811582428819,0.6874651544888208,0.24101949365242856,-0.947186700126616,0.8019982934660617,0.9978370096549517,-0.4047167647042759,-0.13519712214746468,1.0682747147655143
-1.5412394453594018,1.0203829472463835,-0.6469903356363762,-0.2578547927142588,-0.9387022349632796,1.7071791732277588,-0.39029868054713307,-1.0018177165606745,-1.5230989850489594,1.0217941264704082
-0.4557025839250259,0.48025077150402784,-0.19264851696455032,0.24101949365242856,-0.36760125361818696,-0.5058431199974579,-0.05903902720345375,0.8973485367632242,-0.2755190026865425,0.18600729057250043
-2.1532974629766555,0.7701746599539685,-0.6442127000637101,-0.3204511860606493,-0.9476369808814057,2.5092789563617894,-0.7084131095517775,-1.01337450917725,-0.32801039818903205,0.7093690787848649
-1.1774691141340523,-1.6207045297291054,-0.6477839457999954,-0.3289870578806116,1.760277363329111,-0.5058276900458064,-0.5480413726155519,-0.5125801624589801,-1.493633058648007,0.25955466842910235
0.7915099802761716,0.19827000328559194,0.5658443969142231,0.6962659907170863,-0.18126160072167216,-0.5058431199974579,-0.4428795779032727,-0.18128544078381725,0.7289587443067468,0.6280476509493804
-0.5134439063417481,-0.26640253025746397,0.520013409965231,-0.5291058305486175,-0.9465916154286562,-0.5058200878149302,-0.32720160371976564,-1.6694151033781826,0.22967313749921264,-0.01557202442108077
-1.7144634126095681,-1.5134724066037848,-0.7481756314977875,-0.4968592036732042,1.3064501441779217,-0.5057764394130768,-0.4481376676388866,-1.125090171137479,-0.11867885083549232,-0.5825351946681888
0.6471566742343668,1.0680416686354148,-0.0771782381579987,-0.41244891567579894,0.9067215339321721,2.4061978597341227,-0.4481376676388866,1.8064828892671596,1.1975437256455652,-0.27397724703206866
-0.8021505184253586,1.3976811582428819,1.0182021901770018,1.2653241120479084,-0.9467959879511878,2.4416319866998832,-0.3640082318690634,-1.2560671541253337,0.931749723625647,-1.2204506550147363
-0.42683192271666476,1.361937117201108,0.7019485399748661,-0.1933615389634324,-0.9476428115092544,-0.43884040718947465,0.5035765745072396,-1.1636128131927304,-0.32096927647827217,-0.9369107011616014
0.9012184928679438,-2.2239845113119276,-1.1600593064160014,-0.2037942711878307,1.3936090140811301,-0.5058431199974579,1.5551945216300311,-0.4393871425540023,-1.1377060246813475,-0.45392908044682084
0.9647339475263382,0.8496058622690209,0.7317089211105752,0.47812704420693786,-0.7009087940411465,-0.5058278833228627,-0.6474192686186556,0.2540204144405247,-0.006087643953483252,-1.1116107675191746
0.49125510370921693,-0.3498052926882685,-0.02162552670467515,-0.5044466452909485,1.426669275078899,-0.5058431199974579,-0.5112347444662542,0.38114513322285426,0.3285158034104486,-0.05580918350228974
-1.4026602715592684,-2.005945860957109,-0.40950249417341744,-0.5006529244820762,1.8504417115048437,-0.5020742174020089,-0.19574936032941676,-1.506079101063916,-0.830299327053289,1.8704170861186469
0.24874154955898384,0.9647811056258468,0.533107977664943,-0.39917089284474633,-0.942098425411232,-0.5058431199974579,0.6770935357825003,1.2864272215212647,0.33058475860507985,0.5225093053255837
0.4566103102591837,1.0124398270148782,-0.10574820404827946,-0.4835811808421516,-0.8623029772757086,2.316001900184914,-0.4691700265813425,1.8373010029113606,0.17611389415433262,2.4536405473070872
0.31803113645905046,0.551738853587575,0.7100830441519599,-0.44185025194455807,-0.4697875148840176,-0.49195938479541906,-0.41658912922520286,1.3249498635765158,-0.533170664908236,0.8650049723390107
-0.11502878166636508,1.1911600322237457,0.7211935864426245,-0.020747242159749556,-0.9476413688796836,-0.5034078290896293,0.5771898308058351,-0.5511028045142315,-0.7384977828528125,0.9365990235568151
-1.9800734957264898,1.1792453518764878,0.2696294033434648,3.0673414962621783,-0.9429399593275388,-0.2594148733719426,-0.5638156418223937,-0.5665118613363322,2.724766361733897,2.0040418506953714
1.646081552043659,0.37301864837870713,0.9951874954320534,0.35483111791859295,-0.918565530537366,-0.5057964113755485,-0.4796862060525704,-0.08497883564568845,0.09625889769059578,-0.5946072976124599
0.7048979966510883,1.405624278474387,1.4227449710817415,1.113575279693023,-0.7108268723404773,-0.5058431199974579,0.6034802794839049,1.4713359033864715,0.7940307222023949,-0.07796786723568236
0.9762822120096823,-0.5801557794019203,-0.34383125313395274,-0.06816875227065147,1.0149187517430518,-0.5057303750480214,-0.49020238552379836,-0.1427627987285658,-1.572486947759503,-0.13619585356400532
-0.40950952599164814,0.8813783431950418,0.8160300009950845,-0.44090182174233994,-0.93383336016179,-0.5058431199974579,2.2387461872598458,-0.8901020546004448,-0.4044282594100758,-0.39596970778852547
0.035098656617111826,-0.18299976782665897,0.18292749296809876,2.0430368778666983,0.2214724877966016,-0.5058431199974579,0.15128456222110445,-0.30841015956614704,1.2649849909415165,-0.6239609608485378
0.14480716920888392,-0.6873879025272408,0.2888744498112235,-0.4835811808421516,0.008083530447366904,-0.5058431199974579,-0.47442811631695647,-0.5279892192810807,-0.07970240458825287,0.6017566579805111
0.9589598152846659,0.6748572171759061,0.4438268342578156,-0.5423838533796699,-0.4367272538862489,-0.5058431199974579,-0.5848480007648496,1.8835281733776623,0.46309800179667904,-0.037510818935013325
-0.4152836582333203,0.9925820264361152,0.7936105138728502,-0.43900496133790395,-0.9470995412567127,-0.5058431199974579,1.3764194706191564,1.0052119345179287,1.0991348729202994,-0.48567701862070317
-0.6520230801418809,0.09898100039177693,0.014483735739985315,-0.442798682146776,1.3304939703581173,-0.5057500248820661,0.3248015234963652,1.6177219431964276,-1.319039936417221,-1.6196648297093388
-1.1255019239590025,-1.5651026881085688,-0.8664235458770049,-0.4835811808421516,1.7452499719664882,-0.5006246394806823,-0.6900097954771286,-0.8978065830114951,1.9897199734736675,-0.7799151328875821
-1.5412394453594018,0.6947150177546688,-0.6440142975228056,0.12720786938626416,-0.9440219315056478,-0.38794411572956433,-0.22203980900748643,0.6161332497598886,2.4774261052402835,-1.9532675237250021
-0.6173782866918476,1.4095958385901397,1.4074679754320774,2.2991130324655686,-0.938521906266928,-0.4684762224699288,0.6402869076332026,-0.4393871425540023,1.7681415461777152,0.2084476201096552
-0.3864129970249593,1.087899469214178,-0.10138334814837548,-0.34416194111610016,-0.9433907810684179,0.715023618186468,-0.4954604752594123,-0.48561431302030406,-0.40466185112559877,1.331142696435898
1.0744424601181102,0.8932930235422997,0.18887956919524068,1.9102566495561735,-0.7922753335258892,-0.5054758935907219,0.5982221897482909,0.4774517383609831,1.6606226165470597,-1.0021312766909847
0.6702532032010557,0.19827000328559194,0.5418376894647509,-0.3925318814292201,-0.2173273399919654,-0.5058431199974579,-0.3850405908115191,0.9936551419013532,1.9278849093502641,0.05019657266053029
1.3054077497849987,0.38096176861021236,0.7013533323521519,-0.057736020046253056,-0.7177394723672832,-0.5058431199974579,-0.7283938505471106,0.8588258947079727,1.529410812913372,1.2324389382255991
0.9531856830429937,0.7820893403012263,0.8303149839402247,-0.4873749016510238,0.6993435331279865,-0.5058431199974579,-0.6453160327244101,1.4520745823588457,-0.6503335953654777,0.42975751121929684
0.6182860130260058,1.056126988288157,0.5543370495417487,-0.37735699819373153,0.9097270122046965,-0.5058431199974579,-0.7073614916046548,1.8218919460892602,1.5284764460512812,-0.8674708907145978
1.172602708226538,0.7264874986806897,1.4169912973955041,-0.48263275063993355,-0.3255245578028449,-0.5058431199974579,-0.39555677028274705,1.3442111846041416,0.3283489521850753,-0.6412867231073885
0.7626393190678105,-0.33789061234101064,0.03789523556674321,1.758507817201288,-0.3375464708929426,-0.5058211508387391,0.6455449973688165,-0.8130567704899417,-1.1223557119469891,-1.426540554889852
-0.35176820357492594,-1.9066568580632934,-0.8317031012186777,-0.49496234326876815,2.00372110340359,-0.5050345776457846,-0.5480413726155519,-0.5048756340479298,0.7324292497945151,-0.13169271141256392
-0.680893741350242,0.5715966541663381,0.5162437616880412,-0.4314175197201596,-0.6492145677537262,-0.5058431199974579,0.1302522032786486,-0.21980808283906883,1.5951835659555893,-0.08419687229785268
0.3815465911174448,-0.5285254978971363,-0.9453877571570866,-0.34226508071166406,-0.9043796730910505,2.531827946249091,-0.5901060905004635,-1.6224174800707756,-0.907885146851947,1.1989027018710035
0.2776122107673449,-0.4212933747718156,0.2815335557977484,-0.4987560640776403,0.9457927514749899,-0.5058431199974579,-0.6442644147772872,-0.6974888443241875,0.26321023379927744,0.473401772819065
-0.23628555874148166,0.9727242258573521,0.7432162684830494,-0.1914646785589963,-0.6200614285102394,1.3335101979524673,-0.27987879609924,-1.6150981780802778,0.927044519070116,-0.6224161001582929
-2.430455810576922,1.3460508767380976,0.21665592492190244,0.13195002039735432,-0.9476541421623416,0.9920540653733219,1.0293855480686351,-1.6882911979852557,-0.8486863320894442,0.100658736906289
-0.4152836582333203,1.0402407478251465,0.956300597414727,-0.3270901974761755,-0.94735801238815,-0.5056662714910561,-0.642686987856603,0.5082698520051843,-0.8730466109939691,0.6334694168274091
1.172602708226538,1.290449035117561,0.3101035216880291,-0.4020161834514004,-0.9463421607320366,2.496393819283331,-0.6058803597073054,-0.48176204881477896,0.12922869982439103,2.4808385582769974
0.20254849162560606,1.2864774750018084,1.4497277166447844,-0.10041537914606471,-0.9468500865600932,-0.4993361257728365,-0.6695032455082343,-0.9979654523551491,0.20030732183348327,-0.2409954019481128
-1.2525328332757912,1.131586630487457,0.7416290481558117,0.1347953110040084,-0.9173032296629056,-0.5058291718365705,0.7296744331386397,0.5467924940604358,-0.24345019716976393,0.11748206034438682
-1.4604015939759905,-1.5452448875298057,-2.0104125967336643,-0.34036822030722813,0.8165571857564391,-0.5032564287289574,-0.22203980900748643,-0.21595581863354368,1.4386103760651363,-0.43399442300332736
0.9762822120096823,0.41273424953623333,0.0021827782038918923,2.194785710221584,-0.8935599513099626,-0.5058431199974579,-0.39555677028274705,0.6045764571433131,0.7964000096026979,0.23557522607195225
0.803058244759516,-0.4133502545403104,-0.9414197063389919,-0.5224668191330911,-0.6861819505057768,2.6477941799552163,-0.4691700265813425,-0.7822386568457405,-0.7335589865817583,-2.4469633749092052
1.068668327876438,-0.8621365476203561,-0.06924213652180974,-0.17344450471685352,0.22447796606912607,2.4448532709694977,-0.630593381464691,-0.38160317947112504,-1.2381504623561685,-1.8382797692119341
-1.5989807677761239,-0.34186217245676326,0.3934325888680147,-0.4778905996288434,-0.25639855753478297,-0.5058431199974579,-0.5007185649950263,0.11533890304161917,-1.8115847537196677,0.40818250264107514
0.8377030382095494,1.1593875512977252,1.283863192448432,0.27895670174115006,-0.6290778633278127,-0.5058431199974579,0.01983231883075554,1.1400411817113087,0.42956090549661424,0.325340410924461
0.4046431200841338,-1.7319082129701788,-0.8912238634900957,-0.47694216942662543,1.7091842326961952,-0.5047446620615194,-0.7720359953527064,0.6430990991985647,-1.238117092111094,0.8337878615363639
0.8377030382095494,-0.1472557267848854,0.10713772234249298,0.00770566390679142,0.1793957919812596,-0.5058431199974579,-0.8403911619156879,1.5406766590859244,-0.8075408199123494,-0.34426245044405124
0.8665736994179104,0.8456343021532683,0.6047312949315496,-0.2417314792765522,-0.541918993424604,-0.5058431199974579,-0.21152362953625864,0.28483852808472593,0.5950105805769347,-0.6527042437297143
1.3746973366850657,0.30947368652666524,0.41347124549939224,-0.40865519486692664,0.9698365776551854,-0.5058431199974579,-0.7636230517757241,1.0360300481621296,-0.88863051544385,0.700869100305265
-1.7317858093345844,1.238818753612777,0.6680217054801577,0.10823926534190331,-0.9413170010603759,-0.5058431199974579,0.3668662413812766,0.3618838121952285,-1.2396521233845295,0.5946309657585245
0.2891604752506894,-1.5134724066037848,-1.2096599416421836,-0.44848926336008427,2.015743016493688,2.2998954788368415,-0.5164928342018681,-1.4255667791684405,-0.938185329379767,-0.876062680964741
0.24874154955898384,1.1236435102559517,0.43727955040795957,-0.21991758462553737,-0.9414071654085516,1.1595608473932801,0.14602647248549047,-1.517250667259939,0.02985210999195936,1.7828873377072507
0.2371932850756394,-0.6516438614854675,-0.4295411508047947,1.4929473605802372,-0.9347350036435472,2.42552556535181,0.061897036715667236,-0.023342608357286018,-0.12405146029251761,-1.2190598227190053
1.836627916018842,0.654999416597143,0.3686322712549238,-0.3508009525316264,-0.541918993424604,-0.5035173527547963,-0.9576465630198792,1.0552913691897556,-0.37356078271598625,-1.994384027198045
0.387320723359117,0.10295256050752954,0.8088875095225142,-0.49116862245989595,-0.10311916563603689,-0.5058431199974579,2.449069776684404,0.8125987242416713,-0.5390104577963069,0.02248509342469032
0.5489964261259391,0.015578237960971941,-0.390059045164754,-0.3925318814292201,-0.8827402295288745,-0.16760827168792702,-0.7157744351816371,-0.06186525041253759,-0.9053156379811957,0.5768844376636054
0.06974345006714518,-0.552354858591652,0.13808851872363037,-0.31570903504955905,1.2553570135450063,-0.5058431199974579,0.356350061910049,1.3942906192759685,-1.5134883544674484,-1.2496445677140047
0.08129171455048961,-0.2108006886369273,0.5174341769334694,-0.4816843204377156,0.38677379278544544,-0.5058431199974579,-0.527009013673096,-0.16202411975619152,-0.27388386067788245,0.9996614471065612
0.2545156818006561,-0.1234263660903697,0.3017706149700306,-0.5044466452909485,-0.8917566643464478,-0.5058431199974579,-0.4639119368457285,-0.8939543188059699,0.06025240325500335,-0.09971569506637673
1.5190506427268704,0.10692412062328216,0.5747725112549358,0.3643154199407734,-0.7447887768200032,-0.5058431199974579,-0.13791037323766317,1.6446877926351036,-0.7216791793351683,-0.18041902068446275
0.23141915283396722,0.031464478423982416,0.31169074201526703,-0.45892199558448266,-0.8556909250761547,-0.5057638764044253,-0.2062655398006447,0.1191911672471443,-0.6387541203245599,0.3807815199730267
-1.3449189491425462,-1.3546100019736802,-0.8120612496691096,-0.4446955425512122,1.6460691889731824,-0.5058379015169411,-0.09584565535275148,-1.2175445120700823,0.8322062825678421,-1.8350385160768437
-0.5827334932418143,1.004496706783373,1.1675993034782612,-0.4636641465955728,-0.9451129201185742,-0.5058431199974579,0.3195434337607512,-0.31226242377167224,0.6218402576169867,-0.17461966429933704
1.3054077497849987,-1.163975116417555,-0.04642584431776607,0.008654094109009514,-0.3044862098951739,-0.5058431199974579,-0.6142933032842877,-1.229101304686658,-0.007288972776172199,0.3276408276429013
0.7337686578594494,-1.1520604360702968,-0.5265599933072067,-0.439953391540122,1.4957952753469606,-0.5005280009525939,-0.6111384494429193,0.8357123094748219,0.7931964660755283,0.4065472394470162
0.935863286317977,0.4008195691889755,0.046624947366550956,1.6731490990016646,-0.5359080368795551,-0.5058431199974579,0.5982221897482909,0.4427813605112567,-1.402432178858875,-0.03991629139488664
-0.2709303521915149,1.107757269792941,0.7430178659421447,-0.15257904026805671,-0.9470785029088051,-0.4906064454021809,0.7822553304947794,-0.4047167647042759,-0.33795473122129016,0.2965124122180638
-0.5249921708250925,0.921093944352568,0.7459939040557155,2.469830468864815,0.5911463153171069,-0.5058431199974579,-0.04852284773222597,1.217086465821812,-0.5154510647735746,-0.7729061430337121
-0.09770638494134846,-0.7668191048422932,0.1753881964137193,-0.5044466452909485,1.6941568413335732,-0.5058431199974579,-0.7352293672034086,0.06140720416426699,-0.7483086349047722,-0.4324755752019933
1.311181882026671,-0.024137363196554244,-0.28391368578072473,-0.43236594992237765,-0.7634227421096546,-0.49592156444704505,-0.6153449212314105,-0.4779097846092538,-0.1382338144492614,-0.3709809567390658
0.7453169223427939,1.3778233576641188,0.916818491774686,0.563485762406561,-0.9413470558431011,-0.5056156973280231,0.6139964589551328,0.09992984621951856,-0.6722912166246248,0.15502815171651088
-2.8184774972172946,-2.3868184760577846,-4.0263808148666005,-0.3792538585981676,1.9436115379531007,2.1162822754688104,-0.6421611788830417,-1.4536883078687741,-1.350407966787431,-0.6136250802134441
0.029324524375439653,-0.29420345106773227,-0.819798948764394,-0.43426281032681374,-0.8169202553605897,-0.09029744921717708,-0.6132416853371649,1.1323366533002586,-1.342165516253982,-0.5119206201670454
-0.1612218395997428,-0.26640253025746397,0.3579185340460686,3.389807765016311,0.2695601401569926,-0.5058431199974579,-0.12213610403082129,0.31565664172892716,2.8403275204275538,-0.6400807286076322
1.2072475016765711,0.8138618212272474,0.05158501088916916,-0.2730296759497475,-0.9474511822145981,2.4287468496214246,-0.791490927374478,-0.49331884143135435,-0.004385761454673927,2.5383433399902926
-0.9696003534338525,-1.5452448875298057,-1.749314852903042,-0.4446955425512122,0.6362284894049733,-0.5058431199974579,-0.4586538471101146,-1.1597605489872054,0.4631981125319035,0.5242410607374948
0.1505813014505562,0.8535774223847735,0.3303405808603115,-0.40865519486692664,-0.9364180714761609,-0.13217414472216663,-0.15368464244450505,1.3442111846041416,0.5506281546275954,-0.30031856127971407
-1.956976966759801,-0.9812833510929344,-1.0221695404872158,-0.38020228880038565,-0.3796231667082847,-0.5058431199974579,-0.6432127968301645,-0.5896254465694831,2.595022848883496,0.31651171085134683
0.306482871975706,-0.4133502545403104,0.3579185340460686,-0.5528165856040683,-0.45776560179391995,-0.5058431199974579,-0.4376214881676587,-0.2467739322777449,-0.9723898305813256,-0.4666476696082219
-1.8183977929596677,0.4047911293047281,-1.104109789880868,-0.42003635729354316,-0.9476221939283049,2.2934529102976122,2.2177138283173896,-0.4509439351705778,0.37259789715411595,-1.7991413680031048
0.6413825419926946,-0.21874380886843253,0.34522077142816604,-0.37735699819373153,-0.48180942797411536,-0.5058431199974579,-0.6800194249794622,0.777928346391945,-1.4412084036356667,0.4085828570863166
-1.0850829982672971,0.19429844316983932,0.689647582438773,-0.28156554776970977,-0.8617018816212035,-0.5058431199974579,0.6402869076332026,-0.7167501653518131,1.7211896113576248,0.8805566851057364
-0.13235117839138172,-1.7835384944749626,-0.9916155491878881,-0.466509437202227,1.3635542313558857,-0.5058431199974579,-0.627964336596884,-1.0596016796435512,-0.24955695201843228,-0.9605314180731768
0.7279945256177772,1.0799563489826727,1.0789133676938485,2.9345612679516537,-0.7240509767395846,-0.5058431199974579,2.154616751490022,-0.6165912960081592,2.5999950153996254,-0.5464823772757291
-0.37486473254161484,1.0481838680566518,0.5174341769334694,-0.1260229946059517,-0.9431202880238906,-0.5058431199974579,0.4825442155647838,-0.2660352533053704,0.42926057329094247,-0.6864673129449275
1.8481761805021868,-1.00511271178745,-1.2378331024506548,2.507767676953537,1.2733898831801527,-0.045199469442573005,-0.5638156418223937,-1.0364880944104007,-0.07015851449689103,-0.2914521734636903
1.3516008077183765,0.24195716455887073,0.6575063708122071,2.7069380194193244,0.5250257933215693,-0.5058371284087164,0.29325298508268144,0.19238418715212222,-0.7706666991048151,-0.4413852793438678
0.24874154955898384,1.0084682668991256,0.24542429335308807,-0.5281574003463994,-0.9121939165996141,-0.5057435823135268,-0.8693106554615646,1.7679602472119085,0.6416288129462794,0.3456267398416428
1.2938594853016543,0.2777012056006443,-0.2543517071859205,-0.13645572683035015,-0.499842297609262,-0.5052053057120742,0.19334928010601615,1.6446877926351036,0.5902720057763287,0.9329139933937921
0.5605446906092836,-1.3863824828997011,-0.9922107568106021,-0.36976955657598715,0.46792170614360495,-0.5058292040494132,-0.5532994623511658,-0.4047167647042759,0.5988815290055993,0.9566448251373516
-0.8483435763587363,-0.3855493337300421,-1.028518421796167,-0.3612336847560249,-0.9124944644268667,2.0808481485030503,-0.24833025768555622,0.44663362471678186,-1.0693637627683787,-0.7207339216485015
0.4046431200841338,0.1347250414335505,0.8281325559902728,-0.38873816062034794,1.2463405787274329,-0.5058431199974579,-0.43236339843204474,0.8857917441466487,0.2931767138763503,-0.2391298029745366
-0.703990270316931,-0.8144778262313246,0.4519613384349093,-0.4039130438558365,1.0209297082881006,-0.5058431199974579,-0.2956530653060819,-0.6397048812413101,-1.4818199918915664,-0.9588282204803741
0.9589598152846659,-1.1957475973435756,-0.6916309073399401,-0.18292880673903394,0.6903270983104132,-0.5058431199974579,-0.7646746697228469,1.167007031149985,-0.4468418409000088,-0.9257092163206129
0.8896702283845993,1.2864774750018084,0.7505571624965244,-0.28156554776970977,-0.7715375334454707,-0.5052020844278046,-0.5901060905004635,1.8912327017887127,0.6964894958490715,-0.4572865789606065
-0.5885076254834866,1.2070462726867561,0.951538936433013,0.6393601785840041,-0.9467749496032802,-0.5058383524967389,0.009316139359527614,0.022884562109015516,1.6660619664942338,0.9165703822139343
-1.0157934113672304,-1.604818289266095,-1.2166040305738488,0.04374601159107683,1.4657404926217166,-0.5058431199974579,-0.11687801429520733,-1.1905786626314063,-1.431731254034454,2.7211026047964992
-2.465100604026955,1.1157003900244462,0.166063276991197,0.7247188967836274,-0.9470664809957151,0.6377127957157179,-0.6568838301427607,-1.6728821411631551,-1.9494706063682932,2.7267736793236015
-0.16699597184141504,0.35316084779994406,0.29204889046569915,-0.5215183889308731,-0.9233141862079544,-0.47266389202042774,-0.5690737315580077,-0.8361703557230926,-0.6809341100989699,-0.11301421681381969
1.068668327876438,-0.5444117383601468,-0.38371016385580264,-0.25880322291647695,0.5550805760468136,-0.23783226876552488,2.180907200168092,0.04214588313664125,-0.7382975613823645,0.673657271859682
-1.3506930813842184,-1.4181549638257223,-0.881105333903955,-0.3669242659693331,2.0217539730387366,0.4637634451565307,-0.4849442957881844,-0.32381921638824773,-1.2505641935239535,-0.9031219942308016
1.1321837825348327,0.5596819738190802,0.5868750662501242,2.9819827780625556,-0.9275218557894886,-0.5058180584058403,-0.5795899110292356,1.6138696789909022,1.7313675361054046,0.053156457655550056
1.1148613858098158,0.7463452992594528,0.2160607172991884,-0.43426281032681374,-0.910090081808847,-0.5040553072278219,0.5719317410702212,0.2347590934128989,0.027783154797328617,0.6606475184903832
1.120635518051488,-0.6000135799806835,-0.17003062730141122,-0.467457867404445,-0.9246967062133157,0.19317556650890597,0.08292939565812309,-1.6239583857529856,-0.6052503942695695,0.6489889370726563
-0.16699597184141504,-0.4252649348875682,0.47477763063895306,-0.5604040272218127,0.5971572718621556,-0.5058431199974579,0.3090272542895233,0.288690792290251,-1.3017541494685307,-0.8981479064723058
-0.49612150961673135,-1.5373017672983005,-0.4714040869356923,-0.5110856567064747,1.324483013813068,0.6924746282991658,-0.5795899110292356,-1.2945897961805855,-0.5579313867536567,0.7956920317541983
0.22564502059229496,0.333303047221181,0.24740831876213523,-0.4684062976066631,1.5498938842524004,-0.5058086522557731,-0.907168901557985,1.8835281733776623,0.4897941978564326,-1.1991682299152309
-1.0966312627506414,0.5874828946293486,0.6416341675398288,-0.32424490686952145,-0.8995709078550114,1.765162290080821,0.16705883142794634,-1.6412935746778488,1.2623153713355415,3.599091044721402
-0.016868533557938038,1.1276150703717043,0.4156536734493443,7.894851225551987,1.8294033635971727,-0.5058431199974579,3.4481068264510553,0.15386154509687064,0.2615417215455425,1.8531025940705548
-0.7559574604919809,1.0283260674778887,1.2501347604946285,-0.36028525455380683,0.5039874454138983,-0.5058431199974579,-0.4639119368457285,1.8758236449666121,-1.419350893111744,0.22923210310020004
-0.6231524189335199,1.385766477895624,1.425125801572598,0.4117369300516752,-0.9170026818356534,-0.5058270780017953,0.4930603950360117,-0.06186525041253759,-1.038863358770111,-0.517152666576643
-1.004245146883886,1.2269040732655192,0.7132574848064355,1.2084182999148263,0.15234648752853966,-0.5058431199974579,3.1746861601991294,0.30409984911235166,1.7732471936741436,2.3310362753549865
-1.847268454168029,-0.5364686181286416,0.05317223121640697,-0.442798682146776,1.2733898831801527,-0.5005924266379862,-0.7141970082609529,-1.1173856427264288,-1.2216655612892708,0.24512638902338954
-0.8252470473920474,0.1347250414335505,0.056346671870882686,-0.3289870578806116,0.9968858821079051,-0.09674001775640624,-0.5901060905004635,0.3541792837841782,0.22800462524547768,0.25013658393634075
-0.005320269074593587,-0.26640253025746397,-0.8594794569453397,-0.08239520530392207,-0.9025763861275359,-0.5058431199974579,-0.9471303835486513,1.8026306250616344,1.877195507081807,0.2831609493905201
1.0167011377013881,0.09898100039177693,-0.014086230150295453,-0.28441083837636383,0.3507080535151522,-0.5057861032658857,-0.4428795779032727,0.06911173257531734,-0.7052943890034948,-0.8011859089964851
1.455535188068476,0.11089568073903477,0.2809383481750343,0.6014229704952826,-0.8680133859935049,-0.505830814691548,-0.7673037145906538,0.6700649486372408,-1.5720865048186068,-0.7783458887900356
0.9069926251096159,0.754288419490958,0.6323092481173067,-0.3270901974761755,-0.767029316036684,-0.48825490788536235,-0.15368464244450505,-0.5973299749805334,0.0629887633511284,-0.5514586616063778
1.8250796515354977,-0.5920704597491782,0.05694187949359682,-0.11464183217933531,0.3957902276030188,-0.4997226798851902,-0.4481376676388866,-0.685932051707612,-0.4058965501933621,-0.24709583819669467
-1.7260116770929121,1.1196719501401988,0.6630616419575395,0.19359798354152663,-0.9461738539487754,-0.42563314168405486,-0.5112347444662542,-1.3754873444966134,-0.7813118072836418,0.018328400157738272
-1.4546274617343182,-1.6763063713496422,-2.5000700676865315,-0.3612336847560249,2.0337758861288346,2.241912361983779,-0.5901060905004635,-1.309998853002686,1.0722718256351735,-0.47896739618644396
0.8492513026928938,0.21812780386435504,0.6287380023810215,1.113575279693023,-0.0910972525459393,-0.5058431199974579,-0.6074577866279895,-0.6050345033915837,0.9329510524483361,-0.3934009281824513
-0.42683192271666476,1.342079316622345,0.11368500619234899,7.705165185108379,0.9848639690178075,-0.5058431199974579,3.684720864553684,-1.467941685429217,-2.017312314605141,-2.1664681172194937
-0.5423145675501091,-0.8621365476203561,0.024205460244316846,-0.465561007000009,1.0690173606484916,-0.505816930956346,0.6455449973688165,-0.6820797875020868,-0.13563093533343593,-0.08962758682333521
-0.1843183685664317,0.654999416597143,0.5914383246909328,-0.4684062976066631,-0.7360728898296823,2.0808481485030503,0.7086420741961839,0.4312245678946812,-0.48081275038604476,-0.4370199164449175
1.5594695684185758,0.051322279002745504,0.6186194727948805,0.715234594761447,-0.7159361854037687,-0.5058431199974579,1.1503216119877564,-0.7013411085297125,0.5295715299854652,-0.885663060024852
-0.6404748156585366,-1.1798613568805654,-0.4027568077826566,-0.5196215285264371,0.7504366637609016,-0.5058135163950201,-0.521750923937482,-0.4432394067595275,-0.1675662598699154,-0.8630141775589978
0.6933497321677445,-0.0360520435438121,0.6202066931221184,-0.5091887963020387,-0.7757452030270049,-0.5058431199974579,0.23015590825531387,0.3272134343455026,-0.20524126655924232,-0.33958996170867206
-1.1485984529256912,0.9727242258573521,0.2634789245754183,-0.3631305451604609,-0.9299863479729588,-0.5049927009502797,-0.6826484698472691,0.7008830622814419,1.5682204079352389,0.3222974045609303
-0.32289754236656487,1.2348471934970244,0.7981737723136588,-0.08713735631501222,-0.9476173851630686,-0.4993683386155326,-0.41133103948958893,0.31950890593445225,0.8630070187717824,0.43388857395822206
-0.3575423358165982,0.7940040206484842,0.9158264790701621,-0.4835811808421516,0.3056258794272857,-0.5058254673596604,-0.15368464244450505,0.91660985779085,2.1268049402405,0.920790561805012
0.24874154955898384,-0.2783172106047218,0.22419522147628212,-0.5034982150887304,1.5679267538875472,1.8875710923261753,-0.3324596934553796,1.6755059062793047,-0.5323364087813685,-1.5207001284075212
1.3458266754767043,-0.7350466239162723,0.08610705300659181,0.5445171583622003,1.4627350143491922,2.3288870372633728,-0.53226710340871,-0.7822386568457405,1.1299356091242398,-0.5083644557988755
0.20254849162560606,-0.3498052926882685,-0.21229036851411834,-0.49116862245989595,-0.6230669067827638,-0.5058431199974579,-0.8519589593340386,1.9143462870218635,0.2821979032467766,-1.4897083542316196
1.7095970067020536,-0.11945480597461708,-0.26724787234472774,0.6962659907170863,-0.9372295506097427,-0.5053309357985892,-0.6663483916668659,-1.6266549706968532,-0.5732483292429401,-0.15411035739736031
-2.0955561405599337,-0.953482430282666,-1.3757228683794402,-0.44943769356230234,-0.31350264471274725,-0.5042711332738861,1.2239348682863518,-1.4294190433739655,0.7094371509380519,3.992547297938704
-2.4362299428185943,-2.0099174210728616,-1.7013014380040985,-0.3953771720358742,1.991699190313492,2.6220239057982995,0.5771898308058351,-1.6201061215474606,-1.4737110223384162,0.9980121589692701
-0.6693454768668976,0.786060900416979,-0.1345165724794653,-0.13550729662813205,-0.8854451599741466,-0.5058259183394582,-0.164200821915733,0.14615701668582037,-0.049702554266105155,0.3049225814460199
0.7568651868261382,0.07515163969726121,-0.5713989675516753,-0.43615967073124984,-0.8806363947381075,0.04821777437624981,-0.05378093746783978,0.627690042376464,-0.4735046667146875,0.2618413563721487
0.02355039213376738,-1.2553209990798648,-0.6301261196594745,-0.38209914920482174,0.26655466188446825,0.8374324204318219,-0.6626677288519361,-0.5934777107750082,-0.18955725137413737,-0.6501335154500352
0.3815465911174448,-0.19491444817391682,0.20256934451766684,0.25998809769678927,-0.35557934052808926,-0.5058431199974579,-0.6006222699716914,0.7894851390085205,-1.0702313891403208,-0.28644252174445506
-0.14389944287472617,0.34918928768419144,0.2795495303887011,7.7715552992636425,1.7091842326961952,-0.5058431199974579,0.9662884712412679,-0.3469328016213986,-1.3259809473927566,-0.23587078260752609
-0.028416798041281784,-0.1035685655116066,-1.276918403008886,8.169895984195216,0.39879570587554314,-0.5058431199974579,3.1641699807279013,0.29639532070130137,-2.049447860612069,1.9521286453339353
1.6287591553186425,-0.7668191048422932,-1.4273075290146702,1.04718516553776,-0.8680133859935049,2.3546573114202896,-0.6963195031598656,0.8780872157355984,0.06332246580187494,2.399166891133412
-0.29402688115820375,-0.5086676973183732,-0.49521239184425975,-0.5291058305486175,-0.4697875148840176,-0.4750154295372464,-0.799378061977899,0.8472691020913974,-0.7475744895131289,0.864352211996933
1.311181882026671,1.1276150703717043,0.9001526783386888,-0.30907002363403285,-0.8100076553337834,-0.5026798188446964,-0.7094647274989004,1.2594613720825885,0.12829433296229947,-0.48903673157493693
0.7395427901011217,-0.6000135799806835,-0.6307213272821888,0.4591584401625771,0.47994361923370277,-0.5058431199974579,-0.30616924477730983,-0.28529657433299616,-0.24128113123990913,1.1069973229016574
0.42773964905082257,0.333303047221181,0.17657861165914754,-0.43236594992237765,-0.46678203661149326,-0.49550279749199516,2.286068994880371,1.2864272215212647,-0.3206355740275255,-0.6201075985611373
1.363149072201721,0.6152838154396169,0.6327060531991162,-0.47694216942662543,-0.790772594389627,-0.5057564674506053,0.19334928010601615,0.288690792290251,-0.23984621070169712,-1.2843343607026347
0.5951894840593169,1.0481838680566518,0.27994633547051057,0.4212212320738556,1.0630064041034428,-0.5051118884682554,0.7139001639317978,0.34262249116760274,-0.573048107772492,-0.6542627354145742
-1.0677606015422803,1.1752737917607357,-0.14761114017917712,-0.08334363550613996,-0.8959643339279821,-0.5058431199974579,0.30376916455390934,-1.4575405720742993,-0.4474425053113532,-1.6156624309432823
0.6298342775093502,-0.8621365476203561,0.02658629073517366,-0.4902201922576779,1.8985293638652343,-0.5042518055682683,-0.4954604752594123,0.07296399678084246,0.875487490429717,-0.920081220390479
1.3573749399600488,-2.2561541482495238,-2.004460520506522,-0.06437503146177931,1.2673789266351039,2.0808481485030503,-0.6416353699094802,-1.2445103615087583,-0.40539599651724173,-1.2637386942871556
0.3584500621507559,0.21018468363284978,-0.3108964313437679,-0.27966868736527367,1.0059023169254784,-0.5058431199974579,-0.13265228350204922,1.5753470369356506,-0.2936056755170254,-1.2343361958549612
0.6298342775093502,0.30153056629516,-0.07440060258533261,2.2611758243768474,0.02311092180998913,-0.5058431199974579,-0.5007185649950263,-0.08883109985121358,1.3307577439837335,-1.1063096719551408
1.0744424601181102,-1.036885192713471,0.2886760472703187,-0.39632560223809227,1.8384197984147461,-0.505838030368312,-0.5743318212936217,-0.16587638396171664,0.42502255216645624,0.47197184087761695
-0.15544770735807062,-0.5682410990546625,-0.20534627958245288,2.2137543142659455,-0.06705342636574384,2.3900914383860496,-0.05903902720345375,-0.8014999778733662,1.5960845625726066,-1.1387268140852442
-0.23051142649980938,0.9091792640053101,0.49997475333385344,0.2220508896080677,0.11928622653077088,-0.50549200001207,0.8926752149426725,-0.6474094096523604,-0.07135984331957997,1.0520080061632626
1.0975389890847989,0.551738853587575,0.6404437522944004,2.2232386162881257,-0.703914272313671,-0.5058431199974579,-0.527009013673096,0.44663362471678186,-0.8082415950589179,0.2069742102440333
0.1505813014505562,-1.4062402834784642,-0.8344807367913437,-0.3574399639471528,1.3485268399932637,-0.5058431199974579,-0.31668542424853774,0.6353945707875143,-1.5023426926125012,-0.5334810934065247
1.7269194034270698,-0.3021465712992375,0.25455081023470566,-0.24931892089429655,0.41983405378321426,-0.505115109752525,0.1723169211635603,0.288690792290251,-0.6724914380950728,-0.3902311939391381
-0.07460985597465958,-0.9018521487778822,-0.3376807743659061,-0.5461775741885421,-0.520880645516933,-0.5058431199974579,-0.6973711211069882,-1.1443514921651048,0.46409910914891983,0.66152600890793
-0.7155385348002753,0.9409517449313312,0.30732588611536316,-0.4058099042602727,-0.9452902433366531,1.2980760709867072,-0.7935941632687237,0.804894195830621,0.48151837707790945,-1.1379083073703296
1.1610544437431936,1.0521554281724044,0.9892354192049118,-0.08618892611279412,-0.7871660204625978,-0.5055950811086977,3.637398056933158,1.3442111846041416,-0.1404362506241912,-0.5583109586646385
-0.6462489479002088,0.3690470882629545,0.16745209477753015,-0.5034982150887304,-0.9309781558028919,-0.5058431199974579,0.1565426519567184,-0.797647713667841,-1.0717997906588312,0.7335702837336118
0.8319289059678772,-0.3577484129197737,-0.610881073191716,-0.3138121746451231,-0.9401448645340912,-0.502976176997501,-0.836710499100758,0.6161332497598886,0.062187877469335726,1.9289221297151782
1.7211452711853978,-0.2703740903732166,0.5485833758555115,-0.15921805168358305,-0.6882857852965439,-0.5058431199974579,0.4825442155647838,0.34262249116760274,-0.9056159701868681,-0.8392992436467391
-2.0320406859015394,-1.438012764404485,-0.45453987095879067,-0.4039130438558365,2.036781364401359,1.3077399237955505,-0.7057840646839705,-1.437123571785016,-1.2055811031632695,-1.1128206280640358
2.067593205685731,-0.9773117909771818,-0.1712210425468396,-0.40011932304696446,1.5679267538875472,-0.5058359365335368,0.7296744331386397,1.8796759091721371,-0.7385645233429623,-2.7199806713849046
0.006227995408750759,0.28961588594790216,0.17677701420005232,-0.4892717620554599,-0.8725216034022916,2.535049230518706,-0.04852284773222597,0.15771380930239587,-0.005086536601242495,1.876380027783021
0.43351378129249485,0.41670580965198595,0.35732332642335446,2.517251978975717,0.939781794929941,-0.5058431199974579,-0.2535883474211702,0.9512802356405764,-0.7808779940976711,-0.38845124937165165
0.42773964905082257,-1.5055292863722796,-0.37200441394242395,-0.5395385627730158,1.7332280588763909,-0.5058431199974579,-0.18523318085818882,-0.054160722001487235,-0.804804459816225,-0.7704790551045289
0.02355039213376738,-0.8978805886621296,0.3360942545465485,-0.5129825171109108,0.9007105773871232,-0.5058431199974579,-0.13791037323766317,-0.5087278982534549,-1.4720425100846812,0.25246442935309227
-0.9869227501588691,1.3381077565065924,0.8217836746813216,0.039003860579986664,-0.9475720024411537,-0.4949229663234645,0.8400943175865329,-1.526881327773752,0.18999591610540423,0.3792902247714343
0.7395427901011217,0.8297480616902578,0.01011887984008124,-0.49970449427985825,-0.9464894291673904,-0.5032403223076093,-0.627964336596884,1.3480634488096666,-0.9380518483994679,-0.1028484943120574
-0.40373539374997586,-1.0924870343340076,-0.18907727122826504,-0.5604040272218127,0.04414926971766015,-0.5058431199974579,-0.6442644147772872,-1.2907375319750602,-1.1548583306497389,-0.2271817172563445
-0.9580520889505082,0.9171223842368154,0.9176121019383049,2.1758171061772233,-0.4457436887038222,-0.5058431199974579,0.7822553304947794,-0.007933551535185606,-0.5854952091853521,-0.18266229563619912
-1.6855927514012068,-2.232324787555008,-3.605172220525864,-0.4740968788199713,1.961644407588248,0.8632026945887386,2.24400427699546,-1.3369647024413622,-1.475112572631553,1.5245890919534655
-0.138125310633054,-0.2981750111834849,-0.18312519500112337,-0.07575619388839572,1.4507131012590944,-0.5058431199974579,1.1398054325165283,1.4135519403035943,-0.03545345961921162,-0.4149225974308105
-0.5538628320334535,-0.33391905222525803,-0.28371528323982015,-0.5395385627730158,0.29360396633718794,-0.5058186060241662,0.2827368056114535,-0.8246135631065171,0.16773796264058496,-0.21488846798519254
-0.380638864783287,0.7622315397224633,0.6571095657303977,-0.4854780412465877,-0.8565925685579121,-0.5058431199974579,-0.7068356826310934,0.7933374032140457,0.8642083475944714,-0.06012508126013372
-0.028416798041281784,0.3213883668739231,0.5239814607833254,-0.5366932721663618,-0.90798624701808,2.383648869846821,-0.521750923937482,1.5907560937577514,-0.713803801497541,-0.028675625494068824
-3.273479117861065,-2.545997414029115,-2.080051888591223,-0.8022537287874121,-0.6080395154201416,2.522164093440247,0.7875134202303933,-1.8262022565430562,-4.0757558820374875,-2.0177223017393477
0.2833863430090172,0.7940040206484842,0.6918300103887249,-0.08144677510170398,-0.7796523247812867,-0.49885293313239426,1.071450265953547,0.9243143862019003,-0.40406118671425434,-0.8617281113640817
0.520125764917578,0.9290370645840732,0.3112939369334576,-0.34795566192497235,-0.9192267357573211,1.7168430260366023,-0.6237578648083928,-0.33152374479929797,0.1289617378637932,-0.1741192679964761
0.4566103102591837,-0.7350466239162723,0.19760928099504885,-0.492117052662114,-0.41869438425110234,-0.5058431199974579,0.7717391510235514,-0.09268336405673881,1.0637290428960524,-0.6825892883311901
0.4161913845674781,-0.6119282603279413,-1.0449858326912596,-0.5765273406595193,1.0630064041034428,-0.051642037981802176,-0.7557359171723032,-0.6743752590910365,-1.0722336038448026,0.13052509550209543
0.4161913845674781,-0.1234263660903697,0.4295418513126752,-0.3792538585981676,0.4979764888688493,-0.5058431199974579,-0.05378093746783978,1.3018362783433655,0.5829972923500463,-0.46023243890259086
-0.17277010408308724,0.4286204899992438,0.7025437475975803,0.23153519163024813,-0.9118933687723617,-0.5058431199974579,-0.31142733451292376,-0.6743752590910365,-0.7357947930017629,-0.4949999855606447
1.2014733694348991,-1.088515474218255,-1.3009251104583581,0.3358625138742322,0.7143709244906087,2.171044108052258,-0.5112347444662542,-0.7051933727352377,0.5940094732246939,-0.9783080182198605
1.4093421301350986,-0.5642695389389099,-0.21903605490487885,-0.2436283396809883,-0.18126160072167216,-0.49044538118870024,-0.12739419376643527,-0.38930770788217534,0.7304937755801822,-0.9358102623063802
1.3169560142683432,-0.3021465712992375,0.7557156285600473,0.0968581029152868,-0.5539409065147017,-0.5058431199974579,-0.6994743570012338,0.29254305649577617,-1.1416770838452355,-0.5871481928703624
-1.2236621720674299,0.46039297092526477,-0.4085104814688937,-0.22086601482775536,-0.9475455542323554,2.2837890574887685,-0.1484265527088911,0.4427813605112567,0.08441246068908013,-2.405773951830666
1.0917648568431269,1.0521554281724044,0.8324974118901767,-0.24742206048986035,-0.8460733946040765,-0.4888669518965891,-0.6936904582920586,1.760255718800858,0.2633437147795759,0.5477219561970591
-1.7260116770929121,0.7701746599539685,0.8215852721404168,-0.2986372914096344,-0.8535870902853876,-0.5058431199974579,-0.6858033236886376,-0.3199669521827226,0.5512955595290887,0.23313064354538512
0.624060145267678,0.6788287772916588,0.6273491845946885,-0.4333143801245957,0.6302175328599245,-0.5055586805964509,-0.11161992455959337,1.794926096650584,2.4607743529480124,0.4138498604682561
1.4901799815185093,0.6391131761341325,0.7882536452684226,-0.4456439727534302,-0.07005890463826828,-0.5058431199974579,-0.41658912922520286,0.6469513634040898,0.46396562816862136,-1.5553713728038354
-0.9926968824005414,-0.9733402308614292,-0.6696082252995152,-0.5357448419641437,-0.9170026818356534,0.012783647410489487,-0.4586538471101146,-1.5734937246606062,0.4756452139447633,4.521069101892083
1.0167011377013881,0.7582599796067107,0.8588849498305057,-0.22276287523219143,-0.4637765583389688,-0.5058431199974579,-0.6347998532531821,1.2594613720825885,0.9281457371575803,-0.9548133271408473
-0.5942817577251587,1.1355581906032095,0.7444066837284777,-0.1411978778414403,-0.927311472310412,-0.5058343903170873,0.8032876894372352,0.939723443024001,0.5996824148873919,-0.35798468267682904
-0.4210577904749926,0.011606677845219323,-0.6973845810261773,7.781039601285823,1.1681981436417976,-0.5058431199974579,2.985394929717028,1.509858545441723,2.802852735208675,-1.7602544568340428
-0.3402199390915816,-2.282366445013491,-4.340452037118784,-0.3726148471826413,1.808365015689502,-0.38794411572956433,-0.28513688583485397,-0.3161146879771974,-0.28583040841462204,-1.3635050042762777
0.35267592990908375,1.3738517975483662,0.5223942404560877,-0.41624263648467097,-0.8845435164923892,-0.5031436837795209,-0.5375251931443239,1.1631547669444597,0.2630767528189781,0.5480209993035141
0.29493460749236156,0.3650755281472019,0.1861019336225744,-0.4873749016510238,1.3485268399932637,-0.5058431199974579,3.5269781724852654,1.633131000018528,-0.9397537308982774,-0.16109503111456677
0.7684134513094827,-0.8700796678518613,-1.1923989205834722,-0.4646125767977909,0.6242065763148756,0.8599814103191239,-0.49020238552379836,-1.0827152648767022,-0.3393896517595021,-0.6902273567065174
0.520125764917578,1.1593875512977252,1.0328839782039516,1.4265572464249747,-0.9243360488206126,-0.5058216662442223,-0.06429711693906771,0.18082739453554675,1.730866982429285,0.19774224261623008
0.7337686578594494,0.19827000328559194,0.6894491798978681,1.919740951578354,-0.26842047062488067,-0.5058431199974579,-0.5743318212936217,0.7856328748029953,-0.941956167073207,-0.1337092879457819
-0.4557025839250259,1.405624278474387,0.7162335229200065,0.05892089482656551,-0.9403552480131679,-0.5057622657622906,0.2827368056114535,-1.6798162167331003,-0.7379304886865429,1.376466258448867
0.2371932850756394,1.2348471934970244,1.0185989952588117,0.0010666524912651733,-0.8950626904462248,-0.5058431199974579,0.093445575129351,1.4674836391809465,0.01056410833878758,-0.03743488396943309
-1.7375599415762568,-0.893909028546377,-0.7301210002754571,-0.37166641698042324,1.9345951031355275,-0.5025251971997549,0.27747871587583955,-1.3908964013187142,1.5811680630242193,0.3069045310349859
-0.32289754236656487,1.1832169119922404,0.4418428088487683,0.09211595190419665,-0.9471686672569809,-0.4720196351665048,3.8687540053001723,-1.1482037563706298,0.06205439648903677,0.2857662402530975
0.7741875835511549,-1.068657673639492,-0.4466037693226014,-0.45892199558448266,0.2966094446097124,-0.5058431199974579,-0.6852775147150761,-1.4063054581408148,-0.2389785843297553,0.5839517359905488
-0.6462489479002088,-1.5770173684558266,-0.8055139658192537,-0.4854780412465877,1.4086364054437523,-0.5032338797390701,-0.04852284773222597,-0.37775091526559984,0.5257005815568004,-0.6608979847554525
0.9762822120096823,0.3213883668739231,0.46783354170728747,-0.08808578651723022,0.20644509643397949,-0.5056060334752143,-0.400814860018361,-0.10038789246778906,-0.30755443795824616,-0.1299502983494835
0.2833863430090172,0.7940040206484842,0.6918300103887249,-0.08144677510170398,-0.7796523247812867,-0.49885293313239426,1.071450265953547,0.9243143862019003,-0.40406118671425434,-0.8617281113640817
-0.7617315927336531,1.036269187709394,1.0568906856534237,-0.3232964766673034,-0.9284836088366966,-0.5058260794036717,-0.07481329641029563,-0.7745341284346902,0.6925851771753329,1.616657208151019
-0.1843183685664317,0.011606677845219323,-0.06963894160361939,-0.38304757940703965,0.6843161417653643,2.451295839508727,-0.6274385276233226,1.039882312367655,0.9255094877966802,1.8172203183921198
0.07551758230881735,-0.016194242965049007,-0.3997807696690859,-0.39063502102478403,-0.32853003607536935,-0.05808460652103125,-0.4481376676388866,-0.6551139380634107,-1.340029820569202,0.9169542483806586
-0.2536079554664983,-0.7668191048422932,-1.0443906250685453,-0.23983461887211613,0.38076283624039653,-0.5058431199974579,-0.5375251931443239,-0.47405752040372867,0.4129091532043433,-0.3978378364325738
1.23034403064326,-0.7191603834532618,0.1488022559324857,0.0048603733001372435,0.41983405378321426,-0.5053889189154422,-0.8004296799250218,1.2093819374107615,0.06238809893978393,0.8018192875106055
0.3642241943924282,-1.0527714331764815,-0.30712678306657804,-0.5632493178284668,0.30262040115476124,-0.5052665101131969,-0.6195513930199017,-0.4894665772258292,-0.7063956070909596,-0.5782540420981305
-0.3633164680582704,-0.7707906649580458,-0.2999842915940079,-0.1658570630991092,0.3386861404250544,-0.5058034982009417,-0.7268164236264263,-0.3199669521827226,1.122761006433181,0.7202669281660272
-0.17854423632475952,0.24195716455887073,0.499577948252044,-0.15826962148136497,-0.3465629057105159,-0.5058431199974579,-0.3482339626622215,0.9127575935853247,-1.3116984825007887,0.35921281386899595
0.4046431200841338,0.817833381343,0.9912194446139588,-0.5328995513574896,-0.5960176023300437,-0.5058431199974579,-0.9013850028488097,1.7987783608561094,0.32945017027253964,0.36340666638607283
1.542147171693559,0.14663972178080834,0.4015670930451086,-0.3138121746451231,-0.7835594465355684,0.3413546429111767,-0.5795899110292356,0.29639532070130137,-0.004752834150495344,-0.6431266770932196
0.5258998971592502,-0.1909428880581642,0.16646008207300658,4.37617517532307,-0.22333829653701429,-0.5058431199974579,-0.6137674943107263,0.39270192583942976,-1.10059831215829,0.3084045562153422
-1.0388899403339191,-2.1370073447769453,-2.0929480537500305,-0.4797874600332795,2.0217539730387366,2.04541402153729,0.6245126384263607,-1.28303300356401,0.241719795971176,-0.09649561790947767
0.9820563442513546,0.4286204899992438,0.8826932547390728,0.2220508896080677,0.2214724877966016,-0.5058431199974579,-0.5638156418223937,1.2671659004936389,-1.076071182028392,-0.3070586098703192
-0.6520230801418809,-1.2314916383853491,-0.7846816990242573,-0.44848926336008427,0.5821298804995335,-0.5056723919311683,-0.5059766547306401,-0.5665118613363322,-0.7380973399119162,-0.34759788832642313
-0.299801013399876,0.16252596224381882,0.13471567552825006,-0.4617672861911367,0.05617118280775793,-0.5058374183243006,-0.2956530653060819,-0.11964921349541481,-1.0469055878331115,0.11684071388412681
0.5489964261259391,-0.22271536898418515,-0.22895618195011536,-0.36787269617155116,-0.809707107506531,1.6846301833404569,-0.5585575520867798,0.939723443024001,-0.06979144180106911,-0.2133299172689966
0.2371932850756394,0.44053517034650164,0.6571095657303977,-0.5034982150887304,-0.8986692643732542,-0.5058431199974579,-0.5007185649950263,0.3657360764007537,-0.4014583075984284,0.4230976357034983
-0.6693454768668976,1.3778233576641188,1.090817520148132,0.055127174017693244,-0.9418579871494303,-0.5058431199974579,1.2502253169644215,0.026736826314540642,-1.3757359827991218,-0.6148966691150306
1.5132765104851982,-1.163975116417555,0.1037648791471125,2.5836420931309796,0.38677379278544544,-0.07419102786910417,-0.5585575520867798,-1.0596016796435512,-1.396358794255281,-1.4387930707857284
-1.5585618420844183,-0.500724577086868,0.3970038346043,-0.1658570630991092,1.4477076229865702,-0.5054565658851041,0.6823516255181143,-0.042603929384911754,-1.7107398731039498,-2.767498394025636
0.035098656617111826,1.0402407478251465,1.2102558497727782,0.05607560421991123,-0.9466517249941067,-0.48838375925614685,-0.7446939287275138,0.9089053293797997,1.5954838981612622,0.9161864733138656
0.2776122107673449,-0.8661081077361087,-0.3751788545968996,-0.45323141437117453,-0.7847616378445783,-0.5058431199974579,-0.5638156418223937,-0.8477271483396681,-1.7392714326428114,-0.12431299601590036
-0.03419093028295405,1.0322976275936413,1.3404079166062794,-0.2730296759497475,-0.9244863227342389,-0.44689361786351106,-0.06955520667468167,-1.681742348835863,-0.5711793740483094,-0.6160938871314641
-0.5538628320334535,-0.028108923312306862,0.17062653543200587,-0.5082403660998206,-0.4697875148840176,0.6699256384118638,0.8453524073221469,-0.4162735573208514,0.3472031406522759,-0.0883429578415578
-2.3322955624684947,-1.5333302071825479,-2.684187625646119,-0.4380565311356859,0.6121846632247778,2.0711842956942066,0.5035765745072396,-1.688676424405808,0.5327083330224859,1.082233894928041
0.5836412195759725,-0.1909428880581642,0.03769683302583823,-0.33467763909391984,0.6512558807675956,-0.5058431199974579,0.16705883142794634,1.2864272215212647,1.3984659712402825,-1.837831783094386
0.9647339475263382,-0.3855493337300421,-0.31129323642557744,1.8533508374230918,1.0299461431056738,-0.5058431199974579,-0.5427832828799379,0.18467965874107187,-0.16646504178245056,-0.4330290964610864
-0.894536634292114,1.0958425894456831,0.6944092434204864,0.9428578432937758,-0.9469372454299965,-0.43465273763897566,1.0767083556891608,-0.43168261414295195,-0.255697077112176,-0.9324454271390905
-2.020492421418195,-1.0726292337552445,-1.7282841835671414,-0.31760589545399515,2.036781364401359,0.715023618186468,-0.02749048878977012,-0.9979654523551491,-1.034291635194878,0.5146894512985614
-0.2478338232248261,-0.10754012562735922,0.042855299089361115,-0.4579735653822647,-0.340551949165467,-0.5058431199974579,-0.6994743570012338,1.066848161806331,-1.3317539997906784,-0.972128885276149
-0.005320269074593587,0.055293839118498125,0.4551357790893849,-0.4437471123489941,0.5069929236864227,-0.5058431199974579,-0.39029868054713307,-0.4393871425540023,-1.0065943317828843,-0.1532595348977912
-0.3113492778832205,-0.7906484655368089,-1.0441922225276408,-0.47694216942662543,-0.9256885140432488,-0.5031436837795209,-0.6595128750105678,-0.8901020546004448,-1.3660586117274616,0.1680852254107306
-0.5249921708250925,-0.1234263660903697,0.32339649192864595,-0.4892717620554599,-0.8902539252101856,-0.5058431199974579,-0.08532947588152355,-1.2868852677695353,-0.8064729720699594,0.8311523198491095
-0.7501833282503086,0.8932930235422997,0.5176325794743741,-0.3934803116314381,-0.9229234740325263,2.3675424484987477,-0.7552101081987418,0.5313834372383351,-0.9036137554823864,-0.9011380011347967
2.37939634673603,-0.9137668291251401,-0.8955887193899998,-0.04920014822629073,-0.6410997764179104,-0.5048348580210685,-0.7378584120712156,1.55993798011355,0.0614537320776923,-0.6105602346188961
-1.7837529995096344,-1.851055016442757,-0.7215896910165539,-0.4959107734709861,1.874485537685039,-0.5053405996513981,-0.40607294975397495,-1.414009986551865,-1.1034014127445642,-0.6499974714678598
-0.2016407652914483,-0.6556154216012201,-0.2858977111897723,-0.5641977480306848,-0.33454099262041825,-0.5058431199974579,-0.4271053086964308,-0.5973299749805334,-0.7994652206042738,0.48908115226908955
-0.5711852287584699,1.07598478886692,0.4218041522173909,0.3927683260073145,-0.8241334032146483,-0.5056343807767869,0.5140927539784675,-0.8438748841341429,1.3613916289623005,1.490288435034564
-1.5065946519093685,-1.4936146060250217,-0.7021462420078906,-0.17344450471685352,2.027764929583786,-0.5058054309715034,-0.41658912922520286,-1.0673062080546016,1.4586992636001006,-0.5323122098107455
-2.378488620401872,1.2586765541915401,0.9142392587429248,-0.16206334229023703,-0.9476388142231519,0.06754547999393731,0.44047949767987205,-1.0942720574932776,1.1207587917287005,-0.10422886033970871
0.722220393376105,-0.05193828400682257,-0.591239221642148,-0.49401391306655007,-0.8532865424581353,-0.5058387068380086,-0.7678295235642154,1.2093819374107615,-0.30371685977465684,1.7558920712392316
0.3642241943924282,0.24195716455887073,0.5775501468276019,-0.4560767049778286,-0.7796523247812867,-0.5058431199974579,-0.7483745915424436,-0.08112657144016332,-0.6720909951541766,-0.8645420043540053
-1.0908571305089692,-2.500802251379885,-4.0224127640485055,-0.32803862767839354,2.0337758861288346,2.560819504675622,-0.5848480007648496,-1.6775048582097851,-1.853864854229302,0.2457909497785424
-0.9003107665337863,-2.1489220251242034,-2.0102141941927587,-0.4133973458780169,1.796343102599404,-0.5058431199974579,-0.5007185649950263,-1.0865675290822272,0.0387285951818275,-0.012881872160042055
0.5316740294009225,0.16252596224381882,0.6390549345080674,-0.5243636795375273,-0.9178442157519602,-0.5058431199974579,-0.28513688583485397,0.7317011759256432,-0.4376650235044684,-0.13377435843868546
0.22564502059229496,0.06323695935000335,0.5634635664233661,-0.543332283581888,0.10425883516814866,-0.5058431199974579,-0.6311191904382524,1.3095408067544152,-0.9062500048432868,-0.7397018834829873
0.30070873973403384,-0.07576764470133827,-0.19542615253721637,-0.35838839414937074,-0.7246520723940895,1.5010169799724256,1.6235496881930127,-1.1559082847816802,1.6692988802664792,1.2133480343994871
-0.8194729151503752,1.3261930761593346,1.1062929183387011,1.2273869039591871,-0.8833413251833796,-0.4947296892672876,-0.3587501421334494,-1.5288074598765147,1.5972525211502204,0.7246529707851749
-1.7029151481262235,-1.9821165002625933,-2.8913198783506537,-0.48263275063993355,2.00372110340359,2.6349090428767576,-0.13265228350204922,0.3349179627565529,-1.9661557289056386,-2.5485227863008033
0.9243150218346325,0.7145728183334319,-0.044640221449623485,-0.4228816479001972,-0.03098768709545059,-0.5058431199974579,3.0747824552224645,1.8835281733776623,1.5320136920291982,-1.6323229308750589
0.30070873973403384,-0.3934924539615473,-0.011506997118533964,-0.3877897304181298,-0.6945972896688452,-0.5043838782233225,-0.3377177831909936,0.6007241929377879,1.1397130909311248,0.8031981566781057
-0.7213126670419475,1.2586765541915401,0.7840871919094233,-0.07101404287730555,-0.9476343961700913,-0.5057902909354363,2.328133712765283,-1.1867263984258811,-0.4087997615148604,0.11319608608347827
-1.004245146883886,-1.9781449401468407,-0.7362714790435038,-0.4541798445733925,1.92257319004543,-0.5056852770682468,-0.6153449212314105,-1.017226773382775,-1.2941123633464264,0.4658087122250505
-1.4892722551843518,1.1752737917607357,0.1329300526601075,-0.09851851874162863,-0.9476388743327174,2.4384107024302684,1.318580483527403,-1.6771196317892327,-0.4018587505393246,1.1448139129160346
-0.22473729425813718,0.3055021264109126,0.11547062906049148,-0.4058099042602727,1.4537185795316188,-0.5058225359909752,3.0379758270731676,1.1824160879720855,-0.4360632517408837,-0.3461442926545153
-1.4950463874260242,1.0600985484039096,-1.0041149092648858,0.01908682633340783,-0.9192868453227717,-0.5058431199974579,1.5183878934807333,-1.3215556456192616,0.9369554818572992,0.3221491746293257
0.6529308064760391,-0.3974640140772999,0.46763513916638294,-0.4987560640776403,0.07720953071542894,-0.5058398342875029,0.08818748539373704,-0.1042401566733142,-0.8386752585670368,0.06160281397562949
0.1967743593839339,0.4921654518512857,-0.09483606429851957,-0.5262605399419633,-0.2954697750776006,-0.5051376587424123,3.9633996205412236,0.4813040025665083,-0.28696499674716175,0.9496843408014558
0.9647339475263382,-0.4768952163923523,-0.11467631838899218,1.919740951578354,0.5791244022270091,-0.5058431199974579,-0.6437386058037259,0.3618838121952285,-0.9729237545025207,-0.25101171265233757
-0.46725084840837033,1.238818753612777,1.1947804515822094,-0.07575619388839572,-0.7958819074529186,-0.5058431199974579,-0.5164928342018681,0.4658949457444076,-0.8864280792689202,0.4015030768425198
1.1437320470181769,-0.47292365627659966,-0.08412232708966424,-0.07860148449504979,-0.7102257766859722,-0.5036236551356935,-0.5480413726155519,-0.3199669521827226,-0.7381640804020659,-0.46124834296124007
-0.6866678735919143,-1.9622586996838303,-1.6147979301696371,-0.5376417023685797,1.817381450507075,2.4319681338910395,-0.7184034800494441,-0.712897901146288,0.7541866495832135,-2.19031952359112
1.2245698984015878,1.2825059148860558,1.067009215239565,0.14143432241953466,-0.6897885244328061,-0.5057960892471215,2.4332955074775624,0.5352357014438603,0.5707504124076348,-0.21218476487299257
-0.6173782866918476,0.6311700559026273,-0.6166347468779532,8.21731749430612,1.3815871009910323,-0.5058431199974579,3.768850300323508,-1.0981243216988026,-2.319947067187518,0.3815661532328821
-0.44415431944168143,-0.3021465712992375,-0.4333107990819846,-0.492117052662114,-0.724351524566837,-0.505820957561683,-0.4954604752594123,-0.7822386568457405,0.6643873200872186,2.160199739632617
0.6067377485426614,0.9727242258573521,0.998361936086529,-0.1535274704702748,-0.34355742743799145,-0.5056888204809434,-0.5743318212936217,0.7432579685422186,1.6637594195840801,-0.7165397985400648
-1.4084344038009406,-1.7358797730859314,-3.1127371140003297,-0.4968592036732042,2.012737538221163,2.3643211642291333,2.522683032982999,-0.7013411085297125,-0.3962859196118511,0.239209653638629
1.9232398996439253,-0.5245539377813837,0.3212140639786939,1.635211890912943,-0.6020285588750927,-0.5058377404527277,-0.6284901455704454,1.120779860683683,-0.7384977828528125,-1.8891075512060258
0.7106721288927605,1.0640701085196622,0.4928322618612833,-0.4579735653822647,-0.8310460032414544,-0.5058431199974579,0.7769972407591653,0.8896440083521739,0.12986273448080984,0.08408282978066728
0.8434771704512216,0.3412461674526862,0.21824314524914024,-0.43426281032681374,-0.39765603634343133,-0.505839190030649,-0.723661569785058,0.15771380930239587,-0.8380078536655426,0.6430824976147121
1.3342784109933599,0.7145728183334319,0.4212089445946767,-0.236989328265462,-0.6516189503717458,-0.5058243076973233,-0.18523318085818882,0.20008871556317245,-0.9054491189614942,0.14703575353816326
0.3642241943924282,0.6748572171759061,0.6505622818805417,-0.39727403244031023,0.3897792710579699,-0.5057368176165606,-0.5007185649950263,0.9936551419013532,0.7219509928410612,-0.597196494181754
1.750015932393759,-0.6437007412539623,0.09662238767454244,0.7626561048723489,-0.4637765583389688,-0.5053373783671284,-0.02223239905415616,0.9358711788184758,-0.6032815498101627,-0.7891567598035192
-1.570110106567763,0.48025077150402784,0.5535434393781299,-0.46271571639335485,-0.9475013737017494,-0.4652549382003142,-0.5743318212936217,-0.9363292250667464,-0.23270497825571326,0.4089164502902591
-0.7559574604919809,1.2269040732655192,0.3245869071740744,0.9428578432937758,-0.9450528105531237,0.2962566631365725,0.16180074169233236,0.4813040025665083,2.198117153965116,-0.5389508859292527
-1.622077296742813,-0.8541934273888508,0.4985859355475204,-0.5328995513574896,0.9668310993826608,-0.5055602912385858,0.3616081516456626,-0.8823975261893945,0.7113726251523848,-0.2319854434686687
0.4219655168091504,0.5993975749766064,0.6727833664618711,-0.4048614740580546,-0.9460416129047843,1.4398125788497484,-0.7294454684942333,-0.3507850658269238,0.1956688577681018,1.5196373200644773
0.9416374185596491,0.23004248421161289,0.1853083234589556,-0.39063502102478403,-0.8271388814871727,-0.5058336494217053,-0.4428795779032727,0.577610607704637,0.027716414307179388,-0.7984074388338294
-0.46147671616669805,-2.26489158050418,-4.444216566011956,-0.4257269385068514,2.027764929583786,2.4931725350137164,-0.5112347444662542,0.06140720416426699,0.05888422320694118,-1.3174500414998416
0.21987088835062277,0.6113122553238642,-0.1745938857422202,0.6109072725174629,-0.7685320551729462,-0.5058218595212784,0.8663847662646027,-1.0942720574932776,-0.7391651877543067,0.9229657730251062
-0.7559574604919809,0.9488948651628364,0.7182175483290537,-0.2180207242211013,-0.9097895339815945,-0.503201666896374,0.3668662413812766,-1.2791807393584849,-1.538482668028392,0.4320777010891753
0.12171064024219505,-1.108373274797018,-0.19959260589621577,-0.47883902983106147,1.3845925792635567,-0.5053631486412853,1.9390350723298497,0.3772928690173291,0.6246099879581861,0.5593761093763969
0.3930948556007893,1.2348471934970244,0.9644351015918208,-0.03876741600189231,-0.07907533945584161,-0.5058303637117503,-0.8519589593340386,0.2463158860294743,-0.9025125373949214,0.6121503622208191
-0.3344458068499093,-0.7866769054210563,0.0628939557207387,-0.46081885598891875,1.1621871870967486,-0.5054694510221827,-0.6579354480898835,0.29639532070130137,0.5799939702933239,-0.04791705259878646
-1.27562936224248,0.11089568073903477,-0.8082916013919198,-0.38873816062034794,-0.9464623798629375,-0.49904621018857115,-0.13265228350204922,-1.236805833097708,0.8452540483920471,0.6201081669892224
1.2649888240932934,-1.1322026354915338,-0.6281420942504273,-0.364078975362679,1.3695651879009345,1.7297281631150605,-0.5953641802360774,0.17312286612449648,-0.20403993773655335,-0.8756914860382006
-0.8598918408420807,0.17841220270682928,0.7039325653839134,-0.4029646136536185,1.1531707522791754,-0.5058431199974579,0.6981258947249559,0.23090682920737368,-0.4757071028896168,1.9463380804604462
0.36999832663410037,-1.0289420724819658,0.05098980326645504,-0.4759937392244073,1.441696666441521,-0.5058395765847613,-0.5427832828799379,-0.042603929384911754,-1.3439675094880155,0.24492816189735653
-1.6393996934678292,-1.747794453433189,-1.6632081501503908,-0.4968592036732042,0.5250257933215693,-0.49785433500881376,-0.4376214881676587,-1.2522148899198087,0.9141302342262102,3.9610424209917077
0.5489964261259391,0.9171223842368154,0.672981769002776,-0.5006529244820762,-0.7285591941483712,-0.4543025716836247,-0.30091115504169585,-0.3931599720877004,-0.004953055620943535,-0.7776242762195646
-0.028416798041281784,0.4921654518512857,1.0513354145080909,1.1894496958704657,0.8946996208420744,-0.5058431199974579,-0.7141970082609529,0.8973485367632242,-0.10873451780323418,-0.40927935208430505
1.0859907246014546,0.16649752235957144,-0.5204095145391601,0.7721404068945293,-0.5238861237894574,-0.5058431199974579,0.6770935357825003,0.7471102327477438,-0.6788985251494135,0.7930769388674801
0.6182860130260058,1.0164113871306308,0.7211935864426245,0.9428578432937758,-0.8794342034290978,-0.5058431199974579,-0.7336519402827246,0.9435757072295261,1.799809908753598,-0.16628043222809516
-0.12657704614970955,-1.8748843771372725,-0.37279802410604274,-0.3688211263737692,1.916562233500381,-0.5058431199974579,-0.3219435139841517,-0.7051933727352377,0.5359786170398061,-0.16066217308672973
1.4959541137601815,1.0600985484039096,0.7737702597823775,-0.11559026238155319,-0.7511002811923045,-0.5051924205749958,-0.4639119368457285,1.459779110769896,0.26351056600494926,-2.865693692335167
-0.5134439063417481,1.2626481143072927,0.5096964778381851,2.7164223214415055,-0.9349754419053491,-0.5058186382370089,0.42996331820864414,0.026736826314540642,-0.4035940032832083,0.11048130291122876
-0.005320269074593587,0.8496058622690209,0.843211149099032,1.198933997892646,-0.8358547684774935,-0.5053373783671284,-0.16945891165134694,0.16541833771344613,1.6961619275516062,0.38317969479517755
0.20254849162560606,-2.4499662818982513,-1.651303997696107,-0.39822246264252836,1.913556755227857,-0.5058431199974579,-0.5690737315580077,-0.7090456369407628,-0.8443815704748088,-1.3995719625033276
1.0051528732180437,0.5795397743978433,0.4043447286177748,-0.3043278726229427,-0.2954697750776006,-0.44818213157135695,-0.6821226608737077,1.143893445916834,-1.0059269268813902,0.469907763947024
-1.137050188442347,-0.44115117535057874,0.3035562378381732,-0.42098478749576124,-0.7264553593576042,-0.5058431199974579,-0.4271053086964308,-0.3970122362932256,-0.013629319340363485,1.829085113836433
1.7269194034270698,0.08706632004451907,-0.14582551731103444,1.1515124877817442,-0.5900066457849951,-0.5058431199974579,0.5508993821277652,1.3711770340428178,-1.2293407176564497,0.2742234620210533
-0.40373539374997586,0.5993975749766064,0.3196268436514561,-0.48642647144880574,-0.8154175162243275,2.409419144003737,-0.6468934596450943,-1.0403403586159257,0.595377653272757,0.4047664793893992
-0.680893741350242,1.1752737917607357,0.7457955015148109,0.34534681589641253,-0.7796523247812867,-0.5058391256049636,2.3439079819721247,-0.7591250716125896,0.23781547729743735,0.3756995014600953
1.5363730394518869,0.07912319981301383,0.10812973504701656,0.23153519163024813,-0.9225327618570981,-0.49659803414366405,-0.7215583338908124,1.5676425085246004,-1.472676544741101,0.2409262020023448
0.9300891540763048,0.5239379327773066,0.39938466509515663,-0.0776530542928319,-0.8382591510955132,-0.5058431199974579,0.1144779340718067,0.2809862638792008,-0.8051047920218971,-0.9892816389649792
1.120635518051488,-0.024137363196554244,0.35434728830978346,-0.41434577608023493,0.9037160556596476,-0.505700739232741,-0.5007185649950263,1.7564034545953329,-0.5161184696750682,0.16962301410732072
1.4497610558268037,0.48819389173553307,0.8156331959132749,1.3981043403584337,-0.3375464708929426,-0.5058431199974579,-0.5969416071567617,0.6007241929377879,-0.6410232969896389,-0.6206321223368756
0.26606394628400043,-1.4419843245202377,-1.0799046798904917,-0.5291058305486175,0.9548091862925633,-0.5058431199974579,-0.6752871442174097,0.29254305649577617,-1.5959796002920856,-1.1236764917299489
-2.459326471785283,1.4016527183586345,0.428946643689961,0.3263782118520518,-0.947655013751041,2.560819504675622,-0.164200821915733,-1.696766179237411,-0.6607451118287814,2.051050487986199
1.3689232044433932,0.20621312351709717,0.1579287728141032,0.06555990624209165,-0.9213305705480883,-0.502892423606491,0.5298670231853094,0.6931785338703916,-0.8815226532429404,-0.6085284730702865
-0.9926968824005414,-1.5690742482243214,-1.6536848281869636,-0.1914646785589963,1.9586389293157231,-0.5058180906186831,1.5341621626875752,-1.0249313017938253,-0.40429477842977685,-0.6669687466440811
-0.2016407652914483,-1.2553209990798648,-0.520607917080065,-0.5461775741885421,1.282406317997726,-0.5058105850263348,-0.5743318212936217,-0.924772432450171,0.39532303404998137,0.057431471205709746
0.31803113645905046,0.31344524664241785,0.33490383930112005,-0.5604040272218127,-0.7898709509078697,-0.5058431199974579,-0.5480413726155519,1.8257442102947852,0.3932540788553501,-0.7699625407319696
-0.4499284516833537,0.3452177275684388,0.5469961555282739,-0.465561007000009,-0.9031774817820408,-0.5058431199974579,-0.527009013673096,-0.712897901146288,0.9268109273545929,1.0867130422657962
-1.2352104365507746,0.05926539923425074,0.5067204397246142,-0.49970449427985825,-0.8181224466695994,-0.50532449323005,-0.39029868054713307,-1.0750107364656518,1.0548191874611101,0.35828767608324996
-0.2478338232248261,1.2547049940757875,0.47319041031171516,-0.028334683777493794,-0.9469823276040844,-0.5057690304592568,-0.5953641802360774,-0.5934777107750082,-0.5060072854174368,-0.2139958783980841
0.5894153518176447,0.8218049414587526,0.3031594327563637,0.7626561048723489,0.9037160556596476,-0.5058151592499976,3.863495915564558,1.2132342016162867,0.46329822326712716,-1.2896799644331254
0.803058244759516,-0.7191603834532618,-0.1577296697653182,-0.5215183889308731,1.5979815366127914,-0.48029833573941433,-0.5638156418223937,-0.9555905460943721,-0.6392880442457547,0.04410849484339567
0.08129171455048961,0.0711800795815086,0.14979426863700937,0.2979253057855108,0.6692887504027422,-0.5058431199974579,-0.7762424671411976,0.3965541900449549,1.128166986135281,0.2938922374978426
-0.5711852287584699,1.2110178328025087,0.3235948944695508,-0.07006561267508747,-0.9476089698239057,-0.455913213818432,-0.6021996968923756,-0.43168261414295195,-1.3406972254706957,0.9755654447374414
-0.03419093028295405,0.46833609115677,0.6200082905812135,-0.39917089284474633,-0.5599518630597506,-0.5058431199974579,-0.698422739054111,-0.29685336694957165,0.9337853085752036,-0.29631904439286794
-2.829448348476472,-2.2100840509067936,-3.5178751025277837,-0.37546013778929543,1.823392407052124,2.486729966474487,-0.527009013673096,-1.6004595740992822,1.8083860617377936,1.4811749366639415
1.2245698984015878,0.7503168593752054,0.7543268107737141,-0.2986372914096344,-0.918204873144663,1.513902117050884,-0.8188329939996707,-0.9864086597385735,-0.538242942159589,-0.7813123609550847
-0.8714401053254253,1.2269040732655192,1.0935951557207986,-0.09567322813497456,-0.947598751197779,-0.5053341570828589,1.1187730735740726,-0.7244546937628635,1.7637366738278566,1.0292609873050795
-0.17277010408308724,-0.5285254978971363,0.43906517327610217,-0.5281574003463994,1.2433351004549085,-0.5058431199974579,-0.17471700138696092,-0.9363292250667464,-0.6987538209688553,-0.5082338909927983
0.17945196265891725,0.1386966015493031,-0.18749005090102744,-0.5376417023685797,-0.5569463847872261,0.21894584066582262,-0.53226710340871,1.2748704289046893,-0.26590837210503143,1.2927018227983342
-0.3633164680582704,0.9846389062046099,0.7406370354512879,-0.1032606697527188,-0.8006906726889575,-0.5058431199974579,-0.12213610403082129,-0.41242129311532627,1.4319029568051236,-0.12253539080971156
-0.138125310633054,1.4215105189373975,1.4578622208218779,0.9049206352050545,-0.687684689642039,-0.5044901806042198,0.8138038689084631,-1.6466867445655842,-0.7390650770190826,-0.6341022124486304
-0.19009250080810386,1.2229325131497666,0.8567025218805534,-0.17154764431241745,-0.9445929723774275,-0.5052729526817361,1.7024210342272221,-0.5395460118976562,-0.23857814138885902,1.4751974119396676
-0.08038398821633175,-0.417321814656063,0.5890574942000761,-0.03687055559745633,1.6069979714303644,-0.5058431199974579,-0.4586538471101146,0.8357123094748219,0.3687269487254523,-0.159547485881143
-0.380638864783287,-0.13931260655338018,-0.2829216730762013,-0.5366932721663618,-0.9106911774633519,-0.40243989494282995,0.6508030871044306,0.8357123094748219,-0.6787984144141893,-1.2772016234981147
-0.218963162016465,0.19827000328559194,-1.2771168055497908,7.7715552992636425,1.6911513630610486,-0.5058431199974579,3.3587193009456184,-1.5207177050449117,-0.3210360169684218,-0.9716144569466408
-1.5065946519093685,-1.6365907701921159,-0.5646532811609145,-0.4883233318532418,1.4777624057118144,-0.5049765945289316,-0.53226710340871,-1.2252490404811327,-1.2228668901119597,-0.25221023969392176
-1.4026602715592684,1.1474728709504673,0.22657605196713895,0.16514507747498547,-0.9475338328670926,-0.5055306554233052,-0.3850405908115191,-0.44709167096505265,1.9383297960586432,0.03553239527771985
-0.08615812045800401,1.2110178328025087,0.7969833570682306,-0.4380565311356859,-0.9444727532465265,-0.5037138510952427,0.8138038689084631,-0.06186525041253759,0.461896672973991,-0.013384544919725547
0.9762822120096823,0.9409517449313312,0.9249529959517798,-0.39632560223809227,-0.7426849420292362,-0.5056369578042026,2.853942686326678,0.7239966475145928,-0.7379304886865429,-0.07186513516984654
1.5594695684185758,0.30153056629516,0.10257446390168423,-0.02264410256418574,-0.6945972896688452,-0.5058431199974579,-0.3377177831909936,0.0768162609863676,-0.9061165238629885,-0.529888039578327
0.7857358480344994,0.41273424953623333,0.8662258438439804,1.9007723475339933,-0.931128429716518,-0.5058431199974579,0.0250904085663695,-0.01563807994623596,-0.8895648823059411,0.6553511665770816
1.1090872535681435,0.2777012056006443,0.6085009432087395,-0.4380565311356859,-0.8042972466159869,-0.5058392866691771,-0.36926632160467737,-0.1466150629340909,-0.34155871768935697,-0.809455620084645
-0.03996506252462623,0.24195716455887073,-0.21367918630045138,-0.45512827477561046,-0.42771081906867564,-0.5058431199974579,-0.4639119368457285,0.3387702269620781,0.9275784429913106,0.9752540953091298
-0.7559574604919809,-1.8153109754009835,-1.4150065714785762,-0.5291058305486175,1.7422444936939645,-0.5045095083098375,-0.04852284773222597,-0.19669449760591787,-1.1041021878911328,-0.37916001126755294
-0.3344458068499093,0.5358526131245644,0.827140543285749,-0.4959107734709861,-0.9264098288286545,-0.502557410042451,-0.766252096643531,-0.2698875175108955,0.1291619593342413,1.1259710016014306
-0.7963763861836863,-0.6516438614854675,0.404939936240489,-0.5072919358976026,1.3545377965383123,-0.5037879406334438,-0.27987879609924,-0.5665118613363322,-1.1213546045947482,-0.8344162998461119
-0.7386350637669642,-1.7438228933174365,-0.6215948104005711,-0.48452961104436965,1.8925184073201853,-0.5057890024217284,0.20912354931285804,0.33106569855102774,-0.2894343948826889,-0.8089965504544748
-0.4499284516833537,-0.29023189095197965,-1.0045117143466955,-0.5357448419641437,-0.7787506812995294,-0.47137537831258197,-0.016974309318542196,1.4867449602085723,0.7966002310731459,1.0000080721354323
-1.7029151481262235,1.3817949177798714,0.43231948688534144,1.2937770181144497,-0.9475061824669854,0.776228019309145,0.18283310063478822,-1.5804278002305516,0.4566241742521893,-2.8737497965267167
0.23141915283396722,-0.8899374684306244,0.0978128029199708,-0.49496234326876815,-0.7637232899369072,-0.5058184449599527,-0.6737097172967254,0.839564573680347,1.792234863121643,-0.14625151256096397
0.8203806414845326,0.6669140969444008,1.0055044275590992,-0.289152989387454,-0.009949339187779568,-0.5058431199974579,-0.6484708865657784,1.2093819374107615,-0.37132497629598166,-0.4976166746740164
0.9878304764930269,1.2269040732655192,0.7771431029777578,-0.09472479793275647,-0.6597337417075618,-0.5058431199974579,-0.7783457030354433,1.1323366533002586,0.19713714855138767,-0.5328381584011245
1.5998884941102813,-0.615899820443694,0.5132677235744701,3.65536822163736,-0.499842297609262,-0.5058431199974579,-0.8666816105937577,1.3210975993709906,0.2522981636598534,-0.6802554157315222
-0.3113492778832205,-0.7271035036847671,0.19165720476790693,0.5445171583622003,0.3657354448777743,-0.5058431199974579,0.42996331820864414,0.05370267575321674,-1.4382050815789442,-0.09891683551786132
-0.2074148975331206,0.7781177801854737,0.18253068788628943,-0.2711328155453114,1.3545377965383123,-0.5058431199974579,0.7664810612879374,1.1631547669444597,-0.8616339871784245,1.2215453046718487
0.22564502059229496,0.333303047221181,0.24740831876213523,-0.4684062976066631,1.5498938842524004,-0.5058086522557731,-0.907168901557985,1.8835281733776623,0.4897941978564326,-1.1991682299152309
-0.6635713446252254,-0.7747622250737984,-0.9773305662427477,-0.4959107734709861,1.1201104912814064,-0.5058431199974579,-0.4586538471101146,-0.6242958244192095,-0.53597376549451,-0.13585726275435372
1.0975389890847989,-0.9256815094723979,-0.5204095145391601,-0.44848926336008427,0.02912187835503802,1.230429101324801,-0.5743318212936217,-0.635852617035785,-0.20614226317625908,-1.1105395310975141
0.9012184928679438,1.0084682668991256,0.9045175342385929,0.16514507747498547,-0.6831764722332523,-0.5058431199974579,-0.7441681197539526,1.8835281733776623,0.7086362650562593,-0.35298846017992913
-0.6173782866918476,0.4325920501149964,0.1886811666543359,-0.5566103064129405,-0.8713194120932819,-0.5056105432731918,2.6015543790172084,-0.8323180915175674,-0.8698096972217237,1.0713683874350124
-2.11287853728495,1.3738517975483662,0.5658443969142231,-0.0036754985198249883,-0.9476497241092813,-0.3818236756172966,-0.6542547852749537,-0.6512616738578856,-0.35063542434967326,-1.727044021544843
-0.2016407652914483,-0.2783172106047218,0.39184536854077695,-0.4133973458780169,1.093061186828687,-0.5058431199974579,-0.5480413726155519,0.0036232410813897757,0.75999307222621,-0.06373216961665759
-0.9234072955004752,1.087899469214178,0.23728978917599416,-0.42098478749576124,-0.8905544730374381,2.4061978597341227,-0.53226710340871,-0.5048756340479298,0.26260956938793306,0.25149856423755235
0.01777625989209521,1.0442123079408991,1.0693900457304217,-0.23224717725437186,-0.939123001921433,-0.5058431199974579,0.20912354931285804,0.015180033697965159,0.22850517892159855,0.3047736027950561
0.09283997903383398,-0.985254911208687,-1.6116234895151613,-0.5129825171109108,0.8977050991145988,-0.4757563249192578,0.5351251129209234,-1.1096811143153784,-0.4066640658300804,0.2942141205890451
1.4497610558268037,0.28961588594790216,0.49541149489304465,-0.19241310876121437,-0.6552255242987751,-0.5058431199974579,-0.6290159545440068,0.5622015508825364,0.09395635078044198,-0.5922281416286848
0.8203806414845326,0.4762792113882752,0.9078903774339734,1.786960723267829,-0.7366739854841873,-0.5057429380566729,-0.754158490251619,0.8588258947079727,-0.9689526953386322,-0.17865182004819152
-2.407359281610233,1.3897380380113766,0.11150257824239695,0.3074096078076912,-0.9476498142736292,0.03855392156740615,0.3195434337607512,-1.6906025565085705,-0.6372524592961988,0.5432545839414569
0.439287913534167,0.14266816166505572,0.18451471329533659,0.563485762406561,-0.9376503175678959,1.2078801114374988,-0.766252096643531,-0.44709167096505265,1.932523373415646,-0.23466451918562836
1.9232398996439253,-0.5245539377813837,0.3212140639786939,1.635211890912943,-0.6020285588750927,-0.5058377404527277,-0.6284901455704454,1.120779860683683,-0.7384977828528125,-1.8891075512060258
-0.3575423358165982,1.218960953034014,0.5741773036322215,-0.1639602026946732,-0.5719737761498483,-0.4940854324133648,0.17757501089917424,0.31950890593445225,0.970225616196766,-0.27979691484476454
1.9867553543023195,0.09898100039177693,0.4775552662116193,-0.40865519486692664,0.3747518796953477,-0.5044805167514109,2.033680687570901,1.4867449602085723,-0.053206429998947403,-1.8609898172754762
0.5951894840593169,0.5358526131245644,0.8283309585311774,-0.35649153374493464,-0.9359973045180077,-0.5052342972705008,-0.4796862060525704,0.577610607704637,-0.23704311011542295,-0.11645694057747293
1.0051528732180437,1.0005251466676204,1.1342676766062674,-0.4380565311356859,-0.8169202553605897,-0.5057403610292572,-0.9260980246061954,0.9975074061068783,-0.0027172492009394675,-0.3923346746861014
-0.11502878166636508,0.2657865252533865,-0.19463254237359748,-0.12697142480816972,-0.762220550800645,-0.5058431199974579,-0.6216546289141472,0.893496272557699,0.8319393206072452,-0.7109965848669377
0.6125118807843336,-0.8700796678518613,0.07836935391130734,-0.27966868736527367,1.865469102867466,2.0003160417626855,-0.5480413726155519,-1.3562260234689878,-1.0716663096785328,-1.0697527856556102
-0.40950952599164814,1.1633591114134778,0.5874702738728383,0.5729700644287414,-0.9474229307188364,0.6022786687499575,-0.5164928342018681,-0.793795449462316,1.2611807830030022,0.2435635837024097
-0.5480886997917813,0.2935874460636548,0.442041211389673,-0.41813949688910707,-0.9446741202907856,-0.5055406414045411,0.6770935357825003,0.23861135761842403,0.37286485911471384,0.79347479951482
-1.0215675436089027,0.2657865252533865,-0.061702839967430034,-0.4636641465955728,-0.9290245949257511,-0.5058431199974579,-0.5638156418223937,-0.8323180915175674,-1.4901625531602392,0.29707526014352825
-1.0677606015422803,-0.3299474921095054,0.356132911177926,-0.49496234326876815,-0.9369891123479406,-0.5058431199974579,-0.24307216794994227,-0.9979654523551491,0.48178533903850634,0.4427745572320907
0.9069926251096159,-0.5920704597491782,-0.7243673265892201,-0.41813949688910707,-0.34355742743799145,1.6781876148012276,-0.6079835956015509,-1.3408169666468872,-0.07122636233928101,2.2555362931040768
-0.3575423358165982,-1.9026852979475408,-1.4033008215651974,-0.3707179867782052,1.9676553641332963,2.5060576720921746,-0.5743318212936217,-0.5125801624589801,-0.8374739297443479,0.4141052278398092
0.9878304764930269,0.4246489298834912,0.6674264978574435,-0.3726148471826413,-0.4006615146159557,-0.5058431199974579,-0.5480413726155519,1.6254264716074778,-0.9072844824406026,0.02228608460843964
0.6182860130260058,-0.4808667765081049,-0.36506032501075847,-0.31760589545399515,-0.1301684700887568,-0.5058353567023681,-0.32720160371976564,-0.2005467618114431,-0.20383971626610525,-0.023201337213900823
-0.8021505184253586,-0.18697132794241159,-0.2759775841445358,-0.14499159865031247,1.6821349282434757,-0.5057722517435265,-0.42184721896081684,1.2016774089997113,0.30175286686054625,-0.19981210402751234
0.5316740294009225,0.5279094928930592,0.24840033146665894,-0.44943769356230234,0.8736612729344034,-0.5047704323356763,-0.1484265527088911,1.5753470369356506,-1.3061923920634646,0.7274826614864923
-1.6336255612261572,1.322221516043582,0.8182124289450363,0.14333118282397062,-0.9476533006284253,0.08365190134201023,0.5771898308058351,-1.360078287674513,-0.2454190416291707,-0.46250790712948053
0.7106721288927605,0.24592872467462334,0.1993949038631912,-0.5082403660998206,0.17639031370873515,-0.5058431199974579,-0.5974674161303231,1.4944494886196227,0.1291285890891669,-0.2441920821944739
-0.7097644025586031,1.3341361963908398,1.0451849357400447,0.012447814917881682,-0.9473099247357895,-0.5057654870465602,0.4089309592661883,-0.2775920459219458,-0.7395322604501281,0.19722206173093418
1.38624560116841,0.023521358192477176,-0.45969833702231355,0.08547694048867051,-0.9460446183830566,1.897234945135019,-0.7809747479032503,0.5082698520051843,0.028183597738224903,1.8156234254011405
-0.5769593610001421,0.04735071888699289,0.7892456579729461,-0.517724668122001,-0.47880394970159096,-0.5058431199974579,-0.53226710340871,-0.8169090346954668,-1.5739218682977152,1.4017217290532722
-2.1994905209100337,-2.5289208969994132,-2.4889595253958667,-0.45512827477561046,1.8354143201422217,2.5962536316413827,-0.6206030109670244,-1.7160275002650367,-2.1659767564128916,0.8213595867823765
1.3342784109933599,-0.020165803080801625,-0.4471989769453155,-0.3934803116314381,0.03513283490008681,-0.5058431199974579,-0.4481376676388866,1.2517568436715383,0.595411023517831,1.5914024026557698
-0.4210577904749926,-0.758875984610788,0.038490443189457435,-0.1506821798636207,0.9217489252947944,-0.5058431199974579,0.15128456222110445,-0.40856902890980107,-1.8982806504237162,-0.6105452908264196
-0.32867167460823715,1.3063352755805715,1.3941750051914605,0.3737997219629537,-0.9473039137792443,1.742613300193519,-0.5848480007648496,-1.5977629891554148,-1.5730876121708475,-0.1992815114483123
-1.0562123370589358,-1.7835384944749626,-1.8233190006605051,-0.07575619388839572,1.7662883198741597,-0.22237010427137488,-0.5059766547306401,-1.467171232588112,0.5735868832389829,-1.0750834330381769
-1.0504382048172634,-2.0933201835036668,-0.9402292910935638,-0.5044466452909485,1.808365015689502,-0.5058431199974579,-0.4481376676388866,-0.7899431852567907,-0.9618448331377234,0.40426547490014214
1.0744424601181102,0.41273424953623333,0.3989878600133472,-0.1032606697527188,-0.7682315073456937,-0.5058300415833233,0.11973602380742067,1.2440523152604879,-0.40596329068351183,-0.7659895324354614
-0.8310211796337196,1.0799563489826727,0.5777485493685066,-0.18103194633459788,-0.9474623024842065,-0.5058431199974579,0.29325298508268144,0.4697472099499328,0.8295032927167925,-0.3094816823732956
0.7857358480344994,-1.1679466765333075,-0.35970345640633095,-0.2787202571630557,0.8345900553915857,-0.5058381592196828,-0.2641045268923981,-0.34308053741587347,0.19219835228033394,0.0807702953224009
0.7684134513094827,-1.5611311279928162,-1.104506594962678,0.506579950273479,1.6460691889731824,2.3772063013075915,-0.17471700138696092,-0.9401814892722716,0.9969885527466694,-0.1199290287030987
0.24296741731731167,-0.6198713805594466,-0.5753670183697698,0.0608177552310015,-0.611044993692666,-0.50577611728465,-0.6127158763636036,1.0090641987234539,-0.6849719097530074,-0.9467810616942556
0.6991238644094161,-0.5602979788231572,0.16963452272748217,0.506579950273479,-0.6410997764179104,-0.5058431199974579,0.7454487023454816,-0.21595581863354368,0.1924986844860062,-0.3399491592444769
-0.1843183685664317,1.0124398270148782,0.4700159696572395,-0.2161238638166652,-0.9433306715029672,0.1416350181950727,-0.5427832828799379,0.8626781589134979,-0.7165735318387403,-0.1301323003265978
1.3054077497849987,0.13075348131779788,0.5575114901962244,2.0904583879776,-0.8773303686383308,-0.5058431199974579,0.07241321618689515,1.4790404317975219,-0.9169618535122628,-0.24413833198660567
1.172602708226538,-1.4816999256777639,-0.4549366760405999,-0.06722032206843338,1.5498938842524004,2.50283638782256,-0.5532994623511658,-0.3970122362932256,-1.1726446712745493,-1.3890493075737997
-2.7734392657322515,-2.1528935852399558,-2.3804333355209804,-0.36787269617155116,1.8925184073201853,1.9004562294046334,-0.5585575520867798,-1.6782753110508903,-1.492765432276065,1.219216517559188
0.13325890472553947,-0.9455393100511608,-0.591239221642148,-0.4029646136536185,1.1681981436417976,-0.5056057113467873,-0.5375251931443239,0.3849973974283794,-0.751679029657316,-1.1405909478809266
0.6991238644094161,0.7701746599539685,0.8142443781269418,0.06176618543321949,-0.772439176927228,-0.5058338749116041,-0.7031550198161635,1.5637902443190752,-1.2440236254893142,0.18315930786750115
-0.3055751456415482,-0.1035685655116066,0.4870785881750462,-0.45133455396673844,-0.2744314271699296,-0.5058431199974579,-0.24833025768555622,-0.23521713966116944,0.7588251136485961,-0.1826886957928414
0.18522609490058942,1.0402407478251465,0.7358753744695744,-0.27018438534309336,-0.7453898724745082,2.0840694327726648,0.0671551264512812,-1.6867502923030455,0.3295502810077642,-0.37303087707743
0.20832262386727834,0.1823837628225819,0.9108664155475441,0.7721404068945293,-0.21432186171944095,-0.5058431199974579,-0.5638156418223937,0.8549736305024476,-0.615561799997649,-1.2302379896091589
-0.8310211796337196,0.39287644895747026,0.5866766637092193,-0.4759937392244073,-0.885745707801399,-0.5058431199974579,1.6288077779286265,-1.1867263984258811,0.45946064508353834,1.9056952728337948
0.6009636163009892,-1.8391403360954992,-0.8455912790820086,-0.3451103713183183,1.5979815366127914,-0.5058431199974579,0.2511882671977697,0.4427813605112567,0.22630274274666887,-0.451644993011374
0.6471566742343668,0.4961370119670383,0.6493718666351133,-0.5262605399419633,0.014094486992415795,-0.45752385595323924,-0.5375251931443239,0.7894851390085205,-0.1958308574481789,0.3662560259667681
0.6471566742343668,0.5437957333560697,0.3130795598016002,0.3832840239851341,0.11628074825824643,-0.5058431199974579,-0.6994743570012338,1.3403589203986161,-0.40586317994828774,1.2285836147813602
-0.9869227501588691,-0.8780227880833665,-0.1962197627008355,-0.5395385627730158,0.9487982297475144,-0.5058431199974579,-0.29039497557046795,0.04214588313664125,1.6013570612944072,-0.06045631719188373
-0.565411096516798,0.48819389173553307,0.08194059964759261,-0.47504530902218933,-0.19328351381176995,2.4835086822048726,0.5719317410702212,1.922050815432914,-0.05103736406909256,-1.2183646168632267
-1.8761391153763896,1.3817949177798714,0.7745638699459964,0.21256658758588737,-0.9469823276040844,-0.5057593666064479,-0.30616924477730983,-1.0750107364656518,1.59568411963171,-0.39582928788461236
-0.3575423358165982,-0.06385296435408043,-0.44005648547274545,-0.5120340869086928,-0.9082867948453323,2.3288870372633728,-0.4849442957881844,-0.38160317947112504,1.7490871362400664,0.001588777349206926
-1.3218224201758573,-1.0487998730607289,0.2142750944310458,-0.5101372265042567,1.6130089279754132,-0.48715967123369336,-0.5585575520867798,-1.5384381203903275,-0.40429477842977685,0.3849716337607766
-0.2709303521915149,-0.4133502545403104,-0.01011817933220093,1.1230595817152031,1.405630927171228,-0.5058431199974579,-0.5990448430510072,-0.054160722001487235,0.6544096168098856,0.1824944400092272
0.06974345006714518,-0.552354858591652,0.13808851872363037,-0.31570903504955905,1.2553570135450063,-0.5058431199974579,0.356350061910049,1.3942906192759685,-1.5134883544674484,-1.2496445677140047
0.26606394628400043,-1.934457778873562,-1.4384180713053343,-0.5215183889308731,1.8925184073201853,-0.5058173175104583,0.3353177029675931,-0.3199669521827226,-0.2075438134693956,-1.1984593006370223
-1.6798186191595346,-2.2410622198096637,-3.004210924125444,-0.42857222911350545,1.937600581408052,2.148495118164956,-0.39029868054713307,-1.5565437621562956,0.4586597592017457,0.30339811126779953
0.46238444250085586,0.9330086246998259,0.5166405667698506,0.9523421453159563,1.7001677978786223,-0.5057274758921787,0.24593017746215576,1.8295964745003104,0.9940186009350218,-0.7302667476844478
0.2891604752506894,-0.5563264187074046,0.07241727768416566,-0.5822179218728275,-0.16322873108652558,-0.5057899688070093,0.10921984433619289,0.48515626677203344,-0.8456830100327218,-1.2989179139995486
-0.380638864783287,-0.000308002502038533,0.11566903160139627,-0.5509197251996323,-0.9443224793329001,-0.5058390611792782,-0.7604681979343557,-0.743716014790489,0.6648878737633395,1.5107061734839458
-1.004245146883886,1.2983921553490663,1.0370504315629512,0.2694723997189697,-0.9473787501882303,2.074405579963821,-0.8556396221489684,0.19238418715212222,1.9936576623924807,0.7517186025881188
-0.3633164680582704,1.0203829472463835,0.6856795316206784,-0.43521124052903176,-0.946801998907733,0.3703462013377079,0.6455449973688165,0.9050530651742744,0.7643979445760696,1.088859142401658
0.935863286317977,1.3381077565065924,0.8326958144310815,-0.3308839182850477,-0.7441876811654984,-0.5058431199974579,0.3090272542895233,1.8411532671168862,0.12842781394259833,0.27144743686726663
-0.680893741350242,0.9171223842368154,0.649570269176018,-0.3213996162628673,-0.9452752159452905,-0.5038459237502969,-0.7836037927710573,1.2093819374107615,0.26971743158884204,-0.4699601919695953
0.7106721288927605,-0.05988140423832781,0.5104900880018041,2.099942689999781,-0.6320833416003371,-0.504763989767137,-0.6579354480898835,1.6870626988958801,2.0646695439114238,-0.39464998636935017
0.49125510370921693,-0.2822887707204744,-0.14820634780189126,-0.5566103064129405,0.9698365776551854,-0.4795896532000991,-0.31142733451292376,1.1785638237665603,-0.9730572354828195,1.038639045943786
-0.299801013399876,1.3301646362750872,1.4677823478671144,-0.3839960096092578,-0.9473604167707678,1.6427534878354673,1.1187730735740726,-1.6732673675837078,1.6615903536542256,0.659158741484154
1.1956992371932267,0.28167276571639693,0.8471791999171265,0.4022526280294948,-0.701810437522904,-0.5057748287709422,0.7875134202303933,1.506006281236198,-0.8536918688506475,0.45223069815759837
0.39886898784246144,1.270591234538798,0.5202118125061356,-0.33657449949835594,-0.9471536398656182,2.3933127226556645,-0.6216546289141472,-0.2930011027440465,0.16216513171311134,0.5704287015118423
-0.028416798041281784,1.2348471934970244,1.144783011274218,2.5362205830200777,-0.9382514132224008,-0.5058431199974579,-0.7678295235642154,0.36958834060627876,-1.3166706490169178,-1.63115748771628
-0.6635713446252254,-0.7429897441477775,-0.20633829228697628,-0.4816843204377156,0.8796722294794522,-0.5058374827499861,-0.5743318212936217,-0.5087278982534549,-0.40539599651724173,2.8694990092709354
0.8550254349345661,0.4643645310410174,0.02361025262160262,-0.49496234326876815,-0.9436913288956702,2.3127806159152997,-0.827245937576653,0.804894195830621,0.296346887158446,0.9509008270653868
0.4046431200841338,0.2935874460636548,0.6537367225350172,-0.3707179867782052,-0.5028477758817865,-0.5058431199974579,-0.6521515493807082,-0.6397048812413101,0.6585475271991482,-0.06179432453785175
-0.10925464942469282,-0.0360520435438121,0.46227827056195525,-0.5660946084351208,0.8015297943938169,-0.5058431199974579,-0.5375251931443239,0.026736826314540642,-1.072901008746296,0.02112911843359678
0.08706584679216178,0.2538718449061286,0.019245396721698543,-0.2910498497918901,-0.07606986118331717,-0.5058386746251659,3.0695243654868514,0.6392468349930395,0.22533500563950196,-0.45582888022441725
1.565243700660248,-0.043995163775317335,0.5271559014378011,0.8195619170054312,-0.22033281826448983,-0.5058431199974579,-0.7431165018068295,0.6392468349930395,-0.7058283129246896,-0.6734458809554078
0.7684134513094827,0.4008195691889755,0.29542173366107943,-0.12317770399929763,-0.7306630289391384,-0.4417395630321278,-0.5427832828799379,-1.0673062080546016,-1.0070615152139297,0.9420715640638407
-0.6982161380752587,1.1911600322237457,0.3372846697919769,-0.43521124052903176,-0.9465254949066605,2.4706235451264145,0.10396175460057894,-1.5746494039222636,0.1953017850722799,-0.2159012374063903
-1.8934615121014065,-1.469785245330506,-0.3208165583890041,-0.4854780412465877,1.5318610146172538,-0.5034819186278304,-0.4639119368457285,-1.5603960263618206,0.4993380879477945,0.5724971247294843
0.012002127650422936,0.17841220270682928,0.21030704361295122,-0.44090182174233994,1.1922419698219928,-0.5058252418697616,0.6034802794839049,1.1130753322726328,-1.0743359292845078,0.5672547077302638
-0.0457391947662985,1.3738517975483662,0.7094878365292456,0.6298758765618236,-0.5779847326948973,-0.5048219728839901,0.18809119037040217,0.45819041733335736,1.9324900031705712,-0.033387439802601296
0.8319289059678772,0.5835113345135959,-1.2775136106316003,-0.01979881195753156,-0.9124944644268667,-0.5058365163647052,0.5140927539784675,1.0899617470394818,-0.6328809571914141,-0.13932287792367518
0.26028981404232826,1.2785343547703032,0.8638450133531238,-0.2986372914096344,-0.9206994201108583,-0.4936666654583148,0.42470522847303016,-1.1366469637540544,0.5296382704756138,-0.4251320916631575
0.49125510370921693,-1.275178799658628,-0.43450121432741295,-0.5044466452909485,1.616014406247938,-0.5052761739660058,-0.6547805942485152,-0.924772432450171,-0.07593156689481272,0.3793687300722528
0.09283997903383398,0.6986865778704214,0.4521597409758141,-0.42098478749576124,-0.8800352990836027,2.022865031649988,-0.5007185649950263,-0.18898996919486763,0.46393225792354653,0.8440845158239609
-1.2005656431007412,-0.49278145685536273,-1.1053002051262968,0.0978065331175049,1.9556334510431994,1.9777670518753836,2.9012654939472045,-0.32381921638824773,-0.4635269634373545,-0.5817496717353108
0.8319289059678772,1.0521554281724044,1.1100625666158908,-0.5328995513574896,-0.9190464070609696,-0.5057902909354363,-0.31668542424853774,1.3480634488096666,0.1260918967873698,-0.8203169691255016
1.8654985772272032,0.23798560444311812,0.23907541204413674,1.0377008635155798,-0.33454099262041825,-0.5058431199974579,-0.731548704388479,0.6854740054593413,-0.6719575141738776,-0.5204849648285916
1.23034403064326,0.9687526657415995,1.0116549063271456,-0.3612336847560249,-0.849078872876601,-0.5058300415833233,0.6455449973688165,1.8950849659942377,0.13056350962737842,-0.6445601082967615
0.624060145267678,-0.6238429406751992,-0.02440316227734122,-0.5376417023685797,1.2222967525472372,2.1162822754688104,-0.06429711693906771,1.2440523152604879,-0.4037274842635073,-1.2845887254546502
0.11593650800052285,1.1276150703717043,0.7227808067698623,-0.1658570630991092,-0.9471987220397059,-0.4936666654583148,-0.6842258967679533,-1.4833507422513177,-0.47150245201020596,1.1560865535378384
0.9878304764930269,0.5993975749766064,0.07797254882949799,-0.4437471123489941,-0.018965774005352903,0.7504577451522284,-0.7641488607492855,1.902789494405288,-0.7448381294170043,0.024934448743949546
0.06974345006714518,-1.0805723539867498,-0.157134462142604,-0.2312987470521539,1.6130089279754132,-0.5058431199974579,-0.4849442957881844,-1.0403403586159257,0.4068691388458247,-0.13533641872148117
0.5951894840593169,-0.7350466239162723,-0.4930299638943076,-0.1639602026946732,-0.10913012218108578,2.3772063013075915,-0.6037771238130598,0.4427813605112567,-1.3736336573594161,-1.8727782499644503
0.15635543369222837,-1.0805723539867498,-0.4797369936536908,-0.3526978129360626,1.7993485808719283,-0.5047736536199459,0.061897036715667236,1.4482223181533207,0.1368037454563456,-0.8809241793144272
0.12171064024219505,0.817833381343,0.8138475730451326,-0.13361043622369606,-0.767029316036684,-0.5058431199974579,0.4930603950360117,0.7239966475145928,-0.06995829302644282,0.3524151644302669
0.36999832663410037,-1.5095008464880322,-0.07142456447176168,0.8385305210497916,2.0337758861288346,-0.5055438626888107,-0.6079835956015509,0.5737583434991118,-1.1743799240184336,-0.08924214788006105
-0.40373539374997586,0.3372746073369336,-0.013689425068486201,-0.544280713784106,-0.8006906726889575,-0.5058141606518741,-0.8635267567523893,1.0052119345179287,0.4890266822197149,1.1457659334155543
-0.7848281217003419,1.3976811582428819,0.9473724830740141,0.6109072725174629,-0.944968657161493,-0.502992283418849,-0.2062655398006447,-0.5549550687197568,1.4715801781989317,-1.8724550368971449
1.5883402296269369,-0.31406125164649495,-0.5247743704390642,0.14143432241953466,-0.8941610469644675,-0.4211233437065945,-0.7015775928954795,0.9666892924626769,0.30535685332861306,1.0294839076137128
1.1321837825348327,0.6232269356711221,0.5589003079825576,-0.5196215285264371,-0.9340437436408668,-0.5058378693040985,-0.7583649620401101,-0.1042401566733142,-0.4044616296551507,0.14915848096198722
-0.9580520889505082,-1.700135732044158,-0.9638391934612264,-0.2863076987807999,0.08021500898795338,-0.5058105850263348,-0.8077910055548814,0.7856328748029953,-0.38423926113988727,-1.2931025901973676
0.1910002271422617,0.6986865778704214,-0.08471753471237838,-0.1032606697527188,-0.9176037774901581,-0.46912047932385176,-0.5112347444662542,-1.6771196317892327,-0.003851837533478684,0.4675691686581827
0.4566103102591837,-0.15519884701639064,-0.6051273995054789,-0.5357448419641437,-0.8421662728497947,2.132388696816883,-0.7872844555859869,0.7239966475145928,0.3289162463513449,1.5107061734839458
0.5374481616425947,-0.2822887707204744,-0.08154309405790276,-0.22181444502997347,0.47393266268865386,-0.5058431199974579,-0.7599423889607945,1.2864272215212647,-0.06785596758673722,0.4705085487110013
0.13903303696721175,-0.8581649875046035,-0.23728908866811385,-0.37546013778929543,1.4657404926217166,-0.5058288819209862,-0.6069319776544282,0.8087464600361463,1.6624579800261672,0.08387512592916102
-0.9003107665337863,-0.1234263660903697,0.3614897797823537,-0.46081885598891875,0.20644509643397949,-0.5058431199974579,0.345833882438821,0.09222531780846821,-0.20460723190282296,0.21624032090046458
-0.3864129970249593,1.1276150703717043,0.7297248957015279,-0.2284534564454997,-0.6200614285102394,-0.24459696573171547,-0.4533957573745006,-0.05801298620701236,1.5974861128657427,0.32651358742548836
0.7741875835511549,-0.055909844122575186,-0.6698066278404199,0.11677513716186565,0.09223692207805097,-0.5058431199974579,-0.016974309318542196,1.3172453351654654,-0.2008363942093829,-0.49679242025909154
-0.5018956418584036,0.5596819738190802,0.281136750715939,-0.30812159343181483,-0.7688326030001986,0.882530400206426,3.590075249312633,0.650803627609615,0.9142303449614337,1.906811727009567
0.0004538631670784859,0.889321463426547,0.3045482505426969,-0.4636641465955728,-0.9460776786440546,-0.49981931841327865,0.7349325228742536,-0.11579694928988968,0.32858254390059827,0.19271448382856704
-0.3979612615083037,-0.09562544528010138,0.25514601785741964,-0.4816843204377156,-0.11514107872613466,-0.5058431199974579,3.947625351334381,-1.3716350802910884,0.3784376900421874,1.6031643346835591
-0.1843183685664317,-0.47292365627659966,0.0785677564522121,-0.4579735653822647,-0.5539409065147017,-0.5058431199974579,1.1818701504014402,-0.6512616738578856,-1.5044450180522069,-0.05621635309263884
0.6182860130260058,0.09103788016027169,0.9749504362597711,-0.5566103064129405,-0.41268342770605343,-0.5058431199974579,-0.6006222699716914,0.7663715537753696,-0.28589714890477175,0.3483437134211137
0.7164462611344328,0.5358526131245644,0.811268340013371,-0.47883902983106147,0.42885048860078745,-0.5057890024217284,0.6139964589551328,1.8758236449666121,0.8250316798767833,-1.0344241677824244
0.3930948556007893,0.9091792640053101,0.7116702644791977,-0.5120340869086928,-0.9082867948453323,-0.505814386141773,0.8979333046782865,-1.0018177165606745,0.3975254702249111,0.9162536604566093
-0.5076697741000759,0.2618149651376338,0.6543319301577315,-0.1772382255257257,-0.8061005335795016,-0.5058431199974579,-0.6311191904382524,0.7201443833090677,0.8661104515637293,0.3338283891990425
1.9694329575773033,0.682800337407411,1.0945871684253217,-0.0653234616639973,-0.03098768709545059,-0.5058431199974579,0.3405757927032071,1.733289869362182,-0.8382414453810656,-0.18888511975994712
0.5663188228509557,1.2308756333812718,0.5589003079825576,0.08642537069088858,-0.9345546749471959,-0.4507591589870486,0.21963972878408594,1.2055296732052363,1.4245281326436168,0.23391450227400282
0.05242105334212845,-1.5333302071825479,-1.6229324343467313,-0.21043328260335703,0.9668310993826608,-0.49057423255948485,-0.5901060905004635,-1.4409758359905411,0.7291255955321201,-1.2202544780206077
-0.05151332700797068,1.07598478886692,0.955308584710203,1.2748084140700888,0.6813106634928399,-0.5058431199974579,0.12499411354303464,1.1323366533002586,2.329962992255222,-0.5865396951769024
0.520125764917578,0.8615205426162788,0.3779571906774461,-0.33941979010501,-0.9277622940512906,-0.5057641985328524,-0.8072651965813199,0.5930196645267376,-0.9725233115616242,0.11166928352380776
-1.3737896103509075,-0.23463004933144302,0.5509642063463684,-0.3251933370717394,-0.9475088873974307,2.087290717042279,-0.6516257404071468,-1.490284817821263,0.09322220538879855,1.996008723121016
0.44506204577583924,0.702658137986174,0.4646591010528119,-0.28156554776970977,0.34770257524262776,-0.505758722349594,-0.6973711211069882,1.2132342016162867,-0.1221493563232602,0.587743904924637
0.6875755999260723,0.7145728183334319,0.4513661308121953,1.4929473605802372,-0.05803699154817049,-0.5058431199974579,-0.5953641802360774,1.8758236449666121,1.292615553863361,-1.839816163574629
0.5028033681925614,0.4961370119670383,0.5527498292145109,0.4022526280294948,-0.8941610469644675,-0.5057667755602681,0.351091972174435,0.18082739453554675,2.194546537742124,-1.1941202859131008
0.15635543369222837,0.30947368652666524,0.40751916927225046,-0.43521124052903176,0.4979764888688493,-0.27326639573128525,-0.4691700265813425,0.0768162609863676,0.2402515051878891,1.3256237304826557
0.08129171455048961,0.603369135092359,0.4596990375301938,0.06461147603987356,-0.922412542726197,-0.5058431199974579,-0.15894273218011903,-0.47020525619820347,0.2924759387297813,-0.28179332807468827
-0.8483435763587363,1.3023637154648189,1.0172101774724784,-0.2512157812987326,-0.9475732046324628,-0.4781078624360764,0.8716428560002166,-1.125090171137479,1.7319348302716753,0.43814700118904115
-0.15544770735807062,1.3460508767380976,0.9529277542193463,-0.021695672361967646,-0.9471506343873458,-0.5058380947939973,0.5561574718633793,-0.33152374479929797,-0.4795446810732066,0.2675919969321376
-0.8598918408420807,-2.3204934221247164,-1.5552771678982187,-0.45892199558448266,2.012737538221163,-0.4986274432335213,-0.5480413726155519,-1.1751696058093057,0.45121819455008905,0.35799428788295035
0.04087278885878401,-0.635757621022457,-0.4031536128644661,0.00011822228904718092,0.4919655323238004,-0.5058431199974579,0.5561574718633793,-0.10809242087883943,0.015769866570439647,-0.8554493539911416
-0.6751196091085698,-0.5642695389389099,-0.004364505645963922,0.005808803502355336,0.8886886642970255,-0.5058431199974579,-0.30091115504169585,-1.01337450917725,-1.8050108154399536,0.9489428340103473
1.7846607258437923,-0.0797392048170909,0.28907285235212804,0.09401281230863283,-0.6888868809510488,-0.5058303959245929,-0.6726580993496027,0.9975074061068783,-1.0060270376166147,-0.28827945653795917
-0.08038398821633175,0.1823837628225819,0.3702194915821616,-0.4797874600332795,-0.8466744902585813,-0.5058431199974579,-0.4639119368457285,-0.7552728074070645,1.1300023496143898,-0.7513570920927795
-2.517067794202005,1.3261930761593346,0.20594218771304731,0.3168939098298715,-0.9476537213953837,2.4384107024302684,-0.6679258185875501,-0.31226242377167224,-1.423922616686976,-0.43115599831093915
0.8954443606262715,0.23004248421161289,0.8128555603406088,-0.5423838533796699,-0.35858481880061366,-0.4909607866718385,-0.5375251931443239,0.5352357014438603,-0.3371872155845724,0.3309634724774449
0.4566103102591837,-0.06385296435408043,-0.10971625486637428,-0.4835811808421516,-0.12115203527118346,-0.5058431199974579,-0.6689774365346729,1.9374598722550145,-0.04943559230550724,0.05102312953009691
-0.6982161380752587,-2.0853770632721615,-2.1012809604680287,-0.5215183889308731,1.817381450507075,-0.5057661313034142,-0.5743318212936217,-0.0348994009738615,-1.8089485043587672,-0.9956754088246147
-1.339144816900874,-1.3109228407004014,-0.6529424118635182,-0.41244891567579894,1.540877449434827,-0.5058431199974579,2.8223941479129944,-1.1905786626314063,-1.0958263671126094,0.298349943345435
0.7395427901011217,-1.5095008464880322,0.23887700950323196,1.6067589848464017,0.28158205324709024,2.457738408047956,-0.43236339843204474,-0.19669449760591787,1.5150949777763292,-1.4404274990043031
0.387320723359117,0.1903268830540867,0.5674316172414609,-0.5110856567064747,-0.9148988470448861,-0.5058431199974579,-0.521750923937482,1.6369832642240532,0.5984477158196282,-0.9934370756345371
-0.29402688115820375,0.5318810530088118,0.3684338687140191,-0.4115004854735808,0.24251083570427262,-0.5016876632896551,-0.016974309318542196,1.4790404317975219,1.8441589644578629,0.8093517035348231
0.8261547737262049,0.6907434576389162,0.31327796234250477,-0.47883902983106147,0.03212735662756247,-0.5058431199974579,0.8769009457358307,1.4019951476870187,-0.0032845433672090757,-0.3132223049190033
1.0513459311514215,0.8297480616902578,0.5706060578959365,0.3927683260073145,-0.3375464708929426,-0.5058431199974579,-0.17471700138696092,1.6870626988958801,-0.13913481106627817,0.4421909459711154
-2.2052646531517057,-1.243406318732607,-2.7085911381774,-0.24742206048986035,-0.8941610469644675,2.522164093440247,-0.5585575520867798,-1.5006859311761807,-1.324045473178425,-0.13688616087603075
-0.6289265511751921,1.3023637154648189,0.7944041240364692,-0.15637276107692896,-0.942819740196638,-0.505759688734875,3.9371091718631535,-0.4509439351705778,0.594910469841711,0.7946681061257765
-0.6751196091085698,1.0839279090984253,1.5382152498882926,-0.4456439727534302,-0.9112922731178567,-0.5045481637210728,-0.4849442957881844,-0.19284223340039275,1.7335699722803346,0.06503208495325481
-0.5769593610001421,0.5874828946293486,0.3694258814185428,-0.5272089701441813,-0.8770298208110782,-0.5058231158221436,-0.4481376676388866,-0.47405752040372867,-1.1405758657577707,0.7181328074921729
0.3469017976674116,-1.2990081603531436,-1.6761043153091977,-0.49116862245989595,1.8414252766872705,2.316001900184914,-0.5743318212936217,-0.5703641255418573,0.6617177004812438,-0.7173874635733415
0.5663188228509557,0.6470562963656378,0.6662360826120151,-0.4759937392244073,-0.12115203527118346,-0.5058431199974579,-0.164200821915733,1.5946083579632764,0.7280577476897305,0.26373224187964495
-0.6577972123835532,0.0076351177294667035,-0.3126820542119105,0.06366304583765567,-0.6906901679145634,-0.5038427024660272,-0.6526773583542697,-0.6011822391860586,-1.0059602971264652,-1.0663229775356966
-0.028416798041281784,-1.163975116417555,-0.3261734269934319,-0.5338479815597077,1.4717514491667654,-0.5058431199974579,-0.521750923937482,-0.6165912960081592,0.33215316012359025,0.37853872646402054
-0.7501833282503086,-1.6882210516969,-2.6458959352515063,-0.30717316322959676,1.9285841465904785,2.5092789563617894,-0.6043029327866212,-1.7110195567978543,-0.06244998788463696,-1.5449117962680097
-1.5470135776010738,-1.3228375210476593,-1.2822752716133134,-0.5167762379197829,1.5649212756150224,2.42552556535181,-0.5375251931443239,-1.48065415730745,-0.19199327926458962,1.6514827354579493
0.30070873973403384,-0.8422787470415929,0.07916296407492635,-0.5366932721663618,1.2703844049076283,-0.5057996326598181,-0.40607294975397495,0.27328173546815043,-1.0704983511009183,-0.2628266169522384
-0.8194729151503752,-0.5801557794019203,0.48509456276599894,-0.5262605399419633,0.5130038802314715,-0.5058431199974579,-0.6658225826933044,-0.7783863926402154,1.863847409051931,0.3136209353186207
-0.6924420058335865,-1.3109228407004014,-1.3138212756171654,-0.4115004854735808,-0.8454722989495718,2.0421927372676754,0.009316139359527614,-0.9132156398335957,1.0936287824829756,-1.8464176394842338
0.11593650800052285,0.3055021264109126,0.1894747768179549,0.19359798354152663,-0.2503876009897341,-0.5058431199974579,-0.5427832828799379,-0.44709167096505265,1.2641173645695754,0.25420928281063554
0.42773964905082257,1.250733433960035,0.8451951745080793,-0.4456439727534302,-0.9465465332545683,-0.47820450096416484,-0.27987879609924,0.7509624969532689,0.4953336585388313,0.4250460397245464
0.5489964261259391,-0.9217099493566453,-0.43430281178650837,-0.40960362506914477,0.02912187835503802,-0.4994327643009249,-0.5112347444662542,0.10763437463056882,-0.07179365650555061,0.47034470870043726
-1.2871776267258244,1.1474728709504673,0.6751641969527278,-0.1260229946059517,-0.9461678429922302,-0.17082955595754162,-0.6085094045751124,-0.36619412264902435,0.9956203726986071,-0.05605093464853861
-0.4787991128917148,-1.2275200782695965,-0.4059312484371322,-0.45133455396673844,1.4176528402613258,-0.5058431199974579,0.8400943175865329,0.804894195830621,0.42919383280079276,-1.5598356648546285
-0.06306159149131511,0.06323695935000335,0.4347003173761981,-0.5509197251996323,-0.4367272538862489,-0.5058431199974579,-0.527009013673096,1.217086465821812,-1.388483416417654,-0.15116609645448925
0.4566103102591837,1.0640701085196622,0.9836801480595793,-0.4228816479001972,-0.4006615146159557,-0.504438640055906,-0.22729789874310038,1.3981428834814937,-0.5909345591325268,-0.5616538182578278
-0.10925464942469282,-1.9265146586420567,-1.2195800686874199,1.635211890912943,2.0337758861288346,-0.5055628682660015,-0.5979932251038844,0.7702238179808947,-1.378338861914948,-0.08929353725019777
1.2187957661599156,0.21812780386435504,-0.10475619134375608,-0.39063502102478403,-0.9167021340084008,2.2934529102976122,-0.5585575520867798,-0.3507850658269238,0.42889350059512094,1.044294356739044
-1.0908571305089692,1.250733433960035,0.8817012420345491,0.4307055340960359,-0.5359080368795551,-0.5058236634404694,3.3797516598880746,-0.7244546937628635,0.2836661940300634,0.7543954125751036
0.8896702283845993,-2.163616797552488,-1.5290880324987948,-0.32614176727395755,1.8925184073201853,-0.5058398020746602,-0.42184721896081684,0.39270192583942976,0.09111987994909294,-0.6777097877481737
-0.380638864783287,1.3976811582428819,0.548384973314607,-0.04161270660854648,-0.9334426479863618,2.3997552911948934,-0.3482339626622215,-0.08883109985121358,0.9314493914199754,-0.8030341996663956
1.2938594853016543,-0.9455393100511608,-0.3216101685526232,-0.29579200080298024,-0.9016747426457786,2.196814382209175,-0.5480413726155519,-1.0480448870269758,0.0952911605834294,2.4022560858992947
-0.6116041544501754,-0.21874380886843253,-0.7059158902850804,-0.13361043622369606,1.2643734483625795,-0.5035785571559188,2.196681469374934,0.8087464600361463,-1.0200425405479852,-0.6638713227884508
0.6702532032010557,-0.7072457031060039,-0.7690078982927837,-0.4854780412465877,-0.052026035003121605,-0.5041777160300672,-0.5638156418223937,0.9628370282571518,-1.0723670848251012,-0.900438996836475
1.0744424601181102,0.4286204899992438,0.6055249050951684,-0.5044466452909485,-0.7835594465355684,-0.5058289785595144,-0.24833025768555622,0.4427813605112567,-0.0049864258660184,-0.5467317545123755
0.24296741731731167,0.45642141080951215,0.21387828934923647,-0.3289870578806116,-0.9467208509943749,2.2580187833318517,0.22489781851969992,-0.9594428102998974,0.39655773311774417,2.4075294027154643
0.046646921100456276,1.2229325131497666,1.1356564943926006,-0.30812159343181483,0.2905984880646635,-0.5058431199974579,0.16705883142794634,1.6446877926351036,1.66482726742647,-0.329079292676753
-0.9234072955004752,-2.3185076420668396,-4.072013399274687,-0.34416194111610016,2.027764929583786,2.535049230518706,-0.6474192686186556,-0.1427627987285658,0.22690340715801333,-0.5626263593438326
0.7741875835511549,0.8337196218060104,0.8404335135263659,0.3832840239851341,0.5791244022270091,-0.5058431199974579,0.5035765745072396,0.5198266446217598,0.7573234526202344,-0.5381020607426826
-1.4546274617343182,0.9330086246998259,-0.5579075947701536,-0.15826962148136497,-0.7375756289659445,-0.5058383202838962,-0.7368067941240929,-1.1404992279595796,1.7504886865332034,0.37749533045555245
-1.4142085360426129,-2.408264900682849,-2.0086269738655216,-0.44659240295564817,1.991699190313492,-0.5015910247615667,-0.5112347444662542,-1.4436724209344087,-1.498471744183837,-0.54596901032892
0.9647339475263382,-0.4371796152348261,0.5166405667698506,-0.4978076338754222,-0.35858481880061366,-0.5058431199974579,-0.4954604752594123,-1.0596016796435512,0.26321023379927744,0.721922502403038
0.9762822120096823,0.5557104137033276,0.8503536405716022,-0.38209914920482174,-0.943931767157472,-0.4613893970767767,-0.7026292108426022,1.2055296732052363,-0.40456174039037474,0.6489889370726563
0.5143516326759058,-1.3784393626681959,-0.4116849221233693,-0.08998264692166631,1.6340472758830846,-0.5056427561158878,-0.7820263658503729,0.21549777238527307,-0.3393896517595021,-0.40177404981754783
-0.865665973083753,0.16252596224381882,0.6338964684445446,-0.5224668191330911,-0.867412290339,-0.5036880808210857,-0.5480413726155519,-0.47405752040372867,-0.5537934763643951,0.20586579118293274
0.02355039213376738,-0.3458337325725159,0.14423899749167704,-0.5205699587286551,0.06518761762533115,-0.5054630084536433,-0.6595128750105678,-0.5395460118976562,0.12852792467782242,0.2791569555115139
1.8424020482605143,0.12281036108629263,0.7682149886370451,0.9807950513824975,-0.8385596989227655,-0.5058148371215707,-0.5901060905004635,0.20008871556317245,-1.0064942210476602,-0.30673018870329805
1.1437320470181769,-0.44115117535057874,0.21546550967647426,-0.01221137033978722,0.5821298804995335,-0.505829751667739,-0.5059766547306401,0.21164550817974795,0.2658464831601784,-0.3568737853025128
-0.2478338232248261,0.3889048888417176,0.19562525558600136,-0.5129825171109108,0.06218213935280672,-0.5058431199974579,3.2588155959689526,-0.004081287329660479,0.7956324939659801,0.7747255520808711
1.2187957661599156,1.0720132287511674,0.8049194587044197,0.4117369300516752,-0.9424590828039352,-0.5058369351316603,-0.7178776710758827,1.5753470369356506,0.7634969479590523,-0.7409742700306915
-1.2178880398257579,1.405624278474387,0.972172800687105,0.8290462190276113,-0.9476487623562339,-0.5052117482806134,0.9978370096549517,-1.182874134220356,2.0638686580296324,0.33890435799838253
-1.9973958924515067,-1.9384293389893146,-1.2076759162331363,-0.4617672861911367,1.7151951892412443,0.7279087552649263,0.5298670231853094,-1.4710234967936375,-1.6154678234157056,-0.250957856048306
-0.44415431944168143,0.44450673046225425,0.5664396045369373,1.4550101524915158,-0.7042148201409234,-0.5058339393372895,0.28799489534706746,-0.5742163897473825,1.1380445786773907,0.026910071704533835
-0.4210577904749926,0.24195716455887073,0.2384802044214225,-0.4892717620554599,0.8075407509388658,2.5575982204060077,-0.7347035582298472,1.586903829552226,-0.723547913059351,0.004490638385524351
-0.8887625020504418,-1.6643916910023842,-0.7416283476479313,-0.4797874600332795,1.5198391015271562,-0.5058431199974579,-0.5007185649950263,-0.970999602916473,-1.4772482683163335,0.4371214878039341
0.6471566742343668,0.48819389173553307,0.5882638840364571,-0.4314175197201596,-0.8544887337671451,-0.5058139673748179,-0.6211288199405859,-0.011785815740710734,0.09475723666223466,-0.22572452754277111
-0.2824786166748594,0.6788287772916588,0.22042557319909228,-0.3251933370717394,-0.30148073162264943,-0.48161906228995627,-0.3640082318690634,-1.5361267618670122,-0.0723943209168951,0.473401772819065
0.42773964905082257,0.35316084779994406,0.25593962802103865,0.01529310552453566,-0.3916450797983824,-0.5057699968445377,-0.7620456248550399,0.5699060792935867,0.33175271718269395,-0.29885744914027884
0.520125764917578,0.14663972178080834,-0.7223833011801728,1.0282165614933994,1.1952474480945174,2.464180976587185,-0.5059766547306401,-0.10038789246778906,0.7961997881322506,-0.7284725020358571
-0.23628555874148166,0.7066296981019267,0.9926082624002919,-0.43710810093346786,-0.939123001921433,-0.5048541857266863,-0.7972748260836535,-1.182874134220356,0.5960450581742504,0.6089306136333764
0.5778670873343001,-0.020165803080801625,0.5152517489835176,-0.024540962968621724,-0.8815380382198648,-0.5058431199974579,-0.6437386058037259,-1.2406580973032333,1.1986783139781045,-0.9049118195123719
0.2833863430090172,-0.6794447822957358,0.43132747418081785,-0.5623008876262487,-0.07306438291079273,-0.5058431199974579,-0.5375251931443239,-0.5742163897473825,-1.405135168709925,-0.0626738692535125
-1.7953012639929788,0.8535774223847735,1.0812941981847053,-0.29389514039854425,-0.5839956892399462,-0.505812582222582,-0.6179739660992175,0.3734406048118039,1.2939169934212744,-0.7806215257634913
-3.273479117861065,-2.5450176301485588,-2.9272307382544094,-0.8022537287874121,1.8354143201422217,0.6054999530195722,-0.2062655398006447,-1.8262022565430562,-4.0757558820374875,-2.1371224438646537
1.9405622963689417,0.1347250414335505,0.9564989999556315,1.2273869039591871,0.6813106634928399,-0.5058018875588068,-0.8083168145284427,-0.12350147770094004,-0.8552936406142329,1.9000859264515582
0.9185408895929604,-0.06782452446983304,0.10416168422892214,2.820749643685489,-0.47880394970159096,-0.5058431199974579,2.038938777306515,-0.20439902601696824,0.5825301089190001,-0.2604630958718733
-0.2824786166748594,0.654999416597143,0.34283994093730924,-0.3953771720358742,-0.8024939596524723,-0.5024607715143626,-0.6216546289141472,-0.5665118613363322,1.6957614846107099,-0.20236008539764325
0.46238444250085586,0.9330086246998259,0.5166405667698506,0.9523421453159563,1.7001677978786223,-0.5057274758921787,0.24593017746215576,1.8295964745003104,0.9940186009350218,-0.7302667476844478
0.07551758230881735,-0.21874380886843253,0.27439106432517835,-0.4636641465955728,0.08622596553300207,-0.5058431199974579,-0.7241873787586194,0.12689569565819464,0.862639946075961,-0.20526867679705024
-0.2767044844331872,-0.3537768528040211,0.6434197904079715,-0.5566103064129405,-0.40667247116100463,-0.5058431199974579,-0.3377177831909936,-0.5511028045142315,-1.0738687458534626,-0.004096938834162374
-0.016868533557938038,0.35713240791569667,0.1444374000325817,-0.5224668191330911,0.606173706679729,-0.5058319099281997,-0.5690737315580077,-0.8361703557230926,-0.9043812711191043,0.34185338999281223
0.48548097146754476,0.869463662847784,0.09245593431554315,0.506579950273479,0.8826777077519766,-0.48503362361574776,-0.7347035582298472,-0.7090456369407628,-0.23817769844796266,-0.09783480479486896
-0.37486473254161484,-0.49278145685536273,0.01170610016731885,-0.4617672861911367,1.0149187517430518,-0.5058431199974579,-0.17471700138696092,0.08837305360294308,-0.592769922611635,0.7122927969241076
1.3285042787516879,1.2666196744230453,-0.4190258161368443,-0.1639602026946732,-0.9058824122273128,2.525385377709862,-0.5375251931443239,-1.1173856427264288,0.26260956938793306,1.3546016933203615
-0.218963162016465,0.9687526657415995,0.5717964731413647,0.3832840239851341,-0.9475768112063897,1.4688041372762797,-0.3587501421334494,-0.6743752590910365,-0.33845528489741056,0.40927224747647917
-1.5354653131177296,0.8813783431950418,0.6434197904079715,0.0361585699733326,-0.6594331938803094,-0.4588123696610851,-0.7893876914802326,-1.2136922478645573,1.099501945616122,0.2602164548533689
0.9416374185596491,0.9369801848155785,0.7779367131413767,-0.3204511860606493,-0.8376580554410081,-0.5058349057225704,-0.40607294975397495,-1.1289424353430042,-0.4047619618608229,0.17297039902978986
-1.0215675436089027,0.7582599796067107,0.06825082432516635,2.868171153796391,0.9938804038353807,-0.5058431199974579,3.9949481589549074,1.0591436333952806,-1.1910984168008534,1.3800843278539305
-1.2583069655174632,1.3381077565065924,0.6831002985889169,1.4170729444027945,-0.946630686646199,-0.09029744921717708,1.0083531891261797,-1.236805833097708,1.6928249030441371,0.16124628269033237
-0.8714401053254253,1.1474728709504673,-2.078067863182176,7.562900654775674,0.6783051852203154,-0.5058431199974579,-0.13265228350204922,-1.6828980280975203,-1.8678136166705226,-1.069650353915627
-0.24205969098315383,0.2777012056006443,0.5835022230547436,-0.48642647144880574,1.0089077951980028,-0.5058431199974579,2.333391802500897,1.656244585251679,-1.7502502432723848,-1.7015241265364447
-1.1543725851673634,-1.6842494915811475,-2.529433643740431,-0.5338479815597077,1.0059023169254784,-0.5058431199974579,0.5771898308058351,-0.17743317657829213,-1.181988339895463,0.8504199699372555
1.7962089903271365,0.2935874460636548,1.2295008962405365,-0.4778905996288434,-0.4757984714290665,-0.5058431199974579,-0.5795899110292356,1.3904383550704433,0.2628097908583812,-0.10585504680552704
-0.9003107665337863,-0.893909028546377,-0.9190002192167576,-0.38304757940703965,-0.8106087509882881,-0.5058431199974579,-0.5427832828799379,-0.5395460118976562,-0.9599427291684658,-0.06708772578836944
0.8781219639012549,-0.695331022758746,-0.17598270352855322,-0.40675833446249066,1.2553570135450063,-0.5058372894729299,-0.6095610225222352,1.3018362783433655,0.5012735621621263,8.667195355122084
2.0214001477523533,-0.5404401782443942,-0.0920584287258535,2.3370502405542903,-0.11213560045361022,-0.48429272823373637,-0.3587501421334494,-0.797647713667841,0.595377653272757,-0.5000472027609233
-0.19009250080810386,-0.893909028546377,-0.9890363161561265,-0.5091887963020387,0.7714750116685726,-0.5057828819816161,0.8558685867933747,-0.3854554436766502,0.7659997163396548,0.38347094824425043
0.5894153518176447,0.7781177801854737,0.06765561670245222,-0.31570903504955905,1.1050830999187848,-0.5058431199974579,3.784624569530349,1.7255853409511317,0.8629736485267075,-0.2520351479663967
-1.6163031645011405,-1.6087898493818475,-2.8468777091879947,-0.1136934019771172,1.5468884059798755,2.386870154116435,-0.6100868314957966,-1.7133309153211693,-1.6141997541028674,-1.9353593772270623
1.5710178329019202,1.036269187709394,0.923365775624542,-0.29389514039854425,-0.6867830461602816,-0.4975644194245485,0.3090272542895233,0.6353945707875143,-0.23974609996647314,-0.3476809694451103
1.120635518051488,-0.6595869817169727,-0.33490313879324,-0.5139309473131288,-0.055031513275646045,-0.5050184712244365,0.3248015234963652,1.3634725056317674,-0.9045814925895522,-0.48203262109595213
-2.297650769018461,1.405624278474387,-1.5925768455883076,-0.30337944242072457,1.3425158834482147,2.1388312653561123,1.4184841885040682,-1.826163733901001,-1.1837569628844218,-2.1619893871939215
0.935863286317977,0.38096176861021236,0.9005494834204982,-0.19525839936786837,-0.12115203527118346,-0.5058187026626942,-0.400814860018361,-0.4047167647042759,-1.0060270376166147,-0.2932236283111252
-0.9465038244671636,-0.043995163775317335,0.6854811290797738,-0.364078975362679,1.2012584046395662,-0.5058195079837616,-0.6232320558348314,-0.2621829890998453,1.7366734050722816,0.4981838083836257
-1.2352104365507746,-1.1719182366490601,-0.3017699144621505,-0.5300542607508355,1.6941568413335732,-0.3373699526966154,2.070487315720199,-1.3446692308524124,-0.8413448781730121,-0.7194072871017689
-1.1774691141340523,0.1148672408547874,0.32022205127417036,-0.2787202571630557,-0.945909371860793,1.2594206597513322,0.5456412923921513,-1.0634539438490764,0.9347864159274443,1.4608023806679054
-0.680893741350242,-0.7509328643792827,0.1470166330643431,-0.5357448419641437,1.1261214478264554,-0.5058431199974579,-0.804636151713513,-0.6242958244192095,-0.5880980883011782,1.6904795066990874
-0.299801013399876,-2.253771212180072,-1.433656410323621,-0.5082403660998206,1.9826827554959183,-0.5050023648030885,-0.6900097954771286,-1.5627073848851356,-0.4062302526441093,1.2064197081319998
0.8377030382095494,-1.3506384418579276,-0.1511823859154623,-0.5110856567064747,1.8504417115048437,0.9244070957114155,-0.6994743570012338,-1.182874134220356,-1.2413873761284138,-1.1369507269820804
1.5305989072102146,0.42067736976773856,-0.8063075759828726,-0.3413166505094461,-0.6380942981453859,-0.4791386734023531,-0.7609940069079171,1.8796759091721371,-0.3427934167571207,0.6160792056361513
0.9993787409763715,0.027492918308229794,0.6140562143540718,-0.44754083315786625,1.0329516213781982,-0.5058431199974579,-0.5427832828799379,-0.28529657433299616,-0.0035848755728812623,-0.0007269578442069722
-0.8310211796337196,-0.7191603834532618,0.31823802586512306,-0.5053950754931665,0.014094486992415795,-0.5058431199974579,-0.5990448430510072,-1.0364880944104007,0.6664229050367749,0.5995478999006335
0.39886898784246144,-1.8272256557482414,-0.6900436870127021,-0.492117052662114,1.817381450507075,-0.5058299127319524,-0.23781407821432832,-0.3931599720877004,-0.07092603013360883,0.42375091653626745
-1.2063397753424134,-0.06782452446983304,-0.07420220004442804,-0.5357448419641437,-0.2744314271699296,-0.5058431199974579,-0.6242836737819543,0.3580315479897034,-0.9435245685917173,-0.11645694057747293
-0.5596369642751258,-0.4570374158135892,-1.1457743234708613,-0.05583915964181688,-0.1572177745414767,-0.5056897868662242,-0.1484265527088911,0.5159743804162346,-0.4191445374880149,2.0250802247804462
0.935863286317977,-0.4808667765081049,0.3333166189738823,-0.5575587366151585,0.7414202289433286,-0.5029665131446921,-0.5901060905004635,-0.06186525041253759,-0.23907869506497942,0.1762550620271115
0.9762822120096823,-0.3220043718780002,-1.0610564385045427,0.3737997219629537,0.3116368359723346,-0.5053438209356677,0.6613192665756584,1.1477457101223592,-1.004959189774224,0.7359679422219866
-1.4777239907010074,1.3817949177798714,1.3856436959325573,2.270660126399028,-0.6909907157418158,0.2672651047100413,0.692867804989342,-0.7167501653518131,1.6610564297330301,0.7612289554123326
0.08706584679216178,-0.7191603834532618,0.23411534852151855,-0.04161270660854648,-0.8905544730374381,0.7665641665003012,0.9137075738851284,-1.5068495539050213,0.19546863629765363,1.2809179904836958
0.20254849162560606,1.342079316622345,1.102523270061511,0.5255485543178398,0.3116368359723346,-0.5058431199974579,0.7875134202303933,-0.031047136768336373,0.4287266493697477,0.58098058021365
-0.4326060549583369,-0.04796672389106995,0.44402523679872036,-0.5547134460085045,-0.8764287251565733,-0.487964992301097,-0.2535883474211702,-0.06571751461806272,-1.5114861397629669,0.5318139886635973
-2.3958110171268885,0.48025077150402784,-1.1346637811801965,0.10444554453303125,-0.9293251427530033,2.1452738338953417,0.16180074169233236,0.026736826314540642,-1.2710535239998144,1.371683914318817
1.4439869235851315,0.1347250414335505,-0.005753323432296856,0.11962042776851972,0.05617118280775793,-0.5058431199974579,-0.6011480789452528,0.423520039483631,-0.0018496228289975726,-0.4533150832820757
-0.380638864783287,0.7225159385649371,0.4987843380884252,-0.43615967073124984,0.37775735796787213,-0.5058431199974579,1.1240311633096864,1.29798401413784,1.0965987342946233,0.5761853848361435
-0.25938208770817056,-0.42923649500332084,0.31347636488340963,-0.4456439727534302,1.6340472758830846,-0.5058431199974579,0.20386545957724406,0.4119632468670555,-0.410568384503819,1.1646352572902452
0.24874154955898384,0.9846389062046099,0.5583051003598434,-0.24742206048986035,-0.9452722104670179,-0.22720203067579678,-0.7757166581676364,0.12304343145266942,0.5928415146470798,0.3707561443240852
1.1264096502931602,-0.06385296435408043,0.14027094667358242,-0.439953391540122,-0.7757452030270049,-0.40115138123498406,-0.4428795779032727,1.6061651505798522,0.7323958795494402,1.4795449888550398
-1.6509479579511734,1.3301646362750872,1.2548964214763418,0.4401898361182163,-0.9454074569892816,-0.5057796606973465,-0.5375251931443239,-0.4894665772258292,-0.07446327611152594,0.15372331317836913
-0.7559574604919809,0.9052077038895575,0.7279392728333853,-0.4247785083046333,-0.851783803321873,-0.5055483724867882,-0.6921130313713743,1.7679602472119085,1.8994200903015515,-1.1635657565911615
-0.005320269074593587,-1.3585815620894328,-0.1976085804871685,0.15566077545280524,0.8886886642970255,-0.5058431199974579,-0.29039497557046795,0.40811098266153034,-0.19369516176339896,-1.6357210386246361
-1.3160482879341853,-1.719993532622921,-1.67828674325915,-0.5101372265042567,0.24251083570427262,-0.504171273461528,-0.17471700138696092,-0.7167501653518131,-0.7874519323773849,0.03172634332247996
1.3804714689267377,-0.7271035036847671,-0.5462018448567747,-0.439953391540122,-0.5599518630597506,0.5314104148184369,-0.5964157981832002,-1.017226773382775,-0.2709139088662349,-0.44950503410775405
1.9463364286106144,0.6986865778704214,0.8551153015533158,0.02382897734449799,-0.8713194120932819,-0.5053889189154422,0.09870366486496497,1.0745526902173812,-0.6723913273598489,0.023629171305030058
0.8550254349345661,-0.7985915857683141,-0.1428494791974638,-0.3953771720358742,1.5468884059798755,-0.4372297650546673,-0.6647709647461818,-0.9979654523551491,-0.8762501545211391,0.1229226546187738
-0.42683192271666476,-0.8740512279676139,-0.9152305709395677,-0.19430996916565027,0.6302175328599245,-0.5058431199974579,-0.5743318212936217,1.583051565346701,0.29124123966201854,-0.8729007343972195
-0.3864129970249593,1.0918710293299305,0.9874497963367689,0.1841136815193463,-0.6260723850552883,-0.5058431199974579,0.7296744331386397,1.845005531322411,0.8738189781759829,-1.5276143457263
-2.234135314360067,-1.8987137378317882,-3.5123198313824515,-0.1781866557279438,1.8835019725026123,1.5654426653647173,-0.5532994623511658,-1.6944548207140957,0.2926761602002294,-1.41878671177984
0.09861411127550625,1.1554159911819726,0.9509437288102991,-0.312863744442905,-0.8698166729570197,-0.5057954449902676,0.6981258947249559,0.7201443833090677,1.26465128849077,0.2104386698771497
-0.23628555874148166,0.7662030998382159,-0.071226161930857,-0.5215183889308731,-0.9389126184423562,-0.5055886385401583,-0.605354550733744,-0.004081287329660479,-0.12571997254625217,-0.43608215576512316
0.7337686578594494,-1.4221265239414749,-1.4062768596787683,-0.49401391306655007,-0.6140504719651905,-0.5058292362622558,0.30376916455390934,0.5814628719101622,-0.20457386165774818,-1.3945035751326083
-1.0331158080922471,-1.8748843771372725,-1.3031075384083102,-0.4987560640776403,1.540877449434827,-0.46235578235766106,-0.6942162672656199,0.09222531780846821,-1.0282849910814338,-0.7566226100763612
-0.732860931525292,0.8416627420375157,0.6575063708122071,-0.4314175197201596,-0.9269508149177088,-0.5058431199974579,-0.4849442957881844,1.3904383550704433,2.126838310485575,-0.019258677124069402
0.9069926251096159,1.0164113871306308,0.7749606750278057,-0.27587496655640154,-0.22333829653701429,-0.3070898805622383,-0.7231357608114967,0.8703826873245482,0.12956240227513766,0.7463990720858027
0.26028981404232826,0.04337915877124027,-0.7628574195247374,7.487026238598231,1.7873266677818305,-0.5058431199974579,3.9844319794836793,0.9666892924626769,-0.4670642094152716,-2.1658346452018065
0.5951894840593169,-0.9097952690093875,0.01051568492189079,-0.06342660125956132,0.9698365776551854,-0.5057867475227397,-0.7646746697228469,-0.743716014790489,0.26254282889778335,-0.4146825715151037
0.46815857474252803,-0.4252649348875682,0.3928373812453007,1.8723194414674522,-0.9264999931768304,-0.32835035674169455,-0.6000964609981301,0.804894195830621,-0.9719226471502798,-0.6665586337140591
-0.03419093028295405,1.2864774750018084,0.9112632206293535,-0.47694216942662543,-0.9361475784316338,-0.5058203455176717,0.829578138115305,-0.6551139380634107,0.19697029732601434,-0.5444293678573677
1.2361181628849323,-0.5324970580128889,-0.35851304116090255,0.7342031988058078,1.0600009258309182,-0.5058310723942896,-0.28513688583485397,1.1284843890947334,-0.5579647569987316,0.023616737716030803
0.08706584679216178,1.0005251466676204,0.6096913584541679,-0.4333143801245957,-0.9471055522132579,-0.22623564539491237,-0.5995706520245686,0.8973485367632242,0.46279766959100727,0.23515427317298324
0.13325890472553947,0.6311700559026273,0.6392533370489722,-0.3839960096092578,-0.9456959829034439,2.409419144003737,-0.8519589593340386,-1.017226773382775,0.1955020065427281,1.462441209032018
0.5894153518176447,-0.4848383366238575,-1.7215384971763807,-0.31570903504955905,-0.9446530819428779,0.3220269372934892,0.33005961323197913,1.5406766590859244,0.3820083062651794,0.39659659589086754
0.46815857474252803,0.1585544021280662,-0.02440316227734122,-0.442798682146776,-0.1572177745414767,-0.48132914670569094,-0.6106126404693579,1.1246321248892082,1.1948741060395893,-0.18904380982911526
-0.005320269074593587,1.3023637154648189,0.9715775930643908,-0.36597583576711507,-0.8614013337939511,-0.5044193123502883,0.356350061910049,0.6430990991985647,-0.7383309316274392,1.4142638277175141
1.3689232044433932,-0.5880988996334255,-0.4077168713052748,-0.38684130021591184,1.4146473619888011,1.8714646709781022,-0.6957936941863041,1.5946083579632764,-0.9121231679764326,-0.7039725934693919
-0.6231524189335199,0.7900324605327316,0.11328820111053944,-0.42098478749576124,-0.7865649248080929,-0.5057877139080206,3.4165582880373715,0.23861135761842403,-1.1631675216733366,1.4233319320138549
0.5489964261259391,-0.7668191048422932,-0.5249727729799691,-0.4740968788199713,0.13130813962086854,-0.5057174899109429,0.1723169211635603,1.2093819374107615,1.620878654663102,0.8763355000498053
0.9185408895929604,-0.3458337325725159,-1.1785107427201411,-0.5006529244820762,-0.9414672749740021,1.1402331417755927,-0.22203980900748643,0.9820983492847776,-0.22976839668914062,-0.13758963499803728
1.2649888240932934,0.10295256050752954,-0.0011900649914882034,-0.2901014195896721,-0.9139972035631289,-0.3351150537078852,-0.7320745133620403,0.8241555168582464,-0.6704558531455165,-0.45845890136152617
0.439287913534167,-0.7429897441477775,-0.6329037552321406,-0.5044466452909485,-0.830745455414202,1.858579533899644,-0.6589870660370063,-1.6728821411631551,0.06285528237082944,2.629973058457889
-0.7963763861836863,0.07912319981301383,0.2061405902539519,-0.5357448419641437,-0.9404754671440689,-0.5054533446008346,0.10921984433619289,-0.7283069579683886,1.709710247051931,0.5890105529614661
-1.4257568005259575,1.405624278474387,0.7709926242097113,1.3032613201366299,-0.9476437732623015,1.9681031990665399,0.5193508437140815,-1.6867502923030455,1.7960724413052327,0.7325986057206346
0.08706584679216178,-1.2156053979223387,-0.29046096963058105,-0.5575587366151585,1.7242116240588174,-0.5058431199974579,-0.5480413726155519,0.08452078939741794,-0.970587837347292,0.5298283752425996
0.5085775004342336,0.5795397743978433,1.0386376518901885,1.7016020050682057,-0.5809902109674216,-0.5058331018033794,-0.18523318085818882,0.30795211331787686,1.990921302296356,-0.16988197961240326
1.068668327876438,1.0442123079408991,1.0753421219575634,-0.13740415703256822,-0.885745707801399,-0.5058431199974579,-0.7410132659125841,0.20008871556317245,-0.8043372763851788,-0.4213388896171386
-1.5874325032927792,-1.5293586470667953,-1.6261068750012064,-0.4314175197201596,1.7692937981466839,2.319223184454529,0.3195434337607512,-0.05030845779596211,0.8101151803283961,-0.9248906229608461
0.02355039213376738,0.24592872467462334,0.0720204726023563,-0.37546013778929543,0.15835744407358857,-0.5057764394130768,0.8085457791728491,0.3888496616339046,-1.5718195428580093,0.3593481790715896
-1.2236621720674299,-0.6873879025272408,0.34045911044645255,-0.5006529244820762,-0.851783803321873,-0.5057822377247623,-0.5480413726155519,-0.22366034704459395,1.644137715480162,0.31955982449434184
-1.0446640725755914,0.3889048888417176,1.1703769390509278,-0.4380565311356859,-0.8484777772220962,-0.5058359365335368,0.14602647248549047,-1.569641460455081,-1.5722199857989054,0.5103194187304374
0.6644790709593835,-0.000308002502038533,-0.12658047084327595,-0.4380565311356859,0.7474311854883772,-0.5058431199974579,0.05663894698005327,1.3480634488096666,0.6295487842292402,-1.351627777638714
1.3746973366850657,0.30947368652666524,-0.7872609320560188,-0.04161270660854648,-0.9463511771668544,2.5898110631021534,-0.49020238552379836,-1.6932991414524383,0.062187877469335726,2.5352716956546124
-2.720894662333034,-2.49285913114838,-3.770639939640407,-0.39063502102478403,2.027764929583786,2.383648869846821,-0.5112347444662542,-1.4217145149629153,1.7854940736165548,-2.1517874304158986
-0.7270867992836197,-1.5889320488030845,-1.1410126624891475,-0.41624263648467097,1.5709322321600712,-0.5056884983525165,0.6402869076332026,-0.28914883853852136,0.8395143662391994,-2.9675958666360045
1.392019733410082,-1.489643045909269,-0.2567325376767774,-0.49306548286433205,1.5108226667095828,-0.5058076858704922,-0.6442644147772872,0.7394057043366935,-0.7375967862357958,0.2150995905889485
0.2371932850756394,0.44450673046225425,0.3835124618227783,7.790523903308003,1.6941568413335732,-0.5058431199974579,1.907486533916166,0.08452078939741794,-0.41113567867008904,-1.1892741316732038
1.3804714689267377,0.8853499033107944,0.6269523795128791,0.6298758765618236,-0.70872303754971,-0.505057126635672,-0.872465509302933,1.6446877926351036,0.9284460693632529,-0.6408796528122063
0.9012184928679438,-0.40143557419305254,-0.802339525164778,1.8533508374230918,1.7722992764192087,-0.35347637404468824,0.1986073698416301,0.9127575935853247,0.727223491562863,-0.4748128272978437
-1.368015478109235,-2.317316174032114,-2.9694904794671166,-0.43521124052903176,2.042792320946407,2.4319681338910395,-0.6111384494429193,-1.4949075348678933,-1.7701389093369009,-0.08675068220744714
-0.8021505184253586,1.0839279090984253,0.7922216960865172,1.862835139445272,-0.9467779550815527,-0.5058015654303799,-0.6642451557726202,-0.023342608357286018,0.06599208540785026,-0.5799717901522188
0.9416374185596491,-0.19491444817391682,0.07975817169764057,-0.4115004854735808,-0.9453263090759234,-0.505838030368312,-0.9313561143418094,1.787221568239534,-0.8055386052078678,0.7124353539347655
0.058195185583800726,1.2944205952333137,0.9549117796283937,0.05323031361325726,-0.055031513275646045,-0.5058431199974579,2.2124557385817756,0.311804377523402,-0.13836729542956036,0.2143585017193099
-0.7906022539420141,0.249900284790376,0.05118820580736001,-0.039715846204110304,-0.9471927110831612,-0.49872408176160976,-0.630593381464691,0.8819394799411236,-0.1299913639158126,1.0648473218051073
1.1090872535681435,0.8019471408799895,0.902335106288641,0.06366304583765567,-0.5659628196047994,-0.5058431199974579,-0.521750923937482,0.33106569855102774,-0.5713462252736827,0.556064067180225
-0.07460985597465958,-2.515775033016272,-4.424376311921484,-0.32614176727395755,1.8023540591444531,-0.5027184742559317,0.040864677773211386,-1.2252490404811327,-0.08794485512170168,-0.7346635005644709
-0.7444091960086364,-1.3704962424366907,-0.850352940063722,-0.43710810093346786,1.6460691889731824,-0.5053695912098246,-0.5795899110292356,-0.2930011027440465,1.7210227601322514,0.07164745033575026
0.13903303696721175,-1.017027392134708,-0.06983734414452396,-0.5395385627730158,0.11628074825824643,-0.47978293025627594,-0.53226710340871,-0.15431959134514125,-0.3445286695010044,0.7308266129375434
-0.5018956418584036,-2.0218321014201193,-2.9329844119406467,-0.42098478749576124,2.027764929583786,2.4770661136656433,-0.24833025768555622,0.4697472099499328,0.06125351060724421,-2.268385665879182
-0.565411096516798,-0.7946200256525615,-0.725954546916458,-0.5034982150887304,1.1952474480945174,-0.5057155571403812,2.8697169555335207,1.2402000510549627,-0.3094231716824293,-0.4351304473449289
-2.2803283722934444,-1.1282310753757812,-0.7991650845103024,-0.36028525455380683,1.7332280588763909,-0.5047382194929801,-0.400814860018361,-1.705626386910119,0.08554704902161946,-1.209108572491239
-0.703990270316931,-1.4419843245202377,-0.7174232376575546,-0.5053950754931665,1.7993485808719283,-0.4872563097617818,-0.5901060905004635,-0.8169090346954668,-0.7701661454286948,0.47659787306247564
1.1033131213264713,-1.1480888759545442,-1.207279111151327,-0.30812159343181483,-0.9258087331741498,0.354239779989635,-0.7357551761769701,-1.414009986551865,-0.7391651877543067,0.8223953449726548
-0.894536634292114,1.15144443106622,0.3805364237092075,-0.3764085679915135,-0.8995709078550114,-0.5058431199974579,-0.7152486262080757,-0.6897843159131372,0.890170398262581,-0.2378821597462704
1.039797666668077,-0.4808667765081049,-0.4477941845680297,-0.4636641465955728,-0.6540233329897653,-0.332860154719155,-0.3745244113402913,0.4890085309775586,-0.9766945921959608,0.21012065031500515
-1.0273416758505747,1.1196719501401988,0.7963881494455164,-0.07670462409061381,-0.9475341334149198,-0.45011490213312566,0.8821590354714446,-1.078863000671177,-0.06925751787987426,1.2344087461778206
-0.2074148975331206,-0.9375961898196555,-0.5430274042022992,-0.5234152493353093,0.11327526998572199,-0.5058431199974579,0.7139001639317978,-0.16587638396171664,-0.5268303183440446,-1.051822442096954
-0.3344458068499093,1.1752737917607357,0.427557825903628,-0.364078975362679,-0.8033956031342296,-0.5056395348316183,1.1450635222521424,-1.3215556456192616,0.9309822079889292,-0.4550716917188279
-0.2016407652914483,-2.3959530643240154,-2.237781908610482,-0.16965078390798147,1.9496224944981502,2.5092789563617894,-0.4533957573745006,-1.2098399836590321,0.456190361066218,-1.6063348766561987
0.2891604752506894,-0.34186217245676326,-0.9138417531532349,-0.49116862245989595,0.050160226262709044,0.31558436875426,0.23541399799092783,0.8357123094748219,-0.49339333277920333,0.38721024887457045
-0.49612150961673135,1.1395297507189621,-0.10574820404827946,-0.16490863289689128,-0.9469973549954469,1.291633502447478,-0.5638156418223937,-0.18128544078381725,-0.8488865535598923,1.0393800400295128
0.6644790709593835,0.7185443784491845,-0.04186258587695742,-0.30527630282516066,-0.9372596053924677,-0.5057890024217284,0.7454487023454816,0.3580315479897034,-0.47103526857915995,0.6249889356322228
-0.3344458068499093,0.4325920501149964,0.1970140733723346,-0.45133455396673844,1.1321324043715042,-0.5058282054512896,3.0747824552224645,1.3172453351654654,-0.9406880977603688,0.38690812066802815
-0.32867167460823715,-0.29420345106773227,0.17300736592286248,0.0465913021977309,-0.006943860915255123,-0.5058431199974579,-0.5795899110292356,-0.5125801624589801,-1.8532641898179576,-0.689722722440558
-0.5596369642751258,-2.1131779840824296,-3.1210700207183284,-0.2644938041297851,2.042792320946407,2.50283638782256,-0.5901060905004635,0.5390879656493854,1.8480299128865267,-1.5699853844539642
-0.7155385348002753,1.250733433960035,0.4102968048449166,-0.31760589545399515,-0.9475010731539221,2.1517164024345705,-0.41133103948958893,1.6755059062793047,0.8214610636537913,-0.10939400619336276
0.2776122107673449,0.9488948651628364,0.9019383012068314,-0.4646125767977909,-0.9465254949066605,-0.502850546910986,-0.8771977900649855,-0.22366034704459395,-0.069691331065845,-0.20562744018221318
-0.7213126670419475,-0.1035685655116066,0.34482396634635665,-0.5300542607508355,0.41983405378321426,-0.5058431199974579,2.7172323532007154,-1.0557494154380263,-1.5396839968510811,0.8485998410068062
-0.7559574604919809,-1.108373274797018,-1.4872250963678972,-0.4579735653822647,1.7783102329642575,2.277346488949539,0.6876097152537279,0.9050530651742744,0.6860446091406934,-2.3226319402812683
-0.42683192271666476,0.7582599796067107,0.3825204491182548,0.5350328563400198,-0.9181147087964874,-0.4008292528080227,-0.5585575520867798,-0.6897843159131372,0.16383364396684583,-0.41831298255891136
-2.234135314360067,-1.4658136852147534,-1.4384180713053343,-0.45038612376452036,1.6460691889731824,-0.5057600108633019,-0.17471700138696092,-1.4332713075794907,1.6470075565565852,0.7881695335032534
0.48548097146754476,0.682800337407411,0.4704127747390492,0.01908682633340783,1.207269361184615,-0.5058431199974579,3.2851060446470233,1.0976662754505322,0.1297292535005114,0.43498126273693566
0.5489964261259391,-0.8422787470415929,-0.8444008638365802,-0.3877897304181298,-0.8220295684238811,2.335329605802602,-0.5690737315580077,-1.2483626257142837,-0.03682163966727389,0.4935432624941739
1.3804714689267377,0.09898100039177693,0.13590609077367835,-0.43426281032681374,-0.9473814551186757,2.3514360271506747,-0.5743318212936217,-0.8361703557230926,0.043667391452881746,1.8444309722498933
-0.5769593610001421,1.0481838680566518,0.26645496268898916,0.34534681589641253,-0.9472227658658862,-0.503469033490752,-0.30616924477730983,0.9474279714350512,1.432703842686916,-2.309155235072611
-2.2514577110850835,-2.3073872737427323,-2.7133527991591135,-0.41813949688910707,2.018748494766212,2.373985017037977,-0.7599423889607945,-1.6170243101830404,-1.3458362432121982,-0.4334265511365284
-0.4787991128917148,0.7781177801854737,0.45751660958024176,-0.49496234326876815,-0.22333829653701429,-0.505733596332291,2.622586737959664,0.6816217412538161,0.4502504574429231,0.3251809192261447
0.6644790709593835,-0.4848383366238575,-0.24740761825425506,8.046600057906874,1.7362335371489153,-0.5058368062802895,0.6613192665756584,0.8588258947079727,-1.4025990300842488,-1.6405323697652465
0.9185408895929604,-0.4133502545403104,-0.12499325051603834,0.27895670174115006,0.0020725739023181133,-0.5058431199974579,-0.7494262094895665,1.5714947727301256,-0.8425462069957009,-1.007056561200227
-1.1255019239590025,-0.8541934273888508,-0.03075204358629246,-0.48073589023549756,1.1171050130088824,-0.48058825132367966,-0.5480413726155519,-0.7206024295573383,0.061920915508737906,2.671075930075026
-0.9003107665337863,-1.3625531222051854,-0.962648778215798,-0.3327807786894838,1.9105512769553323,2.335329605802602,-0.527009013673096,0.09222531780846821,1.5949166039949914,-0.41568514352659947
1.4613093203101482,0.07515163969726121,0.511283698165423,2.0430368778666983,-0.8839424208378843,-0.5058431199974579,-0.5585575520867798,0.7586670253643192,-0.07372913071988299,-0.04367978919398471
-0.4499284516833537,-0.0797392048170909,0.5557258673280819,-0.5357448419641437,-0.8821391338743697,-0.5057381061302685,-0.5007185649950263,-0.25833072489432035,0.9971887742171176,0.6608645781147404
-1.1774691141340523,1.3539939969696029,0.9215801527563993,2.0430368778666983,-0.9439618219401974,-0.4988207202896982,0.3721243311168905,-0.7668296000236399,1.9051931426994728,0.7526547160095155
-2.135975066251639,-2.3077844297543075,-1.5903944176383555,-0.43426281032681374,1.9586389293157231,-0.4956638617054759,-0.4481376676388866,-1.48065415730745,0.4902947515325535,-1.675438659622667
-1.7144634126095681,-0.11548324585886446,0.4295418513126752,-0.4835811808421516,-0.4247053407961512,0.15452015527353097,-0.4954604752594123,-1.3793396087021383,1.277398722109302,0.8578666140609631
1.1610544437431936,0.07515163969726121,0.45176293589400474,-0.09662165833719265,-0.7721386290999755,-0.43561912291986005,3.5374943519564934,0.8780872157355984,0.04947381409587829,0.0844371192462073
1.4093421301350986,-0.4768952163923523,0.442041211389673,-0.44754083315786625,-0.20831090517439207,-0.505809618641054,-0.3850405908115191,0.9243143862019003,-0.24228223859214987,-0.23242734761321157
1.3689232044433932,0.41273424953623333,0.48826900342047463,-0.09662165833719265,-0.611044993692666,-0.5058431199974579,-0.6347998532531821,0.14615701668582037,-0.9047817140600005,-0.35205940606308733
1.2938594853016543,-0.4252649348875682,-0.9910203415651737,-0.465561007000009,-0.7225482376033224,-0.5058367096417614,-0.30091115504169585,1.8835281733776623,0.17854992204478484,1.0022556051632803
0.6991238644094161,0.5358526131245644,-1.0445890276094503,-0.3688211263737692,0.774480489941097,-0.5057925458344249,-0.21152362953625864,-0.4663529919926783,-0.22339467987987438,-0.4122973396356985
0.8665736994179104,0.11883880097054002,0.6327060531991162,-0.48263275063993355,-0.9422486993248584,-0.5058349379354131,-0.6369030891474278,0.866530423119023,-0.4032269305873869,-0.7651142090726422
1.2938594853016543,-0.4252649348875682,-0.9910203415651737,-0.465561007000009,-0.7225482376033224,-0.5058367096417614,-0.30091115504169585,1.8835281733776623,0.17854992204478484,1.0022556051632803
-1.8414943219263564,-2.299444153511227,-4.545005056791557,-0.45892199558448266,2.0217539730387366,2.3063380473760704,-0.3640082318690634,-1.6728821411631551,-1.7886593953533545,-2.013095858158215
0.4046431200841338,-0.44115117535057874,0.1460246203598195,-0.5167762379197829,0.6422394459500221,-0.45945662651500796,-0.5480413726155519,-0.4278303499374268,-1.1714099722067854,-0.28247264368857816
0.9127667573512882,0.015578237960971941,0.17042813289110098,-0.21991758462553737,0.45890527132603187,-0.5058431199974579,-0.3324596934553796,0.18467965874107187,1.6653611913476656,-0.4851870336234189
-2.0724596115932448,1.2269040732655192,0.5118789057881371,1.4170729444027945,-0.935576537559854,1.3914933148055297,-0.13791037323766317,-1.4660155533264545,0.9124283517274002,1.8583652356982374
-1.27562936224248,0.35713240791569667,0.6271507820537837,-0.23414403765880784,-0.7423843942019837,-0.5035334591761443,0.004058049623913653,-1.2175445120700823,0.6094598966942768,0.26452077117215833
0.4219655168091504,-1.5095008464880322,-0.09820890749389975,-0.4617672861911367,1.9947046685860166,-0.5058333595061211,-0.3324596934553796,-0.04645619359043698,-0.0837068339972155,-0.8598481027627175
0.23141915283396722,0.5596819738190802,0.8108715349315614,0.009602524311227404,-0.03098768709545059,-0.5058431199974579,-0.7951715901894079,1.0514391049842302,-1.9088590181123934,-0.3434048924510255
-1.4950463874260242,1.3778233576641188,0.49005462628861707,0.2694723997189697,-0.9476544727649518,2.1774866765914873,-0.6495225045129012,-1.535356309025907,-0.4313246769402771,-2.4916919523873826
0.01777625989209521,-0.2108006886369273,-0.2285593768683058,-0.4228816479001972,0.3897792710579699,-0.5058431199974579,0.9662884712412679,1.0822572186284314,-1.0486074703319208,-0.6045431255961525
1.4497610558268037,0.3452177275684388,0.5081092575109473,-0.11559026238155319,-0.6516189503717458,-0.5058431199974579,-0.6390063250416733,0.47359947415545794,0.09465712592701055,-0.5922281416286848
2.0444966767190422,-0.11945480597461708,-0.031148848668102008,-0.19810368997452243,-0.9425492471521109,2.42552556535181,-0.9245205976855112,0.3349179627565529,-0.23941239751572646,3.333068712649342
-2.4824230007519716,-1.3029797204688962,-1.7503068656075662,-0.43615967073124984,0.5160093585039959,2.451295839508727,-0.5375251931443239,-1.3215556456192616,-0.8266619703401479,-1.460024825831152
-1.9107839088264233,1.2110178328025087,0.23590097138966112,-0.24647363028764244,-0.9378005914815222,1.5300085383989568,-0.12739419376643527,-1.1559082847816802,0.5910728916581213,-0.4264068645746807
0.2833863430090172,0.24195716455887073,-0.039878560467910155,-0.2161238638166652,-0.9380109749605989,-0.5058431199974579,0.9347399328275842,-0.2467739322777449,-1.4485832277971735,-1.1742132379741554
-1.4430791972509738,-1.2473778788483596,-1.0537155444910677,-0.44185025194455807,1.8203869287795997,1.4075997361536026,2.4070050587994922,0.11148663883609405,-0.17721026069650134,-1.4079040435032706
-0.19586663304977614,0.6629425368286482,0.620405095663023,-0.34700723172275433,-0.8776309164655832,-0.5058431199974579,0.3616081516456626,-0.770681864229165,0.5974132382223126,0.4118840090303386
-0.16699597184141504,1.1276150703717043,1.0094724783771938,-0.43046908951794155,-0.9413771106258264,-0.5058431199974579,0.23541399799092783,-0.11964921349541481,-0.8049379407965234,-0.09168398906775246
0.8665736994179104,0.12678192120204526,0.7184159508699585,1.578306078779861,1.4597295360766676,-0.4539804432566632,-1.0086500334553345,1.8835281733776623,-2.0468783517413174,-2.2369420398991062
-1.142824320684019,-1.7835384944749626,-0.7707935211609263,-0.4228816479001972,0.7203818810356575,-0.5058162222738066,-0.6195513930199017,-1.2560671541253337,1.7711114979893625,0.1535916047947642
1.7904348580854643,-0.0797392048170909,0.4237881776264381,0.27895670174115006,0.16737387889116181,-0.5058310401814469,-0.2588464371567842,-0.8746929977783442,-0.07352890924943481,-0.9255782283247106
0.42773964905082257,0.3452177275684388,0.04483932449840867,-0.5044466452909485,-0.35557934052808926,-0.505831652225458,0.29325298508268144,0.4427813605112567,-0.33765439901561795,0.1563085682372056
0.05242105334212845,-0.5364686181286416,0.020634214508031577,-0.19810368997452243,-0.8833413251833796,0.6699256384118638,-0.5007185649950263,-1.6177947630241452,1.731133944389883,1.2958499994713724
-1.77220473502629,0.35713240791569667,0.460294245152908,-0.28535926857858196,0.606173706679729,0.07076676426355188,-0.5638156418223937,-1.2406580973032333,1.2766979469627329,0.915034490118412
-0.016868533557938038,1.0799563489826727,0.9158264790701621,0.9238892392494151,0.5701079674094358,-0.5058200878149302,0.040864677773211386,1.8796759091721371,0.7618284357053184,-0.33674533375449917
0.46238444250085586,-1.890770617600283,-1.599520934519973,-0.5034982150887304,1.7392390154214397,-0.49981931841327865,-0.5112347444662542,0.44663362471678186,-1.5403514017525755,-0.35779024980188273
0.22564502059229496,0.38096176861021236,0.5001731558747582,-0.4978076338754222,-0.5449244716971285,-0.5058431199974579,-0.8214620388674777,0.677769477048291,-1.307160129170631,-0.6067367358244871
-0.10348051718302065,-0.5563264187074046,0.5589003079825576,-0.5158278077175649,0.5640970108643869,-0.5058431199974579,1.5341621626875752,-1.5118574973722039,-0.33715384533949755,0.5489606802832999
-0.9696003534338525,1.290449035117561,0.7001629171067235,0.3168939098298715,-0.9476322322257352,-0.49089636098644623,0.4352214079442581,-1.5395937996519848,-0.4904567512126307,-1.7167927947787585
0.3238052687007226,-0.7390181840320249,-0.3029603297075786,-0.5158278077175649,0.33267518388000555,-0.5058431199974579,-0.3587501421334494,-0.9286246966556962,0.6921179937442868,-0.018591516163999473
-1.7260116770929121,1.385766477895624,0.511283698165423,0.8385305210497916,-0.9465886099503836,0.9405135170594885,1.5078717140095055,-1.6655628391726574,-1.3253802829814123,-2.3966314323679607
1.1321837825348327,-1.7080788522756631,-1.6903892982543383,-0.48452961104436965,1.9766717989508698,-0.5057967335039755,-0.40607294975397495,1.0514391049842302,0.3422643443812217,-0.2462755482180993
-1.2871776267258244,1.3103068356963241,0.7198047686562915,0.20308228556370705,-0.9476104725630418,-0.24620760786652277,-0.6516257404071468,-1.41015772234634,2.3352354909770225,0.7745955475020005
-0.25938208770817056,0.8615205426162788,0.7297248957015279,-0.46081885598891875,-0.9472828754313368,-0.5046705725233183,-0.6358514712003049,-0.10809242087883943,0.02791663577762748,0.2711465666097232
0.9127667573512882,0.2538718449061286,-1.4425845246643336,2.3275659385321097,-0.8103082031610358,-0.5058431199974579,0.26170444666899767,0.011327769492440031,-0.06815629979240942,-2.067635926714382
0.49125510370921693,-0.2544878499102061,0.5938191551817896,-0.44848926336008427,-0.9191966809745961,-0.5057136243698195,-0.6453160327244101,-1.3523737592634628,0.4295275352515394,0.21624032090046458
-0.8598918408420807,-1.3704962424366907,-1.763401433307278,1.1325438837373831,1.9886937120409676,-0.4066275644933289,0.6981258947249559,-0.5395460118976562,-0.8490200345401913,5.178540793489451
0.3238052687007226,0.9925820264361152,0.7632549251144269,-0.18577409734568806,-0.8998714556822638,-0.5058431199974579,0.6087383692195188,0.6392468349930395,-0.7391985579993811,0.038455367191342286
1.0282494021847326,0.754288419490958,0.8872565131798814,-0.41624263648467097,0.5520750977742892,-0.48078152837985644,-0.9350367771567392,1.8950849659942377,1.163672926894753,0.4842977896613609
1.0975389890847989,-1.9940311806098512,0.3212140639786939,-0.35838839414937074,0.7834969247586704,1.7329494473846752,0.16180074169233236,0.22705456500184856,-1.4058359438564936,-0.47531570948924007
-2.003170024693179,1.250733433960035,-0.3745836469741854,0.8100776149832508,-0.9472107439527963,1.114462867618676,0.8032876894372352,-1.017226773382775,-0.5621026673879931,-0.9683802951587224
2.1080121313774365,-1.8550265765585097,-0.7620638093611182,-0.23319560745658985,0.8105462292113902,-0.5058431199974579,-0.7846554107181799,1.7756647756229587,-0.7383309316274392,0.13694394004802365
-0.16699597184141504,1.238818753612777,0.9088823901384968,-0.2692359551408753,-0.9471506343873458,-0.5058254351468178,0.7980295997016212,0.6623604202261903,-0.4723367081370729,0.014154222894448969
1.120635518051488,-2.1370073447769453,-1.7257049505353796,-0.4077067646647087,1.8895129290476613,-0.5058431199974579,-0.4533957573745006,0.21549777238527307,-0.27007965273936785,-0.7732977688522509
-0.0688357237329873,1.0124398270148782,0.879717216625502,-0.4646125767977909,-0.9395437688795865,-0.5058431199974579,-0.7799231299561273,0.8703826873245482,0.19753759149228395,-0.04909781666053973
-1.7086892803678957,-1.6524770106551263,-0.6166347468779532,-0.4902201922576779,1.4026254488987033,-0.5058431199974579,-0.5901060905004635,-0.924772432450171,-0.737797007706244,0.7412328913165303
-0.40373539374997586,0.6271984957868747,-1.0392321590050226,-0.30527630282516066,-0.3615902970731381,1.0725861721136865,0.5614155615989932,0.23861135761842403,-0.6915792182777966,-1.8529246506402848
0.31803113645905046,0.8138618212272474,0.6815130782616791,-0.5072919358976026,-0.9381612488742251,-0.5058431199974579,-0.6011480789452528,1.6947672273069305,-0.3822370464354058,-1.042104500673016
0.387320723359117,-2.21206983096467,-2.06021163450075,-0.4646125767977909,2.012737538221163,2.531827946249091,-0.5427832828799379,-1.5515358186891128,0.45986108802443465,0.010024918284474533
-1.0157934113672304,0.41273424953623333,-0.3920430705738016,-0.34985252232940844,-0.727657550666614,0.36068234852886416,-0.7131453903138301,-1.6644071599109997,-0.10626511966770706,0.9008528130320429
-0.13235117839138172,-0.17902820771090636,-0.4085104814688937,-0.24267990947877027,-0.26842047062488067,-0.5058054309715034,4.079077594724731,1.2324955226439125,-1.3741008407904622,0.7494326129358042
0.387320723359117,-0.07576764470133827,0.6027472695225023,-0.36976955657598715,-0.9287841566639488,-0.5037138510952427,-0.708938918525339,-0.16972864816724187,-0.40636373362440814,-0.2332175598098397
1.23034403064326,-0.667530101948478,-1.7955426449338436,-0.01221137033978722,0.5190148367765204,2.464180976587185,-0.53226710340871,0.777928346391945,-0.013295616889616434,1.2525741517127684
0.006227995408750759,-1.3863824828997011,-0.15336481386541415,-0.39822246264252836,1.9586389293157231,-0.44463871887478096,-0.3482339626622215,0.9204621219963751,0.050775253653791236,-0.34043275347726
0.520125764917578,-1.7160219725071684,-0.7541277077249292,0.11867199756630184,1.9886937120409676,2.5157215249010183,-0.6037771238130598,0.14230475248029525,3.266999473952559,-0.3059913554130344
1.3689232044433932,-1.2195769580380913,-0.5844935352513871,1.8343822333787307,-0.7354717941751775,-0.4756274735484732,-0.6626677288519361,0.8511213662969224,-1.543922017975567,0.7471451069476612
-0.11502878166636508,0.6708856570601535,0.03015753647145853,-0.36218211495824293,-0.8860462556286515,-0.48561345478427836,-0.5848480007648496,-0.29685336694957165,-0.01913540977768784,0.4981187971393889
-0.5249921708250925,1.3817949177798714,1.0576842958170425,1.2748084140700888,-0.9438716575920215,-0.5000448083121517,0.7454487023454816,-1.1482037563706298,-1.0734349326674912,0.28500560654159124
-0.4499284516833537,-1.719993532622921,-1.3173925213534505,-0.5120340869086928,1.0149187517430518,-0.5058370961958738,-0.5848480007648496,0.022884562109015516,-1.35644798114595,-0.8679539130782234
-0.894536634292114,-0.2505162897944535,0.8947958097342612,-0.4978076338754222,1.3214775355405437,-0.5057619436338636,-0.4849442957881844,-1.3138511172082112,0.04219910066959538,-0.13203089356294162
0.1910002271422617,1.322221516043582,0.10872494266973079,0.23153519163024813,-0.7676304116911888,2.4770661136656433,-0.8530105772811615,1.4328132613312201,2.174557760942383,-2.8249545715751627
1.2418922951266045,-0.6595869817169727,-0.6045321918827647,1.2653241120479084,0.9067215339321721,-0.5058431199974579,-0.49020238552379836,1.7140285483345563,1.0595577622617158,-1.0696162106783953
0.4797068392258725,1.1673306715292304,0.7656357556052835,-0.3792538585981676,-0.9154999426993911,-0.5058431199974579,0.5561574718633793,0.9474279714350512,0.36338770951350075,-0.8538774401348704
-0.09770638494134846,0.13075348131779788,0.5987792187044076,-0.5395385627730158,-0.6828759244059999,-0.5058431199974579,-0.6621419198783748,-0.870840733572819,-0.4705347149030396,0.024275656167455636
-0.4383801872000092,-1.2195769580380913,-0.2813344527489633,-0.5300542607508355,1.0329516213781982,-0.5057915794491441,-0.5112347444662542,-0.8669884693672938,-1.016572035060217,-0.32701403168959053
-2.0897820083182617,-1.8272256557482414,-2.0580292065507977,-0.2161238638166652,2.018748494766212,2.6123600529894557,-0.4428795779032727,-1.680971895994758,-1.6669581115659549,1.3714652304038328
-0.028416798041281784,-0.5086676973183732,-0.146222322392844,-0.5471260043907601,-0.5719737761498483,-0.45752385595323924,-0.7552101081987418,-1.236805833097708,-0.7400328141262486,0.8502927878447779
1.9521105608522866,-0.3100896915307428,0.4227961649219145,0.16514507747498547,-0.8713194120932819,-0.5058118413272,-0.527009013673096,-0.5780686539529076,-0.5052063995356442,-0.563407537910002
0.6471566742343668,-0.5841273395176729,-0.773967961815402,-0.48642647144880574,-0.9463631990799443,-0.5051795354379173,-0.4271053086964308,0.8857917441466487,-0.8884970344635511,0.37249836277140863
1.2072475016765711,-1.7914816147064678,-0.775356779601735,-0.3764085679915135,0.6392339676774977,-0.5057020277464488,-0.21678171927187262,-0.3931599720877004,-0.4114693811208357,-1.0271487196385534
0.2140967561089506,-0.8621365476203561,-0.797974669264874,-0.5385901325707979,0.041143791445135705,-0.5058431199974579,-0.5112347444662542,-0.7051933727352377,-1.6088938851359913,0.1825300611799226
-1.2525328332757912,1.1911600322237457,0.20653739533576154,0.00770566390679142,-0.9475458547801827,0.12230731257738522,0.014574229095141576,-0.7090456369407628,-1.2324441504483965,0.06152902874382019
-1.0562123370589358,-2.3407483787150545,-3.463711208860793,-0.4247785083046333,1.991699190313492,2.3772063013075915,-0.6810710429265849,-0.970999602916473,-0.46446133029944614,1.0238600566749114
-0.9407296922254914,0.3372746073369336,1.059469918685185,-0.5366932721663618,-0.7970840987619284,-0.5058431199974579,0.004058049623913653,-0.25447846068879526,1.5597443656862664,0.0564463472512718
0.9474115508013213,-0.1234263660903697,0.5533450368372251,-0.5167762379197829,0.7293983158532308,-0.5058025318156608,-0.7152486262080757,0.4312245678946812,-0.30058005673763594,-0.1756733675949705
0.39886898784246144,0.3253599269896757,0.7826983741230903,-0.35838839414937074,1.1050830999187848,-0.5058135163950201,-0.7347035582298472,-0.11964921349541481,0.028083487003000805,-0.7449340844402541
-1.0562123370589358,-1.573045808340074,-0.5646532811609145,-0.0653234616639973,1.7933376243268793,-0.0870761649475625,-0.2956530653060819,0.8703826873245482,-1.9996928252057042,-0.7477008873317372
-1.7086892803678957,1.3381077565065924,0.7166303280018159,0.8859520311606935,-0.6792693504789705,1.388272030535915,3.9265929923919254,-0.00022902312413535192,1.8953822906475142,0.589569841096456
-0.016868533557938038,0.30153056629516,0.3696242839594476,2.963014174018195,-0.6561271677805325,-0.5058431199974579,1.4710650858602077,-0.19669449760591787,-0.1551191584570554,0.7744955406447516
1.4613093203101482,-0.667530101948478,0.19165720476790693,-0.37166641698042324,-0.06705342636574384,2.2676826361406954,-0.40607294975397495,0.6585081560206653,-0.0691240368995754,0.07740561156483053
-0.09770638494134846,1.1117288299086936,0.2589156661346095,-0.3318323484872658,0.18540674852630848,-0.5057667755602681,0.5193508437140815,1.1015185396560572,-0.14363979415136166,0.45940444680736864
-0.5480886997917813,0.41273424953623333,0.5890574942000761,-0.4646125767977909,-0.9458342349039799,-0.5057548568084704,-0.6179739660992175,-1.583124385174419,1.9328904461114673,0.4396791894550676
-0.5538628320334535,-0.6754732221799832,-0.4398580829318408,-0.3877897304181298,-0.3916450797983824,-0.4759818148181308,-0.2588464371567842,0.3888496616339046,0.4902613812874786,0.6142463023726117
0.2545156818006561,0.17841220270682928,0.356132911177926,-0.2825139779719278,0.843606490209159,-0.5056549969961125,-0.7678295235642154,1.6408355284295784,-0.22226009154733475,1.5805661459436768
0.30070873973403384,0.41670580965198595,0.3450223688872613,-0.39442874183365617,0.7564476203059505,-0.5040069879637776,-0.39555677028274705,1.8950849659942377,1.7956052578741863,0.6212688900006759
-1.0793088660256247,0.8615205426162788,0.846782394835317,0.09970339352194107,-0.9448694763784998,-0.5029568492918832,0.6034802794839049,-1.437123571785016,0.936054485240282,-0.07424353248568921
-1.691366883642879,0.7741462200697211,1.0426057027082833,-0.4048614740580546,-0.9052813165728077,-0.5057877139080206,-0.7804489389296888,-1.0018177165606745,0.7893922581370133,-0.3326757977806666
0.7395427901011217,1.0442123079408991,0.8832884623617869,-0.33752292970057396,-0.8547892815943975,-0.5058310401814469,0.3721243311168905,1.1400411817113087,-0.40316019009723764,-0.6030665821588828
-0.9118590310171308,-1.6604201308866315,-1.1150219296306283,-0.5215183889308731,1.8985293638652343,-0.4662213234811986,-0.7872844555859869,-1.1597605489872054,-1.0765383654594378,-0.2952278317832544
0.9416374185596491,0.055293839118498125,1.0969679989161785,-0.028334683777493794,-0.4517546452488711,-0.5000770211548479,-0.5164928342018681,-0.6088867675971089,0.9297475089211655,-0.03355177468469035
0.24296741731731167,0.6788287772916588,0.738454607501336,-0.09093107712388439,-0.46077108006644435,-0.5058431199974579,-0.5690737315580077,1.0013596703124035,0.06408998143859325,-1.3079611516502272
-0.15544770735807062,0.6430847362498852,0.8285293610720823,1.6257275888907627,-0.7327668637299054,-0.5058431199974579,-0.4428795779032727,1.2748704289046893,1.5920133926734936,0.07364551883850275
-0.05151332700797068,-0.3259759319937528,-0.045235429072337616,-0.47504530902218933,1.3425158834482147,-0.505830073796166,-0.04326475799661201,1.6023128863743268,0.927978885932207,-0.03486673573431378
0.36999832663410037,-0.28626033083622704,0.45831021974386066,-0.38684130021591184,1.240329622182384,-0.5058431199974579,0.29851107481829536,1.5406766590859244,-1.7038656026185635,-1.4018833665104702
0.5547705583676114,-0.9097952690093875,0.014086930658175663,2.650032207286242,-0.9346147845126463,-0.44463871887478096,0.009316139359527614,-0.4547961993761029,-0.8047043490810007,0.17972673780181855
-0.17277010408308724,0.8853499033107944,0.6382613243444485,-0.4522829841689564,-0.9467028181247396,-0.10962515483486458,-0.5532994623511658,0.9743938208737272,1.031059572967929,0.16252439300522317
-0.8367953118753918,-1.8788559372530251,-1.8483177208145014,-0.5243636795375273,1.8384197984147461,2.0164224631107586,-0.7546842992251804,-1.0981243216988026,-0.8746483827575539,0.7112132454363453
1.2130216339182434,0.9965535865518678,0.8209900645177025,-0.12128084359486145,-0.862002429448456,-0.5057265095068979,-0.7636230517757241,1.436665525536745,1.608031110309345,-1.0597289081943604
-0.6520230801418809,-0.29023189095197965,-0.38867022737842094,-0.47125158821331714,-0.2804423837149784,-0.5001414468402401,0.7191582536674117,0.06140720416426699,1.1904692336897311,0.2776210502687178
-0.05151332700797068,-0.9455393100511608,-0.13927823346117854,-0.569888329243993,0.03813831317261126,-0.5058431199974579,-0.22203980900748643,-1.2560671541253337,-1.3507082989931032,-0.5602691572960062
0.01777625989209521,1.2070462726867561,1.0467721560672827,-0.2901014195896721,-0.9136966557358766,-0.5058018875588068,0.5193508437140815,-0.25062619648327006,1.092394083415212,-0.4474661756154876
-0.06306159149131511,-0.4133502545403104,-0.4950139893033549,-0.5347964117619256,0.18540674852630848,-0.5058431199974579,2.8592007760622926,-0.6204435602136843,-0.8750821959435251,0.17182717381550208
1.4439869235851315,0.4047911293047281,0.3194284411105515,-0.36218211495824293,-0.052026035003121605,-0.5058431199974579,0.10396175460057894,1.8758236449666121,0.04153169576810168,-0.28161672793164827
1.3169560142683432,0.8456343021532683,0.5563210749507961,-0.3811507190026036,-0.46077108006644435,-0.5058392222434916,-0.6358514712003049,0.288690792290251,-0.5387768660807838,-0.5508417409496883
-2.2803283722934444,1.4215105189373975,-3.1057930250686647,-0.2692359551408753,-0.5088587324268353,2.6445728956856014,2.475360225362474,-1.826163733901001,-1.7711400166891413,0.2749980368825783
0.9185408895929604,0.31344524664241785,0.28272397104317687,2.1378798980885025,0.03513283490008681,-0.5058431199974579,0.38789860032373247,1.5406766590859244,0.9296140279408672,-0.6954309231177458
1.3285042787516879,0.44053517034650164,0.18312589550900357,0.4117369300516752,-0.9070846035363225,-0.4898655500201696,0.2669625364046116,1.2594613720825885,0.3268472911567137,-0.041829206315527
1.3169560142683432,-0.3021465712992375,0.7557156285600473,0.0968581029152868,-0.5539409065147017,-0.5058431199974579,-0.6994743570012338,0.29254305649577617,-1.1416770838452355,-0.5871481928703624
-0.6577972123835532,0.06720851946575598,-1.0328832776960712,-0.2910498497918901,1.2794008397252015,-0.413070133032558,-0.41133103948958893,1.1053708038615824,2.7274693515849475,-0.8493261406043148
0.6413825419926946,-1.0646861135237393,-0.6840916107855605,-0.07954991469726788,0.008083530447366904,1.974545767605769,-0.5585575520867798,-1.5881323286416016,0.42916046255571794,1.6725511926942604
-0.9984710146422137,-1.87091281702152,-0.4170417907277972,-0.3745117075870774,1.7242116240588174,-0.5058431199974579,-0.5690737315580077,-0.612739031802634,0.2864359243712627,0.3792902247714343
-0.9580520889505082,-0.08768232504859613,0.24423387810765962,1.1894496958704657,-0.44273821043129774,-0.5058431199974579,0.3090272542895233,1.0899617470394818,-1.447415269219559,-0.5204995234127562
0.751091054584466,0.9290370645840732,0.7231776118516718,-0.4797874600332795,-0.5359080368795551,-0.5058431199974579,0.351091972174435,1.1554502385334093,0.5983809753294785,-0.7154920642839678
-0.19586663304977614,-0.8144778262313246,0.1478102432279621,-0.5404869929752338,-0.2443766444446852,-0.5058329085263232,1.2975481245849474,-0.3970122362932256,0.8252652715923063,1.0002422585143929
0.8550254349345661,0.7304590587964424,0.47358721539352483,-0.29674043100519837,-0.7435865855109934,1.475246705815509,-0.2588464371567842,0.9589847640516266,0.06148710232276716,0.005390719682158897
0.3815465911174448,-0.6556154216012201,-0.6420302721137583,-0.5509197251996323,0.8736612729344034,-0.5011078321211245,-0.17997509112257487,-0.7321592221739138,-0.3394897624947262,-0.6247711644169326
0.5258998971592502,1.187188472107993,1.1584727865966444,-0.48073589023549756,-0.5148696889718841,-0.5058431199974579,-0.5901060905004635,0.8472691020913974,0.02851730018897195,0.1863275414939489
1.4208903946184424,-0.8978805886621296,0.46426229597100255,-0.47125158821331714,1.3875980575360813,-0.5058431199974579,-0.43236339843204474,0.7432579685422186,-1.0083295845267677,-0.616932187110656
0.3642241943924282,1.0402407478251465,0.25514601785741964,-0.312863744442905,-0.9392432210523339,1.842473112551571,0.15128456222110445,-1.5349710826053549,-0.23791073648736533,-0.9125860475290667
0.09861411127550625,0.4286204899992438,0.4188281141038199,-0.518673098324219,-0.9170026818356534,-0.5058431199974579,-0.5848480007648496,0.3965541900449549,1.262015039129869,-0.053913932899782746
-0.842569444117064,0.682800337407411,0.5632651638824616,-0.40011932304696446,-0.7868654726353453,-0.5058431199974579,0.3668662413812766,0.6199855139654137,1.5936819049272286,-0.21382271613237258
0.6818014676844001,0.6192553755553695,0.5741773036322215,-0.2730296759497475,0.5731134456819602,-0.4757241120765616,-0.7583649620401101,1.7409943977732325,-0.7850492747320075,0.5970218714869953
1.1841509727098822,-0.03208048342805948,-0.2243929235093067,-0.14973374966140263,-0.888450638246671,-0.5040295369536649,-0.31668542424853774,0.5390879656493854,0.08254372696489749,2.005441876884184
-0.4152836582333203,-1.0329136325977184,-0.36208428689718736,-0.5357448419641437,0.7414202289433286,-0.49714565246949854,-0.4586538471101146,-1.0942720574932776,-0.370991273845235,0.7327403258172395
0.006227995408750759,-0.3061181314149901,0.00694443918560552,-0.543332283581888,-0.9161010383538959,-0.5054340168952169,-0.7184034800494441,-0.34308053741587347,-0.236208853988556,1.0173136940814882
0.23141915283396722,-1.489643045909269,-1.1854548316518068,-0.33847135990279203,1.8624636245949415,0.18029042943044762,0.7086420741961839,-0.9787041313275233,-1.0922223806445428,-0.32606442680269343
-1.6105290322594683,-2.3649748954211454,-4.199387830535524,-0.3166574652517771,1.7903321460543553,-0.5050313563615151,-0.32720160371976564,-1.5607812527823732,-0.9038473471979088,-1.952076629703767
0.35267592990908375,0.9052077038895575,0.48509456276599894,-0.39822246264252836,-0.5719737761498483,-0.5058392866691771,-0.9976080450105452,1.5175630738527734,1.4965077512697267,0.23693128042690728
-1.6567220901928457,-1.1798613568805654,-0.8553130035863402,-0.5243636795375273,1.2012584046395662,-0.4851624749865323,-0.42184721896081684,-0.9324769608612213,1.6353279707804431,0.6969232201161285
-0.1843183685664317,1.342079316622345,0.9271354239017319,-0.23604089806324394,-0.9456569116859009,-0.5058431199974579,-0.6794936160059006,-0.16202411975619152,-0.6053838752498685,0.28119991942183936
0.3353535331840671,-2.0933201835036668,-1.3086628095536426,-0.3688211263737692,1.9556334510431994,2.560819504675622,-0.633222426332498,-0.004081287329660479,-0.28936765439253975,-1.9830853231879082
-0.1612218395997428,-1.1838329169963178,-0.27915202479901147,-0.4446955425512122,0.17639031370873515,-0.5058379015169411,-0.5743318212936217,0.40811098266153034,1.9312553041028073,-0.47876602139456464
1.0513459311514215,-0.5205823776656311,0.1710233405138152,-0.28156554776970977,-0.9010736469912737,-0.5058431199974579,-0.4691700265813425,-0.281444310127471,-1.1745134049987318,-0.06675585232923971
1.4035679978934263,0.921093944352568,1.4027063144503638,0.12056885797073782,-0.8439695598133093,-0.5058431199974579,-0.5427832828799379,1.752551190389808,-0.7371296028047503,-0.3076471093582238
-2.9143280924290527,-1.3824109227839485,-1.7768928060887998,1.6257275888907627,-0.9384317419187523,-0.5058431199974579,3.306138403589479,-1.7722705576657038,-1.5319754702388275,-0.382711233962354
-1.3449189491425462,-0.8343356268100877,0.47715846112980986,-0.47314844861775324,1.072022838921016,-0.5058431199974579,-0.5901060905004635,-1.0095222449717245,2.655055919772867,1.018692908755729
-0.19009250080810386,1.1951315923394983,1.3927861874051273,0.06745676664652775,-0.762220550800645,-0.5056012015488099,0.2669625364046116,0.05755493995874186,-0.5245277714338907,0.7581555367233241
-2.4420040750602663,1.3976811582428819,0.7148447051336733,0.3737997219629537,-0.9476518579988547,1.4172635889624463,0.5140927539784675,-0.9093633756280706,-1.52630252857613,0.5668511146003363
0.17945196265891725,0.7662030998382159,0.689647582438773,1.0566694675599406,-0.5779847326948973,-0.5058431199974579,0.6560611768400445,0.4967130593886088,-1.2563706161669503,-1.1212668989841663
0.8203806414845326,-0.2783172106047218,0.4434300291760062,-0.03307683478858406,0.20043413988893058,-0.5058431199974579,-0.6316449994118137,-0.004081287329660479,-1.1215214558201219,-0.7126893994753082
0.9185408895929604,-0.2703740903732166,-0.9013423930762371,-0.35838839414937074,-0.5900066457849951,2.006758610301915,-0.7641488607492855,-0.2930011027440465,-0.573281699488015,-1.4832545642963235
0.20254849162560606,1.2944205952333137,0.781309556336757,-0.2142270034122291,-0.947156645343891,-0.5058230513964582,-0.708938918525339,0.06140720416426699,0.9634848266916783,-0.14150043985541405
-0.07460985597465958,1.2864774750018084,0.7561124336418567,-0.5063435056953846,-0.9028769339547883,-0.5057580780927401,0.08292939565812309,1.0514391049842302,-0.7965286390377012,0.14175324885630966
0.5432222938842669,-0.635757621022457,-0.5348929000252053,-0.5234152493353093,1.0419680561957716,-0.2510395342709446,-0.706309873657532,-1.2329535688921829,-0.07219409944644702,-0.36595196315873196
-0.6751196091085698,0.682800337407411,0.2452258908121833,2.5551891870644385,-0.904680220918303,-0.5058431199974579,0.17757501089917424,-0.20825129022249333,-1.9072238761037337,-0.836809035852732
0.24296741731731167,-0.8224209464628298,-0.24046352932258958,-0.467457867404445,1.1892364915494686,-0.5058393510948624,-0.34297587292660753,1.167007031149985,1.0020608299980223,-1.0864213368310225
-0.2016407652914483,1.218960953034014,0.7088926289065316,0.10349711433081316,-0.9316393610228473,-0.5058431199974579,-0.34297587292660753,-1.1058288501098534,1.7957053686094109,0.6392363199787292
-1.9973958924515067,1.2427903137285297,0.755120420937333,0.3832840239851341,-0.9466697578637417,-0.5058142250775595,0.009316139359527614,-0.5511028045142315,1.6283535895598324,0.10568886042353264
1.1552803115015213,1.3381077565065924,0.8410287211490801,-0.2919982799941082,-0.8577947598669219,-0.505783848366897,0.38789860032373247,1.8758236449666121,0.09629226793567014,-1.088720863615044
-1.4142085360426129,-1.4340412042887325,-2.353847395039747,-0.3612336847560249,1.9766717989508698,2.448074555239112,-0.4849442957881844,-1.6975366320785161,-0.14517482542479726,-0.32572043158423564
-1.7375599415762568,0.4008195691889755,-0.03888654776338637,-0.3109668840384689,-0.9476553443536508,2.6445728956856014,1.2239348682863518,-1.3986009297297646,-1.0929898962812608,2.278230376666925
0.3238052687007226,0.7582599796067107,0.9757440464233901,-0.26544223433200315,-0.9151993948721386,-0.5058431199974579,-0.8651041836730735,-0.1350582703175154,0.9278787751969834,0.2572316057197
-0.842569444117064,0.436563610230749,-0.2614941986584906,-0.3545946733404986,-0.3465629057105159,-0.5058431199974579,-0.22729789874310038,1.2132342016162867,-1.077806434772276,-1.0043752618811834
-0.2709303521915149,1.3817949177798714,0.6519510996668747,0.0465913021977309,-0.8623029772757086,-0.5057046047738646,-0.4796862060525704,-0.6435571454468353,-0.3410915342583114,0.04528249014916494
-1.2871776267258244,1.1276150703717043,0.8071018866543715,0.3643154199407734,-0.9472828754313368,-0.5058431199974579,-0.39029868054713307,-0.48561431302030406,-0.07312846630853853,-0.09460361533954732
0.09283997903383398,1.0998141495614357,0.9505469237284898,-0.46935472780888104,-0.941707713235804,0.7182449024560825,0.014574229095141576,-1.6879059715647031,-0.4475759862916522,0.31445528135681833
1.0802165923597826,-0.19491444817391682,0.18292749296809876,-0.12128084359486145,-0.9318497445019237,-0.3802130334824893,0.1723169211635603,-1.6821275752564155,0.5981140133688816,2.118324898054588
0.1967743593839339,-0.615899820443694,-0.5130686205256854,0.2979253057855108,1.6430637107006576,-0.4401289208973205,0.6455449973688165,0.15386154509687064,-1.8196937232728176,-0.7758052277743348
-0.2824786166748594,0.6192553755553695,0.617627460090357,-0.5091887963020387,-0.9456118295118132,-0.5058431199974579,-0.5585575520867798,-0.6974888443241875,0.35975035280036005,0.27314801744570716
-0.565411096516798,1.3579655570853555,1.0558986729489002,-0.3915834512270021,-0.9448394215957745,2.0711842956942066,-0.3219435139841517,-1.4794984780457925,0.26367741723032256,-0.27563125837151753
0.20254849162560606,-0.2703740903732166,0.17419778116829093,-0.3109668840384689,-0.10011368736351263,-0.5058431199974579,-0.6721322903760413,-0.5973299749805334,1.7322685327224225,-0.005526103349093354
-1.0504382048172634,-0.8224209464628298,-0.6503631788317568,-0.5053950754931665,1.2222967525472372,-0.5058270135761098,-0.11161992455959337,-0.33152374479929797,0.3442665590857033,1.3320956972160025
0.3469017976674116,0.5477672934718223,0.6590935911394449,-0.43046908951794155,-0.3044862098951739,-0.5058130332023797,-0.53226710340871,0.5583492866770112,0.9274115917659373,0.2961562773063419
-0.3344458068499093,0.1903268830540867,0.6620696292530157,0.16514507747498547,-0.8848440643196418,-0.5058431199974579,0.4615118566223279,-0.6820797875020868,1.6000889919815688,-0.28255417055528886
-0.2478338232248261,-1.0726292337552445,0.27419266178427343,-0.5158278077175649,1.9556334510431994,-0.4365855082007445,-0.164200821915733,0.804894195830621,-0.9399873226138004,-0.8505114640691177
-0.7848281217003419,1.2269040732655192,-0.6215948104005711,0.3074096078076912,-0.9473309630836972,0.29303537886695796,0.09870366486496497,-1.2021354552479817,0.5975467192026119,0.1614015924030207
1.5305989072102146,0.2697580853691391,0.8459887846716984,-0.44090182174233994,0.9938804038353807,-0.5058431199974579,-0.5532994623511658,1.3210975993709906,0.4925305579525572,-0.45833021235823274
-0.15544770735807062,1.2269040732655192,0.7815079588776619,-0.3299354880828297,-0.943931767157472,1.6878514676100713,-0.5743318212936217,-0.33922827321034826,0.09402309127059122,1.3243790396349588
1.640307419801987,1.0442123079408991,-0.27538237652182157,-0.2502673510965145,-0.9421885897594079,2.4706235451264145,-0.53226710340871,-0.8246135631065171,0.161998280487738,1.0517680807444507
-0.005320269074593587,0.46039297092526477,-0.02063351400015137,-0.465561007000009,0.03813831317261126,2.2000356664787892,0.961030381505654,-0.27373978171642066,-0.6714569604977573,0.5935139395795854
-1.7837529995096344,-1.1560319961860495,-0.17499069082402943,-0.5110856567064747,1.2042638829120906,-0.5058431199974579,0.07767130592250912,-0.10038789246778906,1.8489976499936929,-0.36539518500158547
1.1379579147765047,0.3889048888417176,0.4543421689257661,0.3832840239851341,-0.946630686646199,-0.4005071243810611,-0.5979932251038844,-0.4393871425540023,0.5957780962136534,1.4331116652446614
-0.7501833282503086,0.9925820264361152,0.8148395857496561,-0.49306548286433205,-0.9466847852551045,-0.5055705993482486,-0.8377621170478808,-0.11579694928988968,0.38965009238728326,0.5381174385599037
-0.03996506252462623,-0.8263925065785824,0.07301248530687988,-0.5404869929752338,1.2914227528152993,-0.5058431199974579,-0.521750923937482,-0.17358091237276702,-0.9104546557226982,0.16963493227186802
-0.31712341012489265,0.5437957333560697,0.06765561670245222,-0.34226508071166406,-0.9472678480399741,2.1935930979395604,-0.6852775147150761,-1.6844389337797305,-0.6351835041015679,-2.044456800791947
0.1967743593839339,1.024354507362136,0.308119496278982,-0.18482566714346996,-0.30749168816769834,-0.5058431199974579,2.66990954558019,1.1747115595610351,1.600456064677391,0.9081144981293491
-1.5643359743260905,-1.7279366528544262,-0.7009558267624622,-0.4115004854735808,1.4026254488987033,-0.5051183310367946,-0.6169223481520947,-1.0480448870269758,1.44368265331649,0.5120141380641774
-2.211038785393378,-2.5251479148894482,-5.753276530901348,-0.3925318814292201,2.042792320946407,2.3514360271506747,-0.21152362953625864,-1.2445103615087583,1.6176083706457818,1.0676593213780856
1.4151162623767706,0.8496058622690209,0.9009462885023077,-0.2768233967586196,-0.7105263245132247,-0.5053051655244323,-0.5532994623511658,0.38114513322285426,-1.0710990155122628,-0.3005370985528421
-0.5480886997917813,-1.8232540956324887,-0.7961890463967314,-0.1867225275479061,1.9706608424058207,-0.4863865630089859,-0.527009013673096,0.05370267575321674,-1.3908527038179568,-1.4343687990054352
0.2140967561089506,-0.07576764470133827,0.3368878647101675,-0.3612336847560249,0.5490696195017648,-0.5058431199974579,-0.4481376676388866,-1.0750107364656518,-1.473510800867968,-0.3043774185060829
1.2534405596099492,0.921093944352568,0.8338862296765099,2.3180816365099295,1.432680231623948,-0.5058431199974579,-0.40607294975397495,0.4697472099499328,-0.5360738762297341,-0.5943395606097475
-0.46147671616669805,0.08706632004451907,0.057735489657215824,-0.3005341518140705,0.7474311854883772,-0.5058431199974579,-0.5901060905004635,-0.8631362051617687,-1.407738047825751,0.08742880260897565
0.8088323770011882,0.786060900416979,0.005357218858367611,-0.415294206282453,-0.4307162973412001,2.119503559738425,-0.602725505865937,-0.9363292250667464,0.06158721305799126,-0.1822135238922256
-1.0446640725755914,-2.0536045823461406,-0.2916513848760094,-0.5120340869086928,1.8414252766872705,-0.5058431199974579,-0.5112347444662542,-0.054160722001487235,-0.9334133843340859,-0.19051203924613186
-0.49612150961673135,0.4325920501149964,0.2662565601480844,4.765031558232464,1.177214578459371,-0.5058431199974579,2.680425725051418,0.2540204144405247,-0.9234356810567529,-1.7862353525736245
-0.14967357511639834,-2.2617143324115774,-0.548185870265822,-0.27777182696083763,1.5198391015271562,-0.5058431199974579,-0.5743318212936217,-0.562659597130807,-0.7127693239002253,-0.28535442933217897
-0.09770638494134846,1.4095958385901397,1.0199878130451443,-0.3195027558584312,-0.9422486993248584,-0.5058256284238739,-0.4691700265813425,1.818039681883735,0.7344314644989958,0.9043892568155649
1.0340235344264048,0.6073406952081116,0.6757594045754419,0.07788949887092605,-0.0039383826427306775,-0.5047736536199459,-0.2535883474211702,0.7933374032140457,-0.5704785989017409,0.5887255977129761
0.9127667573512882,0.24592872467462334,0.6582999809758259,-0.09946694894384664,0.35371353178767667,-0.5058431199974579,-0.7888618825066711,0.3349179627565529,-1.3376939034139734,-0.5223343969392316
0.803058244759516,-2.0933201835036668,-1.8094308227971745,-0.37735699819373153,1.8684745811399905,2.5060576720921746,-0.4796862060525704,-1.2098399836590321,0.28656940535156117,-0.09477089346157394
-1.113953659475658,-1.3387237615106697,-1.2408091405642256,-0.5158278077175649,1.8865074507751365,0.45409959234768693,-0.4586538471101146,-1.259919418330859,0.8620059114195417,1.2569853833711055
1.1090872535681435,0.09103788016027169,-0.468031243740312,-0.03592212539523823,-0.9406557958404205,0.1255285968469998,-0.521750923937482,0.22320230079632342,0.11594734228466344,1.703391233143119
1.5305989072102146,0.6629425368286482,0.527354303978706,0.16514507747498547,-0.6080395154201416,-0.4918627462673306,-0.5164928342018681,0.1191911672471443,-0.9390529557517086,0.708533275265179
0.01777625989209521,-2.140978904892698,-1.941170109957914,-0.09472479793275647,1.2794008397252015,-0.5058431199974579,1.9810997902147616,-0.6936365801186622,-0.15415142134988938,0.19599223127632034
1.0628941956347657,0.9091792640053101,0.9293178518516837,-0.04730328782185454,0.28158205324709024,-0.505700739232741,0.5351251129209234,1.7987783608561094,-0.2371098506055727,-2.0234803311236904
1.2649888240932934,0.7304590587964424,0.6100881635359773,1.6541804949573038,-0.6855808548512718,-0.4953095204358183,-0.3482339626622215,1.070700426011856,1.9317558577789282,-0.2879528188315855
-0.6289265511751921,0.16649752235957144,-0.3089124059347206,-0.49970449427985825,-0.7093241332042151,-0.42466675640317053,-0.400814860018361,-1.2483626257142837,-0.7718012874373549,0.9232148286093307
-1.0677606015422803,0.3412461674526862,0.31526198775155223,0.014344675322317667,1.2433351004549085,-0.5058431199974579,-0.09058756561713752,1.355767977220717,2.8407613336135245,0.4043211456600735
-1.622077296742813,1.1435013108347147,-0.045235429072337616,0.0608177552310015,-0.9407159054058711,-0.5034593696379431,-0.6237578648083928,-1.3369647024413622,-0.7466734928961121,0.2723730268996494
-0.19586663304977614,1.004496706783373,1.1858523372414964,2.1758171061772233,-0.5389135151520796,-0.5058431199974579,-0.006458129847314272,1.5946083579632764,-1.1540240745228711,-0.47646542994052965
1.565243700660248,-0.09959700539585399,0.3499824324098796,-0.3915834512270021,0.7804914464861459,-0.5058431199974579,-0.7084131095517775,1.9143462870218635,0.3197394289558045,-1.3118414799043492
0.306482871975706,0.682800337407411,0.6811162731798697,0.7247188967836274,0.40180118414806754,-0.5058383524967389,-0.016974309318542196,-0.4008645004987507,0.5822965172034772,2.23252806339071
1.2707629563349656,-0.15122728690063802,0.6914332053069155,-0.4797874600332795,0.3597244883327255,-0.5058431199974579,-0.5901060905004635,1.0360300481621296,-0.5056735829666902,0.10607735694144187
0.7279945256177772,-0.5920704597491782,0.2587172635937049,-0.4437471123489941,0.7324037941257553,-0.5058313300970312,-0.6100868314957966,0.4658949457444076,-1.5390499621946623,0.18300497496731588
0.5778670873343001,0.37301864837870713,0.8414255262308894,2.507767676953537,0.17037935716368624,0.1641840080823747,-0.5532994623511658,-1.4409758359905411,-1.20394596115461,0.689448438416177
0.306482871975706,0.8416627420375157,1.09240474047537,-0.41624263648467097,-0.30148073162264943,-0.5058431199974579,-0.1904912705938028,1.3519157130151915,-0.40472859161574803,-0.7447942488508702
1.0744424601181102,0.9886104663203625,0.6436181929488761,0.9713107493603169,0.3747518796953477,-0.5058211508387391,-0.6721322903760413,-0.7360114863794389,-1.1720440068632048,0.606579452492915
1.0802165923597826,0.35713240791569667,0.718812755951768,-0.41055205527136274,-0.611044993692666,-0.5050732330570201,-0.2956530653060819,0.3002475849068265,-0.8378410024401692,-0.4664470129030938
-0.3633164680582704,-0.3696630932670316,0.33867348757831,-0.5215183889308731,1.4657404926217166,-0.5058431199974579,0.582447920541449,-0.7514205432015394,1.3634939544020066,-0.2402168278729625
-0.3633164680582704,-0.4570374158135892,0.30593706832902995,-0.5016013546842943,-0.12716299181623236,-0.5058431199974579,-0.3324596934553796,-0.5087278982534549,-0.1931612378422037,1.0914053327092377
-0.40373539374997586,0.9449233050470838,0.6856795316206784,-0.24931892089429655,-0.7207449506398077,-0.5058431199974579,-0.7788715120090046,-0.7629773358181147,-1.5737550170723411,-0.11369989893384279
1.7153711389437256,-0.6317860609067044,-1.6909845058770527,1.3317142262031714,1.0479790127408204,-0.5057890024217284,0.29325298508268144,1.8873804375831875,0.3702953502439627,-2.3086417123245493
-0.02264266579961021,1.0521554281724044,0.9640382965100109,0.2220508896080677,-0.9470995412567127,-0.5058166732536044,-1.0139081231909484,-0.09653562826226393,0.32511203841283,0.08034224511869872
-0.09770638494134846,-1.469785245330506,-0.036704119813434535,-0.5205699587286551,1.5859596235226938,-0.5058327796749524,-0.5585575520867798,-1.0634539438490764,-0.3601793144410351,-1.5318866602252341
1.057120063393094,0.1386966015493031,-0.4993788452032589,-0.36028525455380683,-0.9460566402961468,2.3385508900722165,-0.8288233644973373,1.8064828892671596,0.25199783145418075,0.8376686669212223
0.2833863430090172,-1.6127614094976002,-1.0703813579270647,-0.5205699587286551,1.0539899692858692,-0.5056227841534163,-0.6510999314335855,-1.2445103615087583,-1.4027992515546968,0.67255525505897
1.4959541137601815,0.30153056629516,-0.12003318699342003,-0.3232964766673034,0.8406010119366345,-0.5058431199974579,-0.5690737315580077,-0.3584895942379741,0.06205439648903677,-1.8516822332570635
0.6067377485426614,0.9449233050470838,1.1467670366832652,-0.39822246264252836,-0.8175213510150945,0.3220269372934892,0.5088346642428536,-0.05030845779596211,1.0613931257408233,0.1454518515863651
0.6702532032010557,-0.667530101948478,-0.08213830168061699,-0.22560816583884563,-0.9447432462910536,-0.5058431199974579,0.8926752149426725,-1.3947486655242392,0.7985357052874789,-0.5235290456120218
0.3353535331840671,-0.7509328643792827,-0.06348846283557272,-0.31760589545399515,1.072022838921016,2.4674022608567996,-0.27987879609924,-0.43553487834847715,1.2623153713355415,-0.8078728792500677
0.13903303696721175,0.6510278564813904,0.6013584517361691,1.7679921192234682,0.975847534200234,-0.5058431199974579,-0.36926632160467737,-0.7360114863794389,0.4835873322725398,-0.22782361080662314
0.7684134513094827,-0.552354858591652,-0.13729420805213136,-0.39917089284474633,0.86464483811683,-0.5058431199974579,-0.7005259749483566,-0.25833072489432035,0.2616084620356922,-0.1345943518643909
-0.44415431944168143,-2.121121104313935,-1.7288793911898552,-0.4835811808421516,2.009732059948639,-0.5058431199974579,-0.4796862060525704,0.06911173257531734,-0.4280543929229573,0.17332757920159536
1.4844058492768368,-0.3458337325725159,0.12737478151477527,-0.24742206048986035,-0.41869438425110234,-0.5058431199974579,-0.3850405908115191,1.2324955226439125,-0.8710777665345618,0.40090129347184794
-1.5123687841510405,1.036269187709394,0.4045431311586795,0.10823926534190331,-0.9475461553280098,-0.46750983718904443,-0.1484265527088911,-0.870840733572819,-0.31749877099050433,-0.7955050660983721
0.2833863430090172,0.2578434050218812,0.28173195833865317,-0.5812694916706095,-0.9183551470582892,0.4895337193134473,-0.5375251931443239,0.6970307980759167,-1.072600676540624,1.36528588660059
0.3930948556007893,-0.3577484129197737,0.22419522147628212,-0.466509437202227,-0.9253278566505457,-0.5057844926237509,-0.7531068723044961,-0.08883109985121358,0.9891465451541163,0.504094707292012
1.0975389890847989,-0.985254911208687,0.06428277350707173,1.2084182999148263,1.4206583185338502,-0.502666933707618,-0.8577428580432139,0.9281666504074254,-1.4733773198876692,-0.45208741680925013
0.9878304764930269,1.171302231644983,0.955308584710203,1.2748084140700888,-0.9431202880238906,1.7716048586200501,2.1230682130763383,-0.7860909210512657,0.16299938783997886,-1.002399138469185
0.6356084097510224,-0.6198713805594466,0.4902530288295218,-0.45987042578670073,0.6422394459500221,-0.5057774057983577,-0.7184034800494441,0.07296399678084246,-1.339362415667708,0.286342366242473
-0.5711852287584699,0.9330086246998259,0.6795290528526318,-0.14594002885253043,-0.9302868958002111,-0.4857100933123668,-0.9371400130509847,-1.3254079098247866,0.4312961582404989,0.3779441416227213
-0.09770638494134846,-1.1322026354915338,-1.1658129801022385,-0.41813949688910707,0.9668310993826608,0.09653703842046855,0.5614155615989932,-0.5048756340479298,1.260513378101508,-0.010834237968286472
-0.25938208770817056,0.7185443784491845,0.13848532380544,0.03995229078220476,0.14032457443844187,-0.5052600675446577,-0.40607294975397495,1.4251087329201697,2.6802838250493335,0.1158724178054076
-2.291876636776789,-2.4531435299908537,-3.9236082986779515,-0.37356327738485945,1.1982529263670418,2.3643211642291333,-0.5007185649950263,-1.700618443442936,0.16687033626864303,-0.3722637574075554
1.1841509727098822,1.1117288299086936,0.7080990187429126,1.0092479574490387,-0.3195136012577961,-0.5058431199974579,0.5508993821277652,1.355767977220717,-0.807273857951752,-1.429495382322121
-0.5423145675501091,0.07912319981301383,0.3720051144503042,-0.5357448419641437,-0.9423689184557593,-0.5058431199974579,-0.400814860018361,-0.3700463868545495,1.0623608628479904,0.7212420864954708
0.935863286317977,-1.4300696441729799,-0.4075184687643702,0.23153519163024813,1.6580911020632803,-0.5058322642694694,-0.7000001659747952,0.8280077810637716,0.4480480212679933,-1.8733170057359858
1.4613093203101482,1.218960953034014,1.0142341393589074,0.07030205725318181,-0.9364180714761609,2.531827946249091,-0.7636230517757241,0.29639532070130137,0.06185417501858868,0.12638806733800095
-0.5423145675501091,1.1236435102559517,0.7874600351048037,-0.3792538585981676,-0.90798624701808,-0.5058431199974579,-0.15368464244450505,-0.2467739322777449,1.2640506240794256,0.42814350644101634
-0.13235117839138172,0.7662030998382159,0.2636773271163229,-0.44659240295564817,-0.8493794207038534,-0.5058431199974579,-0.4481376676388866,-0.27373978171642066,0.9289799932844477,-0.5839584843869075
0.8434771704512216,0.7304590587964424,0.594215960263599,1.5498531727133196,-0.5990230806025683,-0.5058396410104468,0.5088346642428536,1.4559268465643709,1.7970401784123984,-0.03447472373471679
0.23141915283396722,-0.5920704597491782,-0.3815277359058508,4.053708906568937,0.6602723155851689,-0.5058196046222898,-0.5979932251038844,-1.0441926228214506,0.3284490629202989,0.06692348461568642
-0.380638864783287,0.7503168593752054,0.4870785881750462,-0.3792538585981676,-0.6825753765787475,-0.5058431199974579,3.726785582438596,0.022884562109015516,0.8126846891991483,-0.027489212686695564
0.05242105334212845,-0.1909428880581642,0.03472079491226759,1.246355508003548,1.3425158834482147,-0.5021386430874011,-0.5007185649950263,0.17312286612449648,1.7901992781720864,0.17808644986452365
0.387320723359117,-0.15122728690063802,0.3753779576456847,1.6446961929351234,-0.2443766444446852,-0.5058431199974579,1.697162944491608,1.039882312367655,-0.4795113108281317,-0.9878809336506322
0.46238444250085586,0.3650755281472019,0.8729715302347413,-0.41908792709132514,-0.9255081853468973,-0.5057393946439763,-0.47442811631695647,-0.8823975261893945,0.7635303182041272,-0.5262403934506278
0.058195185583800726,0.7979755807642368,0.052775426134597625,-0.4968592036732042,-0.36760125361818696,-0.035535616633729256,-0.746271355648198,-1.6778900846303377,-0.4044949999002251,0.836431213415698
-0.13235117839138172,0.5596819738190802,0.32081725889688456,-0.3631305451604609,-0.2744314271699296,-0.5058431199974579,-0.09584565535275148,1.332654391987566,1.7987754311562822,0.009987469944060391
1.4093421301350986,-0.4888098967396101,-0.4604919471859323,-0.19905212017674054,-0.9270710340486098,2.171044108052258,-0.6037771238130598,1.3711770340428178,0.09629226793567014,0.8858573809033756
-0.8310211796337196,-0.5880988996334255,-0.25851816054492,-0.44754083315786625,-0.6471107329629592,-0.5058239533560537,-0.7021034018690409,0.18467965874107187,1.5207011789488778,0.565852549668044
-1.2005656431007412,1.4016527183586345,0.8003562002636109,-0.005572358924260974,-0.9473099247357895,-0.5058241466331098,-0.6921130313713743,-1.2098399836590321,-0.7338593187874305,0.5854944582382183
0.3815465911174448,0.9766957859731047,0.535290405614895,-0.4816843204377156,-0.9469763166475393,1.3625017563789985,-0.31142733451292376,0.9859506134903028,0.7625959513420362,1.7676919569309348
-1.604754900017796,0.9766957859731047,-1.214421602623897,0.11108455594855739,-0.9476434426596915,2.2676826361406954,0.41944713873741624,0.015180033697965159,0.8848978995407804,0.5268209461829368
-1.3449189491425462,0.20621312351709717,-0.8322983088413919,-0.2768233967586196,-0.9476489727397132,2.5092789563617894,-0.32720160371976564,-0.4509439351705778,0.10650356292852571,-2.7363561892866395
1.3227301465100154,0.7145728183334319,-0.029760030881768974,-0.2388861886698981,-0.7970840987619284,2.0711842956942066,-0.7709843774055837,1.0360300481621296,0.26254282889778335,0.6564897409426045
0.24874154955898384,-1.1560319961860495,-0.08908239061228246,-0.518673098324219,1.144154317461602,-0.5058431199974579,0.20386545957724406,-0.8246135631065171,-1.0628231947337397,1.111263039603225
1.1610544437431936,-0.24257316956294825,-1.1666065902658578,-0.2919982799941082,-0.9410465080158487,2.4416319866998832,-0.4849442957881844,-1.5472983280630348,0.09502419862283198,0.575761647480852
-0.07460985597465958,1.0799563489826727,0.7944041240364692,0.1746293794971659,-0.9151993948721386,-0.5058349379354131,-0.7872844555859869,0.43892909630573157,0.4647998842954889,0.19256057796415346
-0.6000558899668309,-0.15122728690063802,0.5559242698689866,-0.5404869929752338,0.5400531846841915,-0.5058431199974579,-0.24307216794994227,0.011327769492440031,0.8660103408285048,0.7897629661118042
-0.2478338232248261,0.3889048888417176,0.19562525558600136,-0.5129825171109108,0.06218213935280672,-0.5058431199974579,3.2588155959689526,-0.004081287329660479,0.7956324939659801,0.7747255520808711
1.836627916018842,0.8535774223847735,0.5694156426505081,-0.2768233967586196,-0.4036669928884802,-0.3876219873026028,-0.6374288981209891,1.6408355284295784,-0.016265568701263937,0.8871062671926218
-0.35176820357492594,-0.2544878499102061,0.04325210417117066,0.25998809769678927,0.1944231833438817,-0.5058431199974579,3.7110113132317535,0.8511213662969224,-1.0514439411632694,-0.8815060800925615
0.7972841125178438,1.3063352755805715,1.1886299728141627,-0.518673098324219,-0.568968297877324,-0.5058293651136266,0.2827368056114535,1.9066417586108133,0.5949438400867859,-0.22591165506441063
0.4046431200841338,0.7900324605327316,0.8578929371259818,1.7395392131569272,-0.6991055070776319,-0.5058431199974579,1.1660958811945983,0.6392468349930395,0.19556874703287772,-0.23832482019483958
-2.2225870498767226,-1.191776037227823,-0.33728396928409643,-0.48263275063993355,1.9736663206783456,1.4526977159282068,-0.5953641802360774,-1.3908964013187142,-1.4430103968697,0.5992638140556198
-0.1843183685664317,0.2618149651376338,0.2402658272895652,-0.33847135990279203,0.24852179224932153,0.5732871103234265,-0.2062655398006447,-1.692528688611333,0.028083487003000805,1.1012711581703072
1.4497610558268037,0.6271984957868747,0.826545335663035,0.6772973866727255,-0.944442698463801,-0.09351873348679167,-0.8214620388674777,-1.5122427237927563,-0.73826419113729,-0.021777428782930607
-0.5538628320334535,0.9250655044683206,0.5981840110816935,-0.41908792709132514,-0.9391530567041583,-0.4968235240425371,0.6297707281619747,1.794926096650584,1.0014267953416027,-0.5686740541690362
-0.952277956708836,-0.9137668291251401,-0.03848974268157712,-0.514879377515347,-0.8003901248617052,-0.5058431199974579,-0.5638156418223937,-1.4024531939352896,0.6004833007691845,1.9760695360608092
-0.8598918408420807,-0.8740512279676139,-0.4866810825853563,-0.41434577608023493,0.6392339676774977,-0.5058431199974579,0.9189656636207423,-0.797647713667841,-0.1758087104033642,0.044763509932727215
-0.4383801872000092,-0.46498053604509443,0.26585975506627496,-0.15542433087471086,0.21546153125155282,-0.5057152350119543,-0.6048287417601826,-1.051897151232501,1.9198426802872637,0.3412524457671425
1.010927005459716,1.1832169119922404,0.6908379976842014,0.20308228556370705,0.14333005271096633,-0.4863865630089859,-0.2956530653060819,1.8912327017887127,1.0951304435113374,-1.3521094936597855
0.5836412195759725,0.8575489825005261,1.0558986729489002,-0.2948435706007623,-0.8902539252101856,-0.5058215051800088,-0.9187366989763358,1.0552913691897556,0.32774828777373083,0.002827370181537156
-0.29402688115820375,-1.469785245330506,-0.7682142881291648,-0.5490228647951962,1.6490746672457066,-0.38665560202171845,-0.22203980900748643,-1.0287835659993503,-0.6707895555962635,0.6633442897345215
1.38624560116841,-0.13931260655338018,-0.12003318699342003,0.024777407546716083,-0.6633403156345911,-0.5058431199974579,-0.4954604752594123,-0.6551139380634107,-0.9727235330320726,0.14768350381201129
-1.570110106567763,0.15061128189656095,0.41347124549939224,0.6203915745396433,-0.9460025416872413,-0.5056678821331909,-0.2535883474211702,-0.3584895942379741,2.5303513139287444,0.7273812789895812
-1.956976966759801,0.34918928768419144,0.5956047780499321,-0.2000005503789585,-0.6606353851893191,-0.5006568523233784,-0.5848480007648496,-0.9440337534777967,2.5972920255485756,0.05299619561171878
-0.8252470473920474,1.1196719501401988,0.9967747157592912,-0.44848926336008427,-0.9474908545277955,0.06110291145470814,-0.8340814542329511,1.0321777839566046,-0.9063501155785109,-0.2785344745256899
0.3815465911174448,0.17444064259107667,-0.07003574668542864,-0.5471260043907601,-0.8749259860203111,-0.5058431199974579,-0.5638156418223937,1.6254264716074778,-0.27051346592533865,0.5005017417430957
-1.061986469300608,1.199103152455251,0.7269472601288617,0.9333735412715957,-0.9476023577717061,-0.49920727440205187,-0.5164928342018681,-0.7552728074070645,-0.9102210640071752,0.6001054818459031
1.3169560142683432,0.9012361437738049,-0.14086545378841653,0.9238892392494151,-0.8662100990299902,-0.5058431199974579,-0.2010074500650307,0.8241555168582464,-0.8708108045739644,-0.18517121334069483
-2.2225870498767226,-1.5849604886873319,-1.6842388194862912,-0.38304757940703965,1.823392407052124,2.303116763106456,-0.5901060905004635,-1.5411347053341948,-0.249156509077536,-1.1428222642324093
1.3169560142683432,-0.9971695915559449,0.1954268530450968,1.2937770181144497,-0.6927940027053305,2.1807079608611017,-0.5059766547306401,0.40425871845600514,-1.0050926707545231,-1.2967109469940854
1.6056626263519533,1.0322976275936413,0.9303098645562075,-0.39917089284474633,0.13130813962086854,-0.5058431199974579,0.345833882438821,1.8912327017887127,-0.07079254915330986,-0.3063333881847274
0.49125510370921693,0.011606677845219323,-0.4243826847412719,-0.5537650158062865,-0.5809902109674216,-0.5057593666064479,-0.05378093746783978,1.2132342016162867,-0.016532530661861757,-0.0403089224786307
-0.894536634292114,-1.9384293389893146,-1.7572509545392316,-0.4759937392244073,1.5679267538875472,2.332108321532987,-0.721032524917251,-1.5180211201010438,0.304188894750998,1.6434078715377367
0.5720929550926279,-0.3577484129197737,0.34760160191902273,-0.5158278077175649,0.6572668373126445,-0.5058431199974579,0.9084494841495144,1.5406766590859244,-0.2095793984189521,-0.9141359997192936
-0.9638262211921804,-1.5651026881085688,-1.9806522155979545,-0.4010677532491824,1.5108226667095828,1.5557788125558736,-0.4954604752594123,-0.30841015956614704,1.3328266991783648,-0.1747908691783329
0.8550254349345661,-0.33789061234101064,0.42934344877177044,-0.3726148471826413,1.0569954475583938,-0.5058431199974579,-0.4271053086964308,1.6485400568406285,-1.1400753120816505,0.7749455486655631
-2.0782337438349168,-0.04002360365956471,0.6775450274435846,-0.37546013778929543,-0.9244863227342389,-0.5058431199974579,0.971546560976882,-0.5742163897473825,-2.172851026898278,0.7708533155665737
0.5663188228509557,0.8972645836580523,0.33093578848302563,-0.41908792709132514,-0.48782038451916426,-0.5058389323279074,-0.06955520667468167,1.3133930709599402,-1.0392638017110072,0.6678858019248441
-1.6624962224345181,-1.5055292863722796,-0.9316979818346605,-0.3545946733404986,1.673118493425902,-0.4668655803351215,0.4878023053003977,-1.259919418330859,-1.4396733723622306,-0.30725020332917
-1.9165580410680956,-1.0964585944497602,-1.1104586711898197,-0.4646125767977909,1.8384197984147461,2.4158617125429664,-0.22729789874310038,-1.3408169666468872,-1.0328233444115917,-0.42303682247520136
-0.7270867992836197,0.5358526131245644,0.4045431311586795,-0.4816843204377156,-0.940114809751366,-0.5053277145143196,-0.521750923937482,-1.1751696058093057,-1.5722199857989054,1.2439791156260145
-0.5134439063417481,-1.811339415285231,-1.633844574096491,-0.45133455396673844,1.1351378826440286,2.4158617125429664,-0.771510186379145,1.7987783608561094,-0.6221023680322886,-2.349892855908798
0.5489964261259391,-1.2592925591956174,-2.0338240965604215,-0.19051624835677822,-0.009949339187779568,2.277346488949539,-0.5532994623511658,-1.6748082732659177,-1.4043676530732072,-1.3358425462260501
-0.10925464942469282,-1.1878044771120704,-0.6892500768490833,-0.43521124052903176,1.7001677978786223,-0.5054855574435307,-0.527009013673096,-0.6512616738578856,-0.8766839677071103,0.31255770884830336
0.803058244759516,0.07912319981301383,0.4852929653069036,1.4265572464249747,-0.8415651771952899,-0.5058431199974579,0.40367286953057435,1.29798401413784,-1.3723989582916527,-0.3191223687391669
1.5767919651435924,-0.5324970580128889,0.20137892927223847,-0.5139309473131288,-0.07606986118331717,-0.5058431199974579,0.14602647248549047,0.8819394799411236,-0.13983558621284664,-0.7359030350987867
0.6529308064760391,-0.22271536898418515,0.45176293589400474,2.3370502405542903,-0.44273821043129774,-0.5058431199974579,0.18283310063478822,0.2578726786460498,-1.4702738870957226,1.8599862650123666
0.6529308064760391,-0.9336246297039029,-0.6045321918827647,-0.40960362506914477,1.4026254488987033,-0.5052310759862312,-0.5427832828799379,0.29639532070130137,-0.07463012733689967,-2.856137118525965
0.43351378129249485,0.9052077038895575,0.594215960263599,-0.37356327738485945,-0.1902780355392455,-0.413070133032558,-0.748900400516005,-0.37775091526559984,0.0591511851675385,-0.9517433539705108
-0.7732798572169974,1.131586630487457,0.750755565037429,0.11867199756630184,-0.9473880671708751,-0.5031275773581728,0.14076838274987652,-0.9016588472170203,0.5310731910138259,-0.1025002649341899
0.12171064024219505,-0.9375961898196555,-0.7961890463967314,-0.492117052662114,-0.03399316536797503,-0.4869341813348203,-0.5585575520867798,0.5814628719101622,-0.9100542127818018,0.1510402593063982
-0.2824786166748594,1.218960953034014,0.533107977664943,-0.16111491208801912,-0.9322705114600773,-0.18500320674384577,0.07767130592250912,0.28483852808472593,-0.6377863832173936,-0.18076201528717298
0.2776122107673449,-1.0130558320189553,-0.30415074495300704,-0.5063435056953846,1.5318610146172538,-0.5058287530696154,-0.5164928342018681,-1.2560671541253337,0.25987320929180857,0.3752391697188926
1.23034403064326,0.8535774223847735,0.3972022371452046,1.7300549111347465,-0.8776309164655832,-0.5058431199974579,-0.6395321340152347,0.5044175877996591,-0.5750836927220485,-0.2604630958718733
0.22564502059229496,1.290449035117561,0.12459714594210898,-0.21707229401888328,-0.9469793221258118,-0.33543718213484663,-0.6905356044506901,0.3734406048118039,0.3591163181439407,0.611731021285676
-1.1024053949923134,-1.0726292337552445,-1.3219557797942592,0.35483111791859295,0.40180118414806754,-0.5058357754693232,-0.5638156418223937,0.7008830622814419,2.4537332312372526,-1.5274583796023562
-1.881913247618062,0.952866425278589,0.5166405667698506,0.09306438210641474,-0.9475034775365401,1.2175439642463426,0.7349325228742536,-0.6666707306799862,-0.8537586093407973,0.8650049723390107
1.2130216339182434,-0.5563264187074046,-0.4073200662234656,0.08832223109532457,0.8736612729344034,-0.5052600675446577,-0.2535883474211702,1.1092230680671076,-1.8053111476456258,-0.8647028676090817
-0.4210577904749926,0.3253599269896757,0.735478569387765,-0.3839960096092578,-0.8899533773829332,-0.40211776651586845,-0.41658912922520286,-1.2406580973032333,0.7307607375407801,0.12682250755798846
-1.0562123370589358,1.1117288299086936,0.9785216819960563,-0.2806171175674917,-0.6627392199800862,-0.5058431199974579,-0.23781407821432832,-0.011785815740710734,-1.0750367044310767,-0.09237830168332607
0.36999832663410037,0.08309475992876646,0.31188914455617184,2.2422072203324865,-0.942098425411232,1.3625017563789985,-0.8067393876077585,-0.5703641255418573,0.5976134596927607,1.0914053327092377
1.698048742218709,1.417538958821645,0.3987894574724424,1.113575279693023,-0.7985868378981905,-0.3186865039328508,-0.9413464848394758,-1.583894838015524,0.12832770320737433,-0.005852136111438386
1.3169560142683432,0.5279094928930592,0.7065117984156748,-0.021695672361967646,-0.8079038205430163,-0.5057851368806049,-0.8656299926466349,0.5930196645267376,0.19643637340481962,0.7351992543891426
0.6702532032010557,1.218960953034014,1.0088772707544795,0.15566077545280524,-0.5749792544223729,-0.5058431199974579,0.9768046507124959,0.4967130593886088,0.42946079476139065,-0.17997054074863336
0.7972841125178438,-0.34186217245676326,0.0902735063655911,8.122474474084315,1.0149187517430518,-0.5058431199974579,2.291327084615985,0.7201443833090677,-0.20237142548281892,-1.100637724357786
0.803058244759516,1.4016527183586345,1.1703769390509278,-0.20569113159226676,-0.8689150294752622,-0.5058431199974579,0.4930603950360117,0.8742349515300734,0.2614749810553938,-0.12874152898712485
-0.3690906002999427,-0.23463004933144302,0.782103166500376,-0.5623008876262487,0.4709271844161294,-0.5058431199974579,-0.5795899110292356,-0.5703641255418573,-1.4955351626172644,0.32917737983375916
0.6067377485426614,-0.06385296435408043,0.6344916760672588,-0.35838839414937074,-0.7150345419220114,-0.5058431199974579,-0.6300675724911295,-0.19669449760591787,-0.07005840376166693,-0.08541579186928898
0.44506204577583924,0.027492918308229794,0.7271456626697664,0.3168939098298715,-0.11814655699865902,-0.5058431199974579,-0.41133103948958893,-0.1312060061119903,1.9292530893983257,-0.11141051182087966
0.6933497321677445,0.889321463426547,-0.032736068995339714,-0.48452961104436965,1.072022838921016,-0.5057571117074593,-0.7399616479654613,1.9104940228163385,1.1796239040404557,-0.44872071510659006
0.4970292359508891,0.786060900416979,0.6327060531991162,-0.15257904026805671,-0.8367564119592509,-0.5058431199974579,-0.7636230517757241,0.7509624969532689,0.8975452224240881,0.010174707579731048
0.9705080797680105,0.519966372661554,0.9676095422462963,-0.48642647144880574,0.19141770507135725,-0.5058326186107389,-0.5059766547306401,0.35032701957865303,-0.6375861617469454,-0.27413990149942474
0.029324524375439653,0.4325920501149964,0.6396501421307818,-0.22940188664771768,-0.6633403156345911,-0.5058431199974579,0.8663847662646027,0.0036232410813897757,0.7322623985691409,-0.4377873648988846
1.2707629563349656,0.9171223842368154,1.2199775742771097,0.5540014603843807,-0.9275218557894886,-0.5052214121334223,-0.40607294975397495,0.8549736305024476,-1.004859079039,-0.27962041690470407
-0.5942817577251587,1.0481838680566518,0.5543370495417487,-0.43615967073124984,-0.674761133070184,-0.320941402921581,-0.7599423889607945,1.8026306250616344,-0.9648815254395199,0.8525129090105632
0.8607995671762383,1.1593875512977252,0.35533930101430716,-0.36028525455380683,-0.9392131662696089,-0.09351873348679167,0.6034802794839049,0.44663362471678186,0.19660322463019292,-0.12532547271090366
-1.6163031645011405,0.48422233161978046,0.8672178565485041,-0.49306548286433205,-0.9475611827193727,-0.11606772337409374,-0.7410132659125841,-0.05030845779596211,-1.3650241341301457,0.5850718632420765
-0.26515621994984273,-0.09959700539585399,0.42775622844453265,-0.5291058305486175,0.18540674852630848,-0.5058242754844807,-0.5427832828799379,-0.01949034415176109,1.5650836048982177,-0.1913324035221916
-1.0215675436089027,1.4135673987058923,1.6007120502732817,2.356018844598651,-0.6645425069436008,-0.5058431199974579,-0.6852775147150761,-1.2175445120700823,1.665060859141993,0.9876203891649581
0.04087278885878401,0.21018468363284978,0.4077175718131551,-0.3783054283959496,-0.4908258627916887,-0.5058431199974579,-0.6184997750727789,-0.5472505403087065,-0.9354823395287166,0.5521302145724079
-0.23628555874148166,-1.0964585944497602,-0.8608682747316727,-0.5366932721663618,-0.7147339940947589,-0.5057989884029642,-0.7962232081365307,-0.8477271483396681,0.30412215426084926,1.724024387309028
0.6875755999260723,-0.635757621022457,-0.7904353727104942,-0.37546013778929543,1.4356857098964722,-0.5058431199974579,0.014574229095141576,1.6485400568406285,0.7583245599724752,-0.7157077482577517
0.9416374185596491,-1.0448283129449762,0.16368244650034028,0.9333735412715957,-0.10913012218108578,-0.5057893245501554,-0.6642451557726202,0.8588258947079727,1.5986540714433577,-1.0926026471812287
-1.3737896103509075,1.0481838680566518,0.21030704361295122,-0.10800282076380896,-0.9474917561712773,-0.5058303959245929,-0.7772940850883203,0.5853151361156873,0.9089912164847077,0.022783585117711207
0.9300891540763048,0.5159948125458014,0.08392462505663986,1.4550101524915158,1.1621871870967486,-0.5058431199974579,3.6268818774619302,1.6600968494572041,-1.8681139488761949,0.15901143791513941
1.7038228744603812,-0.06385296435408043,0.6991709044022,1.3886200383362535,0.23048892261417497,-0.505651131454989,-0.5480413726155519,0.6700649486372408,0.5994821934169438,0.6688243233009242
-1.5239170486343852,1.3023637154648189,1.1507350875013596,0.7342031988058078,-0.9473871655273933,2.212920803557248,1.071450265953547,-1.1982831910424567,-0.4255849947874303,-0.38332677817848243
-1.0850829982672971,-2.506878738356986,-4.487269917388282,-0.30337944242072457,2.0397868426738834,2.464180976587185,-0.6132416853371649,-0.6782275232965617,-1.428060527076238,-2.967980689094887
1.3285042787516879,-1.275178799658628,-0.6743698862812286,-0.06058131065290713,1.177214578459371,-0.5058431199974579,-0.6553064032220766,1.55993798011355,0.1288616271285691,-0.6724415845463197
-0.703990270316931,0.1148672408547874,0.6533399174532079,-0.49116862245989595,-0.5960176023300437,-0.5058431199974579,-0.8083168145284427,-0.3700463868545495,-1.604722604501655,0.008439249322949953
-2.1937163886683617,-2.1131779840824296,-2.5548291689762364,-0.34700723172275433,1.8714800594125147,2.287010341758383,-0.4691700265813425,-1.633203819846246,0.5669795747141937,-0.9838820504941412
0.7626393190678105,0.015578237960971941,0.7291296880788137,1.1515124877817442,0.4168285755106898,-0.5058431199974579,-0.41133103948958893,0.16541833771344613,1.725194040766588,-0.6801639234926632
-0.9869227501588691,-1.3744678025524433,-1.3610410803524904,-0.47694216942662543,0.9307653601123677,-0.5055983023929672,-0.6011480789452528,-1.1058288501098534,1.1143517046743594,0.3915266715819671
1.3804714689267377,-0.8144778262313246,-0.31962614314357596,-0.4314175197201596,0.975847534200234,-0.505140880026682,-0.5532994623511658,0.893496272557699,-0.8376407809697212,0.8840461764547133
-0.6173782866918476,-1.5333302071825479,-0.7277401697846003,-0.43710810093346786,1.4867788405293876,-0.5058431199974579,0.26170444666899767,-0.15046732713961603,-0.3679879517885127,-1.3782412620356905
-0.14967357511639834,0.17444064259107667,0.48053130432519015,-0.3185543256562133,-0.6522200460262507,-0.5058431199974579,-0.4691700265813425,-0.12350147770094004,-0.9053156379811957,0.037873447436612036
-0.7270867992836197,-0.08768232504859613,0.3287533605330736,-0.5243636795375273,-0.3766176884357603,-0.5058431199974579,-0.5007185649950263,-1.1058288501098534,-1.5720865048186068,0.827126282034048
1.068668327876438,0.7225159385649371,-0.23590027088178092,-0.3783054283959496,-0.562957341332275,-0.474274534155235,0.4720280360935558,1.8796759091721371,-1.0202761322635077,0.6991011682395182
-0.9926968824005414,-0.9693686707456765,-0.1704274323832208,-0.4854780412465877,0.6662832721302178,-0.5056256833092589,-0.4639119368457285,-0.9440337534777967,0.3133323419014636,1.0638083236804698
-1.2236621720674299,-2.5035823434609115,-4.218037669380567,-0.41813949688910707,2.036781364401359,2.61558133725907,-0.5638156418223937,-1.447524685139934,-1.5521978387540905,-1.3166796986551927
0.7048979966510883,-0.07179608458558566,0.6430229853261619,-0.21327857321001112,-0.18426707899419661,-0.5058431199974579,-0.527009013673096,0.27713399967367564,-0.6720576249091018,-0.06402549104961017
-2.7642006541455757,1.4215105189373975,-2.0276736177923746,-0.288204559185236,0.1793957919812596,2.6832283069209764,3.569042890370177,-1.826163733901001,-1.1563933619231745,-1.2570629378138294
0.1967743593839339,1.0521554281724044,0.22558403926261536,-0.34226508071166406,-0.9468290482121856,-0.32931674202257893,1.1608377914589842,1.220938730027337,0.09622552744552092,0.920665948690654
-0.138125310633054,-0.26640253025746397,-0.766031860179213,-0.5034982150887304,-0.3525738622555648,-0.17082955595754162,0.351091972174435,0.4119632468670555,0.08851700083326736,0.655289051708219
-1.1024053949923134,1.2269040732655192,0.8330926195128908,-0.19430996916565027,-0.9470274097781723,-0.5058431199974579,-0.9229431707648269,-0.13891053452304064,1.8647484056689472,-0.4874069341130615
-1.2583069655174632,1.2785343547703032,0.9820929277323414,0.7436875008279882,-0.9465976263852013,-0.50560861050263,-0.30091115504169585,-1.3986009297297646,1.9310217123872846,0.039755046069641316
0.4970292359508891,-0.18299976782665897,0.18451471329533659,-0.5604040272218127,1.114099534736358,-0.5058431199974579,3.4375906469798276,-0.6435571454468353,-0.33972335421024924,0.30415469949909496
0.9705080797680105,-1.0766007938709972,-0.856106613749959,-0.13361043622369606,0.2214724877966016,-0.5005924266379862,-0.5638156418223937,-0.6512616738578856,-0.3377878799959168,-0.8144301530538581
-1.3853378748342517,1.3778233576641188,1.460243051312735,0.47812704420693786,-0.8953632382734772,-0.5058431199974579,-0.8929720592718274,-0.2660352533053704,-0.9521674620660624,0.5246711756958753
-0.22473729425813718,-0.8502218672730982,-0.8011491099193496,-0.2825139779719278,-0.1361794266338057,-0.5057728960003803,-0.5690737315580077,-0.6435571454468353,0.36672473402097067,0.8681403963895467
0.7799617157928271,-0.09165388516434875,0.2932393057111274,1.2368712059813673,-0.2894588185325518,-0.5058431199974579,-0.6174481571256561,-0.3353760090048231,0.39195263929743757,-0.3854960482347054
-0.15544770735807062,-1.017027392134708,-1.1017289593900121,-0.389686590822566,-0.6320833416003371,2.4448532709694977,-0.5901060905004635,-1.4891291385596053,-1.0376954001924967,1.9432039923775777
1.0340235344264048,0.8535774223847735,0.3105003267698388,-0.3308839182850477,-0.8968659774097395,-0.5058280443870761,-0.7583649620401101,0.5814628719101622,1.6675969977676706,-0.5977324328165413
0.9243150218346325,-0.3061181314149901,-0.30375393987119775,-0.2644938041297851,1.177214578459371,-0.5058431199974579,-0.5743318212936217,0.5467924940604358,-0.8385751478318128,0.12911448027335587
0.7164462611344328,0.8456343021532683,0.6936156332568676,-0.10515753015715489,-0.2293492530820632,-0.5058431199974579,-0.6116642584164808,1.1747115595610351,-0.9069174097447809,0.15502815171651088
1.4208903946184424,0.3650755281472019,0.5652491892915089,0.0010666524912651733,-0.4968368193367376,-0.4998515312559748,-0.6432127968301645,-0.29685336694957165,-1.0060937781067638,-0.2824454684946361
0.11016237575885068,-0.3259759319937528,0.30573866578812525,-0.32803862767839354,0.9728420559277097,-0.5058431199974579,-0.6626677288519361,-0.1427627987285658,1.862312377778495,-0.6600792500286894
0.3584500621507559,-0.28626033083622704,-1.135060586262006,-0.36218211495824293,0.05617118280775793,-0.5058431199974579,0.4825442155647838,0.866530423119023,-0.7026247693975195,0.32776605381445356
0.3469017976674116,1.2149893929182614,0.9602686482328212,3.4561978791715737,-0.2744314271699296,-0.5058431199974579,-0.8871881605626522,0.9782460850792525,0.49513343706838314,-0.2844842025202571
-0.5538628320334535,-0.33391905222525803,-0.28371528323982015,-0.5395385627730158,0.29360396633718794,-0.5058186060241662,0.2827368056114535,-0.8246135631065171,0.16773796264058496,-0.21488846798519254
0.7915099802761716,-1.5889320488030845,-0.9904251339424596,-0.3508009525316264,0.9307653601123677,-0.5057529240379087,-0.6647709647461818,0.7201443833090677,0.6097935991450234,-0.8121637911661619
0.6933497321677445,0.9965535865518678,0.15733356519138905,-0.22086601482775536,-0.3315355143478938,2.1162822754688104,-0.7867586466124256,-1.0673062080546016,0.02965188852151117,0.8185960431286815
1.2996336175433265,-0.22271536898418515,-0.2636766266084428,-0.3195027558584312,-0.8998714556822638,2.2580187833318517,-0.5059766547306401,-1.4255667791684405,0.1622986126934103,1.221896683145903
0.26028981404232826,0.5120232524300488,0.04226009146664688,-0.5310026909530535,-0.904680220918303,-0.4819411907169177,0.30376916455390934,1.3750292982483427,-0.3049515588424206,0.7497045942019024
-0.8887625020504418,1.107757269792941,0.9672127371644867,-0.1914646785589963,-0.9476137785891418,-0.5058431199974579,0.4878023053003977,-1.0711584722601268,0.33118542301642434,0.18363413501357068
0.46815857474252803,-0.5642695389389099,-1.3624298981388236,7.8758826215076265,1.240329622182384,-0.5058431199974579,2.5752639303391387,0.7933374032140457,0.06649263908397063,-1.258523282739591
0.05242105334212845,-0.2108006886369273,-0.25534371989044424,-0.5101372265042567,-0.9103906296360994,-0.5052729526817361,-0.34297587292660753,-0.6088867675971089,0.19460100992571133,0.7961293442193057
0.6009636163009892,0.6311700559026273,1.0906191176072275,0.0342617095688965,-0.6942967418415927,-0.5058431199974579,-0.3324596934553796,1.29027948572679,0.1943340479651139,-0.14262235564252274
0.2718380785256727,-1.449927444751743,-0.9441973419116583,-0.31760589545399515,1.5709322321600712,-0.5058349057225704,-0.6369030891474278,0.6739172128427658,-0.34439518852070605,-0.9025852277363728
-1.0273416758505747,-1.1044017146812655,0.14999267117791415,-0.5376417023685797,1.5769431887051202,-0.5058431199974579,-0.49020238552379836,-0.3623418584434992,1.8284082087826083,0.08180962467209185
-0.732860931525292,0.384933328725965,0.7628581200326174,-0.27018438534309336,-0.2714259488974051,2.576925926023695,-0.5638156418223937,-1.367782816085563,2.2747686069016826,0.9803453740568648
-0.7097644025586031,0.11089568073903477,0.30534186070631575,0.3832840239851341,-0.7465920637835178,-0.5058431199974579,-0.4691700265813425,-0.1312060061119903,2.0457152447089997,-0.517123577714132
-0.7270867992836197,-0.40937869442455777,-0.36386990976533,0.03995229078220476,0.28158205324709024,-0.48925350600894285,-0.36926632160467737,0.9898028776958279,1.5863738212558702,0.9168294965632044
-0.4730249806500425,-0.7827053453053037,-0.1368974029703217,-0.5215183889308731,0.5701079674094358,-0.5058431199974579,2.838168417119837,-0.797647713667841,-0.9132577563089724,1.4385273909380374
0.6009636163009892,-0.020165803080801625,0.029562328848744306,0.1746293794971659,0.6001627501346801,-0.5045191721626463,-0.21678171927187262,-0.8169090346954668,-0.039090816332353326,-0.9655466779961458
0.8665736994179104,-0.4768952163923523,-0.2817312578307729,-0.42193321769797926,-0.8815380382198648,-0.501880940345832,-0.6463676506715328,-1.0480448870269758,-0.7391985579993811,-0.052095980099136054
0.4739327069842003,0.17046908247532405,-0.4225970618731296,-0.4883233318532418,0.08021500898795338,0.8181047148141344,1.2344510477575796,-1.520332478624359,0.329583651252839,1.0446827610584126
-0.0688357237329873,-1.8550265765585097,-2.556416389303473,-0.5016013546842943,1.7091842326961952,-0.5058206998589414,-0.5953641802360774,0.7085875906924922,0.2710856116369043,-1.2133419098525695
2.2119465117275356,0.7304590587964424,0.5916367272318376,1.7395392131569272,0.20043413988893058,-0.5058031760725147,-0.665296773719743,0.9975074061068783,-0.5058738044371384,-0.7520265195093322
-0.4499284516833537,0.21812780386435504,-0.41446255769603574,-0.11748712278598938,-0.862603525102961,-0.3315716410113091,-0.22729789874310038,0.04214588313664125,-0.001415809643026425,-0.42435329568376234
-0.7963763861836863,-1.2990081603531436,-1.2852513097268845,-0.37546013778929543,1.3545377965383123,-0.5052729526817361,2.5805220200747527,-0.7552728074070645,0.4665351370393726,0.06530234842457616
0.8781219639012549,-1.1242595152600285,-2.0645764904006545,-0.466509437202227,-0.30749168816769834,-0.3914875284261403,-0.8183071850261093,1.2748704289046893,-0.4389330928173071,-0.39016110000603305
-0.17854423632475952,0.4921654518512857,0.1654680693684828,-0.3299354880828297,0.7173764027631331,-0.5058431199974579,2.1230682130763383,0.14615701668582037,0.8141196097373592,0.22078772990926368
-1.4892722551843518,-0.3061181314149901,0.2601060813800379,-0.44185025194455807,-0.5900066457849951,-0.5002058725256324,-0.5375251931443239,0.05370267575321674,1.9010552323102117,-0.1318617983423162
0.35267592990908375,1.0799563489826727,0.9114616231702583,-0.07385933348395973,-0.9151993948721386,-0.5058393833077052,-0.4271053086964308,-0.793795449462316,0.7633300967336791,-0.21763429595039657
0.1505813014505562,-1.4062402834784642,-0.8344807367913437,-0.3574399639471528,1.3485268399932637,-0.5058431199974579,-0.31668542424853774,0.6353945707875143,-1.5023426926125012,-0.5334810934065247
-0.4383801872000092,-1.366524682320938,-0.06983734414452396,-0.5376417023685797,1.177214578459371,-0.5053373783671284,-0.5795899110292356,-0.9016588472170203,-1.5570698945349957,0.1251810017108015
0.9474115508013213,0.754288419490958,0.12916040438291762,-0.45512827477561046,-0.90798624701808,-0.505366369925555,-0.9434497207337215,1.922050815432914,-0.04065921785086369,0.1711124655551907
-0.3402199390915816,0.44053517034650164,0.5608843333916048,-0.47694216942662543,-0.19328351381176995,-0.505775473027796,-0.3745244113402913,0.30795211331787686,-1.5372813392057034,0.5462477219174804
0.42773964905082257,-1.0289420724819658,0.19721247591323918,-0.5310026909530535,1.4386911881689965,-0.48947899590781585,-0.6663483916668659,-0.9941131881496238,0.19823836663885303,1.3534519728690713
0.2833863430090172,0.8297480616902578,0.60810413812693,-0.4380565311356859,0.4258450103282631,-0.5058211830515819,-0.8635267567523893,1.4482223181533207,1.5932480917412577,0.26078525747826
1.9232398996439253,-0.47292365627659966,0.5251718760287538,-0.45038612376452036,-0.006943860915255123,-0.5058290429851997,-0.5585575520867798,1.193972880588661,-0.40466185112559877,-0.18340157642767235
0.1910002271422617,-0.2068291285211747,-0.0021820776960116846,-0.15637276107692896,-0.8391607945772703,-0.5055532044131926,-0.5059766547306401,0.09992984621951856,-0.4705347149030396,-3.5054293235165908
-1.2063397753424134,-1.5452448875298057,-1.1949781536152335,-0.5025497848865124,1.7031732761511464,-0.501011193593036,-0.6826484698472691,-1.1327946995485292,0.17537974876268927,0.5421207891868004
-0.7559574604919809,-1.2791503597743805,0.0785677564522121,-0.5224668191330911,1.4627350143491922,-0.5057806270826274,-0.49020238552379836,-0.8438748841341429,-0.486919505234713,-0.6272930157137814
-1.1543725851673634,-1.7954531748222204,-1.4820666303043744,-0.4380565311356859,1.7242116240588174,0.8728665473975823,0.7927715099660072,-1.1443514921651048,1.1514594171974164,1.6468264678685776
0.173677830417245,-2.0416899019988826,-2.079258278427604,-0.5253121097397453,1.7392390154214397,0.11264345976854147,-0.5690737315580077,-1.6050822911459124,-0.6065184635824076,-0.5030732885099379
0.4219655168091504,1.1157003900244462,0.3934325888680147,-0.43710810093346786,-0.9365683453897872,-0.32867248516865605,0.6245126384263607,0.9320189146129507,0.0990286280317951,0.22719327348066556
-0.6577972123835532,1.0720132287511674,0.8910261614570714,-0.439953391540122,-0.9310082105856169,-0.5058431199974579,-0.791490927374478,-0.9864086597385735,0.49633476589107206,-0.3881149850800595
-1.575884238809435,-1.541273327414053,-0.9682040493611305,-0.47125158821331714,1.7091842326961952,-0.5058228259065594,-0.4271053086964308,-0.924772432450171,-1.2307422679495872,-0.35854026558833557
-0.3921871292666315,0.7622315397224633,0.413669648040297,-0.39917089284474633,-0.21432186171944095,-0.5058431199974579,3.479655364864739,0.5853151361156873,0.8612383957828238,0.08523108413096281
-0.8079246506670308,0.869463662847784,0.6914332053069155,-0.3925318814292201,-0.9191365714091455,-0.4971778653121947,0.6665773563112725,-1.2753284751529599,1.5297445153641196,0.35928049713446897
-0.732860931525292,0.8734352229635366,0.44819169015771965,-0.48642647144880574,-0.9474298433188633,2.386870154116435,0.9662884712412679,-0.43553487834847715,-0.9851706344449326,0.2746627944907448
0.9936046087346991,-0.016194242965049007,0.2710182211297978,-0.5215183889308731,-0.32853003607536935,-0.4957927130762604,-0.5848480007648496,-0.4509439351705778,0.26137487032016926,1.5307708327227636
-1.0908571305089692,1.0481838680566518,0.6430229853261619,-0.46935472780888104,-0.9473339685619697,-0.11928900764370833,0.05138085724443931,-0.4547961993761029,1.7986085799309088,0.21498196806772357
-0.13235117839138172,-0.17902820771090636,-0.4085104814688937,-0.24267990947877027,-0.26842047062488067,-0.5058054309715034,4.079077594724731,1.2324955226439125,-1.3741008407904622,0.7494326129358042
-0.7444091960086364,1.3381077565065924,1.1465686341423604,0.08547694048867051,-0.9474644063189973,-0.505549338872069,0.030348498301983464,0.31565664172892716,-0.838641888321962,-0.3931623954857138
1.2418922951266045,-0.5205823776656311,0.5043396092337574,-0.4048614740580546,-0.5178751672444086,-0.5058431199974579,-0.5164928342018681,-1.3716350802910884,-0.7389649662838585,-1.0463580298369415
1.1956992371932267,0.44053517034650164,0.5420360920056557,0.4970956482512986,-0.8030950553069772,-0.5058431199974579,-0.7431165018068295,0.27713399967367564,0.594910469841711,-0.6103659703674925
-2.1532974629766555,1.3976811582428819,0.4321210843444367,0.6962659907170863,-0.947565390388954,0.8986368215544989,0.7769972407591653,-1.680971895994758,-0.1565540789952673,-1.6223289988212255
-0.7270867992836197,-2.2545655242032225,-1.83819919122836,-0.4617672861911367,1.865469102867466,-0.4922493003796844,-0.39555677028274705,-1.1443514921651048,-0.04059247736071396,-0.5996684605055091
0.9647339475263382,-0.4371796152348261,0.5166405667698506,-0.4978076338754222,-0.35858481880061366,-0.5058431199974579,-0.4954604752594123,-1.0596016796435512,0.26321023379927744,0.721922502403038
-0.05728745924964285,1.2308756333812718,0.5912399221500282,-0.44848926336008427,-0.8998714556822638,1.8005964170465814,0.9347399328275842,0.804894195830621,0.7629963942829324,0.28835804958611905
1.5132765104851982,-0.7668191048422932,-0.27915202479901147,-0.39727403244031023,0.0742040524429045,-0.5030148324087363,-0.6621419198783748,1.0591436333952806,-0.6284093443514055,1.3768441926356272
-0.2767044844331872,1.3659086773168607,0.8741619454801697,-0.18103194633459788,-0.9461227608181425,-0.5057728960003803,0.7139001639317978,0.9204621219963751,0.597513348957537,-0.37543097133756337
0.24296741731731167,0.2141562437486024,0.12916040438291762,-0.5158278077175649,-0.3946505580709069,-0.5055209915704965,0.31428534402513725,0.16541833771344613,-0.234773933450344,-0.4884741480581976
-1.4373050650093016,1.199103152455251,1.0074884529681465,0.21256658758588737,-0.9259890618705011,-0.5058364841518626,0.15128456222110445,-0.6782275232965617,2.2640901284777812,0.2466768316211017
0.3295794009423949,1.056126988288157,-0.12558845813875216,-0.3204511860606493,-0.9474166192144642,1.0339307608783115,0.27747871587583955,0.4967130593886088,1.2598793434450888,1.0087091153065029
-1.7953012639929788,1.107757269792941,0.6650456673665869,-0.08998264692166631,-0.9466637469071966,-0.5047092279345536,1.2817738553781055,-0.712897901146288,0.08574727049206755,0.2908328487626357
-0.9753744856755248,1.0640701085196622,1.145378218896932,-0.23983461887211613,1.1982529263670418,-0.5040617497963611,0.3826405105881185,0.6546558918151401,-0.2327717187458625,0.12795662128985905
-0.9291814277421471,0.9568379853943416,-0.16526896631969792,0.04090072098442276,-0.9461888813401379,-0.30290221101173936,3.011685378395097,1.0321777839566046,-1.433132804327591,-2.101686019500403
0.26028981404232826,0.5993975749766064,0.30930991152441034,0.09116752170197875,0.9157379687497454,-0.5058431199974579,3.689978954289298,1.4482223181533207,0.28710332927275684,-0.06692178506658947
-0.06306159149131511,-0.2822887707204744,-0.23927311407716112,-0.42952065931572353,-0.9121939165996141,-0.5041487244716406,-0.0800713861459096,-0.6551139380634107,0.12922869982439103,-0.6944202047201868
-0.6116041544501754,-0.8462503071573456,-0.13650059788851246,-0.5262605399419633,0.3567190100602011,-0.5058392544563344,-0.14316846297327715,0.6739172128427658,-0.41874409454711853,-0.39016110000603305
0.30070873973403384,0.30947368652666524,0.3380782799555958,1.5214002666467785,-0.8346525771684837,-0.5058431199974579,-0.7851812196917413,-0.4894665772258292,0.6934194333022003,-1.0908329738176696
-0.6347006834168644,-0.8740512279676139,0.26585975506627496,-0.517724668122001,1.8624636245949415,-0.5002058725256324,-0.4586538471101146,-0.3353760090048231,1.9169728392108398,0.6953886280168319
-0.6173782866918476,0.6152838154396169,0.7469859167602391,-0.48642647144880574,-0.944442698463801,-0.5058431199974579,-0.5638156418223937,-1.125090171137479,-0.7383643018725141,0.081638462559895
0.029324524375439653,0.8376911819217631,0.7051229806293418,-0.4968592036732042,-0.9445028080292517,-0.5058431199974579,-0.6773903801116552,-0.3700463868545495,0.26134150007509444,0.011797008059161479
-0.1612218395997428,0.8138618212272474,1.0066948428045275,-0.466509437202227,-0.9286939923157733,-0.5058376116013569,-0.4376214881676587,-0.04645619359043698,-0.5053398805159431,0.6654506436022688
0.41041725232580595,1.3817949177798714,1.1291092105427443,0.5540014603843807,-0.08809177427341486,-0.5058431199974579,0.7139001639317978,-0.5087278982534549,1.0978000631173122,-0.4256277806919989
-0.49612150961673135,0.07515163969726121,0.22677445450804362,-0.4522829841689564,0.7895078813037192,-0.5058431199974579,-0.07481329641029563,1.5791993011411758,1.3333272528544844,-1.6645279419616268
0.4739327069842003,0.9369801848155785,0.12638276881025157,-0.45512827477561046,-0.2894588185325518,2.5737046417540808,0.351091972174435,-1.5526914979507702,-0.3386888766129335,-0.013145766222928642
1.1552803115015213,-0.4133502545403104,0.09582877751092345,0.2979253057855108,0.8406010119366345,-0.5058431199974579,-0.6679258185875501,0.6084287213488383,-1.1559595487372034,-1.4674122098208204
0.12171064024219505,0.817833381343,0.8138475730451326,-0.13361043622369606,-0.767029316036684,-0.5058431199974579,0.4930603950360117,0.7239966475145928,-0.06995829302644282,0.3524151644302669
-0.7155385348002753,0.5437957333560697,0.13927893396905883,1.7205706091125665,-0.22333829653701429,-0.5058431199974579,0.009316139359527614,0.5930196645267376,0.20397804879169984,-0.6522050700902413
-0.5885076254834866,-1.5651026881085688,-0.7646430423928796,-0.3526978129360626,1.6761239716984269,-0.5058431199974579,-0.49020238552379836,-0.6897843159131372,-0.6463625362015893,-2.780539082851959
-1.0504382048172634,-0.3696630932670316,0.20991023853114174,-0.5101372265042567,0.585135358772058,-0.067748459329875,-0.5848480007648496,-0.22751261125011907,0.7665670105059245,-1.2904807000873093
-0.5134439063417481,1.0918710293299305,0.15098468388243771,0.08263164988201632,-0.9474893517886592,-0.4975322065818523,1.1766120606658261,0.17312286612449648,1.0945297790999928,-0.4324755752019933
0.9243150218346325,-0.004279562617791151,0.560090723227986,-0.5328995513574896,-0.9386120706151038,-0.505758722349594,-0.5743318212936217,0.7355534401311683,0.030719736363901656,-0.2910843700118568
-0.3633164680582704,-2.310167365823759,-1.8874030213727329,-0.28156554776970977,2.03077040785631,2.4770661136656433,-0.53226710340871,-0.5934777107750082,-0.3032163060985364,-0.8288237766315948
0.046646921100456276,1.3659086773168607,0.9469756779922046,-0.09377636773053837,-0.9362677975625348,-0.0065440582071980115,-0.8735171272500558,-1.5326597240820397,0.26090768688912325,-0.4620784585682676
1.5190506427268704,0.3889048888417176,0.5696140451914129,-0.20758799199670286,-0.5389135151520796,-0.505836323087649,-0.2693626166280121,0.6045764571433131,-0.8057054564332417,0.2989584097144111
0.8319289059678772,-1.3824109227839485,-1.8538729919598338,0.06271461563543759,-0.0850862960008904,2.3546573114202896,-0.6374288981209891,-1.5187915729421493,-0.9033801637668635,1.738876171177908
1.8943692384355642,-0.6437007412539623,-0.15971369517436548,1.786960723267829,-0.32251907953032055,-0.5058431199974579,-0.6468934596450943,0.9435757072295261,0.7979350408761344,-1.199292307523713
0.26606394628400043,-1.2473778788483596,-0.4547382734996953,-0.517724668122001,1.3575432748108367,-0.5058387068380086,-0.6058803597073054,-0.6705229948855114,0.6292150817784937,0.8358712671152404
-0.218963162016465,-1.469785245330506,-0.026783992768198032,-0.5338479815597077,1.727217102331342,-0.5005924266379862,-0.7799231299561273,-0.2621829890998453,0.529838491946062,-0.5079727762094097
-1.142824320684019,-0.5642695389389099,-0.20534627958245288,-0.37735699819373153,1.5438829277073516,-0.5058374827499861,-0.31142733451292376,0.8318600452692967,2.3566925585600487,-1.5546049612989055
0.058195185583800726,-0.8224209464628298,-0.03392648424076807,-0.514879377515347,1.7182006675137689,0.1867329979696768,-0.6889581775300059,-0.5896254465694831,-1.4229215093347356,-0.495115598399333
-2.3207472979851493,-0.8224209464628298,0.020435811967127,-0.5291058305486175,0.0020725739023181133,0.04499649010663532,-0.0012000401117003097,-1.1096811143153784,-1.4734440603778185,-0.2430232041771788
0.35267592990908375,0.7662030998382159,0.7352801668468604,0.2979253057855108,0.7804914464861459,-0.5058431199974579,-0.29039497557046795,1.0514391049842302,-1.4659691254810878,0.7581052947130855
-1.3333706846592017,-0.2068291285211747,0.38133003387282643,-0.5129825171109108,-0.35557934052808926,0.07076676426355188,-0.5480413726155519,-1.1982831910424567,-0.8719787631515786,-0.15713574936980787
-0.2882527489165316,0.2618149651376338,0.5539402444599393,-0.14499159865031247,-0.8983687165460016,-0.5058431199974579,1.2607414964356496,-0.8092045062844165,-1.3107307453936228,-0.5567657974196537
0.10438824351717842,0.952866425278589,0.7037341628430085,-0.45512827477561046,-0.9475903358586162,-0.5028183340682899,0.8558685867933747,-0.18898996919486763,-0.5042052921834034,-0.25221023969392176
-1.4834981229426796,0.9727242258573521,0.6644504597438726,2.2137543142659455,-0.9467599222119176,2.241912361983779,-0.2641045268923981,-1.6771196317892327,1.9271507639586207,0.4312381935574686
1.38624560116841,0.5596819738190802,0.9299130594743978,-0.38209914920482174,1.1952474480945174,-0.5022352816154896,1.0819664454247748,1.6061651505798522,-0.2715145732775794,-2.5187686581364757
-0.842569444117064,-1.6286476499606106,-1.5431746129030304,-0.36028525455380683,1.7873266677818305,-0.5013333220199975,0.6770935357825003,-1.5727232718195012,-0.6055840967203165,-1.2790877322039444
0.7337686578594494,0.682800337407411,0.592827142477266,-0.4456439727534302,-0.7318652202481482,-0.5011078321211245,-0.47442811631695647,-0.9286246966556962,-0.0049864258660184,-0.795520833263448
0.02355039213376738,1.2030747125710035,0.5924303373954565,1.0566694675599406,-0.9476328032666068,1.7232855945758314,1.2029025093438959,0.5467924940604358,-0.8060057886389138,-0.4343777893827957
-0.17854423632475952,0.3253599269896757,0.7777383106004719,-0.39063502102478403,-0.9450528105531237,-0.19112364685611347,-0.7131453903138301,-1.5426756110164048,-0.06925751787987426,-0.03388046794379762
-0.842569444117064,1.1832169119922404,0.8670194540075994,-0.29958572161185254,-0.9449145585525877,-0.5034400419323255,0.40367286953057435,0.7509624969532689,1.7957721090995598,0.2723730268996494
0.6413825419926946,1.3063352755805715,0.36406901281411513,-0.3811507190026036,-0.9314590323264955,-0.3728040796623758,-0.4586538471101146,0.3349179627565529,0.19600256021884846,1.1664210117642337
1.3169560142683432,-0.3021465712992375,0.7557156285600473,0.0968581029152868,-0.5539409065147017,-0.5058431199974579,-0.6994743570012338,0.29254305649577617,-1.1416770838452355,-0.5871481928703624
-2.2687801078101004,0.30153056629516,0.6993693069431046,-0.36787269617155116,-0.6020285588750927,-0.5058431199974579,0.7296744331386397,-0.19284223340039275,2.3309307293623878,1.2442060347849724
-0.952277956708836,-0.17505664759515374,-0.1968149703235493,-0.492117052662114,-0.8319476467232119,-0.5058363875133344,-0.5480413726155519,0.08452078939741794,-1.345869613457273,0.7961293442193057
0.0004538631670784859,-1.438012764404485,-0.452754248090648,-0.33562606929613786,1.748255450239013,-0.5058431199974579,-0.5743318212936217,-0.08497883564568845,0.10086399151090289,-0.32389095364823023
-1.3333706846592017,-1.6842494915811475,0.007738049349224425,-0.47883902983106147,1.5168336232546313,-0.5058431199974579,-0.2956530653060819,-0.712897901146288,-0.8715783202106824,0.6304155086822476
0.6182860130260058,-2.53507681517883,-2.706408710227448,0.055127174017693244,2.042792320946407,2.4996151035529457,-0.5427832828799379,-0.49331884143135435,0.2722869404595933,-1.5714462484055933
-0.3921871292666315,0.2697580853691391,0.048807375316503095,-0.41244891567579894,-0.7565101420828486,1.053258466495999,1.6550982266066965,-1.6740378204248128,0.9282792181378797,-0.08354268263313687
-1.4834981229426796,-1.036885192713471,-0.758690966165738,-0.41813949688910707,1.4837733622568632,-0.4981120377503829,1.1503216119877564,-0.7013411085297125,0.7822843959361042,0.5186446791112861
1.0051528732180437,0.5795397743978433,0.4043447286177748,-0.3043278726229427,-0.2954697750776006,-0.44818213157135695,-0.6821226608737077,1.143893445916834,-1.0059269268813902,0.469907763947024
-0.9465038244671636,-0.4768952163923523,-0.11427951330718303,-0.5366932721663618,0.5761189239544847,1.7490558687327482,-0.5690737315580077,-0.9363292250667464,-0.8370734868034515,0.6633752748492368
0.035098656617111826,-1.1322026354915338,-2.0996937401407916,-0.4978076338754222,1.6190198845204622,1.513902117050884,-0.28513688583485397,1.5252676022638236,-0.24335008643453984,-1.0274522597327858
0.5778670873343001,-1.5968751690345897,-1.5191679054535583,-0.34605880152053636,1.114099534736358,-0.5058431199974579,-0.5743318212936217,0.9512802356405764,0.42445525800018674,-0.722493270718617
-1.622077296742813,1.1435013108347147,-0.045235429072337616,0.0608177552310015,-0.9407159054058711,-0.5034593696379431,-0.6237578648083928,-1.3369647024413622,-0.7466734928961121,0.2723730268996494
1.3573749399600488,-0.28626033083622704,0.5507658038054637,-0.49306548286433205,-0.5779847326948973,-0.5058431199974579,-0.12739419376643527,0.6893262696648664,0.2622091264470367,-0.937567847021483
1.3516008077183765,-0.7747622250737984,-1.2576733565411276,-0.10515753015715489,1.276395361452677,-0.38343431775210385,-0.683700087794392,1.737142133567707,-0.8088756297153372,-0.03102441182939221
0.7915099802761716,0.23798560444311812,0.1743961837091956,-0.45133455396673844,-0.9195873931500241,-0.5015588119188705,-0.5007185649950263,0.8857917441466487,-0.4745725145570775,-0.6805604073929008
-0.7559574604919809,0.8257765015745052,0.5926287399363612,-0.14878531945918455,-0.9109917252906045,-0.5058431199974579,-0.4796862060525704,0.8549736305024476,-1.3238786219530512,-0.33362722517632026
1.1841509727098822,-0.417321814656063,0.3281581529103594,0.48761134622911817,0.40781214069311644,-0.5051215523210643,0.3721243311168905,1.7178808125400813,-2.057123016979248,-3.5272590779889357
-0.6520230801418809,0.5596819738190802,0.14800864576886688,-0.4276237989112875,-0.9369891123479406,2.412640428273352,0.6350288178975887,1.0360300481621296,-1.4399403343228285,0.9221993353151615
-0.7501833282503086,0.2141562437486024,-0.2343130505545429,-0.21707229401888328,-0.9443224793329001,-0.2297790580914884,-0.4691700265813425,-0.23521713966116944,-0.6660509807956575,2.1067773797195586
-2.3611662236768556,-0.6437007412539623,0.14126295937810598,-0.4835811808421516,0.12830266134834423,-0.5058138385234472,-0.5901060905004635,-0.5973299749805334,-1.6333209045306658,-0.807936174938448
-2.043588950384884,-1.4737568054462586,-0.24423317759977942,-0.5091887963020387,1.991699190313492,2.396534006925279,-0.16945891165134694,-1.1905786626314063,-1.679772285674636,0.04311955713678376
0.4219655168091504,1.2547049940757875,1.1765274178189744,-0.09946694894384664,-0.8181224466695994,-0.5058431199974579,-0.706309873657532,0.839564573680347,0.42896024108526976,-0.5039859789873703
1.7442418001520867,-1.4777283655620113,-0.8475753044910559,0.2979253057855108,0.6242065763148756,-0.5058431199974579,-0.4849442957881844,-1.0480448870269758,-0.23827780918318675,-1.6220685005395719
-0.29402688115820375,-1.974173380031088,-2.1014793630089335,-0.3185543256562133,2.0337758861288346,2.560819504675622,-0.5164928342018681,-0.1581718555506664,0.41881568658256346,-1.12572336741555
-1.1081795272339858,-1.9702018199153355,-2.076480642854938,-0.45987042578670073,1.9466170162256253,2.357878595689904,-0.4481376676388866,-0.5588073329252818,-1.4761136799837937,-0.7132435920530855
0.7453169223427939,-0.7668191048422932,-0.16526896631969792,-0.48642647144880574,0.4108176189656409,-0.5057648427897062,-0.6458418416979714,0.3657360764007537,-0.9054491189614942,0.3230612578035663
-0.7790539894586697,0.32933148710542837,0.9320954874243502,-0.23983461887211613,-0.931489087109221,-0.5058387712636939,-0.24307216794994227,-0.3738986510600747,1.6643267137503501,-0.6606705389440647
-0.14967357511639834,-1.3029797204688962,-1.0838727307085863,-0.4854780412465877,0.1553519658010641,-0.5058431199974579,-0.3745244113402913,-0.7051933727352377,0.3948224803738605,0.7869739756955775
-1.9858476279681623,1.0680416686354148,0.2319329205715665,-0.043509567012982475,-0.912795012254119,-0.5041744947457976,-0.006458129847314272,-0.42397808573190165,1.6555837095407808,0.07429494822922647
0.08129171455048961,0.2538718449061286,0.29641374636560297,-0.49496234326876815,-0.9470905248218954,-0.3608853278648018,0.2406720877265418,1.2055296732052363,0.04930696287050446,-0.18498628341505993
0.6356084097510224,-0.04796672389106995,0.1503894762597235,-0.12697142480816972,0.7143709244906087,-0.5057377840018416,-0.5059766547306401,-1.1096811143153784,0.2626429396330079,-0.15569475550724782
0.4161913845674781,-0.4570374158135892,0.3112939369334576,-0.5594555970195947,-0.2113163834469165,-0.5057648427897062,0.19334928010601615,0.05370267575321674,0.2634771957598744,0.017643434037220743
-2.2225870498767226,-1.5095008464880322,-0.5146558408529229,-0.5016013546842943,1.8895129290476613,0.2414948305531247,0.4825442155647838,-0.7514205432015394,-1.5826982427523582,-0.36038822261637765
0.935863286317977,-1.366524682320938,-1.220968886473753,0.04564287199551281,0.5460641412292404,2.3675424484987477,-0.7194550979965669,-1.682512801676968,0.26244271816255976,0.8047549216952115
-0.3344458068499093,0.11883880097054002,0.5073156473473285,-0.15921805168358305,-0.03399316536797503,-0.5058431199974579,-0.8835074977477224,0.29254305649577617,-0.12428505200804066,0.14720370047743497
-1.3449189491425462,0.14663972178080834,0.010714087462795467,-0.3745117075870774,-0.35557934052808926,-0.5058431199974579,4.026496697368591,0.29254305649577617,1.8487640582781697,0.4350585104556995
-0.2478338232248261,-2.2061124907910408,-1.8848237883409709,0.14522804322840682,1.2733898831801527,-0.5058431199974579,-0.6379547070945505,-0.6088867675971089,-0.9498982854009836,-0.6315302734804684
-0.7501833282503086,0.3412461674526862,0.5622731511779377,-0.5243636795375273,-0.7877671161171027,-0.5058431199974579,-0.5795899110292356,-0.9286246966556962,-1.6387602544778401,1.3426292161243907
1.4728575847934926,0.3055021264109126,0.2136798868083316,-0.30337944242072457,1.1802200567318952,-0.5029214151649175,-0.7804489389296888,1.7294376051566571,-1.0060270376166147,0.560653217793441
-1.6451738257095017,-0.5642695389389099,-0.4739833199674538,0.21256658758588737,-0.5389135151520796,2.641351611415987,2.3912307895926506,-0.054160722001487235,1.3088668632147367,-3.7358235392403976
1.2707629563349656,0.8615205426162788,0.8162284035359891,-0.44848926336008427,0.2695601401569926,-0.5058336172088626,-0.42184721896081684,1.3095408067544152,-0.571880149194878,-0.04469422851934738
1.3285042787516879,-1.1838329169963178,-1.4023088088606739,-0.3327807786894838,-0.7396794637567118,0.6602617856030201,1.3974518295616123,0.23861135761842403,-0.07172691601540139,2.7769167997564645
0.14480716920888392,0.12281036108629263,0.6160402397631192,-0.3707179867782052,-0.1572177745414767,-0.5058431199974579,1.7918085597326594,0.4312245678946812,0.3301509454191087,-0.05843117952111635
1.2649888240932934,0.2777012056006443,0.745001891351192,-0.20474270139004877,-0.9097895339815945,-0.5053148293772411,-0.6737097172967254,0.13845248827477002,0.29591307397247485,1.00940051438269
-2.049363082626556,-1.87091281702152,-2.4804282161369637,-0.16301177249245513,1.9436115379531007,2.6864495911905912,-0.5995706520245686,-1.7248877079377447,-2.182795359930536,-1.1064649627790224
-0.46725084840837033,0.8496058622690209,0.748573137087477,-0.3308839182850477,-0.9463000840362212,-0.5011400449638207,0.18809119037040217,-1.2445103615087583,0.2590389531649411,-1.7629251595673086
0.11016237575885068,-1.438012764404485,-0.7152408097076027,-0.4883233318532418,1.441696666441521,-0.4904775940313964,-0.5427832828799379,-1.0480448870269758,0.663352842489903,0.003952977766667721
-0.2016407652914483,1.1355581906032095,0.367045050927686,-0.4854780412465877,-0.2954697750776006,-0.4211233437065945,0.7086420741961839,1.8064828892671596,0.2607742059088248,-0.09992188241280797
0.7626393190678105,0.6788287772916588,0.44858849523952915,-0.4446955425512122,-0.8983687165460016,-0.5033852800997419,-0.5690737315580077,0.7239966475145928,0.5355114336087602,0.6921432751267942
-1.9396545700347843,1.3778233576641188,0.9816961226505319,0.686781688694906,-0.9473159356923347,-0.5022997073008819,-0.04326475799661201,-0.793795449462316,-1.2568044293529215,0.3569333684026748
0.6298342775093502,0.35316084779994406,0.6275475871355933,-0.2692359551408753,-0.7565101420828486,-0.5058431199974579,-0.23255598847871434,1.871971380761087,0.25920580439031443,-1.7461009249386155
0.16790369817557282,-1.1242595152600285,-0.9541174689568943,-0.45512827477561046,-0.2834478619875029,-0.498337527649256,-0.12213610403082129,0.5082698520051843,-1.3690285635391088,-2.5033921996597464
-0.10925464942469282,-0.15122728690063802,0.25395560261199135,1.2368712059813673,-0.520880645516933,-0.5058431199974579,-0.7751908491940748,1.047586840778705,1.921611303276222,-0.5888703779449742
0.6471566742343668,0.48819389173553307,0.5882638840364571,-0.4314175197201596,-0.8544887337671451,-0.5058139673748179,-0.6211288199405859,-0.011785815740710734,0.09475723666223466,-0.22572452754277111
1.2592146918516212,1.056126988288157,1.112840202188557,0.08737380089310649,-0.9439918767229226,-0.5058331018033794,-0.0012000401117003097,0.8125987242416713,0.12902847835394282,-0.422654714687877
0.44506204577583924,0.027492918308229794,0.7271456626697664,0.3168939098298715,-0.11814655699865902,-0.5058431199974579,-0.41133103948958893,-0.1312060061119903,1.9292530893983257,-0.11141051182087966
0.5489964261259391,-0.19888600828966946,-0.5239807602754453,-0.4892717620554599,0.4168285755106898,2.3224444687241435,-0.5690737315580077,-1.0403403586159257,-0.6704892233905914,0.9704670990837654
1.698048742218709,0.3253599269896757,0.5408456767602273,1.7016020050682057,-0.912795012254119,-0.5036977446738946,-0.3219435139841517,0.8703826873245482,-0.06962459057569578,-0.2248692167273344
0.2545156818006561,-1.1560319961860495,-0.620404395155143,-0.5272089701441813,0.03813831317261126,1.4688041372762797,-0.521750923937482,-1.3908964013187142,-0.742902655202672,-1.102291797066243
-1.9454287022764567,1.3778233576641188,0.6360788963944966,0.0968581029152868,-0.9476552541893027,1.797375132776967,-0.9245205976855112,-0.08883109985121358,-0.41283756116889797,-2.7223507203506663
0.10438824351717842,-0.2703740903732166,0.0337287822077437,-0.5594555970195947,1.3755761444459835,0.8116621462749052,-0.5848480007648496,0.21549777238527307,-0.4259186972381773,2.0869644629334285
-1.9281063055514396,-1.3784393626681959,-1.7889953610839882,-0.3204511860606493,2.0067265816761144,2.638130327146372,-0.5953641802360774,-1.6409083482572964,0.5870017217590093,0.7800515245322448
1.0513459311514215,0.5318810530088118,0.7096862390701505,0.6678130846505452,-0.2804423837149784,-0.5058431199974579,-0.1904912705938028,1.1515979743278844,1.3651958369008155,-0.6805756576840423
-1.2121139075840857,1.405624278474387,1.4286970473088831,3.7881484499478866,-0.8986692643732542,-0.5050474627828632,0.23541399799092783,-1.514939308736624,2.0995414500144767,0.6512077244569804
-0.23628555874148166,0.10295256050752954,0.5585035029007481,-0.3877897304181298,-0.7958819074529186,-0.5058431199974579,0.5666736513346071,-0.16972864816724187,1.0994685753710471,-0.6859632285489865
1.4266645268601148,-0.9971695915559449,-1.9114097288222047,-0.16490863289689128,-0.6290778633278127,2.357878595689904,-0.527009013673096,-1.363930551880038,-0.01906866928753811,2.697379863555746
0.058195185583800726,0.16649752235957144,0.47477763063895306,-0.3147606048473411,-0.7559090464283436,-0.5058397698618176,-0.10110374508836545,1.0437345765731805,1.0981671358131335,-1.3542595083995754
0.06974345006714518,0.5040801321985435,0.5384648462693707,-0.3204511860606493,-0.648312924271969,-0.4999803826267594,0.3668662413812766,-0.6628184664744611,0.13400064487007193,-0.9672366255624353
0.9993787409763715,-0.8661081077361087,-1.1739474842793325,-0.32803862767839354,-0.8175213510150945,-0.5053985827682511,0.38789860032373247,0.47359947415545794,-0.3026490119322668,1.312027166033759
-0.6982161380752587,0.9171223842368154,1.0184005927179067,-0.261648513523131,-0.8833413251833796,-0.5058345835941435,-0.8388137349950037,-0.19284223340039275,-0.9153600817486779,0.46298573282051947
-1.339144816900874,1.107757269792941,0.8293229712357011,0.13289845059957223,-0.9441120958538234,-0.5058431199974579,0.7401906126098676,-0.8785452619838693,-1.302121222164352,0.8740820868939241
-0.46147671616669805,-1.1004301545655129,0.47180159252538223,-0.48263275063993355,0.26655466188446825,-0.5058431199974579,-0.4271053086964308,-1.363930551880038,-0.28522974400327766,-1.3396620798746008
0.0004538631670784859,-0.06782452446983304,0.41743929631748683,-0.41624263648467097,1.171203621914322,-0.5058431199974579,-0.5375251931443239,-0.797647713667841,-1.4396066318720817,0.10050066729538454
0.0004538631670784859,-1.3546100019736802,-0.03075204358629246,-0.5262605399419633,-0.9040791252637981,-0.5058431199974579,-0.7599423889607945,-1.0711584722601268,0.6567789042101887,0.6054347806409817
0.09861411127550625,0.6430847362498852,0.6573079682713023,1.786960723267829,-0.8298438119324446,-0.5056913975083591,-0.6095610225222352,-0.5202846908700304,-0.4701342719621432,-0.15256594264717568
0.04087278885878401,-0.9415677499354081,-0.33867278707042986,-0.5575587366151585,-0.4457436887038222,-0.5033659523941243,-0.8183071850261093,-1.5692562340345286,-0.40786539465276883,1.4775880340347292
1.2245698984015878,-0.24257316956294825,0.4162488810720585,-0.465561007000009,-0.47279299315654205,-0.5058431199974579,-0.4691700265813425,0.7894851390085205,0.8936075335052747,-0.4275970779216204
1.23034403064326,0.44053517034650164,0.27141502621160746,1.9481938576448952,0.6843161417653643,-0.5040649710806306,-0.4639119368457285,0.8588258947079727,0.7580575980118782,-1.178492023777162
0.029324524375439653,-0.9097952690093875,-0.9934011720560304,-0.47220001841553527,-0.9328114975491316,1.4688041372762797,-0.5848480007648496,-1.3177033814137364,-0.003050951651686019,0.09172251994840462
0.9243150218346325,-0.6873879025272408,0.10356647660620792,-0.28156554776970977,1.1261214478264554,-0.45816811280716213,0.19334928010601615,-0.49331884143135435,-0.1773437416768003,0.004328098666576574
-0.1612218395997428,-0.6476723013697149,-0.47120568439478766,-0.2578547927142588,-0.7489964464015375,-0.5058331018033794,-0.3850405908115191,-0.33922827321034826,0.9000146205596156,0.5196462375522699
0.06396931782547291,-1.8232540956324887,-0.42815233301846173,-0.3811507190026036,1.5318610146172538,-0.5058270135761098,-0.3640082318690634,0.011327769492440031,0.1743786414104484,-0.7984547803720543
0.4797068392258725,-1.6167329696133528,-0.9128497404487113,-0.29674043100519837,1.7813157112367815,2.251576214792623,-0.5112347444662542,0.13074795986371976,0.534109883315623,-2.021477425843269
0.4508361780175114,0.7185443784491845,0.910072805383925,1.2084182999148263,-0.7994884813799478,-0.5058431199974579,-0.1063618348239794,1.3981428834814937,1.930688009936538,0.4165802010523107
-0.5942817577251587,0.3372746073369336,0.5910415196091234,-0.23983461887211613,1.9436115379531007,1.858579533899644,-0.6474192686186556,1.378881562453868,0.58423199141781,-0.25490507960733083
-0.3113492778832205,-1.3347522013949171,-0.775356779601735,-0.2578547927142588,1.9526279727706741,0.03855392156740615,-0.7073614916046548,0.6045764571433131,-0.5354732118183897,-0.864735041160554
-0.2536079554664983,0.5040801321985435,0.6573079682713023,-0.26544223433200315,0.3957902276030188,-0.505115109752525,-0.6831742788208306,0.7509624969532689,-1.5719863940833827,0.25070705140842126
-1.2005656431007412,1.3897380380113766,0.9082871825157827,0.34534681589641253,-0.9453683857717388,-0.5057712853582456,-0.6810710429265849,-0.1581718555506664,1.9719670030939314,-1.0312825323740327
-0.26515621994984273,-0.8819943481991191,-0.8479721095728652,0.23153519163024813,0.7053544896730354,-0.5055477282299343,2.6961999942582593,1.3596202414262424,1.2431274804175934,0.9005346443955655
-0.3633164680582704,-0.2505162897944535,-0.20554468212335747,-0.5082403660998206,0.2785765749745658,-0.5058431199974579,0.5666736513346071,0.6931785338703916,0.34283163854749127,-0.5502689848559248
0.9416374185596491,0.2935874460636548,0.8275373483675585,1.2558398100257282,0.3717464014228232,-0.505831233458503,-0.8719397003293716,1.4713359033864715,-1.4700402953802003,-0.49624302674374604
-0.8310211796337196,-0.778733785189551,-0.9852666678789366,-0.4854780412465877,2.00372110340359,0.5217465620095931,-0.5164928342018681,-0.4393871425540023,-0.631512777143352,-1.0475112841318508
-0.7386350637669642,-0.7271035036847671,0.5009667660383771,-0.4522829841689564,1.3755761444459835,-0.5057999547882451,-0.6316449994118137,-1.1867263984258811,-1.75455500488702,-0.34332191428374453
0.6009636163009892,0.9647811056258468,0.471999995066287,-0.04825171802407263,-0.9196475027154747,-0.436263379773783,-0.5375251931443239,-1.0673062080546016,-0.17240494540574555,-0.787127138285867
0.722220393376105,0.5318810530088118,0.7985705773954684,-0.21707229401888328,-0.8641062642392232,-0.5058431199974579,1.1240311633096864,0.6161332497598886,-0.004786204395570209,-0.8719494913718615
-0.09193225269967618,0.7225159385649371,0.38192524149554063,5.021107712831335,1.4777624057118144,-0.5058431199974579,2.5700058406035247,-0.09653562826226393,-1.7704726117876484,-0.5086691262381169
-0.8541177086004085,-2.2585370843189754,-1.782844882315941,-0.46081885598891875,1.9977101468585412,2.0421927372676754,-0.4954604752594123,-0.951738281888847,0.34443341031107655,-0.5095107368337612
-0.5885076254834866,1.3103068356963241,0.9523325465966321,-0.0918795073261024,-0.936658509737963,-0.4937633039864032,0.592964100012677,0.03444135472559099,1.1357086615221614,1.130050951719746
-1.0677606015422803,1.1752737917607357,-0.14761114017917712,-0.08334363550613996,-0.8959643339279821,-0.5058431199974579,0.30376916455390934,-1.4575405720742993,-0.4474425053113532,-1.6156624309432823
0.06396931782547291,0.8218049414587526,0.2825255685022721,-0.5547134460085045,-0.7784501334722768,-0.4921204490088998,-0.6148191122578491,1.1747115595610351,-1.1643354802509513,0.5606106551317308
-0.6520230801418809,-1.0249705123662132,-0.602151361391908,-0.37546013778929543,1.1681981436417976,-0.5058186704498515,-0.7141970082609529,0.7509624969532689,1.0891571696429676,-0.4064611886017381
0.2371932850756394,-0.29420345106773227,-0.601357751228289,-0.38020228880038565,1.5138281449821072,-0.5058431199974579,0.6876097152537279,1.4905972244140973,0.7306939970506304,-1.0216053830389318
0.8665736994179104,0.11883880097054002,0.6327060531991162,-0.48263275063993355,-0.9422486993248584,-0.5058349379354131,-0.6369030891474278,0.866530423119023,-0.4032269305873869,-0.7651142090726422
-0.2709303521915149,-0.5245539377813837,-0.1686418095150782,-0.5167762379197829,0.3296697056074812,-0.5058394155205479,-0.6900097954771286,-0.5896254465694831,-0.07162680528017729,1.6253106598269438
0.2891604752506894,0.1148672408547874,0.34006230536464316,-0.4684062976066631,1.0600009258309182,-0.5058431199974579,2.480618315098088,0.015180033697965159,-0.33735406680994573,-0.201656548243839
0.3353535331840671,1.024354507362136,0.9999491564137669,-0.22086601482775536,-0.9462730347317686,2.451295839508727,-0.5480413726155519,-0.41242129311532627,1.7655386670618889,-3.3520673941294143
0.9127667573512882,0.03940759865548765,-0.4243826847412719,0.506579950273479,-0.7607178116643827,-0.5058431199974579,-0.0012000401117003097,0.9512802356405764,-0.17604230211888727,0.3812299036954292
1.3689232044433932,-1.4141834037099694,-1.8308582972148852,-0.35933682435158887,-0.9466397030810167,1.6395322035658526,-0.6642451557726202,1.4096996760980691,0.5062123584331805,2.1853418179392077
-0.3575423358165982,1.3500224368538503,0.8902325512934525,0.6772973866727255,-0.9470213988216271,-0.5058310401814469,1.9705836107435335,-0.8400226199286178,-0.06959122033062091,0.40446588543013423
0.17945196265891725,0.6629425368286482,0.6065169177996922,-0.43426281032681374,-0.938521906266928,-0.5058431199974579,-0.3482339626622215,-0.7167501653518131,0.19646974364989447,0.20383669733385576
-0.5885076254834866,0.7185443784491845,0.6825050909662028,-0.1762897953235076,-0.5389135151520796,-0.5044193123502883,-0.6489966955393398,-0.2660352533053704,-1.0804093138881021,1.109784250316455
0.2891604752506894,0.6430847362498852,-0.6713938481676579,1.1894496958704657,-0.33454099262041825,-0.317397990225005,-0.30616924477730983,-0.712897901146288,-1.1724110795590263,-1.6612837399710056
0.23141915283396722,-0.8263925065785824,-0.7406363349434079,-0.465561007000009,1.625030841065511,2.435189418160654,-0.5480413726155519,-0.4008645004987507,-0.7380639696668418,-1.460674892860659
1.5825660973852647,-0.008251122733543769,0.439263575817007,-0.14973374966140263,-0.9007730991640213,-0.2951711287646644,-0.8346072632065126,0.7740760821864199,-0.7720348791528778,0.3156892862002284
-1.5585618420844183,-2.3792725118378546,-2.3169445224314673,-0.5044466452909485,2.0007156251310656,2.5575982204060077,-0.4376214881676587,-1.482580289410213,-1.8679470976508217,0.44914381015251004
0.22564502059229496,0.9687526657415995,0.5717964731413647,-0.30527630282516066,-0.7517013768468095,-0.4839061741213826,-0.8982301490074415,-1.2868852677695353,0.8635743129380521,1.427828096250359
-1.1485984529256912,1.385766477895624,1.0013379742001003,-0.3005341518140705,-0.9470815083870776,-0.5056646608489213,0.41944713873741624,0.727848911720118,-0.7361284954525096,-0.2561723821959389
0.8607995671762383,-0.5841273395176729,-1.1610513191205252,-0.5291058305486175,0.9157379687497454,-0.5058018875588068,0.4720280360935558,1.2748704289046893,0.25783762434225216,0.4328507509507697
-0.3864129970249593,1.0322976275936413,0.952530949137537,-0.1383525872347861,-0.9475999533890881,-0.4723417635934663,0.01983231883075554,0.9320189146129507,-0.1705695819266378,0.6753044907231814
-0.565411096516798,-0.778733785189551,-0.6866708438173219,2.479314770886996,1.3545377965383123,-0.5058431199974579,-0.30616924477730983,0.6893262696648664,1.757296216528441,0.6514771995257281
1.2072475016765711,0.9608095455100942,0.4803329017842855,-0.12697142480816972,-0.9348552227744483,0.6248276586372596,-0.8209362298939163,0.777928346391945,0.09579171425954977,0.38503881336217965
1.7326935356687423,-0.5444117383601468,-0.10971625486637428,-0.21896915442331935,-0.2954697750776006,-0.5058431199974579,-0.7420648838597069,0.18467965874107187,-0.7384644126077381,0.0959621963483505
1.4208903946184424,0.07515163969726121,-0.5418369889568707,-0.08998264692166631,-0.9139972035631289,1.5267872541293421,0.2511882671977697,0.5467924940604358,0.09582508450462464,0.9367326035300596
-0.32289754236656487,1.3500224368538503,0.5827086128911249,-0.25311264170316866,-0.8571936642124169,-0.3087005226970456,2.806619878706153,1.6254264716074778,1.6962286680417549,-1.3155061736826887
0.22564502059229496,-0.615899820443694,0.7832935817458044,-0.02264410256418574,1.8534471897773679,-0.5057477699830774,0.3721243311168905,0.15386154509687064,-0.03732219334339427,-0.4292697384245645
-1.0215675436089027,-1.1520604360702968,-0.5464002473976795,-0.43236594992237765,2.024759451311261,-0.5042807971266948,-0.6742355262702867,-1.3793396087021383,-1.5600064761015684,0.3108764562223789
0.13903303696721175,0.6947150177546688,-0.8997551727489992,-0.3327807786894838,-0.9439618219401974,2.3772063013075915,-0.5638156418223937,-1.2021354552479817,1.222604779696659,0.40164793493490364
-1.8761391153763896,1.3261930761593346,0.03948245589398082,0.1841136815193463,-0.9476526995327711,2.3772063013075915,-0.4271053086964308,-1.0634539438490764,0.18085246895493867,-1.0652145651216292
-0.4903473773750592,-1.1798613568805654,0.44918370286224335,-0.5006529244820762,1.760277363329111,-0.5058431199974579,-0.4428795779032727,-1.01337450917725,0.37913846518875544,-0.630372774945996
-0.9060848987754585,0.9449233050470838,0.6610776165484922,-0.3299354880828297,-0.9462159306445908,-0.5058249197413346,0.5614155615989932,0.777928346391945,1.59618467330783,0.3091943835534658
0.5951894840593169,0.13075348131779788,0.47021437219814444,2.6026106971753404,-0.745990968129013,-0.5058431199974579,-0.675812953190971,0.13074795986371976,-0.6435594356153151,0.21289938523344007
0.29493460749236156,0.23004248421161289,0.011904502708223824,-0.36597583576711507,-0.34355742743799145,-0.5058028539440877,0.7401906126098676,0.5236789088272849,-0.6069522767683788,1.6385927835467415
-0.16699597184141504,0.5874828946293486,0.5091012702154709,-0.016005091148659393,0.7293983158532308,-0.5058431199974579,1.5814849703081009,-0.06186525041253759,1.5296444046288948,0.09129582709940794
-1.7202375448512401,1.1593875512977252,0.36585463568225773,0.9333735412715957,-0.7477942550925276,-0.5058431199974579,2.827652237648609,-1.236805833097708,-0.58519487697968,1.5243557534309313
-0.299801013399876,1.3063352755805715,0.6827034935071075,-0.2142270034122291,-0.9474719200146786,-0.48010505868323744,-0.3377177831909936,0.5198266446217598,1.394027728645349,-0.10491279771823749
-1.2871776267258244,1.15144443106622,0.894200602111547,-0.05963288045068914,-0.9445328628119769,-0.5058431199974579,-0.6463676506715328,-0.8592839409562435,0.8665108945046256,0.10487530406476751
0.21987088835062277,0.249900284790376,0.3376814748737863,-0.3508009525316264,-0.22333829653701429,-0.5058431199974579,-0.400814860018361,-0.28529657433299616,-1.3752687993680763,0.061369155325565805
1.0224752699430604,-0.36569153315127895,-1.1624401369068584,-0.545229143986324,-0.7120290636494869,-0.4982086762784713,-0.6553064032220766,-0.47405752040372867,-0.8361057496962856,0.3883961259578188
-1.6163031645011405,-1.0805723539867498,-0.9662200239520828,-0.36028525455380683,2.0067265816761144,-0.012986626746427178,0.6718354460468864,-0.4625007277871531,-0.6717572927034295,0.46742705335016815
0.8954443606262715,-0.28626033083622704,-0.2726047409491556,-0.4740968788199713,0.12229170480329532,-0.3927760421339862,0.5456412923921513,1.845005531322411,0.4969020600573417,-0.4040253334260888
0.41041725232580595,-1.3546100019736802,-3.4452597725566534,-0.1772382255257257,1.7151951892412443,2.386870154116435,-0.1484265527088911,0.8511213662969224,-1.4049349472394768,-2.382688122135266
0.46238444250085586,0.9330086246998259,0.5166405667698506,0.9523421453159563,1.7001677978786223,-0.5057274758921787,0.24593017746215576,1.8295964745003104,0.9940186009350218,-0.7302667476844478
0.8954443606262715,-0.40937869442455777,-0.5747718107470555,-0.5793726312661733,-0.3916450797983824,-0.5051376587424123,0.27747871587583955,0.801041931625096,-0.8582635924258804,0.06907154398625637
0.012002127650422936,0.1823837628225819,0.32180927160140815,-0.3858928700136939,-0.9362377427798095,-0.5056160194564501,-0.18523318085818882,-0.43553487834847715,1.2609471912874792,-0.16137051451406023
0.2891604752506894,-2.0099174210728616,-2.0828295241638894,0.6014229704952826,2.0337758861288346,-0.5047478833457889,-0.6069319776544282,0.6430990991985647,0.6468345711779305,-1.4308220897788908
1.1033131213264713,-0.7549044244950354,0.05257702359369294,-0.44659240295564817,1.3064501441779217,-0.5058431199974579,-0.8566912400960911,1.0129164629289789,0.02584768058299674,-1.3615164304677327
0.9416374185596491,-1.759709133780447,-1.245769204086844,0.16514507747498547,1.7873266677818305,-0.5030406026828932,-0.5427832828799379,-1.464089421223692,-0.2744845250892269,-0.8344481920751983
-0.4557025839250259,0.2935874460636548,0.7162335229200065,-0.2692359551408753,-0.8373575076137557,-0.5058431199974579,-0.4796862060525704,-0.29685336694957165,0.7955991237209062,-0.12736430833127851
-0.813698782908703,-0.6119282603279413,0.5932239475590754,-0.45987042578670073,1.411641883716277,-0.5058431199974579,0.2406720877265418,-0.7475682789960142,0.4326643382885611,0.34521900911739106
-0.4787991128917148,1.1752737917607357,-0.7053206826623662,-0.36787269617155116,-0.9186556948855417,1.8199241226642688,1.2554834067000356,0.7239966475145928,0.5954443937629058,-1.7053400923846662
-0.4903473773750592,0.9886104663203625,0.632904455740021,-0.5139309473131288,-0.9379508653951485,-0.5058431199974579,-0.6458418416979714,0.866530423119023,-0.7451384616226762,-0.1978758357975737
-0.016868533557938038,0.17046908247532405,0.7287328829970043,0.3074096078076912,-0.16322873108652558,-0.5058397698618176,-0.6495225045129012,0.05755493995874186,1.7920346416511945,-0.9564649806819218
-0.4210577904749926,1.3341361963908398,0.8188076365677506,0.23153519163024813,-0.9457410650775318,-0.01620791101604176,-0.8456492516513018,-0.25833072489432035,1.732802456643617,0.6705769210220839
1.2187957661599156,0.12281036108629263,-0.0035708954823450174,-0.5310026909530535,0.8526229250267323,1.8875710923261753,-0.5480413726155519,0.8973485367632242,-0.6665849047168523,-0.2700352231073349
0.8838960961429271,-0.9574539903984186,0.34244313585549985,-0.5034982150887304,1.4026254488987033,2.1774866765914873,-0.5427832828799379,-0.920920168244646,-1.1714433424518607,-1.2419190754000229
0.8723478316595826,1.1157003900244462,0.7578980565099993,-0.2919982799941082,0.7624585768509993,-0.5054823361592611,-0.08532947588152355,1.167007031149985,-0.09448542315634115,-0.28451139378443435
0.17945196265891725,0.6788287772916588,0.521402227751564,-0.3574399639471528,-0.8767292729838257,-0.5057925458344249,-0.6553064032220766,0.8780872157355984,0.4290937220655691,-0.13169271141256392
-0.8887625020504418,-2.2545655242032225,-3.5186687126914027,-0.5072919358976026,2.0337758861288346,2.5447130833275495,-0.6321708083853752,-0.4162735573208514,0.31116327597160864,-0.8606835356136497
-2.770552199611415,-2.2073039588257664,-3.5428738226817797,-0.38684130021591184,1.9766717989508698,2.5801472102933096,-0.3797825010759053,-1.6748082732659177,-1.794465817996351,0.5607489818616644
0.8261547737262049,0.6947150177546688,0.7440098786466682,0.9618264473381366,-0.7754446551997524,-0.5058274323430649,-0.19574936032941676,-0.4278303499374268,0.2957795929921764,-1.1571334760582013
-1.27562936224248,-0.2068291285211747,-0.3285542574842887,-0.46081885598891875,-0.3165081229852717,-0.48319749158206743,-0.3324596934553796,0.6315423065819892,2.2474383761855097,-0.5047539850853033
0.9185408895929604,1.199103152455251,0.7511523701192384,-0.1658570630991092,-0.9406257410576953,-0.23557736977679464,-0.09058756561713752,0.13845248827477002,0.19646974364989447,0.374161079349419
-0.03996506252462623,1.0203829472463835,0.40176549558601343,-0.015056660946441296,-0.8656090033754854,-0.5058228259065594,-0.6337482353060593,1.6986194915124555,-0.6648162817278936,-1.04932674492305
-0.6289265511751921,0.8416627420375157,0.35672811880064026,-0.4968592036732042,-0.9136966557358766,-0.27326639573128525,-0.6437386058037259,-1.6162538573419352,0.02901785386509233,0.019025680453349
-0.08615812045800401,-1.1758897967648128,-0.6269516790049989,3.2096060265948836,1.7182006675137689,-0.5058378693040985,3.032717737337553,-0.1042401566733142,0.4943992916767402,1.3960474185538514
1.4844058492768368,0.21812780386435504,0.3075242886562678,-0.06816875227065147,-0.38262864498080906,-0.5058431199974579,-0.53226710340871,1.3249498635765158,0.43069549382915434,0.6409624329429808
-0.5827334932418143,0.7622315397224633,0.8037290434589913,2.08097408595542,-0.8677128381662524,-0.5058431199974579,-0.9492336194428967,0.7201443833090677,-1.112978673081001,1.0505958973928435
-0.7155385348002753,-1.0487998730607289,-0.27657279176725,-0.47125158821331714,0.6272120545874,-0.5058431199974579,-0.24833025768555622,-0.6743752590910365,0.4612292680724969,1.3405929799450926
-0.1843183685664317,-0.37363465338278423,0.34839521208264174,-0.45133455396673844,0.65426135904012,-0.5058383202838962,-0.47442811631695647,0.011327769492440031,-0.23330564266705775,0.2634190993522243
0.8146065092428604,1.3817949177798714,0.7791271283868051,0.5160642522956594,-0.7465920637835178,-0.5058431199974579,0.23015590825531387,-0.7360114863794389,0.1971037783063137,-0.5167745305011111
1.2418922951266045,0.5835113345135959,0.20554538263123776,-0.47125158821331714,-0.9240655557760855,0.8857516844760406,-0.21152362953625864,-1.2984420603861107,-0.33892246832845657,-0.41428727112728314
0.9647339475263382,-0.8978805886621296,-0.09761369987118564,3.4751664832159346,-0.5268916020619818,-0.5057815934679083,-0.41133103948958893,0.07296399678084246,-1.395124095187518,-0.9496157828840991
0.6529308064760391,-1.3029797204688962,-1.0725637858770172,-0.47314844861775324,0.8015297943938169,-0.5058431199974579,-0.12213610403082129,-0.2660352533053704,0.4303617913784068,-1.0235588557086697
-1.8183977929596677,1.270591234538798,0.9614590634782496,-0.13266200602147796,-0.9463000840362212,-0.5043162312536607,-0.7667779056170924,-0.20439902601696824,-1.2288401639803295,-0.4987738553626731
0.49125510370921693,-1.26326411931137,-1.0662149045680656,-0.11843555298820747,1.4927897970744364,2.525385377709862,-0.6957936941863041,-0.3700463868545495,1.0917600487587935,-2.3803905129018657
0.13903303696721175,-1.3188659609319067,-0.5596932176382963,-0.5300542607508355,1.1681981436417976,-0.4665434519081601,-0.5848480007648496,-0.8361703557230926,-1.6873473313065914,0.2844407851006607
0.5085775004342336,0.09103788016027169,-0.5265599933072067,-0.42003635729354316,-0.7955813596256662,0.8954155372848843,-0.5743318212936217,1.0206209913400293,-0.7479081919638759,1.1049351813358723
-0.3344458068499093,0.5557104137033276,0.9495549110239659,-0.11843555298820747,-0.830144359759697,-0.5058431199974579,-0.7273422325999879,-1.1482037563706298,0.1957022280131767,0.6377694848886734
0.31803113645905046,-0.3934924539615473,0.4069239616495363,-0.3185543256562133,0.21546153125155282,-0.5058431199974579,-0.521750923937482,1.7910738324450588,1.7471516620257344,-1.1702209732632614
0.24296741731731167,0.8654921027320314,0.8533296786851732,-0.5300542607508355,-0.935546482777129,-0.5058119057528854,-0.7347035582298472,-0.6936365801186622,0.3297838727232872,-0.587682572068679
-0.4787991128917148,0.9131508241210627,0.6799258579344413,-0.3688211263737692,-0.9474109088057464,-0.4996904670424941,-0.42184721896081684,0.7625192895698444,0.7967003418083706,-0.10817950135189591
-0.26515621994984273,0.6271984957868747,0.6073105279633111,0.7342031988058078,-0.7084224897224576,-0.4830042145258905,-0.633222426332498,1.8141874176782098,1.4606347378144326,0.8041997230778192
0.9762822120096823,-0.6119282603279413,-0.7122647715940317,-0.4854780412465877,0.65426135904012,-0.5058431199974579,0.4509956771511,0.4119632468670555,-0.0029174706713875585,-1.1438861340974669
0.935863286317977,0.8337196218060104,0.24463068318946907,-0.45892199558448266,-0.5569463847872261,-0.5029053087435694,1.20816059907951,1.0283255197510797,-0.23424000952914925,0.5303973435135784
-0.7675057249753252,1.0442123079408991,0.8475760049989361,-0.43521124052903176,-0.9433907810684179,1.5396723912078005,3.774108390059121,-0.48176204881477896,1.7300660965474925,0.7398088133840405
-0.484573245133387,-1.211633837806586,-0.19741017794626353,-0.492117052662114,0.041143791445135705,-0.5058431199974579,-0.7231357608114967,0.500565323594134,-1.7936649321145586,-0.25544430038267657
0.6933497321677445,-0.5404401782443942,-0.7688094957518791,-0.33372920889170177,-0.6594331938803094,2.3933127226556645,-0.6542547852749537,0.7817806105974702,-0.2456860035897681,1.2933127593888893
-0.380638864783287,-0.1035685655116066,0.5900495069045998,0.5824543664509217,0.33267518388000555,-0.5058431199974579,0.7349325228742536,0.40425871845600514,0.913262607854268,0.649134135036257
1.565243700660248,-0.5563264187074046,0.20574378517214253,-0.3545946733404986,1.2553570135450063,-0.5058223749267616,-0.5427832828799379,0.8434168378858722,0.26134150007509444,-0.3477917473836197
-1.570110106567763,-2.253771212180072,-3.031590474770296,-0.4077067646647087,1.7151951892412443,-0.4523698011218559,-0.521750923937482,-0.8901020546004448,-1.608960625626141,-0.5070735321454778
0.3469017976674116,0.249900284790376,-0.029561628340864097,-0.3308839182850477,-0.8100076553337834,-0.2291348012375655,-0.527009013673096,1.1824160879720855,0.6591815618555665,0.4075818838133175
0.46815857474252803,0.4246489298834912,0.15396072199600855,-0.2000005503789585,1.297433709360348,-0.5013977477053898,0.2511882671977697,1.8334487387058356,-0.4255849947874303,0.987122074524729
0.006227995408750759,0.6271984957868747,0.5452105326601314,-0.45133455396673844,-0.5839956892399462,-0.5057812713394814,1.5394202524231893,-1.367782816085563,-0.23827780918318675,1.4088847179779185
-0.2074148975331206,1.2269040732655192,-0.293238605203247,-0.3915834512270021,-0.9439918767229226,2.1549376867041854,-0.7988522530043376,0.30409984911235166,1.2626157035412133,1.8473410327886897
0.8146065092428604,0.28564432583214955,0.5706060578959365,-0.17913508593016178,-0.7808545160902964,-0.49331232418865717,0.5614155615989932,-0.8092045062844165,-0.6720242546640274,0.0851333752397216
1.0455717989097493,0.9330086246998259,0.8499568354897927,1.530884568668959,-0.7123296114767395,0.009562363140874903,-0.8845591156948452,-1.229101304686658,1.0946298898352165,-0.8715787388883186
-1.5989807677761239,-0.6397291811382096,0.3339118265965965,-0.5215183889308731,-0.5990230806025683,-0.5058333595061211,2.170391020696864,-0.35463733003244896,-0.3175988817257283,0.1681806120984707
-0.1843183685664317,-2.0734623829249035,-1.7822496746932268,-0.4058099042602727,1.9526279727706741,2.290231626027998,-0.6437386058037259,-1.1982831910424567,-0.8017677675144277,0.4488910243415511
-0.5365404353084369,-1.1679466765333075,0.05952111252535831,-0.5651461782329028,1.4657404926217166,-0.5058431199974579,-0.2588464371567842,-0.29685336694957165,-0.6964179038136267,-0.3099884155703291
-2.3727144881601996,-1.9225430985263041,-2.232821845087863,-0.4266753687090694,1.9315896248630033,0.42832931819077025,3.979173889748065,-1.6840537073591781,-1.5950118631849193,6.007498019211013
0.8146065092428604,-0.6595869817169727,0.36982268650035227,-0.42003635729354316,-0.2594040358073074,-0.5058054309715034,-0.8766719810914243,-1.2021354552479817,0.09038573455745001,-0.3334755307565853
-0.44415431944168143,1.3500224368538503,1.3540976919287055,-0.12128084359486145,-0.9399645358377399,-0.5058431199974579,-0.41133103948958893,0.8125987242416713,1.431569254354377,-0.16567616144936637
0.5605446906092836,0.5715966541663381,0.6733785740845853,-0.4816843204377156,-0.46678203661149326,-0.5058431199974579,-0.6484708865657784,0.6084287213488383,-0.47143571152005626,-1.1606022623591725
0.11016237575885068,-0.6119282603279413,-0.20316385163250064,-0.47883902983106147,1.3635542313558857,-0.5055209915704965,-0.16945891165134694,0.8434168378858722,0.05871737198156785,-0.5192768165444827
0.24296741731731167,0.6351416160183799,-0.043053001122385776,-0.14404316844809437,-0.8737237947113013,-0.49762884510994077,0.824320048379691,-1.0480448870269758,0.027382711856432235,-0.3315454571708903
0.9416374185596491,-0.8184493863470772,0.3150635852106474,-0.4039130438558365,-0.09410273081846375,-0.47137537831258197,-0.32720160371976564,-0.06956977882358785,0.5975467192026119,-1.6013718054225143
-0.09770638494134846,-1.223548518153844,-0.7465884111705495,0.7342031988058078,0.822568142301488,-0.5046415809648916,-0.771510186379145,0.8857917441466487,-0.6830698057837499,-0.7816578304544302
-1.0966312627506414,-0.6754732221799832,0.07658373104316496,-0.3669242659693331,1.4356857098964722,-0.505775473027796,2.5647477508679106,-1.4544587607098791,-1.1117106037681628,0.5367569543243611
-0.8829883698087696,0.2340140443273655,-0.11348590314356383,-0.5167762379197829,-0.28645334026002733,-0.5035205740390658,-0.521750923937482,-0.4008645004987507,-1.5132547627519253,1.0067462816601032
-0.9060848987754585,-0.0797392048170909,-0.0394817553861006,-0.45512827477561046,-0.42169986252362673,-0.5058431199974579,3.689978954289298,0.39270192583942976,1.4150843532874795,0.3527881403771311
-0.5423145675501091,1.187188472107993,0.8390446957400328,-0.42003635729354316,-0.8998714556822638,-0.5058431199974579,-0.5164928342018681,-0.6242958244192095,1.3245175081547667,-1.0158020168536457
-1.113953659475658,-1.1798613568805654,-0.5325120695343485,-0.544280713784106,0.8135517074839147,-0.5058114225602449,-0.3640082318690634,-0.6551139380634107,-1.5501956240496089,-0.48587879738586986
-0.8541177086004085,-1.6683632511181368,-0.28391368578072473,-0.44943769356230234,1.579948666977645,0.028890068758562402,-0.5901060905004635,-0.924772432450171,-0.2599684684817364,0.4129170537377375
-0.22473729425813718,-0.5166108175498785,0.024205460244316846,-0.49496234326876815,-0.568968297877324,-0.5058431199974579,-0.5901060905004635,-0.47405752040372867,-0.7353943500608666,-0.0706637731026483
0.7106721288927605,0.5318810530088118,0.6249683541038318,-0.5120340869086928,-0.5900066457849951,-0.5041261754817533,-0.4639119368457285,1.8796759091721371,-0.9642808610281756,0.39838157857135087
0.7048979966510883,-0.4967530169711154,0.15515113724143703,-0.5566103064129405,0.9037160556596476,-0.5058431199974579,0.4089309592661883,1.1284843890947334,-0.6084205675516651,-0.5245200438667504
-1.2929517589674964,1.0640701085196622,0.3105003267698388,-0.07575619388839572,-0.9453864186413741,-0.5058323609079974,1.2870319451137193,-0.2660352533053704,-0.6662512022661057,-0.18957282947122409
0.06974345006714518,-0.4252649348875682,-0.004166103105059246,-0.4171910666868891,-0.26842047062488067,-0.5058431199974579,-0.5953641802360774,-1.2676239467419095,-0.07099277062375806,0.7600240196156883
0.5836412195759725,-0.08371076493284352,0.07698053612497431,0.9618264473381366,-0.6933950983598354,-0.4929579829189996,-0.698422739054111,-0.3045578953606219,-1.4056023521409706,1.6330225482411465
-0.7617315927336531,1.2110178328025087,0.5335047827467524,1.6446961929351234,-0.9384317419187523,-0.5058431199974579,2.24400427699546,0.23861135761842403,-0.8318009880816503,-0.049948725254340354
0.5894153518176447,1.1236435102559517,0.7077022136611032,-0.2806171175674917,-0.9473339685619697,2.386870154116435,-0.47442811631695647,-1.5711823661372912,-0.5039717004678809,0.6603167346944644
-0.0457391947662985,-0.6715016620642306,0.28808083964760445,-0.518673098324219,0.8045352726663413,-0.5058431199974579,-0.3534920523978355,-0.6512616738578856,0.26054061419330177,0.572645579187776
0.306482871975706,-1.3188659609319067,-0.1870932458192178,-0.3327807786894838,1.4206583185338502,-0.5058431199974579,-0.3534920523978355,0.7317011759256432,0.7750430527548958,-1.2491589691001064
0.08129171455048961,0.19429844316983932,-0.2360986734226855,-0.45892199558448266,-0.16623420935905003,-0.5044740741828717,3.8950444539782416,-0.5896254465694831,-1.1361709934079112,-0.3629881540744057
0.4219655168091504,1.036269187709394,0.8576945345850773,-0.4560767049778286,-0.8406635337135325,-0.504338780243548,0.14602647248549047,1.7987783608561094,0.16289927710475477,-1.0315020160407276
-0.299801013399876,-0.4252649348875682,0.04384731179388489,-0.07385933348395973,-0.4036669928884802,-0.4968879497279294,-0.8335556452593897,-0.18513770498934248,-1.7139434166311205,-1.0063860409018555
1.0628941956347657,-0.40937869442455777,-1.002329286396743,-0.5025497848865124,-0.7556084986010911,-0.5055177702862269,-0.7178776710758827,1.0745526902173812,0.0297186290116609,-0.029508882707351712
1.0455717989097493,0.7940040206484842,0.632110845576402,0.8764677291385132,-0.9342841819026686,-0.5058388356893794,-0.9040140477166168,0.9358711788184758,0.030285923177930506,-1.2842798564109132
0.2891604752506894,0.2777012056006443,0.6596887987621591,-0.4854780412465877,0.6662832721302178,-0.504554606289612,-0.3534920523978355,0.9512802356405764,0.6891814121777142,-0.00927734237360065
0.13325890472553947,0.32933148710542837,0.9896322242867209,-0.3858928700136939,-0.8274394293144252,-0.5057120137276846,-0.3745244113402913,0.20008871556317245,0.16393375470206992,0.710398265765365
-1.2409845687924468,1.3261930761593346,0.8330926195128908,0.7626561048723489,-0.9462820511665861,-0.41145949089775075,4.094851863931572,-1.5334301769231449,0.4280926147133284,0.8827283391206371
0.21987088835062277,0.9369801848155785,-0.5289408237980635,-0.3526978129360626,-0.9251475279541943,2.344993458611446,-0.11687801429520733,-1.0249313017938253,0.2626763098780817,1.4392037590358866
-0.016868533557938038,1.036269187709394,0.2753830770297019,7.543932050731313,1.582954145250169,-0.5058431199974579,3.8687540053001723,-0.7629773358181147,0.24872754743686146,1.8184987783071276
1.4151162623767706,-0.2703740903732166,-0.35077534206561817,1.6636647969794842,0.08021500898795338,-0.505834744658357,-0.6363772801738663,0.45048588892230707,-0.9718225364150559,-0.03224995149598316
1.1495061792598489,-0.6238429406751992,-0.36446511738804427,-0.05583915964181688,0.3507080535151522,-0.5058431199974579,-0.31142733451292376,0.03444135472559099,-0.5708456715975623,0.5326937328495639
1.3516008077183765,-0.417321814656063,-1.2039062679559465,1.3222299241809907,-0.9312787036301442,0.08365190134201023,-0.04852284773222597,0.7432579685422186,0.6317178501590961,1.076961161845007
1.2130216339182434,-1.6921926118126527,-1.0793094722677774,-0.2948435706007623,1.727217102331342,-0.48094259259333727,-0.5480413726155519,-0.9748518671219981,-0.3710913845804592,-0.8979205053688344
-2.42468167833525,-2.0814055031564087,-2.6996630238366874,-0.4115004854735808,1.6610965803358044,1.8521369653604147,0.6981258947249559,-1.5515358186891128,-1.0565495886596974,0.9950114309472664
0.5663188228509557,-0.17505664759515374,-0.27835841463539257,1.7964450252900095,1.5919705800677428,2.4545171237783414,-0.5427832828799379,1.2941317499323146,-1.450151629315684,-1.2686907043748379
-0.14967357511639834,0.436563610230749,-0.5749702132879602,-0.5385901325707979,-0.901975290473031,-0.47601402766082695,-0.30091115504169585,-0.22366034704459395,0.28129690662976037,1.5334683527208384
-0.680893741350242,-1.5095008464880322,-0.5537411414111545,-0.49496234326876815,0.933770838384892,-0.5058431199974579,-0.5901060905004635,-0.9864086597385735,-1.268050201943092,0.20050734167794917
-0.49612150961673135,0.5358526131245644,0.4069239616495363,-0.26070008332091305,-0.8890517339011759,-0.5058380947939973,1.4605489063889798,-1.152056020576155,0.9269110380898166,0.33307828387968164
0.520125764917578,-2.013888981188614,-1.0247487735189773,-0.4636641465955728,2.015743016493688,-0.5058431199974579,-0.521750923937482,-1.367782816085563,-0.14347294292598836,1.9438880363822149
1.5479213039352313,0.3055021264109126,0.5249734734878492,-0.14404316844809437,-0.26842047062488067,-0.5058367096417614,-0.5532994623511658,-0.18128544078381725,-1.0047589683037759,-0.9832160205544619
-1.4950463874260242,-2.191417718362756,-2.1621905405257804,-0.20474270139004877,2.0067265816761144,-0.4085603350550976,-0.5848480007648496,-1.437123571785016,-1.34727116375041,-0.1400268493358572
-1.5470135776010738,0.17841220270682928,0.23967061966685096,-0.40675833446249066,-0.90798624701808,-0.5058431199974579,0.7401906126098676,-0.4162735573208514,0.7953321617603083,-0.08467155817284563
0.1967743593839339,-0.46498053604509443,-0.07082935684904745,-0.5291058305486175,1.5919705800677428,-0.505825402933975,-0.6510999314335855,0.7663715537753696,0.09345579710432161,-0.38773672694028033
-0.9811486179171969,1.290449035117561,0.4819201221115233,-0.34416194111610016,-0.9445929723774275,-0.15794441887908328,2.2334880975242317,0.6469513634040898,1.7309337229194344,1.5314293507194316
0.3295794009423949,-0.5205823776656311,0.2916520853838896,0.6109072725174629,-0.8803358469108551,1.7716048586200501,-0.8635267567523893,-1.0210790375883,1.2581774609462801,0.23670920458922387
-1.552787709842746,1.1752737917607357,0.7934121113319453,-0.3858928700136939,-0.9476330136500858,2.496393819283331,-0.7741392312469519,1.2787226931102142,2.179096114272541,-1.3580438233008865
0.8319289059678772,1.15144443106622,0.8380526830355092,-0.4959107734709861,-0.6729578461066694,-0.505701061361168,-0.6521515493807082,1.1593025027389345,-0.13776663101821587,-1.0048108311860922
-1.1197277917173303,1.0164113871306308,0.836068657626462,-0.13645572683035015,-0.9476359890735757,-0.019429195285656342,-0.7657262876699698,-0.4047167647042759,-1.1566269536386973,0.01497699786183214
0.7915099802761716,-1.2473778788483596,-1.600314544683592,2.9535298719960146,1.303444665905397,-0.5058431199974579,-0.5848480007648496,0.06525946836979223,-0.8694759947709771,-0.28712275388210495
-0.19586663304977614,0.8257765015745052,0.22181439098542552,-0.46081885598891875,-0.8379586032682608,-0.49836974049195215,0.8716428560002166,-0.743716014790489,0.16039650872415281,-0.14243969331485498
1.8019831225688085,-0.8065347059998194,-1.448338198350571,-0.36218211495824293,1.0960666651012114,2.087290717042279,-0.6668742006404272,-0.1581718555506664,-0.07109288135898215,-0.9031219942308016
-1.0273416758505747,-0.21874380886843253,0.6013584517361691,-0.37356327738485945,0.6662832721302178,-0.5058431199974579,-0.1904912705938028,-0.21210355442801845,-1.4734106901327442,1.2230823212447832
0.16790369817557282,0.6311700559026273,0.2095134334493324,0.06745676664652775,-0.8499805163583583,-0.50566691574791,3.169428070463516,-0.5048756340479298,-1.406336497532614,0.5165436923727456
-1.142824320684019,-1.7835384944749626,-0.7707935211609263,-0.4228816479001972,0.7203818810356575,-0.5058162222738066,-0.6195513930199017,-1.2560671541253337,1.7711114979893625,0.1535916047947642
-0.6693454768668976,0.11089568073903477,0.8223788823040357,-0.39063502102478403,0.44387787996340966,-0.5058431199974579,1.5026136242738914,-0.20825129022249333,-0.8721789846220267,0.19516421376427603
1.3516008077183765,0.9091792640053101,0.4462076647486723,-0.45512827477561046,1.0089077951980028,-0.5058431199974579,0.16180074169233236,1.8835281733776623,0.4520858209220313,-1.3434858485959713
0.6529308064760391,0.6391131761341325,0.4350971224580075,-0.4446955425512122,-0.5329025586070307,-0.5058431199974579,-0.7094647274989004,1.0784049544229064,0.0641233516836676,-0.7768714501417351
-0.6635713446252254,1.036269187709394,0.8007530053454204,-0.29389514039854425,-0.9443525341156256,-0.5058431199974579,-0.7005259749483566,0.5044175877996591,-0.8314005451407539,0.1580549120863136
-0.19586663304977614,1.1474728709504673,-0.7495644492841206,7.894851225551987,1.3996199706261792,-0.5058431199974579,3.726785582438596,-1.6786605374714427,-1.232077077752575,1.760786675503127
-0.29402688115820375,1.1236435102559517,0.7327009338150987,-0.4247785083046333,-0.946934239951724,-0.5058262082550424,-0.02223239905415616,0.05370267575321674,-1.572353466779204,0.23827511851102814
0.9300891540763048,0.3690470882629545,0.998361936086529,-0.5006529244820762,0.9457927514749899,-0.5057284422774596,-0.400814860018361,1.8912327017887127,0.43183008216169366,-1.1831466059513178
0.5663188228509557,0.2578434050218812,0.6890523748160587,-0.47314844861775324,-0.5749792544223729,-0.5058431199974579,0.29325298508268144,1.3750292982483427,-0.7382308208922151,-0.0863784012146392
-0.6751196091085698,-2.353457371085463,-4.526156815405609,-0.44185025194455807,1.9736663206783456,2.4287468496214246,-0.21678171927187262,-0.6088867675971089,0.16153109705669202,-0.854663307500471
1.7095970067020536,0.9330086246998259,0.8830900598208824,0.12436257877960988,-0.8638057164119708,-0.5057532461663357,-0.7326003223356018,0.42737230368915613,0.12762692806080578,-0.2793081734452224
-0.3113492778832205,1.1474728709504673,0.7979753697727542,-0.3915834512270021,1.2132803177296643,-0.5058192824938628,-0.7893876914802326,0.9358711788184758,0.26184205375121516,0.8147628969049598
-0.46147671616669805,-0.3299474921095054,-0.10455778880285109,-0.5281574003463994,0.6722942286752667,-0.5058266270219975,0.49831848477162566,0.7471102327477438,-0.9403210250645467,-0.5995790814530934
0.4797068392258725,0.7225159385649371,-0.5717957726334846,8.046600057906874,1.4687459708942407,-0.5058431199974579,1.5078717140095055,-1.1212379069319538,-0.622836513423932,-2.777400335368102
0.24874154955898384,1.0203829472463835,0.4769600585889051,-0.1544759006724928,-0.9458462568170701,-0.5058431199974579,0.061897036715667236,0.13074795986371976,-0.7421017693208793,0.1623930203302228
-1.6105290322594683,1.2467618738442823,0.7622629124099032,0.8195619170054312,-0.9475188054757299,-0.05808460652103125,0.950514202034426,-1.473334855316952,-0.4576538003042087,0.2276620766544746
-0.4557025839250259,-0.028108923312306862,0.7846823995321375,-0.5300542607508355,-0.3315355143478938,-0.5058431199974579,0.5298670231853094,-0.1350582703175154,-1.006060407861689,0.27754019419881903
-0.2709303521915149,-0.26243097014171135,0.519219799801612,-0.41813949688910707,-0.018965774005352903,-0.5058431199974579,-0.5375251931443239,0.18467965874107187,0.860270658675658,0.40253923543750636
-0.49612150961673135,1.2269040732655192,0.9245561908699703,0.8005933129610704,-0.9475488602584553,2.522164093440247,0.40367286953057435,-1.47449053457861,-0.0723943209168951,0.22951322640742555
-0.2536079554664983,-0.5722126591704151,-1.4886139141542305,7.638775070953117,1.5949760583402668,-0.5058431199974579,1.2291929580219658,0.3272134343455026,-1.6892160650307741,-1.9694071350369735
-0.6347006834168644,0.14663972178080834,-1.658049684086868,8.056084359929054,1.1952474480945174,-0.5058431199974579,3.642656146668773,0.1191911672471443,-1.5136552056928216,-1.7534618380037332
1.0917648568431269,1.1474728709504673,1.08149260072561,0.08642537069088858,-0.8614013337939511,-0.5056208513828545,-0.5112347444662542,0.15386154509687064,-0.7728357650346704,0.06103708684991603
-0.21318902977479276,-1.5889320488030845,-0.7400411273206937,0.3263782118520518,2.042792320946407,-0.5058395765847613,-0.53226710340871,0.6007241929377879,-1.3443012119387627,-0.33412372629944725
-0.4903473773750592,1.2983921553490663,1.0920079353935603,0.0608177552310015,-0.9463271333406739,-0.5056102211447648,-0.5059766547306401,-1.1135333785209034,-0.33808821220158913,1.3852488162196597
1.4497610558268037,0.3253599269896757,0.683695506211631,0.27895670174115006,-0.9307978271065401,-0.5058431199974579,-0.6658225826933044,0.5121221162107094,-0.6404560028233692,-0.04836137872731796
0.20254849162560606,-0.3498052926882685,-0.21229036851411834,-0.49116862245989595,-0.6230669067827638,-0.5058431199974579,-0.8519589593340386,1.9143462870218635,0.2821979032467766,-1.4897083542316196
0.5489964261259391,0.9330086246998259,0.8735667378574554,-0.3953771720358742,0.23048892261417497,-0.5058132586922786,-0.4271053086964308,1.8527100597334611,-0.7943262028627714,0.49660152007906405
0.4219655168091504,1.3103068356963241,0.9545149745465842,0.19359798354152663,-0.9350956610362502,0.3961164754946246,0.1723169211635603,1.506006281236198,0.0606862164409746,0.2508351025657702
1.340052543235032,-0.2743456504889692,0.20395816230399988,2.5836420931309796,-0.15421229626895225,-0.5058431199974579,-0.8056877696606358,1.3634725056317674,-1.4811859572351467,-0.22377365966939566
0.3238052687007226,-0.758875984610788,-0.01607025555934262,0.12151728817295591,1.8294033635971727,-0.5058431199974579,-0.5743318212936217,1.6100174147853772,0.22980661847951112,-1.0012943427075782
0.6644790709593835,0.16649752235957144,0.3614897797823537,-0.5300542607508355,-0.47880394970159096,-0.5057683862024028,0.31428534402513725,0.6392468349930395,-0.07055895743778731,-0.5041743420111259
1.5479213039352313,1.0640701085196622,0.46922235949362073,-0.37546013778929543,-0.8812374903926123,-0.5058431199974579,-0.8282975555237758,0.91660985779085,-0.2031389411195367,0.2579983894243752
-0.4210577904749926,1.405624278474387,0.7606756920826653,0.3074096078076912,-0.9460746731657819,0.6087212372891867,-0.3534920523978355,-0.6281480886247347,-0.48745342915590834,0.5714789791084184
0.6529308064760391,-0.21874380886843253,0.1368981034782022,-0.261648513523131,1.5528993625249246,-0.5058431199974579,-0.4586538471101146,1.9066417586108133,-0.8188533329926697,-1.3797725230388942
-1.0966312627506414,-1.3029797204688962,0.12043069258310969,-0.4835811808421516,1.6520801455182315,-0.5058431199974579,-0.6106126404693579,-1.0326358302048755,-0.24535230113902148,0.6246129335704992
0.22564502059229496,-1.068657673639492,-0.9291187488028989,-0.12128084359486145,0.31464231424485906,-0.5058431199974579,-0.8940236772189502,0.7239966475145928,0.7649318684972644,-1.135245151536407
1.6576298165270034,0.16252596224381882,0.605921710176978,-0.29958572161185254,0.059176661080282376,-0.5028602107637948,-0.821987847841039,0.12689569565819464,0.5967124630757444,-0.8114033880661922
-0.952277956708836,-0.9931980314401923,-1.5566659856845517,-0.4171910666868891,-0.7571112377373534,-0.5058431199974579,0.4352214079442581,0.3618838121952285,-1.2796964174741596,0.28438314505797674
-1.8126236607179955,-1.5968751690345897,-1.6814611839136255,-0.5120340869086928,1.907545798682808,2.419082996812581,-0.4639119368457285,-1.5954516306320996,-1.4955351626172644,0.24790037305787704
0.20832262386727834,0.9091792640053101,1.0128453215725743,3.2001217245727034,-0.9330819905936587,-0.5058431199974579,-0.7536326812780575,0.423520039483631,2.594522295207376,0.9234734442182004
1.5536954361769033,0.4047911293047281,0.38906773296811087,-0.18008351613237977,-0.6486134720992214,-0.5058431199974579,0.6402869076332026,0.9551324998461015,-0.4395337572286515,-0.30949537688614315
-1.6336255612261572,0.249900284790376,0.19641886574962036,0.9618264473381366,-0.9301366218865849,-0.5054726723064522,-0.8982301490074415,-1.4409758359905411,2.321386839271026,0.23281470980319607
1.992529486543992,0.2657865252533865,0.6989725018612951,-0.4039130438558365,-0.7799528726085391,-0.5057026720033028,-0.6642451557726202,1.8758236449666121,0.19299923816212658,-1.3294676350180652
-1.0215675436089027,1.1832169119922404,0.880510826789121,-0.05583915964181688,-0.9475058819191582,-0.5058431199974579,-0.6121900673900421,0.08066852519189283,1.330123709327315,-0.1284686396939569
0.9647339475263382,-0.5205823776656311,-0.5817158996787211,0.2505037956746089,-0.3044862098951739,-0.5043677718019745,-0.7641488607492855,0.4312245678946812,-1.4060695355720165,0.16213025996548364
0.06974345006714518,0.8257765015745052,0.6047312949315496,-0.514879377515347,-0.6230669067827638,-0.5058431199974579,-0.6432127968301645,0.4119632468670555,-0.7380305994217671,-0.24056582210102942
0.7972841125178438,0.9250655044683206,1.1412117655379328,-0.1165386925837713,-0.4367272538862489,-0.5058431199974579,-0.7694069504848994,1.2093819374107615,0.19630289242452115,-0.3974585103959872
0.7453169223427939,-0.7668191048422932,-0.16526896631969792,-0.48642647144880574,0.4108176189656409,-0.5057648427897062,-0.6458418416979714,0.3657360764007537,-0.9054491189614942,0.3230612578035663
-0.380638864783287,0.4921654518512857,0.2386786069623274,-0.5357448419641437,-0.9388224540941805,1.0725861721136865,-0.15368464244450505,-0.054160722001487235,-1.013335121287972,-0.32290096434582244
0.2545156818006561,-0.5245539377813837,-0.22141688539573567,0.4022526280294948,1.1261214478264554,-0.5058346158069862,-0.6716064814024797,-0.18898996919486763,-1.0668276241427024,-0.062495392764491696
-0.4210577904749926,1.290449035117561,0.5333063802058476,-0.11559026238155319,-0.9001720035095164,-0.5058431199974579,-0.18523318085818882,0.3541792837841782,1.6733033096754424,-0.3624874801344817
1.392019733410082,0.7106012582176793,0.8205932594358932,2.1758171061772233,-0.7688326030001986,-0.5058431199974579,-0.6574096391163221,1.6870626988958801,0.43329837294498047,-0.2108270536500612
-0.7444091960086364,0.8813783431950418,0.7995625900999921,-0.3631305451604609,1.2012584046395662,-0.5058431199974579,-0.31668542424853774,1.871971380761087,2.1908758107839077,-1.3649925379547623
0.9474115508013213,0.9727242258573521,0.9995523513319575,-0.5461775741885421,-0.8632046207574658,-0.5058283343026604,0.0671551264512812,1.2440523152604879,0.12862803541304654,-0.8429260302703735
0.13903303696721175,0.027492918308229794,0.14086615429629665,-0.43046908951794155,0.40180118414806754,-0.5058431199974579,0.8874171252070585,-0.19669449760591787,-0.4725035593624467,0.940756658909321
-0.0688357237329873,0.20224156340134455,-0.28788173659881955,-0.518673098324219,-0.9476110736586965,1.1241267204275198,-0.06955520667468167,0.29639532070130137,-0.06785596758673722,0.3886981238351036
0.7972841125178438,1.238818753612777,1.0193926054224303,0.6109072725174629,-0.8334503858594741,-0.5058431199974579,-0.8130490952904954,0.6122809855543634,-0.4636604444176535,-0.3073049462725606
0.20832262386727834,-1.2513494389641122,-0.8793197110358123,-0.04256113681076438,0.008083530447366904,-0.5022030687727935,-0.6695032455082343,0.06140720416426699,-0.591568593788946,-0.7727025151826499
1.5248247749685426,0.4643645310410174,0.8013482129681345,-0.08049834489948587,-0.6260723850552883,2.457738408047956,-0.7636230517757241,1.6485400568406285,-0.8624348730602168,-0.3682217641231936
-0.26515621994984273,-0.7866769054210563,-0.2527644868586826,-0.4816843204377156,1.456724057804143,-0.5058309435429188,0.40367286953057435,0.9012008009687493,-0.36324937698790666,-0.2810733995923399
-0.0688357237329873,1.4016527183586345,1.2156127183772056,0.05986932502878341,-0.9439918767229226,-0.5058431199974579,0.7822553304947794,-0.6011822391860586,-0.23964598923124902,0.062193039004032474
0.3122570042173783,0.8575489825005261,0.9812993175687222,-0.3555431035427167,0.6512558807675956,-0.5058431199974579,-0.4639119368457285,0.33106569855102774,0.7297262599434645,0.7281415750774131
-0.5942817577251587,-1.1957475973435756,-1.3108452375035944,-0.47694216942662543,-0.298475253350125,2.4223042810821958,-0.5375251931443239,-1.6790457638919953,0.8077125226830192,-0.39446751145106
0.4046431200841338,0.28167276571639693,-0.012895814904866996,8.23628609835048,1.7662883198741597,-0.5058431199974579,2.548973481661069,-0.4047167647042759,-1.8465901408030194,-0.8619852862373655
-0.1843183685664317,-0.6039851400964361,-0.46822964628121666,-0.5423838533796699,-0.7610183594916351,-0.5058431199974579,-0.36926632160467737,-1.4860473271951853,0.1417091714823255,0.3204725926671869
0.8434771704512216,0.9727242258573521,0.10237606136077945,-0.41244891567579894,-0.9440519862883733,-0.5058183805342673,-0.8603719029110208,1.6408355284295784,-0.8060391588839881,0.28884163832923676
-0.5076697741000759,1.3976811582428819,0.9445948475013479,-0.04161270660854648,-0.9476310600892086,-0.48432494107643254,0.16180074169233236,-1.1327946995485292,-0.6055840967203165,0.41928621003046757
1.9001433706772364,-0.2505162897944535,0.6930204256341533,0.3358625138742322,-0.830745455414202,-0.5058431199974579,-0.7899135004537938,1.509858545441723,0.36282041534723114,-0.9865474573108155
-1.5585618420844183,-2.1826802861081003,-2.453247068033016,-0.49401391306655007,1.8774910159575635,-0.5058210542002111,0.5614155615989932,-1.051897151232501,-1.323244587296632,-0.1327333778593045
-0.1843183685664317,1.1236435102559517,0.7400418278285739,-0.3043278726229427,-0.9307677723238151,1.3270676294132382,-0.5969416071567617,-0.8515794125451932,-0.5759179488489156,-1.8935054714701542
0.8434771704512216,0.6391131761341325,0.2402658272895652,-0.27018438534309336,-0.8169202553605897,-0.493698878301011,0.5035765745072396,-0.5048756340479298,-0.7386980043232607,0.13829122271182379
-0.06306159149131511,1.2745627946545506,0.5517578165099872,-0.09093107712388439,-0.8827402295288745,-0.5017843018177435,0.692867804989342,-1.4529178550276691,0.9295806576957921,0.6163619096999784
0.39886898784246144,0.9488948651628364,1.0739533041712304,0.4970956482512986,-0.05803699154817049,-0.5058335527831772,-0.7042066377632865,-0.9478860176833218,-0.7769403051788573,-0.497226213814459
-0.26515621994984273,0.35713240791569667,0.42676421574000895,2.6120949991975206,0.4468833582359341,-0.5058431199974579,2.864458865797906,0.9782460850792525,-1.2837675873732721,2.979673467512096
0.5432222938842669,0.22209936398010766,0.5422344945465604,0.6014229704952826,-0.16022325281400113,-0.5058431199974579,-0.4376214881676587,1.5137108096472482,1.7307001312039119,0.579382922487765
0.9069926251096159,0.702658137986174,0.8965814326024037,0.7911090109388901,-0.8872484469376613,-0.5058431199974579,-0.9329335412624935,0.8549736305024476,-1.5061135303059414,-0.13438608109425115
-1.0966312627506414,-2.089348623387914,-1.7505052681484705,-0.3005341518140705,2.015743016493688,-0.2835745053940519,-0.6016738879188143,-0.8092045062844165,-0.4053626262721674,0.3875011621327958
0.3353535331840671,-0.8502218672730982,-0.5140606332302088,-0.47504530902218933,0.9788530124727586,-0.5040907413547876,0.6402869076332026,-0.9632950745054227,-0.9697202109753502,0.24915842009689165
-0.5538628320334535,-0.44512273546633135,0.16804730240024437,-0.24742206048986035,-0.9197376670636503,2.3063380473760704,-0.5964157981832002,-1.6805866695742053,-0.647397013798905,2.0423992896215473
-0.15544770735807062,-1.9185715384105513,-1.8705388053958312,-0.48452961104436965,1.1681981436417976,-0.5042904609795037,-0.6163965391785333,-0.6589662022689359,0.004957907166239627,-0.8047728127836252
0.06974345006714518,1.199103152455251,0.616833849926738,7.524963446686952,1.4537185795316188,-0.5058431199974579,1.0977407146316167,0.04214588313664125,-2.2288462981336106,-1.1468702085730165
0.05242105334212845,-0.7350466239162723,0.13550928569186896,-0.5490228647951962,0.8075407509388658,-0.5057567895790323,-0.6416353699094802,-1.017226773382775,0.19076343174212204,0.14192145324560737
-0.09193225269967618,0.04337915877124027,0.23391694598061386,-0.5518681554018503,-0.09710820909098819,-0.4994971899863172,-0.7373326030976542,-1.2791807393584849,0.2611079083595713,1.2531574192068833
0.7395427901011217,0.7503168593752054,0.6039376847679305,-0.4522829841689564,0.16436840061863736,-0.5058118413272,-0.10110374508836545,1.2864272215212647,-0.9598092481881667,0.34049261166116024
0.6356084097510224,-0.5880988996334255,0.3315309961057399,-0.4959107734709861,0.8586338815717812,-0.5058431199974579,0.4878023053003977,1.016768727134504,-0.47200300568632636,-0.43304329048217954
1.3054077497849987,-1.0924870343340076,0.1561431499459606,-0.365027405564897,1.3304939703581173,-0.5058431199974579,-0.4271053086964308,0.2077932439742228,0.19573559825825054,-0.3302363793040913
1.0224752699430604,0.333303047221181,0.4384699656533879,-0.514879377515347,-0.8938604991372151,-0.5058109071547617,-0.006458129847314272,1.6485400568406285,-0.136899004646274,-0.6543535430506835
1.1379579147765047,-0.695331022758746,-0.8116644445873,0.026674267951152165,-0.7351712463479251,-0.5034883611963696,0.7717391510235514,1.1284843890947334,0.5648105087843388,1.2580286365760374
-0.9234072955004752,1.3579655570853555,1.2104542523136828,0.23153519163024813,-0.9476224944761321,0.17062657662160388,0.5298670231853094,-1.1944309268369315,-0.7059951641500632,0.4736855056023835
0.7395427901011217,0.7106012582176793,0.26665336522989397,1.6257275888907627,-0.12115203527118346,-0.5058431199974579,-0.24833025768555622,1.0514391049842302,0.5957447259685785,0.6971175530637698
-1.113953659475658,-0.8025631458840667,-0.5273536034708256,-0.5091887963020387,1.093061186828687,-0.5051698715851085,-0.4271053086964308,1.3711770340428178,0.7513835489969394,-1.0403436183007937
0.722220393376105,0.031464478423982416,0.5733836934686025,-0.13550729662813205,-0.7399800115839641,-0.5058431199974579,-0.6090352135486737,0.866530423119023,-0.8062393803544363,-0.7665367223821388
0.3642241943924282,-0.15122728690063802,0.1736025735455766,-0.35838839414937074,1.4296747533514234,-0.5058431199974579,0.6823516255181143,1.55993798011355,-1.081610642710791,1.5262541878414217
1.1668285759848658,0.3055021264109126,0.4874753932568556,-0.5736820500528652,-0.2443766444446852,-0.5058431199974579,-0.23781407821432832,0.9666892924626769,-0.5713795955187575,0.5397985554952044
1.3169560142683432,-0.5166108175498785,-0.47259450218112065,-0.19715525977230455,-0.9476107731108693,1.9487754934488521,-0.6416353699094802,0.5583492866770112,0.3261465160101455,-0.9714651211586736
-1.3275965524175295,-0.8859659083148718,-0.4944187816806407,-0.4797874600332795,-0.6441052546904347,-0.5058431199974579,0.9557722917700401,-0.6512616738578856,0.32861591414567315,2.8799642621517862
-0.5249921708250925,1.4016527183586345,1.0070916478863374,0.8574991250941525,-0.9469162070820887,-0.01620791101604176,-0.7042066377632865,-1.3408169666468872,-0.9768280731762596,1.397717302814472
1.9232398996439253,0.6113122553238642,0.6368725065581154,-0.10989968116824514,-0.6260723850552883,-0.4855168162561899,-0.43236339843204474,1.0437345765731805,-0.672725029810596,-1.2621497751322124
-1.2987258912091686,-1.469785245330506,-0.6406414543274249,-0.48452961104436965,1.92257319004543,-0.5055145490019572,0.8874171252070585,0.019032297903490387,2.7666126490575604,-0.7272356349240339
-1.5412394453594018,1.1236435102559517,-0.8495593299001032,0.20308228556370705,-0.947627303241368,2.1581589709738,-0.2641045268923981,-1.437123571785016,-0.6033816605453869,-1.994696548788978
-0.8598918408420807,1.187188472107993,0.8533296786851732,0.5255485543178398,-0.9467358783857374,-0.5058431199974579,0.5719317410702212,0.12304343145266942,1.2659860982937572,-0.11451513242445732
0.6702532032010557,0.9091792640053101,0.5158469566062316,0.23153519163024813,-0.6885863331237964,-0.5058431199974579,1.7707762007902035,0.6238377781709389,-1.0723003443349517,0.8695611095218693
-1.113953659475658,-1.7398513332016838,-0.8588842493226254,-0.4883233318532418,1.7422444936939645,-0.5043001248323126,0.26170444666899767,-0.5934777107750082,0.4007290137520806,-0.3468502483136508
-0.7386350637669642,1.417538958821645,1.272157442535053,1.5593374747355,-0.9475509640932461,-0.5051891992907261,0.0250904085663695,-1.6790457638919953,0.2977150672065083,0.025605541958984478
0.4219655168091504,1.2070462726867561,0.973561618473438,-0.15921805168358305,-0.9136966557358766,-0.5050377989300543,-0.791490927374478,-0.820761298900992,0.09569160352432568,-0.3357792464952782
0.9878304764930269,0.42067736976773856,-1.7124119802947628,-0.14783688925696653,-0.8283410727961824,2.4545171237783414,0.7244163434030257,0.6546558918151401,0.08477953338490166,1.1027536016824058
-2.8352224807181443,-2.069490822809151,-3.4022064211803276,-0.34036822030722813,1.8835019725026123,2.280567773219154,2.4280374177419484,-1.5966073098937568,-1.422087253207868,-0.0681090752588001
0.676027335442728,-0.1432841666691328,-0.08174149659880774,-0.2009489805811766,-0.298475253350125,2.525385377709862,-0.5795899110292356,1.1323366533002586,-0.5836598457062439,0.3187495403404683
0.20832262386727834,0.031464478423982416,0.24998755179389678,0.1841136815193463,0.44387787996340966,-0.5058431199974579,-0.5901060905004635,1.860414588144511,-0.946260928687842,-0.737964747819882
-1.3160482879341853,-0.06782452446983304,0.6965916713704385,-0.5053950754931665,0.31764779251738345,-0.5057993105313912,-0.4586538471101146,-0.25447846068879526,2.609372054265614,0.5386957495888636
-2.4939712652353165,-1.9066568580632934,-1.6909845058770527,-0.492117052662114,-0.870718316438777,2.251576214792623,-0.5532994623511658,-1.7025445755456985,-1.3952909464128909,1.1634472184318032
0.3353535331840671,1.1435013108347147,0.7735718572414727,-0.5053950754931665,-0.9471746782135259,-0.4620336539306996,-0.7609940069079171,0.7355534401311683,-0.07082591939838473,0.5700997609365102
-1.7260116770929121,-2.1171495441981825,-0.7523420848567867,-0.467457867404445,2.0067265816761144,-0.5058431199974579,-0.5164928342018681,-0.5511028045142315,-1.3335226227796368,-1.856547352171719
0.3353535331840671,0.3968480090732229,0.28728722948398566,-0.33847135990279203,-0.9200682696736282,-0.5058431199974579,-0.06955520667468167,-1.0095222449717245,-0.5392106792667549,0.13698003483789956
1.2014733694348991,-0.22271536898418515,-0.24800282587696929,-0.545229143986324,-0.8208273771148713,1.4881318428939672,-0.7163002441551984,0.16927060191897125,-0.4069643980357527,1.2652098204323534
0.1910002271422617,-0.5324970580128889,-0.1420558690338446,-0.415294206282453,1.0479790127408204,-0.5058431199974579,-0.5375251931443239,0.5198266446217598,-1.2337455900063095,-0.6157047456850206
-0.6000558899668309,-1.1004301545655129,-0.07380539496261848,-0.5385901325707979,1.664102058608329,-0.5058129365638516,-0.36926632160467737,-1.051897151232501,0.7259554222500244,0.7530572673007598
0.46238444250085586,1.0839279090984253,0.2319329205715665,-0.16111491208801912,-0.34956838398304035,-0.5052632888289272,1.6550982266066965,0.5583492866770112,-0.0018162525839227075,1.5517174254611674
0.20254849162560606,0.9290370645840732,0.5204102150470404,-0.4020161834514004,-0.07306438291079273,-0.5058431199974579,0.9084494841495144,1.9374598722550145,0.7940307222023949,-0.5780763928478708
-1.7375599415762568,-1.1957475973435756,-1.2279129754054185,-0.3783054283959496,0.8826777077519766,-0.49173389489654606,-0.5427832828799379,-1.5480687809041405,-0.10292809516023804,-0.7177728347502106
-1.1774691141340523,-0.8383071869258403,0.38172683895463594,-0.35838839414937074,1.757271885056586,-0.4646106813463913,-0.47442811631695647,1.0090641987234539,1.948140648110601,0.013156656656164776
-1.3968861393175962,-0.417321814656063,0.44164440630786356,-0.4959107734709861,0.8977050991145988,-0.5058431199974579,0.1986073698416301,-0.9864086597385735,-0.6892433011225679,-0.6327032007065241
1.172602708226538,-0.42923649500332084,-0.546797052479489,0.037107000175550485,-0.8481772293948436,0.9856114968340927,-0.6295417635175682,0.07296399678084246,-0.9050153057755235,-0.6425685545386634
1.1437320470181769,0.04337915877124027,0.5769549392048878,0.48761134622911817,-0.1572177745414767,-0.5058431199974579,-0.5532994623511658,0.36958834060627876,-0.9070175204800051,-0.7450428493744566
0.7164462611344328,0.5358526131245644,0.811268340013371,-0.47883902983106147,0.42885048860078745,-0.5057890024217284,0.6139964589551328,1.8758236449666121,0.8250316798767833,-1.0344241677824244
0.35267592990908375,-0.028108923312306862,0.5471945580691786,-0.4968592036732042,-0.9399945906204651,-0.505819797899346,-0.8814042618534768,0.5082698520051843,-0.8058055671684656,0.5044516349608941
0.751091054584466,1.1474728709504673,0.7442082811875731,-0.46081885598891875,0.014094486992415795,-0.5058374183243006,-0.4639119368457285,1.586903829552226,-0.9387526235460365,-0.3491490660027304
0.722220393376105,-0.5722126591704151,0.1884827641134312,0.3263782118520518,1.0840447520111138,-0.5058431199974579,0.2406720877265418,0.0036232410813897757,-1.3624879955044693,-1.4280555347442945
0.173677830417245,1.0481838680566518,0.5908431170682186,0.6109072725174629,-0.8442701076405619,-0.5056314816209443,-0.5532994623511658,0.15000928089134552,0.42005038565032726,-0.8068761253677424
0.08706584679216178,1.3063352755805715,0.993203470023006,-0.06152974085512513,-0.9468831468210911,-0.5047800961884851,-0.7951715901894079,-1.2445103615087583,-0.07015851449689103,0.6813820939519857
-0.5134439063417481,-1.3109228407004014,-0.9842746551744131,-0.4636641465955728,1.754266406784062,-0.16116570314869785,0.21963972878408594,0.7432579685422186,-0.0102589245878197,-2.5380534811694035
-1.2352104365507746,0.6629425368286482,0.6501654767987323,0.04943659280438509,0.27256561842951704,-0.5058325863978963,0.9399980225631982,0.06525946836979223,-1.6159350068467515,2.0183513006354468
-0.6635713446252254,1.1395297507189621,1.0184005927179067,-0.052993869035162795,-0.9455366925550002,-0.5037911619177134,0.0671551264512812,0.48515626677203344,0.2352793386717601,-0.8771926505599807
0.48548097146754476,0.023521358192477176,0.37319552969573266,-0.4314175197201596,-0.7802534204357914,-0.23622162663071758,-0.6163965391785333,-0.9979654523551491,1.9332241485622146,0.5382673803613442
-0.6404748156585366,-0.7151888233375091,-0.6092938528644781,-0.23983461887211613,-0.6537227851625129,2.119503559738425,-0.5848480007648496,-1.367782816085563,1.096899066500296,0.8277959735816036
-0.680893741350242,1.0084682668991256,0.2511779670393251,-0.4617672861911367,-0.9468110153425503,2.409419144003737,3.353461211210004,0.44663362471678186,0.9299143601465387,-0.6040807056207951
0.7164462611344328,-1.6167329696133528,0.36208498740506795,-0.5319511211552715,1.3875980575360813,-0.5058431199974579,-0.49020238552379836,-1.0210790375883,-1.169107425296632,0.38998411496547686
0.3469017976674116,-0.2108006886369273,-0.23490825817725702,-0.0008302079131707109,1.1050830999187848,-0.5057902909354363,2.6015543790172084,1.0437345765731805,-0.9298093978660191,0.1703141995752401
1.8597244449855312,-0.5046961372026206,0.37418754240025626,0.8100776149832508,-0.5449244716971285,-0.5058431199974579,-0.6695032455082343,0.4312245678946812,-0.5726810350766707,-0.9111020094382385
0.5258998971592502,-0.012222682849296387,0.4374779529488643,-0.43426281032681374,0.7263928375807064,-0.5058394477333905,-0.40607294975397495,-0.6974888443241875,0.759792850755762,-0.5625674096517478
0.3584500621507559,1.3023637154648189,1.5852366520827132,-0.3707179867782052,-0.9421284801939575,-0.5058431199974579,-0.4796862060525704,1.6600968494572041,0.930114581616987,0.3919736604890565
-0.17854423632475952,-2.3530602150738877,-1.833437530246647,0.44967413814039675,1.817381450507075,2.1420525496257268,-0.6894839865035672,-1.2213967762756075,0.20441186197767097,-0.3307461716051907
1.3227301465100154,-0.830364066694335,-0.3890670324602306,-0.11464183217933531,-0.9239753914279099,-0.5057625878907176,-0.5427832828799379,-0.21980808283906883,0.4312294177503492,-0.7558431804286312
-0.9753744856755248,-2.4301084813194884,-3.5954504960215323,-0.3270901974761755,2.0217539730387366,2.1033971383903523,-0.706309873657532,-1.6751934996864701,0.1396735865327691,0.2716094330571938
0.23141915283396722,-0.20285756840542207,0.2676453779344176,-0.5347964117619256,0.774480489941097,-0.5057603329917288,0.592964100012677,0.2347590934128989,0.0967260811216413,1.2731810303146422
1.1841509727098822,0.6430847362498852,1.0378440417265697,-0.35838839414937074,-0.3856341232533335,-0.5058431199974579,1.1608377914589842,1.459779110769896,-0.9062500048432868,0.31895498250789045
-0.9234072955004752,1.1792453518764878,0.9926082624002919,-0.27777182696083763,-0.8457728467768242,-0.5013011091773014,3.122105262842991,0.9820983492847776,1.6859840028038249,-2.15976391075199
-0.02264266579961021,-1.5889320488030845,-1.333859932248543,-0.33467763909391984,1.8023540591444531,-0.5046866789446663,-0.5901060905004635,0.9859506134903028,-1.075337036636749,-0.677923121540219
-0.17277010408308724,-0.8819943481991191,-0.6584976830088507,-0.40960362506914477,1.336504926903166,-0.5058086522557731,-0.5585575520867798,-0.7013411085297125,0.3378261017862874,-0.047828194242462686
0.9762822120096823,0.9409517449313312,0.9249529959517798,-0.39632560223809227,-0.7426849420292362,-0.5056369578042026,2.853942686326678,0.7239966475145928,-0.7379304886865429,-0.07186513516984654
1.6287591553186425,-0.37363465338278423,-0.664648161776897,1.5972746828242215,-0.4457436887038222,2.2000356664787892,-0.5795899110292356,0.7740760821864199,-0.4429708924713445,-2.4027572555061787
-0.9291814277421471,-2.1540850532746814,-1.7149912133265244,-0.4560767049778286,1.4447021447140451,-0.5058431199974579,0.19334928010601615,-1.0596016796435512,-0.7968623414884484,2.101554061370272
0.9474115508013213,0.5636535339348329,-0.1738002755786011,-0.26259694372534903,0.5340422281391426,-0.5058210864130538,0.356350061910049,0.5236789088272849,-0.7369961218244513,-0.18389011676952807
0.8146065092428604,-0.17108508747940113,-0.01964150129562789,-0.5262605399419633,-0.8364558641319985,-0.5058431199974579,-0.22729789874310038,0.8626781589134979,-0.33738743705502056,-0.15811859052271512
0.8088323770011882,0.2975590061794074,-0.13808781821575017,0.03141641896224243,-0.7763462986815097,-0.505829429539312,0.7717391510235514,1.8950849659942377,1.06719954838382,0.08816106430865925
-0.732860931525292,0.3889048888417176,0.7037341628430085,-0.492117052662114,-0.06404794809321938,-0.4968235240425371,-0.8582686670167754,1.7448466619787575,-0.7042599114061792,1.3790773579869722
1.6634039487686756,-0.3299474921095054,0.015078943362699443,2.8017810396411282,1.1862310132769442,-0.5058431199974579,-0.4849442957881844,0.20394097976869768,0.4308957152996025,-1.3164963090524602
-1.113953659475658,1.3659086773168607,0.5339015878285618,0.014344675322317667,-0.9474986687713042,-0.16438698741831245,0.6665773563112725,-0.38930770788217534,-0.7768401944436331,0.9050344833339156
1.698048742218709,0.11883880097054002,-0.0595204120174782,-0.057736020046253056,-0.7814556117448013,-0.5054436807480257,-0.42184721896081684,0.7586670253643192,-0.07112625160405692,2.059604252753144
0.41041725232580595,1.056126988288157,0.9880450039594831,-0.39727403244031023,-0.9151993948721386,-0.5058237922918403,-0.02223239905415616,0.6739172128427658,0.45982771777935977,-0.4474661756154876
1.0859907246014546,0.9687526657415995,-0.23927311407716112,-0.12981671541482379,-0.9472227658658862,2.357878595689904,-0.731548704388479,-1.2791807393584849,0.1960359304639233,0.9833212324436394
-0.3690906002999427,-1.0090842719032027,-0.7283353774073146,-0.4797874600332795,1.622025362792987,-0.504412869781749,-0.5690737315580077,0.939723443024001,-0.1307588795525309,-0.8365377756768655
-2.274554240051772,1.4095958385901397,0.5259654861923727,1.4265572464249747,-0.9461978977749554,-0.5057851368806049,0.6087383692195188,-1.702159349125146,0.08317776162131643,0.6610506183480473
0.16790369817557282,-1.295036600237391,-0.18034755942845732,-0.39632560223809227,1.9406060596805763,-0.5058431199974579,0.23541399799092783,0.6392468349930395,-0.07349553900435994,-0.5956040569550259
-0.6635713446252254,0.6232269356711221,0.39997987271787083,-0.2502673510965145,-0.9376202627851707,-0.5004635752672015,0.009316139359527614,-0.5934777107750082,1.7305666502236132,-0.2065178661325635
1.0340235344264048,0.952866425278589,0.31327796234250477,0.47812704420693786,-0.8469750380858337,1.7297281631150605,0.6087383692195188,0.4312245678946812,0.29534577980620524,1.3241232255930515
-1.5643359743260905,1.2745627946545506,0.339467097741929,0.6298758765618236,-0.7556084986010911,-0.5048251941682597,3.5059458135428097,-1.6216470272296706,0.45118482430501416,-3.543066704510938
-0.29402688115820375,1.2626481143072927,0.7098846416110552,0.5540014603843807,-0.8475761337403388,-0.5058431199974579,0.7349325228742536,-0.10809242087883943,-1.323244587296632,0.24990371294822467
0.8550254349345661,0.2578434050218812,0.7624613149508079,1.04718516553776,0.5430586629567159,-0.5015265990761744,-0.5638156418223937,0.18467965874107187,1.9307881206717623,-0.33674533375449917
1.6922746099770367,-0.7310750638005197,-0.1547536316517472,-0.13645572683035015,-0.7679309595184413,1.375386893457457,-0.5848480007648496,0.7625192895698444,-0.23911206531005427,-0.8561713912795581
-0.5018956418584036,-2.267274516573631,-2.202863061411249,-0.22655659604106362,1.7993485808719283,2.5511556518667784,-0.4586538471101146,-1.1173856427264288,-1.3945234307761731,-1.1684110283012674
0.173677830417245,0.7423737391437002,0.6440149980306856,-0.15637276107692896,-0.8547892815943975,-0.5058431199974579,-0.4586538471101146,-0.30070563115509674,0.097293375287911,-0.10301617285073399
0.5085775004342336,0.5795397743978433,1.0386376518901885,1.7016020050682057,-0.5809902109674216,-0.5058331018033794,-0.18523318085818882,0.30795211331787686,1.990921302296356,-0.16988197961240326
1.0340235344264048,-0.09562544528010138,0.42636741065819955,0.15566077545280524,-0.9001720035095164,-0.5058431199974579,-0.6116642584164808,1.1824160879720855,-0.23777725550706638,-0.7964512236227222
1.998303618785664,0.3213883668739231,1.0549066602443764,-0.2559579323098228,-0.8962648817552346,-0.190801518429152,-0.39029868054713307,0.27328173546815043,-0.4045283701452999,-0.7437689610798645
1.0051528732180437,-0.4848383366238575,-0.5628676582927719,-0.5566103064129405,-0.30148073162264943,-0.49923948724474804,0.5561574718633793,1.6369832642240532,-0.4757071028896168,0.12730515473367188
1.6576298165270034,0.0711800795815086,0.31645240299698046,1.0756380716043012,0.28158205324709024,-0.5058431199974579,-0.5532994623511658,0.6238377781709389,-0.6701555209398443,-0.25118675242436644
0.2833863430090172,0.28961588594790216,0.8533296786851732,2.1473642001106827,-0.2173273399919654,-0.5058431199974579,0.5403832026565374,0.8511213662969224,1.8038143381625609,0.6466130449966958
-0.12657704614970955,0.10692412062328216,0.8539248863078874,0.057024034422129326,-0.5028477758817865,-0.5058431199974579,0.8348362278509189,-0.8669884693672938,0.9293804362253439,-0.22210427254731868
-0.01109440131626576,1.405624278474387,1.6199570967410404,6.500658828291473,-0.9088878904998372,0.6087212372891867,0.7664810612879374,-1.3716350802910884,0.9287797718139996,-1.0629306539318653
0.8550254349345661,-0.25845941002595874,0.9479676906967283,-0.19905212017674054,-0.9216912279407913,-0.5049411604019658,-0.8162039491318637,-1.2252490404811327,-1.1726113010294743,0.8224150706812795
-1.1312760562006747,-2.4797529827663958,-3.735721092441174,-0.34605880152053636,2.0067265816761144,2.53827051478832,-0.5848480007648496,-0.8862497903949196,-1.6084267017049456,-1.1105222558172434
-1.9281063055514396,0.8575489825005261,0.35037923749168887,-0.14214630804365838,-0.9470244042998998,-0.5055809074579113,-0.7788715120090046,-0.24292166807221968,-1.8727190426965028,0.13181464038802496
-1.2294363043091023,-1.4459558846359903,-0.4670392310357882,-0.545229143986324,1.4026254488987033,-0.317397990225005,0.0250904085663695,-1.1982831910424567,-2.072306478488233,0.473401772819065
-1.9858476279681623,1.1593875512977252,0.4892610161249982,0.1746293794971659,-0.7742424638907426,2.1098397069295816,0.24593017746215576,-0.8823975261893945,2.132844954599019,1.0752384538362005
0.7337686578594494,-1.3744678025524433,-0.08055108135337928,-0.22276287523219143,1.5859596235226938,-0.5058385457737951,-0.6710806724289184,0.9820983492847776,-0.9530684586830792,-1.3181838613689159
-1.8703649831347173,-1.9185715384105513,-3.2506268799291154,-0.33372920889170177,2.0067265816761144,2.512500240631404,-0.5059766547306401,-0.6551139380634107,-0.32313834240812755,-1.8075678828940773
-0.6231524189335199,-0.8502218672730982,0.10574890455615996,-0.5490228647951962,-0.611044993692666,-0.5058431199974579,-0.23781407821432832,-0.4509439351705778,0.5926746634217065,-0.25958562901801513
0.5028033681925614,1.2983921553490663,0.9880450039594831,0.3168939098298715,-0.5389135151520796,-0.5058431199974579,-0.5164928342018681,1.6909149631014053,1.6602555438512372,-0.9292477741952939
0.6818014676844001,1.0640701085196622,0.839639903362747,-0.4266753687090694,-0.8061005335795016,-0.5058431199974579,0.7191582536674117,1.7255853409511317,-0.9054491189614942,0.3935600033631262
1.3977938656517543,-0.40143557419305254,-0.2003862160598346,0.686781688694906,0.3657354448777743,-0.5056678821331909,-0.8077910055548814,0.21164550817974795,0.010463997603563483,-0.13984432442980213
0.9474115508013213,1.1832169119922404,0.9295162543925887,-0.21138171280557502,-0.19929447035681885,-0.5058431199974579,0.093445575129351,1.0591436333952806,0.9284794396083278,-0.9605314180731768
-0.10925464942469282,0.5676250940505855,0.3420463307736904,-0.5490228647951962,-0.930887991454716,-0.49611484150322194,-0.47442811631695647,-0.5511028045142315,-0.8382414453810656,0.0006626698661833715
-2.159071595218328,-1.4141834037099694,-1.7032854634131456,-0.3858928700136939,-0.42771081906867564,0.10942217549892688,-0.42184721896081684,-1.6744230468453651,-1.1153145902362291,-0.6371127638940377
-1.4719498584593351,-1.6723348112338896,-0.3400616048567629,-0.41244891567579894,1.5438829277073516,-0.5058431199974579,-0.5795899110292356,-1.1597605489872054,-1.705200412421551,0.6394339309155429
1.0282494021847326,-0.8144778262313246,-0.2680414825083468,-0.39442874183365617,0.8466119684816834,-0.4372297650546673,2.0862615849270405,1.143893445916834,-0.26433997058652103,-0.35945717312203657
-1.2525328332757912,-0.024137363196554244,-0.1970133728644543,-0.2730296759497475,-0.930887991454716,2.3063380473760704,-0.8035845337663902,-1.309998853002686,0.16159783754684173,2.3452969207490417
-0.3402199390915816,1.3341361963908398,1.0009411691182906,0.010550954513445497,-0.7925758813531418,-0.5058431199974579,-0.6274385276233226,1.3981428834814937,1.4187217100006202,-0.29086643091997044
-1.9685252312431454,0.702658137986174,-0.13967503854298818,1.587790380802041,-0.9406858506231457,-0.505115109752525,0.6560611768400445,-1.309998853002686,-2.0234524396988847,0.7920124359636509
-0.2536079554664983,0.22607092409586027,0.13253324757829812,-0.466509437202227,0.041143791445135705,-0.5057809492110543,-0.6763387621645324,-0.6435571454468353,0.06479075658516131,0.4849069498691581
-0.9926968824005414,-0.1234263660903697,0.285501606615843,-0.40865519486692664,-0.25639855753478297,-0.5058431199974579,-0.6879065595828832,-0.9170679040391209,1.199045386673926,-0.2120250063942246
-0.1612218395997428,0.39287644895747026,0.32061885635597975,0.0465913021977309,-0.6170559502377149,-0.5058431199974579,0.40367286953057435,-0.054160722001487235,-0.07135984331957997,1.2816518838417763
-1.7837529995096344,-1.9265146586420567,-2.495705211786627,-0.46935472780888104,1.261367970090055,2.42552556535181,-0.6616161109048133,-1.6875207451441507,-0.7411006619686386,1.8580730773119714
0.5258998971592502,0.023521358192477176,0.46922235949362073,-0.40960362506914477,-0.8181224466695994,-0.5058431199974579,0.6297707281619747,-0.21595581863354368,-1.1357038099768657,0.2908328487626357
-0.2882527489165316,-0.4808667765081049,0.3579185340460686,-0.5215183889308731,0.7594530985784748,-0.5027184742559317,-0.5112347444662542,-1.441746288831646,-0.7413342536841616,-0.431723496382628
-1.368015478109235,-2.341542690738205,-2.321507780872276,-0.09282793752832037,2.036781364401359,2.3997552911948934,-0.30091115504169585,-0.8323180915175674,2.6472472824253894,-0.8140655327812437
1.039797666668077,0.3452177275684388,0.6906395951432965,-0.30812159343181483,-0.8346525771684837,-0.45011490213312566,-0.7457455466746366,0.8472691020913974,0.12876151639334502,0.2744431352519909
-0.31712341012489265,0.9369801848155785,0.8553137040942205,-0.289152989387454,0.5971572718621556,-0.5058431199974579,0.3195434337607512,0.2578726786460498,0.38124079062846156,1.277790718068065
0.8146065092428604,0.3372746073369336,0.43886677073519736,-0.12886828521260588,-0.6050340371476172,1.137011857505978,-0.5743318212936217,-0.612739031802634,1.7306000204686873,1.0570149454546967
1.2649888240932934,-0.24654472967870086,-1.3187813391397836,0.5445171583622003,-0.38863960152585797,-0.5058431199974579,-0.5007185649950263,0.026736826314540642,-1.0720333823743542,1.890641925411669
-0.03419093028295405,-0.28626033083622704,-0.2809376476671541,-0.5281574003463994,0.1493410092560152,1.4623615687370506,-0.5480413726155519,0.21549777238527307,-0.6150946165666036,0.016472449615151562
1.542147171693559,-0.49278145685536273,-0.1644753561560791,-0.2303503168499358,1.3665597096284101,-0.5058431199974579,-0.6621419198783748,-1.259919418330859,0.32691403164686333,0.3848484677591667
-1.4257568005259575,-0.4967530169711154,-0.6995670089761291,0.8100776149832508,1.5769431887051202,-0.35315424561772685,0.0671551264512812,-1.28303300356401,0.8270338945812649,-0.60473706210518
0.006227995408750759,0.2340140443273655,-0.7584925636248333,-0.517724668122001,-0.3706067318907114,2.4158617125429664,-0.5059766547306401,-0.8746929977783442,-0.13716596660687141,1.647960071892286
-0.5423145675501091,0.8337196218060104,-0.15911848755165126,-0.32614176727395755,-0.9435711097647692,1.7877112799681232,-0.7478487825688822,0.6122809855543634,1.5922803546340916,0.11875230028072614
1.1610544437431936,-1.366524682320938,-0.4023600027008473,-0.29674043100519837,1.616014406247938,-0.5058431199974579,-0.5007185649950263,-0.2313648754556443,-1.1546247389342155,-1.7674784665213052
-0.5076697741000759,1.238818753612777,-0.767420677965546,7.373214614332066,0.8826777077519766,-0.5058431199974579,3.8372054668864886,-1.1212379069319538,-1.372031885595831,-2.0705100720834118
1.4844058492768368,-0.893909028546377,-0.19979100843712036,0.1841136815193463,-0.9064835078818178,1.037152045147926,1.7655181110545897,-0.47405752040372867,-1.2052140304674481,-1.140364410552544
0.387320723359117,-0.10754012562735922,-0.18471241532836097,-0.492117052662114,-0.9392131662696089,-0.5056269718229668,-0.2956530653060819,0.7008830622814419,-1.139341166690007,0.9411092551370649
-0.06306159149131511,1.15144443106622,0.40216230066782277,-0.2749265363541835,-0.9470394316912623,-0.4642885529194299,-0.6442644147772872,0.22320230079632342,-1.071866531148981,1.6460420442342623
1.0859907246014546,-0.7668191048422932,-0.08650315758052106,-0.5461775741885421,1.1742091001868464,-0.505759688734875,-0.5901060905004635,-0.29685336694957165,-1.0043918956079545,0.6715971412331407
0.2140967561089506,-0.9097952690093875,-1.136449404048339,-0.5120340869086928,1.4086364054437523,-0.5058386746251659,-0.17471700138696092,0.8280077810637716,0.21932836152605822,-1.141758722464113
1.7846607258437923,0.7662030998382159,0.7168287305427207,0.4970956482512986,-0.4547601235213955,-0.505166650300839,-0.5532994623511658,1.2093819374107615,-0.6382201964033647,0.3583215269618048
-1.142824320684019,-1.120287955144276,-0.2019734363870726,-0.5016013546842943,1.5919705800677428,-0.5058431199974579,3.316654583060707,-1.0827152648767022,-0.6489320450723406,-0.6764909906117191
1.5825660973852647,0.7582599796067107,1.2166047310817294,-0.4968592036732042,1.0990721433737363,-0.5058431199974579,-0.6826484698472691,0.9975074061068783,-0.4017920100491754,-0.4939596443903025
-1.2063397753424134,-0.23860160944719563,0.2886760472703187,-0.37546013778929543,0.8135517074839147,-0.5058431199974579,-0.4849442957881844,-0.8746929977783442,0.38037316425651924,2.5206137684143695
1.3689232044433932,0.5835113345135959,0.7301217007833374,-0.23509246786102594,-0.5930121240575195,-0.5058431199974579,0.009316139359527614,1.3981428834814937,-0.8719787631515786,0.0462213987228446
0.5605446906092836,-1.017027392134708,-0.5727877853380084,-0.5338479815597077,0.05617118280775793,-0.455913213818432,0.004058049623913653,0.939723443024001,-0.7698991834680974,-0.8767729043454952
0.4566103102591837,-1.2354631985011018,-1.253110098100319,-0.48073589023549756,1.3064501441779217,-0.5046061468379259,-0.47442811631695647,0.09607758201399344,-1.2394519019140815,-0.8868933221089355
1.698048742218709,0.23798560444311812,0.665640874989301,-0.2275050262432816,0.3897792710579699,-0.5058431199974579,0.0250904085663695,1.4328132613312201,0.06198765599888754,-1.1095204375998915
-0.9349555599838193,1.2666196744230453,0.8630514031895047,-0.10041537914606471,-0.94735801238815,-0.32029714606765813,-0.164200821915733,-0.21980808283906883,1.762435234269943,0.6173145564539314
1.8597244449855312,-1.191776037227823,0.07083005735692784,-0.40011932304696446,-0.5960176023300437,-0.5058312012456604,-0.7352293672034086,1.8026306250616344,-0.13796685248866408,-0.8188403542048719
-0.2016407652914483,-0.9058237088936348,-1.104506594962678,-0.4058099042602727,1.2884172745427749,-0.4523698011218559,0.08292939565812309,1.247904579466013,-0.34009042690607066,-0.4396782906754378
1.4497610558268037,0.4246489298834912,0.3150635852106474,-0.12222927379707954,-0.923885227079734,-0.4808781669079449,-0.032748578525384084,-0.007933551535185606,0.13119754428379776,-0.46166337578742134
0.6182860130260058,-2.061547702577646,-1.923909088899203,-0.39727403244031023,1.7031732761511464,-0.5058431199974579,-0.39029868054713307,-0.5202846908700304,0.26284316110345607,-0.20916392044622772
-0.01109440131626576,1.3500224368538503,0.8761459708892169,-0.44943769356230234,-0.6879852374692914,0.45087830807807233,3.0484920065443957,1.1747115595610351,0.7633300967336791,-0.05350703504608077
1.3689232044433932,0.7066296981019267,-0.2684382875901561,-0.38494443981147586,-0.9470484481260799,2.5060576720921746,-0.683700087794392,-0.3931599720877004,-0.07156006479002816,2.00273931605856
-1.3564672136258906,1.171302231644983,1.1757338076553554,-0.3147606048473411,-0.9475575761454456,0.3800100541465517,0.9242237533563563,0.03829361893111612,-0.9871061086592645,0.41616967815950856
-0.42683192271666476,0.6629425368286482,0.9723712032280096,-0.45892199558448266,-0.9469522728213592,-0.5058431199974579,-0.6043029327866212,-0.3623418584434992,-0.13903470033105408,0.6083744568632181
0.9474115508013213,-0.9455393100511608,-0.19403733475088333,2.1473642001106827,0.2545327487943705,-0.5058431199974579,-0.21152362953625864,0.288690792290251,-1.6535766432910035,-0.8392992436467391
0.4219655168091504,0.3055021264109126,0.6305236252491642,-0.1867225275479061,-0.7586139768736155,-0.5058431199974579,-0.6237578648083928,1.0052119345179287,-0.9726901627869976,0.23088337445128673
-0.6751196091085698,0.1823837628225819,-0.26189100374030017,0.9333735412715957,1.2553570135450063,-0.5058431199974579,0.9189656636207423,0.30409984911235166,-0.14240509508359783,0.18447679221832206
-0.4326060549583369,0.5477672934718223,-0.018847891132009083,-0.541435423177452,-0.9474680128929244,1.4043784518839881,0.014574229095141576,1.3634725056317674,0.9297808791662403,-1.181030107949038
-1.0735347337839525,0.8138618212272474,0.5995728288680267,-0.20853642219892088,-0.24738212271720966,-0.5058431199974579,-0.731548704388479,1.4135519403035943,1.2393232724790793,1.653754263502729
1.039797666668077,-0.2703740903732166,0.3380782799555958,1.995615367755797,-0.14219038317885457,-0.5058431199974579,0.4667699463579419,0.29639532070130137,-1.0712324964925617,-1.0567172129928153
-0.5885076254834866,0.6708856570601535,0.1611032134685789,-0.37166641698042324,-0.9202185435872542,-0.5053985827682511,4.000206248690521,-0.9941131881496238,-1.0745695210000308,2.311654519279835
0.5605446906092836,0.7662030998382159,0.8938037970297376,0.00011822228904718092,-0.8496799685311058,-0.5058431199974579,0.31428534402513725,-0.01563807994623596,-1.2050805494871493,-0.2379358125320967
-1.7260116770929121,1.405624278474387,1.1039120878478441,0.24101949365242856,-0.9475963468151613,2.631687758607143,0.18283310063478822,-1.5472983280630348,0.03706008292809305,-3.5584903736762077
0.46238444250085586,0.9330086246998259,0.5166405667698506,0.9523421453159563,1.7001677978786223,-0.5057274758921787,0.24593017746215576,1.8295964745003104,0.9940186009350218,-0.7302667476844478
-1.956976966759801,1.2983921553490663,0.7009565272703425,0.8100776149832508,-0.9473399795185149,-0.5051827567221869,0.7875134202303933,-0.7783863926402154,-1.4145455778209879,-0.9812187021751149
0.10438824351717842,-0.13534104643762757,-0.03710092489524379,0.09401281230863283,0.06518761762533115,-0.5057938343481329,-0.27987879609924,-0.6320003528302598,2.5968582123626045,-0.6160938871314641
0.5143516326759058,0.5596819738190802,-0.05019549259495592,-0.41908792709132514,-0.878833107774593,-0.5006568523233784,-0.19574936032941676,0.6353945707875143,1.6643934542405,0.010187189727328756
0.04087278885878401,0.9886104663203625,0.4914434440749503,-0.4133973458780169,-0.7012093418683989,-0.5058431199974579,-0.731548704388479,1.3711770340428178,-0.8088088892251876,-1.080011354831803
-1.622077296742813,1.1435013108347147,-0.045235429072337616,0.0608177552310015,-0.9407159054058711,-0.5034593696379431,-0.6237578648083928,-1.3369647024413622,-0.7466734928961121,0.2723730268996494
0.9993787409763715,-0.7469613042635301,0.08690066317021071,0.34534681589641253,1.023935186560625,-0.5055854172558888,-0.5375251931443239,-1.1404992279595796,-1.5398842183215293,-1.1359934124145286
-1.3333706846592017,-0.4967530169711154,0.29958818702007867,-0.14783688925696653,0.843606490209159,-0.5058431199974579,-0.6631935378254975,-0.3623418584434992,1.925849324400707,-0.503826602925907
1.1033131213264713,0.6311700559026273,0.9961795081365771,-0.43900496133790395,-0.7330674115571578,-0.5058431199974579,1.0188693685974073,0.5121221162107094,-0.9375179244782729,0.4897980847556067
-2.314973165743478,1.1355581906032095,-0.1053513989664703,-0.10420909995493688,-0.9476467186310087,1.591212939521634,0.6876097152537279,-0.9825563955330484,0.32858254390059827,1.7614853379306492
0.6182860130260058,0.44847829057800687,0.3220076741423129,0.6962659907170863,-0.0009329043702063321,-0.5057661313034142,1.1450635222521424,0.2463158860294743,-0.07956892360795391,0.29237438383605047
-0.06306159149131511,-0.7469613042635301,0.0928527393973526,-0.5613524574240306,-0.5809902109674216,-0.5058431199974579,-0.6994743570012338,-0.5780686539529076,0.7266895676416674,0.051146479237944194
-0.10348051718302065,0.436563610230749,0.7674213784734262,0.895436333182874,0.9668310993826608,-0.5058431199974579,-0.527009013673096,-1.1944309268369315,0.5461565417875864,-0.49926577476011486
0.6587049387177113,0.5318810530088118,0.21268787410380802,0.09401281230863283,-0.7607178116643827,-0.5058431199974579,0.9399980225631982,1.787221568239534,-0.9737913808744625,-0.5640119672726087
1.0455717989097493,0.786060900416979,0.9965763132183862,-0.4257269385068514,-0.7931769770076466,-0.5028312192053683,-0.4376214881676587,1.8527100597334611,1.2651184719218158,-0.38573405123429383
1.6518556842853311,0.6232269356711221,0.0537674388391212,-0.15732119127914687,-0.9001720035095164,2.547934367597164,-0.6127158763636036,-0.20825129022249333,0.2618086835061404,0.6139948568030651
0.2371932850756394,0.4524498506937595,0.6170322524676427,0.27895670174115006,-0.7898709509078697,-0.5058431199974579,-0.5964157981832002,1.0629958976008058,1.7989422823816554,-0.4425806743436141
0.3295794009423949,0.1545828420123136,0.1946332428814778,-0.4029646136536185,-0.6050340371476172,-0.505624716923978,-0.7983264440307761,-1.3754873444966134,-1.005760075656017,-0.5164982265104249
1.8019831225688085,-0.055909844122575186,0.3811316313319217,-0.22940188664771768,-0.3315355143478938,-0.5056475880422924,-0.8267201286030916,1.902789494405288,-0.37623040232196153,-0.03221204167996623
0.4970292359508891,1.3778233576641188,0.6323092481173067,-0.29674043100519837,-0.9472858809096093,2.0260863159196023,0.9820627404481098,-0.8746929977783442,0.15709285446175825,2.7065927296421375
-0.6693454768668976,1.0521554281724044,0.48410255006147535,0.018138396131189734,-0.9277923488340158,-0.217538177866953,-0.16945891165134694,0.40425871845600514,1.482125175642534,-0.37134343899395367
-0.05728745924964285,0.4643645310410174,0.41684408869477263,-0.40960362506914477,0.026116400082513577,-0.5058323609079974,-0.6805452339530237,-1.0865675290822272,0.25983983904673363,0.6212270689292332
1.3516008077183765,-0.8661081077361087,0.6642520572029679,-0.13550729662813205,0.5130038802314715,-0.47169750673954336,-0.6300675724911295,-0.023342608357286018,0.595644615233354,-0.4302198306124214
-1.0100192791255584,0.4921654518512857,0.46823034678909714,-0.4456439727534302,-0.9341038532063173,-0.5058431199974579,-0.4481376676388866,0.6662126844317156,-0.021304475707542677,0.6065584527610807
-0.6577972123835532,-1.2036907175750808,-0.5049341163485914,-0.4247785083046333,1.7813157112367815,-0.5057948007334138,1.6235496881930127,0.15000928089134552,-0.7575188225453869,-0.7769498618574243
-0.7732798572169974,-1.4777283655620113,-0.16685618664693552,-0.5528165856040683,1.5859596235226938,-0.5058431199974579,-0.6358514712003049,-0.8901020546004448,-1.4821536943423133,1.2620856289503408
0.7395427901011217,-1.3824109227839485,-1.5896008074747365,-0.3934803116314381,0.843606490209159,-0.45494682853754753,-0.4271053086964308,0.627690042376464,0.7230188406834518,0.914775240858655
0.9416374185596491,0.5080516923142961,0.6606808114666828,0.8859520311606935,-0.21432186171944095,-0.5057767615415039,-0.40607294975397495,0.46204268153888245,1.9972282786154725,-0.21630109669858924
-0.842569444117064,1.3698802374326133,1.283863192448432,0.6393601785840041,-0.9331721549418346,-0.5058431199974579,0.42996331820864414,-0.8130567704899417,-0.544182845782884,-1.3953665518986607
-0.9869227501588691,0.3452177275684388,0.08868628603835331,0.23153519163024813,-0.8412646293680375,-0.5058217306699077,0.45625376688671393,1.7217330767456063,1.9397313463517791,-1.381397897330076
-0.3979612615083037,0.8774067830792892,1.1749401974917366,-0.3014825820162885,-0.9471386124742558,-0.5058431199974579,-0.7120937723667075,-0.2930011027440465,0.09569160352432568,1.0421295886529203
1.5883402296269369,0.5358526131245644,0.8076970942770857,0.1746293794971659,-0.6777666113427083,-0.5058431199974579,0.009316139359527614,-0.7206024295573383,-0.7714675849866077,0.37681078094861853
-0.08038398821633175,-0.05988140423832781,-0.9033264184852844,8.046600057906874,1.6100034497028892,-0.5058431199974579,3.295622224118251,0.40811098266153034,-0.8978407030844647,-1.7215330355697511
-0.3055751456415482,-1.1679466765333075,-0.5158462560983513,-0.5215183889308731,1.5018062318920093,-0.5058431199974579,0.3353177029675931,-0.33922827321034826,1.2488671625704413,0.7519803373075724
-0.09193225269967618,0.1823837628225819,0.08828948095654385,-0.39917089284474633,-0.11213560045361022,-0.5058431199974579,2.9959111091882558,0.3965541900449549,0.4625640778754843,-0.4592597408572851
0.3930948556007893,-0.3577484129197737,0.22419522147628212,-0.466509437202227,-0.9253278566505457,-0.5057844926237509,-0.7531068723044961,-0.08883109985121358,0.9891465451541163,0.504094707292012
0.5143516326759058,0.003663557613714085,-0.3809325282831367,-0.11748712278598938,0.5039874454138983,-0.5057993105313912,0.5456412923921513,0.5622015508825364,-0.735894903736987,0.6263776989660915
-1.0793088660256247,-0.3537768528040211,-0.055353958658478794,1.2179026019370067,0.17639031370873515,-0.5058431199974579,-0.42184721896081684,0.6662126844317156,-1.3081946067679462,0.12216148793615719
-0.5076697741000759,1.1792453518764878,1.0332807832857611,-0.4456439727534302,-0.947431947153654,-0.505350263504207,-0.5059766547306401,-0.16587638396171664,0.5979471621435083,0.5645773656146259
1.9752070898189753,-1.604818289266095,-0.5878663784467674,-0.01221137033978722,1.2192912742747128,-0.4317535817963226,-0.011716219582928233,-1.521873384306569,-0.07706615522735193,-1.5941293812145176
-0.09770638494134846,0.34918928768419144,-0.4668408284948837,7.686196581064019,1.4747569274392898,-0.5058431199974579,3.032717737337553,0.6161332497598886,-0.7262175326653262,-0.44601262113216256
0.0004538631670784859,0.8257765015745052,0.374385944941161,0.10729083513968532,1.1591817088242242,-0.5058431199974579,3.9528834410699956,1.405847411892544,0.9239744565232437,-0.20368790499594172
0.1505813014505562,0.6271984957868747,0.43013705893538945,-0.5016013546842943,-0.9375902080024454,-0.45526895696450903,-0.4639119368457285,-0.458648463581628,-0.739565630695203,0.23917461314134067
-0.380638864783287,0.7423737391437002,1.1449814138151229,0.27895670174115006,-0.7883682117716075,-0.5058431199974579,-0.41133103948958893,0.03444135472559099,-1.2506643042591779,-0.5470691759502154
-0.6462489479002088,0.031464478423982416,-0.43212038383655654,-0.3100184538362508,-0.568968297877324,-0.504706006650284,-0.30616924477730983,-1.5492244601657976,1.4301343338161652,1.4013882044080879
0.9012184928679438,-0.3220043718780002,-0.011506997118533964,-0.47030315801109907,0.9908749255628562,-0.5058192180681773,0.07767130592250912,0.5583492866770112,0.7636637991844256,-0.19563589570553608
0.6009636163009892,0.28167276571639693,0.08947989620197211,-0.3508009525316264,0.34169161869757886,-0.5058431199974579,-0.5795899110292356,-0.04645619359043698,-0.27805514131221887,0.3898946702309537
-2.876218819634017,-1.604818289266095,-2.0112062068972825,-0.415294206282453,0.975847534200234,2.641351611415987,-0.6006222699716914,-1.6863650658824931,-1.5233659470095573,0.7660946194410849
-2.3727144881601996,-2.045661462114635,-2.732399443085968,-0.4333143801245957,1.9526279727706741,2.625245190067914,-0.5638156418223937,-1.6948400471346483,-1.5804958065774288,1.521457822031117
0.4566103102591837,0.9131508241210627,0.137691713641821,0.8764677291385132,-0.7072202984134478,0.5249678462792078,-0.4639119368457285,-1.2098399836590321,0.7582244492372515,1.9419566879438748
-0.22473729425813718,-2.430902793342639,-5.024147193076474,-0.45892199558448266,1.9556334510431994,0.5120827092007494,0.6087383692195188,-0.9055111114225455,0.24615803856611024,-1.8521106024845821
0.9416374185596491,0.31741680675817047,-0.029164823259054846,-0.21327857321001112,-0.25339307926225857,-0.502331920143578,-0.6163965391785333,1.193972880588661,-0.27118087082683273,0.7422223296893482
-0.7559574604919809,1.2308756333812718,0.6317140404945926,-0.13550729662813205,-0.9358470306043813,-0.5057229660942013,-0.31668542424853774,0.8703826873245482,1.4514912906639672,0.11085713695060816
-1.1543725851673634,0.9449233050470838,0.16923771764567264,-0.09851851874162863,-0.9459905197741513,1.742613300193519,3.942367261598768,-1.4332713075794907,0.5920406287652872,2.3782499824697823
-0.40950952599164814,1.4095958385901397,1.3019178236707623,0.48761134622911817,-0.8779314642928356,-0.49592156444704505,1.0977407146316167,-0.10038789246778906,1.2635500704033054,-0.11736349203065036
-0.028416798041281784,0.4286204899992438,0.036109612698600524,-0.5110856567064747,-0.5779847326948973,-0.2652131850572488,-0.49020238552379836,-0.4393871425540023,-0.4383324284059626,1.5584244667056957
-0.08615812045800401,-1.0726292337552445,-0.16626097902422138,-0.4617672861911367,1.6280363193380358,-0.5058431199974579,-0.6805452339530237,-0.8823975261893945,2.5930540044240895,-0.3099884155703291
-0.0457391947662985,0.5914544547451012,0.6366741040172106,-0.2948435706007623,-0.7952808117984137,-0.5058431199974579,0.29325298508268144,0.4427813605112567,-0.673792877652986,0.47383827512478066
-0.703990270316931,-0.8144778262313246,-0.053568335790336215,-0.4873749016510238,0.7955188378487681,-0.505758400221167,-0.53226710340871,0.03444135472559099,0.5910061511679724,0.1825300611799226
1.23034403064326,0.8535774223847735,0.5852878459228863,-0.41813949688910707,-0.5990230806025683,-0.5058431199974579,-0.8083168145284427,0.91660985779085,-0.069691331065845,0.06431947062283633
-1.142824320684019,1.2110178328025087,0.16348404395943553,1.4644944545136962,-0.9452000789884776,-0.22623564539491237,-0.948182001495774,-1.1327946995485292,-0.8572291148285651,-0.9522383261212388
-1.4777239907010074,-0.7032741429902513,-0.036704119813434535,-0.44943769356230234,-0.925478130564172,2.344993458611446,-0.6900097954771286,-1.6755787261070225,-0.6717906629485043,2.766077484306023
0.306482871975706,-0.16314196724789587,-0.12360443272970499,-0.5404869929752338,0.0020725739023181133,-0.5058206676460987,-0.4481376676388866,-0.47020525619820347,-1.1436125580595675,0.040980009116595446
0.11593650800052285,0.23004248421161289,-0.03194245883172091,-0.42098478749576124,-0.012954817460304012,-0.5058136130335482,-0.22203980900748643,0.20394097976869768,2.061566111119478,0.01531353105109881
-0.4152836582333203,0.9766957859731047,0.7735718572414727,-0.41244891567579894,-0.9109917252906045,-0.17082955595754162,-0.5164928342018681,-1.4494508172426963,0.5275693152809836,0.1199495266937554
0.6009636163009892,-0.5722126591704151,-0.3017699144621505,-0.2787202571630557,-0.43372177561372444,1.2207652485159572,-0.5901060905004635,-1.3870441371131892,-0.9054157487164197,0.3704525710771085
-1.575884238809435,-2.3423370027613553,-1.5733317991205493,-0.4579735653822647,1.670113015153378,2.5286066619794765,0.5614155615989932,-1.4452133266166187,-1.5729207609454743,-1.8370212894483413
0.9647339475263382,-0.3458337325725159,0.020634214508031577,-0.45702513518004656,-0.6260723850552883,-0.3818236756172966,-0.7178776710758827,-0.3623418584434992,-0.2708805386211605,0.2069742102440333
-0.37486473254161484,1.3500224368538503,1.3279085565292814,-0.2180207242211013,-0.9423388636730341,0.7826705878483742,-0.31142733451292376,-1.0249313017938253,0.9302146923522115,0.4788540845661903
0.9012184928679438,-0.07576764470133827,0.6114769813223103,-0.35933682435158887,-0.3796231667082847,-0.5056543527392585,-0.5585575520867798,0.2463158860294743,-0.9381519591346918,-0.09271265021235209
0.5836412195759725,0.4325920501149964,0.3071274835744583,-0.33752292970057396,-0.8950626904462248,0.2382735462835101,-0.4376214881676587,0.8896440083521739,0.4278923932428802,2.905865311225757
-1.0793088660256247,-1.1878044771120704,0.10733612488339776,-0.5291058305486175,1.8354143201422217,-0.5058431199974579,0.01983231883075554,-0.9864086597385735,-1.481553029930969,0.41726799474329146
0.24296741731731167,0.6351416160183799,-0.043053001122385776,-0.14404316844809437,-0.8737237947113013,-0.49762884510994077,0.824320048379691,-1.0480448870269758,0.027382711856432235,-0.3315454571708903
0.5951894840593169,1.250733433960035,0.7707942216688065,0.715234594761447,-0.4156889059785779,-0.505725543121617,2.6961999942582593,-0.5279892192810807,1.729532172626298,0.06939057010612723
0.2891604752506894,1.187188472107993,0.5412424818420367,-0.12886828521260588,-0.9473847611447753,2.316001900184914,-0.642686987856603,-1.6066231968281224,0.49626802540092235,2.1374268720768694
-1.246758701034119,-0.6913594626429934,-1.9554550929030543,0.4307055340960359,1.2192912742747128,0.21250327212659345,-0.36926632160467737,-1.7187240852089045,-0.3465642544505609,0.5286794173110563
-1.1312760562006747,-1.0329136325977184,-0.5702085523062469,-0.18008351613237977,1.0870502302836382,1.8456943968211856,0.1565426519567184,-0.6397048812413101,-1.3344903598868028,-0.08282449964248224
0.2371932850756394,0.7106012582176793,0.908088779974878,0.3263782118520518,0.8886886642970255,-0.5058431199974579,3.784624569530349,0.7663715537753696,-0.4586215374113747,-0.6255215226640969
-0.7559574604919809,-1.986088060378346,-0.9930043669742213,-0.5101372265042567,1.7632828416016353,-0.5058340681886604,-0.4586538471101146,-1.2637716825363845,-1.5182602995131291,-0.2228921225722954
0.046646921100456276,0.6113122553238642,0.42001852934924827,-0.4636641465955728,-0.7111274201677297,-0.505758722349594,-0.6689774365346729,-1.2522148899198087,-0.5713795955187575,0.9424526022899284
0.006227995408750759,1.1951315923394983,0.6614744216303016,-0.0918795073261024,-0.944172205419274,-0.5057964113755485,-0.6458418416979714,0.1346002240692449,1.166242435765505,-0.22893383373268256
-1.951202834518129,-1.2195769580380913,-0.5063229341349245,-0.45323141437117453,1.3455213617207393,-0.5058200233892448,-0.24833025768555622,-1.2791807393584849,1.6737371228614135,-1.5645619147424417
-2.5979056455854166,-1.656448570770879,-2.733788260872301,-0.44090182174233994,1.8895129290476613,2.5962536316413827,-0.5995706520245686,-1.6971514056579635,-1.1570607668246684,1.622817000225651
0.04087278885878401,0.9727242258573521,1.153512723074026,0.09401281230863283,-0.9206393105454078,-0.5058431199974579,1.2397091374931937,0.311804377523402,0.06125351060724421,-0.18006287008538135
1.2245698984015878,-0.6595869817169727,-0.3712108037788051,-0.14783688925696653,-0.9413470558431011,1.5332298226685714,-0.6926388403449356,-1.259919418330859,-1.008362954771843,1.0555127049946436
-0.10925464942469282,0.8496058622690209,0.9920130547775778,0.6298758765618236,-0.9028769339547883,-0.5058431199974579,-0.4533957573745006,0.6546558918151401,0.7673678963877171,0.041301644454556155
0.8954443606262715,1.2030747125710035,0.6338964684445446,-0.34605880152053636,-0.8689150294752622,2.0132011788411437,0.7296744331386397,-0.5665118613363322,0.16129750534116946,1.774777998509751
-0.6231524189335199,0.9171223842368154,1.4441724454994518,-0.29958572161185254,-0.7958819074529186,-0.5058431199974579,-0.24833025768555622,0.40425871845600514,-1.319039936417221,0.6981504023110492
-0.813698782908703,-0.09562544528010138,0.5640587740460804,-0.5281574003463994,0.07720953071542894,0.07720933280278106,-0.5901060905004635,-1.051897151232501,-1.0056265946757184,1.386454984714167
0.9243150218346325,0.19429844316983932,0.735478569387765,-0.47504530902218933,-0.340551949165467,-0.5058325863978963,1.055675996746705,0.866530423119023,-0.7386646340781864,-0.6136699518405029
-0.7675057249753252,-2.2847493810829427,-1.1914069078789487,-0.3953771720358742,1.760277363329111,-0.5058431199974579,0.7244163434030257,-0.7244546937628635,-0.5773862396322023,-2.189374575931638
-0.7675057249753252,-1.656448570770879,-0.9834810450107944,-0.3489040921271903,1.9977101468585412,2.1935930979395604,-0.5585575520867798,-1.1443514921651048,-1.495067979186219,-1.6549663107397856
-0.25938208770817056,0.22209936398010766,0.2095134334493324,-0.4759937392244073,-0.7802534204357914,-0.5058431199974579,-0.41658912922520286,-0.7167501653518131,-1.5405516232230234,0.44651613129007994
0.6702532032010557,0.19827000328559194,-1.1923989205834722,7.894851225551987,1.4627350143491922,-0.5058431199974579,3.7478179413810517,-0.11194468508436455,0.1801516938083701,-0.6035885202244772
-0.08615812045800401,-1.3784393626681959,-0.5444162219886322,-0.41244891567579894,0.06518761762533115,-0.5058343258914019,-0.521750923937482,-0.3276714805937729,0.012933395739091108,-0.494552022416104
0.5085775004342336,-1.1758897967648128,-0.3489897191974756,0.020983686737843912,0.12229170480329532,-0.5058431199974579,-0.5953641802360774,0.5390879656493854,0.12826096271722462,-1.977349867456203
-0.19009250080810386,1.3579655570853555,-0.19582295761902593,-0.2521642115009506,-0.924366103603338,-0.4108152340438278,1.439516547446524,-1.0750107364656518,0.6142652119850317,-0.8121637911661619
1.6518556842853311,-0.25845941002595874,-0.1787603391012193,0.686781688694906,-0.8821391338743697,-0.498788507447002,-0.6447902237508487,0.6469513634040898,-0.6048499513286731,-1.008666342032166
1.3054077497849987,0.7264874986806897,0.9503485211875847,0.8764677291385132,-0.9296256905802556,-0.505832521972211,-0.23255598847871434,0.52753117303281,-0.8048378300612993,-0.20002436391935624
1.23034403064326,0.333303047221181,0.44323162663510146,-0.3251933370717394,-0.08208081772836597,-0.5058431199974579,-0.6737097172967254,-0.16587638396171664,-0.7080307490996193,0.6408272865980021
0.11593650800052285,-1.4419843245202377,-1.43445002048724,-0.5063435056953846,1.33951040517569,-0.5055361316065636,-0.5585575520867798,-0.5549550687197568,-0.5599669717032131,-0.6057367540251972
-1.7086892803678957,0.9806673460888573,0.9138424536611152,0.05986932502878341,-0.2594040358073074,-0.5000770211548479,-0.8351330721800739,-1.309998853002686,1.0288237665479245,-0.337256089231174
-0.5076697741000759,-0.7390181840320249,0.04146648130302808,-0.5072919358976026,0.31464231424485906,-0.5058431199974579,2.501650674040543,-1.0249313017938253,0.173544385283581,1.4829099843759623
-0.7963763861836863,0.7463452992594528,-0.33450633371143046,4.025256000502396,-0.6552255242987751,-0.5058431199974579,0.38789860032373247,0.311804377523402,-1.6586155502972821,-3.6291220513053664
-0.8310211796337196,-2.4404345376204453,-3.7103255672053685,-0.33562606929613786,1.9466170162256253,2.576925926023695,-0.53226710340871,0.20008871556317245,0.25189772071895705,-1.1294559705939022
0.6471566742343668,0.48819389173553307,0.5882638840364571,-0.4314175197201596,-0.8544887337671451,-0.5058139673748179,-0.6211288199405859,-0.011785815740710734,0.09475723666223466,-0.22572452754277111
0.6875755999260723,0.5636535339348329,0.6525463072895888,0.3263782118520518,-0.7180400201945357,-0.5058431199974579,-0.2641045268923981,1.3095408067544152,-0.739465519959979,-0.19310611585826928
-1.5874325032927792,0.28961588594790216,0.6640536546620631,-0.5025497848865124,-0.9456809555120814,-0.50549200001207,-0.5848480007648496,-0.04645619359043698,0.9768996652117049,0.5838037674522026
1.6691780810103478,0.05926539923425074,0.3555377035552118,-0.08144677510170398,0.5430586629567159,-0.5058431199974579,1.8180990084107291,1.8373010029113606,0.3935544110610228,-1.1952532161361045
-0.299801013399876,-1.108373274797018,-0.27677119430815467,-0.5490228647951962,0.6903270983104132,-0.5015588119188705,-0.6936904582920586,-0.42397808573190165,0.31019553886444273,1.5012172389456464
0.4970292359508891,-0.953482430282666,-0.7465884111705495,-0.5376417023685797,1.7362335371489153,-0.045199469442573005,-0.5480413726155519,-0.6281480886247347,0.2619755347315137,0.12789630548218256
1.542147171693559,0.10295256050752954,0.7301217007833374,1.246355508003548,-0.8905544730374381,-0.5058431199974579,-0.5795899110292356,0.030589090520065768,-0.7626578402868893,1.3990526282780134
-0.138125310633054,1.0799563489826727,0.7701990140460923,-0.3517493827338445,-0.9439618219401974,1.4043784518839881,-0.6821226608737077,-1.4879734592979479,1.7307668716940605,0.6177960140367211
1.340052543235032,0.817833381343,0.09086871398830534,0.10444554453303125,-0.18426707899419661,-0.5057741845140882,0.6613192665756584,0.21164550817974795,-0.2376437745267674,-0.7213819984644088
0.46238444250085586,0.1823837628225819,-0.9848698627971274,-0.44943769356230234,-0.9326011140700549,2.370763732768362,-0.5585575520867798,0.030589090520065768,0.2624093479174849,0.45994132906254614
-0.3979612615083037,0.24195716455887073,0.06586999383430954,-0.45512827477561046,0.11628074825824643,-0.5058431199974579,2.475360225362474,-0.7051933727352377,-0.8398765873897257,1.5988596950235743
0.7684134513094827,1.1196719501401988,1.0745485117939444,-0.49496234326876815,-0.9448724818567722,-0.47923531193044155,-0.6132416853371649,1.656244585251679,0.1940337157594417,-0.09631538246031138
-0.06306159149131511,-1.068657673639492,-0.3509737446065228,-0.439953391540122,1.3274884920855923,-0.5058431199974579,-0.5690737315580077,-0.49717110563687955,-0.2836947127298421,0.940413557703487
-1.2178880398257579,-2.1687798257029662,-1.7747103781388471,-0.42857222911350545,1.9796772772233941,2.412640428273352,-0.4271053086964308,-1.6732673675837078,-0.03782274701951465,1.1478038106700066
-2.291876636776789,-1.8550265765585097,-1.7205464844718565,-0.46271571639335485,1.7993485808719283,-0.4063054360663674,-0.7872844555859869,-1.6744230468453651,1.602625130607246,-0.18639992822341894
0.6818014676844001,0.05926539923425074,0.4470012749122913,-0.43900496133790395,0.3657354448777743,-0.5058431199974579,0.7033839844605698,-0.3161146879771974,0.19573559825825054,0.1771352009465466
-0.15544770735807062,-0.2544878499102061,-0.25375649956320623,-0.5480744345929782,-0.9351858253844259,1.4913531271635818,-0.3219435139841517,-1.1944309268369315,-0.9059830428826894,0.24110131196717832
-1.1543725851673634,1.4095958385901397,1.3584625478286094,4.300300759145627,-0.8045977944432393,-0.5058431199974579,-0.12739419376643527,-0.6435571454468353,1.0671328078936713,1.239909491967474
0.6991238644094161,0.6788287772916588,0.7759526877323294,0.47812704420693786,-0.2173273399919654,-0.5058431199974579,-0.7310228954149176,1.3865860908649181,-1.105470367939195,0.18553279009028728
1.6345332875603147,-0.4332080551190735,0.2801447380114153,-0.2559579323098228,1.3605487530833613,-0.5058431199974579,0.7612229715523234,1.509858545441723,-0.041126401281909204,-0.3758078820524832
0.20832262386727834,-0.23463004933144302,-0.12915970387503745,-0.4541798445733925,-0.8244339510419008,-0.5047446620615194,3.921334902656312,-0.27373978171642066,-0.26934550734772444,0.5391133583604429
-0.9926968824005414,-2.3296280103909472,-3.6228300466663845,-0.36218211495824293,1.964649885860772,2.248354930523008,-0.683700087794392,-1.182874134220356,0.15532423147279967,-0.3642262433896707
0.2140967561089506,-0.25845941002595874,0.4543421689257661,-0.45702513518004656,0.6362284894049733,-0.5057529240379087,-0.6495225045129012,-0.635852617035785,0.07046369824785889,0.06889974846589468
-1.7779788672679622,-2.526776254536907,-4.543616239005225,-0.30527630282516066,2.0397868426738834,2.480287397935258,-0.3640082318690634,-0.743716014790489,-1.8932417434174378,-0.8524505062690378
1.646081552043659,0.09898100039177693,0.43668434278524537,0.21256658758588737,-0.9001720035095164,-0.505759688734875,-0.8119974773433726,0.6700649486372408,-0.638387047628738,-0.8918836193921792
0.42773964905082257,0.7264874986806897,0.9047159367794977,-0.544280713784106,-0.7601167160098777,-0.3058013668543925,0.23541399799092783,-0.8361703557230926,-0.23807758771273865,-0.667773924996018
0.1505813014505562,0.003663557613714085,0.19483164542238254,-0.518673098324219,-0.006943860915255123,-0.5039683325525423,-0.698422739054111,1.0090641987234539,-1.526169047595831,0.28777074350254056
-0.23051142649980938,1.0799563489826727,0.8602737676168387,-0.06627189186621539,-0.9475115923278757,-0.5051569864480301,-0.6800194249794622,0.161566073507921,0.5966123523405199,-0.22787710732926983
0.8550254349345661,-0.2306584892156904,-0.7876577371378283,0.7531718028501685,-0.22634377480953874,-0.5058431199974579,-0.40607294975397495,0.19623645135764733,-0.938085218644543,1.0169501605300326
1.5305989072102146,-0.6516438614854675,0.26129649662546633,-0.34605880152053636,-0.9258688427396002,-0.5056347029052138,-0.04326475799661201,1.4251087329201697,-0.6720909951541766,-0.4500612956901119
1.3746973366850657,-1.4618421250990008,-1.3894126437018666,-0.20569113159226676,1.6490746672457066,-0.505115109752525,-0.5532994623511658,-0.8053522420788913,-0.23657592668437744,-0.4045883840388593
1.4208903946184424,0.7503168593752054,0.5348936005330855,1.0851223736264817,-0.830745455414202,-0.5058431199974579,-0.6085094045751124,1.29027948572679,-0.2720484971987746,-0.04367978919398471
0.34112766542573936,1.3738517975483662,1.2265248581269659,-0.30812159343181483,-0.9466366976027442,-0.5058431199974579,-0.673183908323164,1.0244732555455542,-0.40572969896798877,-0.14819820942136328
-0.565411096516798,1.1117288299086936,-1.3217573772533548,-0.06342660125956132,1.3605487530833613,1.1949949743590405,0.9662884712412679,-1.5862061965388394,-0.29083594517582606,-0.1769645930510392
0.2833863430090172,0.3650755281472019,0.28232716596136737,-0.4892717620554599,-0.7583134290463631,-0.5057854590090318,-0.3377177831909936,0.015180033697965159,-0.20417341871685182,0.4336346674006655
-1.17169498189238,0.1823837628225819,0.059322709984453735,-0.26070008332091305,1.023935186560625,-0.5058431199974579,-0.2010074500650307,0.727848911720118,1.2971205369484449,1.0214217551704021
-0.02264266579961021,-0.9693686707456765,-0.22419452096840214,-0.48073589023549756,0.20644509643397949,-0.5058431199974579,-0.5585575520867798,-1.0634539438490764,0.5288373845938222,-0.11757073725643671
1.4439869235851315,1.1435013108347147,0.8672178565485041,-0.16870235370576336,-0.9384617967014776,2.335329605802602,-0.9082205195051078,1.2941317499323146,0.3120976428337007,1.211233990740572
-0.32867167460823715,0.7820893403012263,0.8031338358362772,-0.27966868736527367,-0.7967835509346759,-0.5058431199974579,-0.5795899110292356,0.16927060191897125,0.9318164641157967,-0.700749729976922
0.44506204577583924,0.9369801848155785,0.11904187479677655,-0.27587496655640154,-0.7571112377373534,-0.5058431199974579,0.7769972407591653,1.193972880588661,0.3580484703015503,0.5473908425071358
0.9243150218346325,0.7622315397224633,0.5382664437284659,-0.44943769356230234,-0.9468140208208231,1.6653024777227694,0.2827368056114535,1.4251087329201697,-0.07232758042674586,0.68346719434217
-0.05151332700797068,0.9369801848155785,0.967014334623582,0.5729700644287414,-0.12415751354370791,-0.5058431199974579,-0.2693626166280121,1.1092230680671076,-0.7391318175092318,-0.6178904938205503
-0.6058300222085031,-0.9773117909771818,-0.2202264701503073,-0.5518681554018503,1.3304939703581173,-0.5058431199974579,-0.4849442957881844,0.5814628719101622,-1.3307528924384375,-0.33233114248083595
-1.4026602715592684,-2.005945860957109,-0.40950249417341744,-0.5006529244820762,1.8504417115048437,-0.5020742174020089,-0.19574936032941676,-1.506079101063916,-0.830299327053289,1.8704170861186469
-0.016868533557938038,0.9488948651628364,0.4182329064811056,-0.45512827477561046,-0.8893522817284283,1.9326690721007793,-0.6106126404693579,-1.6651776127521047,-0.43846590938626107,0.1329591594383892
0.16212956593390054,0.384933328725965,1.02316225369962,-0.4133973458780169,-0.6260723850552883,-0.5058431199974579,-0.6232320558348314,-0.05030845779596211,0.19410045624959094,0.02344266276290597
-0.7963763861836863,1.199103152455251,1.3775091917554634,-0.1677539235035453,-0.940956343667673,-0.502106430244705,-0.47442811631695647,-1.2329535688921829,0.9259099307375758,0.1434469326903991
-0.2478338232248261,-1.7914816147064678,-2.2363930908241483,-0.5480744345929782,1.2643734483625795,-0.5058381914325254,-0.527009013673096,-0.8901020546004448,-1.3779050487289768,0.2899122007125572
0.7337686578594494,1.270591234538798,1.0051076224772897,0.6583287826283648,-0.42169986252362673,-0.5048670708637647,0.8400943175865329,0.9551324998461015,-0.23720996134079678,0.7695215424219939
-1.5008205196676963,1.1951315923394983,-0.03352967915895892,0.06461147603987356,-0.9440519862883733,-0.5040263156693953,0.41944713873741624,-1.2868852677695353,0.5998158958676905,-0.2369567805575186
0.16790369817557282,0.3253599269896757,0.15594474740505582,-0.518673098324219,1.1681981436417976,-0.5058391256049636,0.4615118566223279,1.5907560937577514,1.1973768744201918,-1.3372997435192113
0.08129171455048961,0.4008195691889755,-0.07360699242171381,-0.5016013546842943,-0.42169986252362673,-0.5058355499794243,-0.09584565535275148,-0.24292166807221968,-0.07042547645748845,0.4078822063029518
-1.570110106567763,-0.37760621349853685,-0.47418172250835866,-0.34985252232940844,1.6941568413335732,-0.5040520859435522,0.8400943175865329,0.9628370282571518,2.1231342132822837,-0.11381634906265901
0.1505813014505562,-1.4936146060250217,-0.3773612825468514,-0.06058131065290713,1.33951040517569,2.1549376867041854,-0.3745244113402913,-0.06571751461806272,1.8014116805171831,-0.9531624642580926
0.16790369817557282,-0.5404401782443942,-0.1311437292840846,-0.34416194111610016,1.072022838921016,-0.5055934704665628,-0.5585575520867798,-0.970999602916473,0.9337519383301285,-0.11186309495063637
-1.9800734957264898,1.1792453518764878,0.03690322286221942,0.34534681589641253,-0.9173032296629056,2.022865031649988,1.7918085597326594,-1.2021354552479817,-0.41053501425874456,0.5812661761223237
1.565243700660248,-0.21477224875267992,-0.2519708766950637,-0.33467763909391984,-0.8719205077477867,-0.413070133032558,-0.9003333849016869,1.3403589203986161,-0.1382338144492614,1.7766631587945063
1.680726345493692,0.4723076512725226,0.23986902220775555,-0.38304757940703965,-0.298475253350125,-0.5052439611233096,0.214381639048472,0.9666892924626769,0.2623426074273352,0.3171284006528459
0.04087278885878401,0.17046908247532405,0.1912603996860975,-0.32234804646508536,-0.9064835078818178,-0.5058431199974579,-0.6363772801738663,-0.4509439351705778,-0.20597541195088526,-0.031163368662162908
-0.0457391947662985,-0.8462503071573456,0.3144683775879332,-0.4892717620554599,1.2643734483625795,-0.5058431199974579,-0.7252389967057422,-1.0403403586159257,0.8656432681326833,0.3512168475193738
0.6298342775093502,1.1196719501401988,0.3753779576456847,-0.19715525977230455,0.23649987915922385,-0.5058431199974579,-0.5743318212936217,1.4983017528251477,1.261981668884795,0.1599676985083473
1.4959541137601815,1.1236435102559517,0.19879969624047697,0.0465913021977309,-0.9437814932438459,2.148495118164956,0.5035765745072396,0.44663362471678186,0.16236535318355955,1.4576044235948158
0.5316740294009225,-0.5404401782443942,-0.4339060067046988,-0.3934803116314381,-0.3856341232533335,-0.5058431199974579,0.08292939565812309,1.5291198664693488,-1.5327763561206202,-0.7005503183421897
0.2891604752506894,0.2935874460636548,0.21744953508552145,-0.44659240295564817,-0.6861819505057768,-0.5048574070109558,0.07241321618689515,1.3519157130151915,-0.07042547645748845,-0.4420540802459039
1.0744424601181102,0.4524498506937595,-0.1845140127874564,-0.5272089701441813,-0.7832588987083159,-0.49105742519992696,-0.8488041054926702,1.8295964745003104,0.5466237252186323,-0.08586497612643636
-0.5885076254834866,0.6232269356711221,0.7880552427275179,-0.5196215285264371,0.6242065763148756,0.9823902125644781,-0.05378093746783978,-0.00022902312413535192,-0.8836917191727953,0.5631634854889439
-0.6231524189335199,1.0918710293299305,0.5739789010913168,-0.3707179867782052,-0.38863960152585797,-0.4839061741213826,-0.41658912922520286,1.3519157130151915,1.4326037319516927,-0.05655993983188731
0.6009636163009892,-1.6207045297291054,-1.9318451905353917,-0.4437471123489941,1.6821349282434757,-0.5053277145143196,-0.49020238552379836,0.04599814734216638,-0.4696003480409484,-1.2098196945603017
1.4151162623767706,-0.8184493863470772,-0.397399939178229,-0.2312987470521539,-0.9179644348828611,2.3772063013075915,-0.5375251931443239,1.2633136362881137,-0.0029174706713875585,-1.2676057143670831
-2.049363082626556,1.1236435102559517,0.9755456438824852,0.47812704420693786,-0.9454675665547323,-0.5058359365335368,-0.6842258967679533,-0.8862497903949196,1.3344952114320987,1.3578627842097504
1.392019733410082,0.6788287772916588,0.6456022183579235,-0.44090182174233994,0.6151901414973023,-0.5055883164117314,-0.41658912922520286,-0.7899431852567907,-0.7276858234486125,1.097421105517204
0.2545156818006561,-0.3100896915307428,0.13412046790553594,-0.43710810093346786,1.760277363329111,1.935890356370394,0.1986073698416301,0.7124398548980174,-0.3311472012260533,-1.2541981319280373
0.9012184928679438,-0.020165803080801625,-0.39660632901461024,1.5688217767576804,-0.04601507845807281,-0.5057667755602681,-0.3640082318690634,1.30568854254889,-1.4075378263553027,-0.3070586098703192
-0.24205969098315383,-1.974173380031088,-2.847274514269805,-0.47125158821331714,2.009732059948639,2.3610998799595184,-0.14316846297327715,-0.5896254465694831,-0.22119224370494467,1.985698094398861
0.2140967561089506,1.2864774750018084,1.0820878083483243,-0.17154764431241745,-0.9453443419455587,2.0776268642334355,-0.6421611788830417,-1.6455310653039266,-0.30441763492122537,-1.8319067781676295
-0.9580520889505082,1.3738517975483662,0.8326958144310815,-0.06816875227065147,-0.9475924396934067,-0.5028698746166036,0.45625376688671393,-0.6050345033915837,1.6653945615927406,0.47774251264736894
0.8665736994179104,-0.5841273395176729,-1.6763027178501029,-0.24742206048986035,0.0681930958978556,0.73757260807377,2.2492623667310734,0.9936551419013532,-0.0626168391100108,1.8304990816587319
0.06974345006714518,-0.552354858591652,0.13808851872363037,-0.31570903504955905,1.2553570135450063,-0.5058431199974579,0.356350061910049,1.3942906192759685,-1.5134883544674484,-1.2496445677140047
0.1967743593839339,0.6748572171759061,-0.4182322059732255,-0.4266753687090694,1.2643734483625795,-0.40115138123498406,0.8926752149426725,1.8758236449666121,0.18986243512510526,-0.9716974240676535
0.6125118807843336,0.1823837628225819,0.5894542992818856,-0.21138171280557502,-0.13918490490633012,-0.5058431199974579,-0.16945891165134694,0.19238418715212222,-0.840043438615099,-0.05587280058193256
-0.46725084840837033,1.2785343547703032,0.5317191598786098,0.4212212320738556,-0.20229994862934317,-0.5058354211280536,-0.29039497557046795,0.22705456500184856,-0.3004799460024119,-0.9925521655369414
-0.2478338232248261,-0.6119282603279413,0.1470166330643431,-0.518673098324219,-0.18727255726672107,-0.5058431199974579,-0.816729758105425,0.030589090520065768,-0.16783322183051283,-0.576803507621565
0.8377030382095494,0.7781177801854737,0.21328308172652222,-0.5319511211552715,-0.9216912279407913,-0.48380953559329415,-0.5848480007648496,-0.7514205432015394,0.16480138107401182,-0.004686084029358162
-0.7617315927336531,1.3500224368538503,0.8229740899267498,0.017189965928971842,-0.9474701167277149,0.6344915114461034,-0.09058756561713752,-0.6512616738578856,-0.8254606415174589,0.24915842009689165
-0.8310211796337196,-1.8232540956324887,-1.1247436541349602,-0.3489040921271903,1.9796772772233941,-0.5023963458289704,-0.15368464244450505,-1.2907375319750602,0.563809401432098,0.21825038060711105
-1.3275965524175295,-1.4975861661407743,-1.339018398312066,-0.5082403660998206,1.4477076229865702,-0.2974260277533946,-0.34297587292660753,-1.2676239467419095,-1.0720000121292794,-0.15640207725437913
-0.6982161380752587,-1.831197215863994,-0.775356779601735,-0.20758799199670286,2.018748494766212,-0.5058431199974579,-0.4481376676388866,-0.08112657144016332,-1.2383840540716915,-0.7791618066044684
0.48548097146754476,1.0958425894456831,0.7138526924291497,-0.4636641465955728,-0.4968368193367376,-0.5058238889303683,-0.032748578525384084,1.039882312367655,0.8961770423760258,-0.20299737500060902
0.1910002271422617,0.9330086246998259,0.2642725347390371,-0.43615967073124984,-0.904680220918303,-0.5053438209356677,-0.4954604752594123,0.7239966475145928,0.9052537490363416,-1.0801140947870735
0.10438824351717842,1.0998141495614357,0.34720479683721334,-0.08049834489948587,-0.9462519963838607,-0.5058393510948624,1.570968790836873,-0.5819209181584328,-0.32043535255707745,-0.05519851924118259
0.8088323770011882,-0.5563264187074046,0.17399937862738607,-0.44943769356230234,0.21546153125155282,-0.5058372894729299,-0.6216546289141472,0.26172494285157494,-0.9396869904081281,-0.20401993979439215
-0.10348051718302065,-0.9614255505141712,-0.7001622165988433,-0.5357448419641437,0.2515272705218461,-0.367327896404031,-0.5901060905004635,-0.6705229948855114,-0.10196035805307216,-1.3344043983108498
-0.32867167460823715,1.3539939969696029,0.9729664108507239,-0.13455886642591394,-0.8541881859398924,-0.505834100401503,-0.6095610225222352,0.049850411547691605,0.6586476379343718,0.012320972837733382
-2.349617959193511,-0.49278145685536273,-3.011948623220728,-0.39727403244031023,1.0209297082881006,0.7697854507699159,-0.4954604752594123,-1.6366708576312188,-1.697525256054372,-2.6063058760961018
-1.991621760209834,-2.0853770632721615,-2.9653240261081173,-0.4579735653822647,1.588965101795218,2.1452738338953417,2.506908763776157,-0.6204435602136843,1.7881636932225307,2.5745640222525754
-1.5239170486343852,0.2737296454848917,0.9366587458651586,-0.5253121097397453,-0.930377060148387,-0.5009467679076438,-0.43236339843204474,-0.5665118613363322,1.3521480710766114,0.39213009292004114
1.836627916018842,0.09103788016027169,-0.7001622165988433,-0.30527630282516066,-0.5118642106993597,-0.3502550897750737,-0.7178776710758827,1.6639491136627294,-0.016866233112608407,0.9120855803565346
-0.32867167460823715,-1.3307806412791645,-0.5848903403331968,-0.5129825171109108,1.1171050130088824,-0.5058431199974579,-0.6947420762391813,-0.9401814892722716,-0.7422018800561034,-0.6522050700902413
0.43351378129249485,-0.11548324585886446,0.1410645568372014,0.27895670174115006,0.6692887504027422,-0.5058431199974579,-0.5532994623511658,-0.011785815740710734,0.6417956641716527,-0.9037239226981766
-0.4730249806500425,1.2785343547703032,0.9066999621885449,-0.28156554776970977,-0.9437213836783954,2.1549376867041854,0.6613192665756584,-0.19669449760591787,1.7322351624773473,1.4876219748326542
-0.23051142649980938,1.3976811582428819,1.1082769437477482,1.786960723267829,-0.6200614285102394,-0.5058431199974579,3.93185108212754,0.27713399967367564,0.36699169598156756,0.14175324885630966
-0.4903473773750592,0.44847829057800687,0.4013686905042039,-0.3138121746451231,0.7684695333960481,-0.5058431199974579,2.6646514558445755,1.4944494886196227,-0.4263191401790736,0.970306473167159
0.5028033681925614,-0.21477224875267992,-0.020435111459246695,-0.3858928700136939,-0.7835594465355684,1.137011857505978,-0.40607294975397495,-0.18513770498934248,1.1986449437330298,-0.3674417867296821
-0.3575423358165982,-1.295036600237391,-0.6940117378307966,-0.43426281032681374,1.5318610146172538,-0.5058431199974579,-0.6211288199405859,-1.309998853002686,0.27926132168020396,0.4096613586218297
-0.09193225269967618,-0.9217099493566453,0.21090225123566533,-0.4437471123489941,1.303444665905397,-0.5058431199974579,-0.21152362953625864,-0.9825563955330484,0.8665442647496996,1.1221936496218048
0.9762822120096823,0.9409517449313312,0.9249529959517798,-0.39632560223809227,-0.7402805594112165,-0.5056372799326295,2.853942686326678,0.727848911720118,-0.7378971184414681,-0.07186513516984654
-0.6635713446252254,0.8615205426162788,0.05694187949359682,-0.015056660946441296,0.6903270983104132,-0.5058244043358515,3.805656928472805,0.8896440083521739,0.8616388387237202,0.4306084287664652
-0.3633164680582704,-1.573045808340074,-0.7279385723255053,-0.4883233318532418,1.1742091001868464,-0.5058431199974579,-0.400814860018361,-0.8014999778733662,-0.07132647307450511,0.06417201478847304
-2.81732267076896,-2.0099174210728616,-1.1733522766566182,-0.39727403244031023,1.9466170162256253,2.435189418160654,-0.6768645711380937,-1.6798162167331003,-1.3381944570900939,0.10778864863866387
1.1264096502931602,0.7185443784491845,1.0928015455571796,-0.39917089284474633,-0.8623029772757086,-0.5058431199974579,0.8085457791728491,-0.027194872562811143,-0.6720576249091018,-0.07666197243579741
-0.4903473773750592,-0.9415677499354081,0.46684152900276393,-0.4257269385068514,1.4837733622568632,-0.5058431199974579,-0.2641045268923981,0.07296399678084246,-0.35183675317236224,0.39882767991880724
-0.09193225269967618,0.7622315397224633,0.6049296974724544,-0.517724668122001,-0.830144359759697,-0.5058341970400311,-0.7888618825066711,-1.2676239467419095,0.25853839948882024,-0.14193089926986224
0.624060145267678,0.019549798076724557,-0.5930248445102906,-0.3745117075870774,-0.9348251679917231,2.370763732768362,-0.42184721896081684,0.48515626677203344,0.26237597767241005,-2.17001301486288
0.07551758230881735,0.6192553755553695,-0.2823264654534871,-0.38209914920482174,1.0149187517430518,1.9487754934488521,-0.661090301931252,0.4697472099499328,-1.4098070030203818,-0.19556964744239713
0.11016237575885068,0.30153056629516,-1.1318861456075304,-0.45323141437117453,-0.6410997764179104,2.287010341758383,-0.5427832828799379,-1.6775048582097851,0.09495745813268275,-0.6023509098136812
-0.894536634292114,1.2586765541915401,0.5622731511779377,0.14333118282397062,-0.9469823276040844,-0.5056913975083591,-0.4954604752594123,-0.5125801624589801,1.3993669678572997,0.11031155798290344
0.05242105334212845,-1.4578705649832482,-1.0445890276094503,-0.492117052662114,0.41983405378321426,-0.5058431199974579,-0.678441998058778,-0.2698875175108955,-1.2069492832113322,-2.8336561623427903
0.6933497321677445,1.3698802374326133,1.7189599646524996,3.9588658863471333,-0.18727255726672107,-0.4999803826267594,-0.8440718247306177,-0.49717110563687955,1.775015816663102,0.8322834893078549
-0.03996506252462623,0.1545828420123136,0.12261312053306173,2.2422072203324865,0.7203818810356575,-0.5058431199974579,-0.5112347444662542,-0.5973299749805334,-1.0927563045657376,-0.5655898796654186
0.306482871975706,0.5835113345135959,-0.0753926152898564,-0.5404869929752338,-0.8935599513099626,-0.5058431199974579,0.819061958644077,1.4713359033864715,0.5002724548098855,0.8273922045393772
1.0975389890847989,0.333303047221181,0.19979170894500065,-0.541435423177452,0.2515272705218461,-0.5058431199974579,-0.5532994623511658,1.8912327017887127,0.010063554662667201,-0.6641293352119071
-1.3911120070759238,0.2975590061794074,0.9362619407833491,-0.5120340869086928,-0.940836124536772,-0.500334723896417,-0.47442811631695647,0.6700649486372408,0.701127959914454,-0.009365212924293686
-2.11287853728495,-1.108373274797018,0.055751464248168466,-0.4740968788199713,1.63104179761056,-0.5058396732232895,-0.5532994623511658,-1.3870441371131892,-1.2990511596174807,-0.02496628736991106
0.3122570042173783,0.8456343021532683,0.30434984800179216,-0.2787202571630557,-0.912795012254119,1.8940136608654043,1.060934086482319,0.7971896674195708,0.06225461795948496,-1.0095050672501291
0.8492513026928938,0.11883880097054002,0.6243731464811176,2.6310636032418815,-0.07005890463826828,-0.5058431199974579,0.587706010277063,0.6430990991985647,1.58807570375468,0.17523191557860626
